Date_Time,Year,Month,Value,Anom,ID,Value_lm,Anom_lm,Units,...1
15-MAR-1958 23:39,1958,3,315.71,314.44,CO2,NA,NA,ppm,NA
16-APR-1958 00:15,1958,4,317.45,315.16,CO2,NA,NA,ppm,NA
16-MAY-1958 00:19,1958,5,317.51,314.69,CO2,NA,NA,ppm,NA
16-JUN-1958 00:02,1958,6,317.27,315.15,CO2,NA,NA,ppm,NA
16-JUL-1958 00:07,1958,7,315.87,315.2,CO2,NA,NA,ppm,NA
15-AUG-1958 23:50,1958,8,314.93,316.21,CO2,NA,NA,ppm,NA
15-SEP-1958 23:34,1958,9,313.21,316.11,CO2,NA,NA,ppm,NA
15-OCT-1958 23:38,1958,10,312.42,315.41,CO2,NA,NA,ppm,NA
16-NOV-1958 00:14,1958,11,313.33,315.21,CO2,NA,NA,ppm,NA
16-DEC-1958 00:18,1958,12,314.67,315.43,CO2,NA,NA,ppm,NA
16-JAN-1959 00:02,1959,1,315.58,315.52,CO2,NA,NA,ppm,NA
15-FEB-1959 23:45,1959,2,316.49,315.84,CO2,NA,NA,ppm,NA
15-MAR-1959 23:39,1959,3,316.65,315.37,CO2,NA,NA,ppm,NA
16-APR-1959 00:15,1959,4,317.72,315.42,CO2,NA,NA,ppm,NA
16-MAY-1959 00:19,1959,5,318.29,315.46,CO2,NA,NA,ppm,NA
16-JUN-1959 00:02,1959,6,318.15,316,CO2,NA,NA,ppm,NA
16-JUL-1959 00:07,1959,7,316.54,315.87,CO2,NA,NA,ppm,NA
15-AUG-1959 23:50,1959,8,314.8,316.09,CO2,NA,NA,ppm,NA
15-SEP-1959 23:34,1959,9,313.84,316.75,CO2,NA,NA,ppm,NA
15-OCT-1959 23:38,1959,10,313.33,316.34,CO2,NA,NA,ppm,NA
16-NOV-1959 00:14,1959,11,314.81,316.69,CO2,NA,NA,ppm,NA
16-DEC-1959 00:18,1959,12,315.58,316.35,CO2,NA,NA,ppm,NA
16-JAN-1960 00:08,1960,1,316.43,316.38,CO2,NA,NA,ppm,NA
16-FEB-1960 00:08,1960,2,316.98,316.33,CO2,NA,NA,ppm,NA
15-MAR-1960 23:50,1960,3,317.58,316.27,CO2,NA,NA,ppm,NA
15-APR-1960 23:50,1960,4,319.03,316.7,CO2,NA,NA,ppm,NA
16-MAY-1960 00:08,1960,5,320.03,317.19,CO2,NA,NA,ppm,NA
16-JUN-1960 00:08,1960,6,319.58,317.45,CO2,NA,NA,ppm,NA
16-JUL-1960 00:25,1960,7,318.18,317.54,CO2,NA,NA,ppm,NA
16-AUG-1960 00:25,1960,8,315.9,317.22,CO2,NA,NA,ppm,NA
16-SEP-1960 00:26,1960,9,314.17,317.1,CO2,NA,NA,ppm,NA
15-OCT-1960 23:50,1960,10,313.83,316.85,CO2,NA,NA,ppm,NA
15-NOV-1960 23:51,1960,11,315,316.89,CO2,NA,NA,ppm,NA
16-DEC-1960 00:08,1960,12,316.19,316.96,CO2,NA,NA,ppm,NA
16-JAN-1961 00:02,1961,1,316.89,316.84,CO2,NA,NA,ppm,NA
15-FEB-1961 23:45,1961,2,317.7,317.05,CO2,NA,NA,ppm,NA
15-MAR-1961 23:39,1961,3,318.54,317.25,CO2,NA,NA,ppm,NA
16-APR-1961 00:15,1961,4,319.48,317.16,CO2,NA,NA,ppm,NA
16-MAY-1961 00:19,1961,5,320.58,317.73,CO2,NA,NA,ppm,NA
16-JUN-1961 00:02,1961,6,319.77,317.61,CO2,NA,NA,ppm,NA
16-JUL-1961 00:07,1961,7,318.56,317.89,CO2,NA,NA,ppm,NA
15-AUG-1961 23:50,1961,8,316.79,318.09,CO2,NA,NA,ppm,NA
15-SEP-1961 23:34,1961,9,314.99,317.92,CO2,NA,NA,ppm,NA
15-OCT-1961 23:38,1961,10,315.31,318.34,CO2,NA,NA,ppm,NA
16-NOV-1961 00:14,1961,11,316.1,318,CO2,NA,NA,ppm,NA
16-DEC-1961 00:18,1961,12,317.01,317.78,CO2,NA,NA,ppm,NA
16-JAN-1962 00:02,1962,1,317.94,317.89,CO2,NA,NA,ppm,NA
15-FEB-1962 23:45,1962,2,318.55,317.89,CO2,NA,NA,ppm,NA
15-MAR-1962 23:39,1962,3,319.68,318.39,CO2,NA,NA,ppm,NA
16-APR-1962 00:15,1962,4,320.57,318.24,CO2,NA,NA,ppm,NA
16-MAY-1962 00:19,1962,5,321.02,318.16,CO2,NA,NA,ppm,NA
16-JUN-1962 00:02,1962,6,320.62,318.45,CO2,NA,NA,ppm,NA
16-JUL-1962 00:07,1962,7,319.61,318.94,CO2,NA,NA,ppm,NA
15-AUG-1962 23:50,1962,8,317.4,318.71,CO2,NA,NA,ppm,NA
15-SEP-1962 23:34,1962,9,316.24,319.18,CO2,NA,NA,ppm,NA
15-OCT-1962 23:38,1962,10,315.42,318.46,CO2,NA,NA,ppm,NA
16-NOV-1962 00:14,1962,11,316.69,318.59,CO2,NA,NA,ppm,NA
16-DEC-1962 00:18,1962,12,317.7,318.47,CO2,NA,NA,ppm,NA
16-JAN-1963 00:02,1963,1,318.74,318.69,CO2,NA,NA,ppm,NA
15-FEB-1963 23:45,1963,2,319.07,318.41,CO2,NA,NA,ppm,NA
15-MAR-1963 23:39,1963,3,319.86,318.57,CO2,NA,NA,ppm,NA
16-APR-1963 00:15,1963,4,321.38,319.05,CO2,NA,NA,ppm,NA
16-MAY-1963 00:19,1963,5,322.24,319.38,CO2,NA,NA,ppm,NA
16-JUN-1963 00:02,1963,6,321.49,319.31,CO2,NA,NA,ppm,NA
16-JUL-1963 00:07,1963,7,319.74,319.07,CO2,NA,NA,ppm,NA
15-AUG-1963 23:50,1963,8,317.77,319.07,CO2,NA,NA,ppm,NA
15-SEP-1963 23:34,1963,9,316.21,319.16,CO2,NA,NA,ppm,NA
15-OCT-1963 23:38,1963,10,315.99,319.03,CO2,NA,NA,ppm,NA
16-NOV-1963 00:14,1963,11,317.07,318.98,CO2,NA,NA,ppm,NA
16-DEC-1963 00:18,1963,12,318.35,319.13,CO2,NA,NA,ppm,NA
16-JAN-1964 00:08,1964,1,319.57,319.52,CO2,NA,NA,ppm,NA
16-FEB-1964 00:08,1964,2,320.04,319.37,CO2,NA,NA,ppm,NA
15-MAR-1964 23:50,1964,3,320.75,319.41,CO2,NA,NA,ppm,NA
15-APR-1964 23:50,1964,4,321.84,319.46,CO2,NA,NA,ppm,NA
16-MAY-1964 00:08,1964,5,322.25,319.37,CO2,NA,NA,ppm,NA
16-JUN-1964 00:08,1964,6,321.89,319.73,CO2,NA,NA,ppm,NA
16-JUL-1964 00:25,1964,7,320.44,319.79,CO2,NA,NA,ppm,NA
16-AUG-1964 00:25,1964,8,318.69,320.03,CO2,NA,NA,ppm,NA
16-SEP-1964 00:26,1964,9,316.71,319.67,CO2,NA,NA,ppm,NA
15-OCT-1964 23:50,1964,10,316.87,319.93,CO2,NA,NA,ppm,NA
15-NOV-1964 23:51,1964,11,317.68,319.59,CO2,NA,NA,ppm,NA
16-DEC-1964 00:08,1964,12,318.71,319.49,CO2,NA,NA,ppm,NA
16-JAN-1965 00:02,1965,1,319.44,319.38,CO2,NA,NA,ppm,NA
15-FEB-1965 23:45,1965,2,320.44,319.79,CO2,NA,NA,ppm,NA
15-MAR-1965 23:39,1965,3,320.89,319.59,CO2,NA,NA,ppm,NA
16-APR-1965 00:15,1965,4,322.14,319.79,CO2,NA,NA,ppm,NA
16-MAY-1965 00:19,1965,5,322.17,319.28,CO2,NA,NA,ppm,NA
16-JUN-1965 00:02,1965,6,321.87,319.68,CO2,NA,NA,ppm,NA
16-JUL-1965 00:07,1965,7,321.21,320.53,CO2,NA,NA,ppm,NA
15-AUG-1965 23:50,1965,8,318.87,320.18,CO2,NA,NA,ppm,NA
15-SEP-1965 23:34,1965,9,317.82,320.78,CO2,NA,NA,ppm,NA
15-OCT-1965 23:38,1965,10,317.3,320.37,CO2,NA,NA,ppm,NA
16-NOV-1965 00:14,1965,11,318.87,320.79,CO2,NA,NA,ppm,NA
16-DEC-1965 00:18,1965,12,319.42,320.2,CO2,NA,NA,ppm,NA
16-JAN-1966 00:02,1966,1,320.62,320.57,CO2,NA,NA,ppm,NA
15-FEB-1966 23:45,1966,2,321.6,320.94,CO2,NA,NA,ppm,NA
15-MAR-1966 23:39,1966,3,322.39,321.08,CO2,NA,NA,ppm,NA
16-APR-1966 00:15,1966,4,323.7,321.34,CO2,NA,NA,ppm,NA
16-MAY-1966 00:19,1966,5,324.08,321.18,CO2,NA,NA,ppm,NA
16-JUN-1966 00:02,1966,6,323.75,321.55,CO2,NA,NA,ppm,NA
16-JUL-1966 00:07,1966,7,322.37,321.69,CO2,NA,NA,ppm,NA
15-AUG-1966 23:50,1966,8,320.36,321.68,CO2,NA,NA,ppm,NA
15-SEP-1966 23:34,1966,9,318.64,321.61,CO2,NA,NA,ppm,NA
15-OCT-1966 23:38,1966,10,318.1,321.18,CO2,NA,NA,ppm,NA
16-NOV-1966 00:14,1966,11,319.78,321.71,CO2,NA,NA,ppm,NA
16-DEC-1966 00:18,1966,12,321.02,321.81,CO2,NA,NA,ppm,NA
16-JAN-1967 00:02,1967,1,322.33,322.28,CO2,NA,NA,ppm,NA
15-FEB-1967 23:45,1967,2,322.5,321.83,CO2,NA,NA,ppm,NA
15-MAR-1967 23:39,1967,3,323.03,321.72,CO2,NA,NA,ppm,NA
16-APR-1967 00:15,1967,4,324.41,322.05,CO2,NA,NA,ppm,NA
16-MAY-1967 00:19,1967,5,325,322.09,CO2,NA,NA,ppm,NA
16-JUN-1967 00:02,1967,6,324.09,321.89,CO2,NA,NA,ppm,NA
16-JUL-1967 00:07,1967,7,322.54,321.86,CO2,NA,NA,ppm,NA
15-AUG-1967 23:50,1967,8,320.92,322.24,CO2,NA,NA,ppm,NA
15-SEP-1967 23:34,1967,9,319.25,322.24,CO2,NA,NA,ppm,NA
15-OCT-1967 23:38,1967,10,319.39,322.48,CO2,NA,NA,ppm,NA
16-NOV-1967 00:14,1967,11,320.73,322.66,CO2,NA,NA,ppm,NA
16-DEC-1967 00:18,1967,12,321.96,322.74,CO2,NA,NA,ppm,NA
16-JAN-1968 00:08,1968,1,322.57,322.51,CO2,NA,NA,ppm,NA
16-FEB-1968 00:08,1968,2,323.15,322.48,CO2,NA,NA,ppm,NA
15-MAR-1968 23:50,1968,3,323.89,322.55,CO2,NA,NA,ppm,NA
15-APR-1968 23:50,1968,4,325.02,322.63,CO2,NA,NA,ppm,NA
16-MAY-1968 00:08,1968,5,325.57,322.66,CO2,NA,NA,ppm,NA
16-JUN-1968 00:08,1968,6,325.36,323.17,CO2,NA,NA,ppm,NA
16-JUL-1968 00:25,1968,7,324.14,323.48,CO2,NA,NA,ppm,NA
16-AUG-1968 00:25,1968,8,322.11,323.46,CO2,NA,NA,ppm,NA
16-SEP-1968 00:26,1968,9,320.33,323.33,CO2,NA,NA,ppm,NA
15-OCT-1968 23:50,1968,10,320.25,323.34,CO2,NA,NA,ppm,NA
15-NOV-1968 23:51,1968,11,321.32,323.26,CO2,NA,NA,ppm,NA
16-DEC-1968 00:08,1968,12,322.89,323.68,CO2,NA,NA,ppm,NA
16-JAN-1969 00:02,1969,1,324,323.95,CO2,NA,NA,ppm,NA
15-FEB-1969 23:45,1969,2,324.41,323.75,CO2,NA,NA,ppm,NA
15-MAR-1969 23:39,1969,3,325.63,324.31,CO2,NA,NA,ppm,NA
16-APR-1969 00:15,1969,4,326.66,324.28,CO2,NA,NA,ppm,NA
16-MAY-1969 00:19,1969,5,327.38,324.46,CO2,NA,NA,ppm,NA
16-JUN-1969 00:02,1969,6,326.71,324.49,CO2,NA,NA,ppm,NA
16-JUL-1969 00:07,1969,7,325.88,325.19,CO2,NA,NA,ppm,NA
15-AUG-1969 23:50,1969,8,323.66,324.99,CO2,NA,NA,ppm,NA
15-SEP-1969 23:34,1969,9,322.38,325.38,CO2,NA,NA,ppm,NA
15-OCT-1969 23:38,1969,10,321.78,324.89,CO2,NA,NA,ppm,NA
16-NOV-1969 00:14,1969,11,322.85,324.8,CO2,NA,NA,ppm,NA
16-DEC-1969 00:18,1969,12,324.11,324.91,CO2,NA,NA,ppm,NA
16-JAN-1970 00:02,1970,1,325.06,325.01,CO2,NA,NA,ppm,NA
15-FEB-1970 23:45,1970,2,325.99,325.31,CO2,NA,NA,ppm,NA
15-MAR-1970 23:39,1970,3,326.93,325.61,CO2,NA,NA,ppm,NA
16-APR-1970 00:15,1970,4,328.13,325.75,CO2,NA,NA,ppm,NA
16-MAY-1970 00:19,1970,5,328.08,325.15,CO2,NA,NA,ppm,NA
16-JUN-1970 00:02,1970,6,327.67,325.44,CO2,NA,NA,ppm,NA
16-JUL-1970 00:07,1970,7,326.34,325.65,CO2,NA,NA,ppm,NA
15-AUG-1970 23:50,1970,8,324.68,326.02,CO2,NA,NA,ppm,NA
15-SEP-1970 23:34,1970,9,323.1,326.11,CO2,NA,NA,ppm,NA
15-OCT-1970 23:38,1970,10,323.06,326.18,CO2,NA,NA,ppm,NA
16-NOV-1970 00:14,1970,11,324.01,325.96,CO2,NA,NA,ppm,NA
16-DEC-1970 00:18,1970,12,325.13,325.93,CO2,NA,NA,ppm,NA
16-JAN-1971 00:02,1971,1,326.17,326.12,CO2,NA,NA,ppm,NA
15-FEB-1971 23:45,1971,2,326.69,326.01,CO2,NA,NA,ppm,NA
15-MAR-1971 23:39,1971,3,327.18,325.85,CO2,NA,NA,ppm,NA
16-APR-1971 00:15,1971,4,327.78,325.39,CO2,NA,NA,ppm,NA
16-MAY-1971 00:19,1971,5,328.93,325.99,CO2,NA,NA,ppm,NA
16-JUN-1971 00:02,1971,6,328.57,326.34,CO2,NA,NA,ppm,NA
16-JUL-1971 00:07,1971,7,327.36,326.67,CO2,NA,NA,ppm,NA
15-AUG-1971 23:50,1971,8,325.43,326.77,CO2,NA,NA,ppm,NA
15-SEP-1971 23:34,1971,9,323.36,326.38,CO2,NA,NA,ppm,NA
15-OCT-1971 23:38,1971,10,323.56,326.69,CO2,NA,NA,ppm,NA
16-NOV-1971 00:14,1971,11,324.8,326.75,CO2,NA,NA,ppm,NA
16-DEC-1971 00:18,1971,12,326.01,326.81,CO2,NA,NA,ppm,NA
16-JAN-1972 00:08,1972,1,326.77,326.71,CO2,NA,NA,ppm,NA
16-FEB-1972 00:08,1972,2,327.63,326.96,CO2,NA,NA,ppm,NA
15-MAR-1972 23:50,1972,3,327.75,326.39,CO2,NA,NA,ppm,NA
15-APR-1972 23:50,1972,4,329.72,327.3,CO2,NA,NA,ppm,NA
16-MAY-1972 00:08,1972,5,330.07,327.12,CO2,NA,NA,ppm,NA
16-JUN-1972 00:08,1972,6,329.09,326.87,CO2,NA,NA,ppm,NA
16-JUL-1972 00:25,1972,7,328.04,327.38,CO2,NA,NA,ppm,NA
16-AUG-1972 00:25,1972,8,326.32,327.69,CO2,NA,NA,ppm,NA
16-SEP-1972 00:26,1972,9,324.84,327.88,CO2,NA,NA,ppm,NA
15-OCT-1972 23:50,1972,10,325.2,328.33,CO2,NA,NA,ppm,NA
15-NOV-1972 23:51,1972,11,326.5,328.46,CO2,NA,NA,ppm,NA
16-DEC-1972 00:08,1972,12,327.55,328.35,CO2,NA,NA,ppm,NA
16-JAN-1973 00:02,1973,1,328.55,328.49,CO2,NA,NA,ppm,NA
15-FEB-1973 23:45,1973,2,329.57,328.89,CO2,NA,NA,ppm,NA
15-MAR-1973 23:39,1973,3,330.3,328.97,CO2,NA,NA,ppm,NA
16-APR-1973 00:15,1973,4,331.5,329.1,CO2,NA,NA,ppm,NA
16-MAY-1973 00:19,1973,5,332.48,329.52,CO2,NA,NA,ppm,NA
16-JUN-1973 00:02,1973,6,332.07,329.83,CO2,NA,NA,ppm,NA
16-JUL-1973 00:07,1973,7,330.87,330.18,CO2,NA,NA,ppm,NA
15-AUG-1973 23:50,1973,8,329.31,330.66,CO2,NA,NA,ppm,NA
15-SEP-1973 23:34,1973,9,327.52,330.56,CO2,NA,NA,ppm,NA
15-OCT-1973 23:38,1973,10,327.19,330.33,CO2,NA,NA,ppm,NA
16-NOV-1973 00:14,1973,11,328.17,330.13,CO2,NA,NA,ppm,NA
16-DEC-1973 00:18,1973,12,328.65,329.45,CO2,NA,NA,ppm,NA
16-JAN-1974 00:02,1974,1,329.36,329.3,CO2,NA,NA,ppm,NA
15-FEB-1974 23:45,1974,2,330.71,330.03,CO2,NA,NA,ppm,NA
15-MAR-1974 23:39,1974,3,331.49,330.15,CO2,NA,NA,ppm,NA
16-APR-1974 00:15,1974,4,332.65,330.24,CO2,NA,NA,ppm,NA
17-MAY-1974 21:00,1974,5,333.19,330.22,CO2,NA,NA,ppm,NA
17-JUN-1974 06:42,1974,6,332.2,329.79,CO2,NA,NA,ppm,NA
17-JUL-1974 17:17,1974,7,331.07,330.21,CO2,NA,NA,ppm,NA
17-AUG-1974 03:00,1974,8,329.15,330.54,CO2,NA,NA,ppm,NA
16-SEP-1974 12:42,1974,9,327.33,330.44,CO2,NA,NA,ppm,NA
16-OCT-1974 23:17,1974,10,327.28,330.53,CO2,NA,NA,ppm,NA
16-NOV-1974 09:00,1974,11,328.31,330.5,CO2,NA,NA,ppm,NA
16-DEC-1974 18:42,1974,12,329.58,330.55,CO2,NA,NA,ppm,NA
16-JAN-1975 05:17,1975,1,330.73,330.84,CO2,NA,NA,ppm,NA
15-FEB-1975 15:00,1975,2,331.46,330.85,CO2,NA,NA,ppm,NA
18-MAR-1975 00:42,1975,3,331.94,330.37,CO2,NA,NA,ppm,NA
17-APR-1975 11:17,1975,4,333.11,330.53,CO2,NA,NA,ppm,NA
17-MAY-1975 21:00,1975,5,333.95,330.98,CO2,NA,NA,ppm,NA
17-JUN-1975 06:42,1975,6,333.42,331.01,CO2,NA,NA,ppm,NA
17-JUL-1975 17:17,1975,7,331.97,331.12,CO2,NA,NA,ppm,NA
17-AUG-1975 03:00,1975,8,329.95,331.33,CO2,NA,NA,ppm,NA
16-SEP-1975 12:42,1975,9,328.49,331.6,CO2,NA,NA,ppm,NA
16-OCT-1975 23:17,1975,10,328.36,331.61,CO2,NA,NA,ppm,NA
16-NOV-1975 09:00,1975,11,329.38,331.57,CO2,NA,NA,ppm,NA
16-DEC-1975 18:42,1975,12,330.77,331.74,CO2,NA,NA,ppm,NA
16-JAN-1976 06:17,1976,1,331.56,331.67,CO2,NA,NA,ppm,NA
15-FEB-1976 18:00,1976,2,332.74,332.14,CO2,NA,NA,ppm,NA
17-MAR-1976 05:42,1976,3,333.36,331.79,CO2,NA,NA,ppm,NA
16-APR-1976 18:17,1976,4,334.74,332.16,CO2,NA,NA,ppm,NA
17-MAY-1976 06:00,1976,5,334.72,331.75,CO2,NA,NA,ppm,NA
16-JUN-1976 17:42,1976,6,333.97,331.56,CO2,NA,NA,ppm,NA
17-JUL-1976 06:17,1976,7,333.08,332.23,CO2,NA,NA,ppm,NA
16-AUG-1976 18:00,1976,8,330.68,332.07,CO2,NA,NA,ppm,NA
16-SEP-1976 05:42,1976,9,328.96,332.07,CO2,NA,NA,ppm,NA
16-OCT-1976 18:17,1976,10,328.72,331.98,CO2,NA,NA,ppm,NA
16-NOV-1976 06:00,1976,11,330.16,332.35,CO2,NA,NA,ppm,NA
16-DEC-1976 17:42,1976,12,331.62,332.59,CO2,NA,NA,ppm,NA
16-JAN-1977 05:17,1977,1,332.68,332.77,CO2,NA,NA,ppm,NA
15-FEB-1977 15:00,1977,2,333.17,332.58,CO2,NA,NA,ppm,NA
18-MAR-1977 00:42,1977,3,334.96,333.4,CO2,NA,NA,ppm,NA
17-APR-1977 11:17,1977,4,336.14,333.54,CO2,NA,NA,ppm,NA
17-MAY-1977 21:00,1977,5,336.93,334,CO2,NA,NA,ppm,NA
17-JUN-1977 06:42,1977,6,336.17,333.79,CO2,NA,NA,ppm,NA
17-JUL-1977 17:17,1977,7,334.89,334.01,CO2,NA,NA,ppm,NA
17-AUG-1977 03:00,1977,8,332.56,333.91,CO2,NA,NA,ppm,NA
16-SEP-1977 12:42,1977,9,331.29,334.36,CO2,NA,NA,ppm,NA
16-OCT-1977 23:17,1977,10,331.28,334.51,CO2,NA,NA,ppm,NA
16-NOV-1977 09:00,1977,11,332.46,334.68,CO2,NA,NA,ppm,NA
16-DEC-1977 18:42,1977,12,333.6,334.58,CO2,NA,NA,ppm,NA
16-JAN-1978 05:17,1978,1,334.94,335.01,CO2,NA,NA,ppm,NA
15-FEB-1978 15:00,1978,2,335.26,334.6,CO2,NA,NA,ppm,NA
18-MAR-1978 00:42,1978,3,336.66,335,CO2,NA,NA,ppm,NA
17-APR-1978 11:17,1978,4,337.69,335.07,CO2,NA,NA,ppm,NA
17-MAY-1978 21:00,1978,5,338.02,335.08,CO2,NA,NA,ppm,NA
17-JUN-1978 06:42,1978,6,338.01,335.6,CO2,NA,NA,ppm,NA
17-JUL-1978 17:17,1978,7,336.5,335.65,CO2,NA,NA,ppm,NA
17-AUG-1978 03:00,1978,8,334.42,335.87,CO2,NA,NA,ppm,NA
16-SEP-1978 12:42,1978,9,332.36,335.51,CO2,NA,NA,ppm,NA
16-OCT-1978 23:17,1978,10,332.45,335.72,CO2,NA,NA,ppm,NA
16-NOV-1978 09:00,1978,11,333.76,335.99,CO2,NA,NA,ppm,NA
16-DEC-1978 18:42,1978,12,334.91,335.87,CO2,NA,NA,ppm,NA
16-JAN-1979 05:17,1979,1,336.14,336.22,CO2,NA,NA,ppm,NA
15-FEB-1979 15:00,1979,2,336.69,336,CO2,NA,NA,ppm,NA
18-MAR-1979 00:42,1979,3,338.27,336.56,CO2,NA,NA,ppm,NA
17-APR-1979 11:17,1979,4,338.82,336.11,CO2,NA,NA,ppm,NA
17-MAY-1979 21:00,1979,5,339.24,336.24,CO2,NA,NA,ppm,NA
17-JUN-1979 06:42,1979,6,339.26,336.83,CO2,NA,NA,ppm,NA
17-JUL-1979 17:17,1979,7,337.54,336.69,CO2,NA,NA,ppm,NA
17-AUG-1979 03:00,1979,8,335.72,337.2,CO2,NA,NA,ppm,NA
16-SEP-1979 12:42,1979,9,333.97,337.19,CO2,NA,NA,ppm,NA
16-OCT-1979 23:17,1979,10,334.24,337.57,CO2,NA,NA,ppm,NA
16-NOV-1979 09:00,1979,11,335.32,337.59,CO2,NA,NA,ppm,NA
16-DEC-1979 18:42,1979,12,336.81,337.83,CO2,NA,NA,ppm,NA
16-JAN-1980 06:17,1980,1,337.9,338.13,CO2,NA,NA,ppm,NA
15-FEB-1980 18:00,1980,2,338.34,337.85,CO2,NA,NA,ppm,NA
17-MAR-1980 05:42,1980,3,340.07,338.51,CO2,NA,NA,ppm,NA
16-APR-1980 18:17,1980,4,340.93,338.31,CO2,NA,NA,ppm,NA
17-MAY-1980 06:00,1980,5,341.45,338.4,CO2,NA,NA,ppm,NA
16-JUN-1980 17:42,1980,6,341.36,338.85,CO2,NA,NA,ppm,NA
17-JUL-1980 06:17,1980,7,339.45,338.56,CO2,NA,NA,ppm,NA
16-AUG-1980 18:00,1980,8,337.67,339.07,CO2,NA,NA,ppm,NA
16-SEP-1980 05:42,1980,9,336.25,339.38,CO2,NA,NA,ppm,NA
16-OCT-1980 18:17,1980,10,336.14,339.4,CO2,NA,NA,ppm,NA
16-NOV-1980 06:00,1980,11,337.3,339.46,CO2,NA,NA,ppm,NA
16-DEC-1980 17:42,1980,12,338.29,339.26,CO2,NA,NA,ppm,NA
16-JAN-1981 05:17,1981,1,339.29,339.42,CO2,NA,NA,ppm,NA
15-FEB-1981 15:00,1981,2,340.55,339.98,CO2,NA,NA,ppm,NA
18-MAR-1981 00:42,1981,3,341.63,340.08,CO2,NA,NA,ppm,NA
17-APR-1981 11:17,1981,4,342.6,339.98,CO2,NA,NA,ppm,NA
17-MAY-1981 21:00,1981,5,343.04,339.97,CO2,NA,NA,ppm,NA
17-JUN-1981 06:42,1981,6,342.54,340.06,CO2,NA,NA,ppm,NA
17-JUL-1981 17:17,1981,7,340.82,339.92,CO2,NA,NA,ppm,NA
17-AUG-1981 03:00,1981,8,338.48,339.87,CO2,NA,NA,ppm,NA
16-SEP-1981 12:42,1981,9,336.95,340.17,CO2,NA,NA,ppm,NA
16-OCT-1981 23:17,1981,10,337.05,340.39,CO2,NA,NA,ppm,NA
16-NOV-1981 09:00,1981,11,338.58,340.75,CO2,NA,NA,ppm,NA
16-DEC-1981 18:42,1981,12,339.91,340.85,CO2,NA,NA,ppm,NA
16-JAN-1982 05:17,1982,1,340.93,341.09,CO2,NA,NA,ppm,NA
15-FEB-1982 15:00,1982,2,341.76,341.16,CO2,NA,NA,ppm,NA
18-MAR-1982 00:42,1982,3,342.78,341.18,CO2,NA,NA,ppm,NA
17-APR-1982 11:17,1982,4,343.96,341.32,CO2,NA,NA,ppm,NA
17-MAY-1982 21:00,1982,5,344.77,341.67,CO2,NA,NA,ppm,NA
17-JUN-1982 06:42,1982,6,343.88,341.43,CO2,NA,NA,ppm,NA
17-JUL-1982 17:17,1982,7,342.42,341.61,CO2,NA,NA,ppm,NA
17-AUG-1982 03:00,1982,8,340.24,341.64,CO2,NA,NA,ppm,NA
16-SEP-1982 12:42,1982,9,338.37,341.56,CO2,NA,NA,ppm,NA
16-OCT-1982 23:17,1982,10,338.41,341.77,CO2,NA,NA,ppm,NA
16-NOV-1982 09:00,1982,11,339.44,341.59,CO2,NA,NA,ppm,NA
16-DEC-1982 18:42,1982,12,340.78,341.71,CO2,NA,NA,ppm,NA
16-JAN-1983 05:17,1983,1,341.57,341.75,CO2,NA,NA,ppm,NA
15-FEB-1983 15:00,1983,2,342.79,342.25,CO2,NA,NA,ppm,NA
18-MAR-1983 00:42,1983,3,343.37,341.85,CO2,NA,NA,ppm,NA
17-APR-1983 11:17,1983,4,345.4,342.76,CO2,NA,NA,ppm,NA
17-MAY-1983 21:00,1983,5,346.14,342.97,CO2,NA,NA,ppm,NA
17-JUN-1983 06:42,1983,6,345.76,343.3,CO2,NA,NA,ppm,NA
17-JUL-1983 17:17,1983,7,344.32,343.56,CO2,NA,NA,ppm,NA
17-AUG-1983 03:00,1983,8,342.51,343.89,CO2,NA,NA,ppm,NA
16-SEP-1983 12:42,1983,9,340.46,343.59,CO2,NA,NA,ppm,NA
16-OCT-1983 23:17,1983,10,340.53,343.86,CO2,NA,NA,ppm,NA
16-NOV-1983 09:00,1983,11,341.79,343.92,CO2,NA,NA,ppm,NA
16-DEC-1983 18:42,1983,12,343.2,344.12,CO2,NA,NA,ppm,NA
16-JAN-1984 06:17,1984,1,344.21,344.32,CO2,NA,NA,ppm,NA
15-FEB-1984 18:00,1984,2,344.92,344.39,CO2,NA,NA,ppm,NA
17-MAR-1984 05:42,1984,3,345.68,344.26,CO2,NA,NA,ppm,NA
16-APR-1984 18:17,1984,4,347.37,344.75,CO2,NA,NA,ppm,NA
17-MAY-1984 06:00,1984,5,347.77,344.59,CO2,NA,NA,ppm,NA
16-JUN-1984 17:42,1984,6,347.16,344.73,CO2,NA,NA,ppm,NA
17-JUL-1984 06:17,1984,7,345.79,345.02,CO2,NA,NA,ppm,NA
16-AUG-1984 18:00,1984,8,343.74,345.12,CO2,NA,NA,ppm,NA
16-SEP-1984 05:42,1984,9,341.59,344.76,CO2,NA,NA,ppm,NA
16-OCT-1984 18:17,1984,10,341.86,345.19,CO2,NA,NA,ppm,NA
16-NOV-1984 06:00,1984,11,343.31,345.41,CO2,NA,NA,ppm,NA
16-DEC-1984 17:42,1984,12,345,345.88,CO2,NA,NA,ppm,NA
16-JAN-1985 05:17,1985,1,345.48,345.59,CO2,NA,NA,ppm,NA
15-FEB-1985 15:00,1985,2,346.41,345.92,CO2,NA,NA,ppm,NA
18-MAR-1985 00:42,1985,3,347.91,346.56,CO2,NA,NA,ppm,NA
17-APR-1985 11:17,1985,4,348.66,346.08,CO2,NA,NA,ppm,NA
17-MAY-1985 21:00,1985,5,349.28,346.12,CO2,NA,NA,ppm,NA
17-JUN-1985 06:42,1985,6,348.65,346.23,CO2,NA,NA,ppm,NA
17-JUL-1985 17:17,1985,7,346.9,346.08,CO2,NA,NA,ppm,NA
17-AUG-1985 03:00,1985,8,345.26,346.57,CO2,NA,NA,ppm,NA
16-SEP-1985 12:42,1985,9,343.47,346.59,CO2,NA,NA,ppm,NA
16-OCT-1985 23:17,1985,10,343.35,346.6,CO2,NA,NA,ppm,NA
16-NOV-1985 09:00,1985,11,344.73,346.82,CO2,NA,NA,ppm,NA
16-DEC-1985 18:42,1985,12,346.12,347.04,CO2,NA,NA,ppm,NA
16-JAN-1986 05:17,1986,1,346.78,346.82,CO2,NA,NA,ppm,NA
15-FEB-1986 15:00,1986,2,347.48,346.98,CO2,NA,NA,ppm,NA
18-MAR-1986 00:42,1986,3,348.25,346.93,CO2,NA,NA,ppm,NA
17-APR-1986 11:17,1986,4,349.86,347.29,CO2,NA,NA,ppm,NA
17-MAY-1986 21:00,1986,5,350.52,347.42,CO2,NA,NA,ppm,NA
17-JUN-1986 06:42,1986,6,349.98,347.61,CO2,NA,NA,ppm,NA
17-JUL-1986 17:17,1986,7,348.25,347.43,CO2,NA,NA,ppm,NA
17-AUG-1986 03:00,1986,8,346.17,347.51,CO2,NA,NA,ppm,NA
16-SEP-1986 12:42,1986,9,345.48,348.61,CO2,NA,NA,ppm,NA
16-OCT-1986 23:17,1986,10,344.82,348.04,CO2,NA,NA,ppm,NA
16-NOV-1986 09:00,1986,11,346.22,348.28,CO2,NA,NA,ppm,NA
16-DEC-1986 18:42,1986,12,347.48,348.36,CO2,NA,NA,ppm,NA
16-JAN-1987 05:17,1987,1,348.73,348.66,CO2,NA,NA,ppm,NA
15-FEB-1987 15:00,1987,2,348.92,348.24,CO2,NA,NA,ppm,NA
18-MAR-1987 00:42,1987,3,349.81,348.39,CO2,NA,NA,ppm,NA
17-APR-1987 11:17,1987,4,351.4,348.84,CO2,NA,NA,ppm,NA
17-MAY-1987 21:00,1987,5,352.15,349.09,CO2,NA,NA,ppm,NA
17-JUN-1987 06:42,1987,6,351.58,349.29,CO2,NA,NA,ppm,NA
17-JUL-1987 17:17,1987,7,350.21,349.51,CO2,NA,NA,ppm,NA
17-AUG-1987 03:00,1987,8,348.2,349.65,CO2,NA,NA,ppm,NA
16-SEP-1987 12:42,1987,9,346.66,349.85,CO2,NA,NA,ppm,NA
16-OCT-1987 23:17,1987,10,346.72,349.96,CO2,NA,NA,ppm,NA
16-NOV-1987 09:00,1987,11,348.08,350.15,CO2,NA,NA,ppm,NA
16-DEC-1987 18:42,1987,12,349.28,350.14,CO2,NA,NA,ppm,NA
16-JAN-1988 06:17,1988,1,350.51,350.49,CO2,NA,NA,ppm,NA
15-FEB-1988 18:00,1988,2,351.7,350.99,CO2,NA,NA,ppm,NA
17-MAR-1988 05:42,1988,3,352.5,350.99,CO2,NA,NA,ppm,NA
16-APR-1988 18:17,1988,4,353.67,351.03,CO2,NA,NA,ppm,NA
17-MAY-1988 06:00,1988,5,354.35,351.22,CO2,NA,NA,ppm,NA
16-JUN-1988 17:42,1988,6,353.88,351.55,CO2,NA,NA,ppm,NA
17-JUL-1988 06:17,1988,7,352.8,352.16,CO2,NA,NA,ppm,NA
16-AUG-1988 18:00,1988,8,350.49,352.01,CO2,NA,NA,ppm,NA
16-SEP-1988 05:42,1988,9,348.97,352.18,CO2,NA,NA,ppm,NA
16-OCT-1988 18:17,1988,10,349.37,352.62,CO2,NA,NA,ppm,NA
16-NOV-1988 06:00,1988,11,350.42,352.53,CO2,NA,NA,ppm,NA
16-DEC-1988 17:42,1988,12,351.62,352.52,CO2,NA,NA,ppm,NA
16-JAN-1989 05:17,1989,1,353.07,352.99,CO2,NA,NA,ppm,NA
15-FEB-1989 15:00,1989,2,353.43,352.69,CO2,NA,NA,ppm,NA
18-MAR-1989 00:42,1989,3,354.08,352.6,CO2,NA,NA,ppm,NA
17-APR-1989 11:17,1989,4,355.72,353.07,CO2,NA,NA,ppm,NA
17-MAY-1989 21:00,1989,5,355.95,352.78,CO2,NA,NA,ppm,NA
17-JUN-1989 06:42,1989,6,355.44,353.06,CO2,NA,NA,ppm,NA
17-JUL-1989 17:17,1989,7,354.05,353.38,CO2,NA,NA,ppm,NA
17-AUG-1989 03:00,1989,8,351.84,353.43,CO2,NA,NA,ppm,NA
16-SEP-1989 12:42,1989,9,350.09,353.37,CO2,NA,NA,ppm,NA
16-OCT-1989 23:17,1989,10,350.33,353.57,CO2,NA,NA,ppm,NA
16-NOV-1989 09:00,1989,11,351.55,353.68,CO2,NA,NA,ppm,NA
16-DEC-1989 18:42,1989,12,352.91,353.84,CO2,NA,NA,ppm,NA
16-JAN-1990 05:17,1990,1,353.86,353.78,CO2,NA,NA,ppm,NA
15-FEB-1990 15:00,1990,2,355.1,354.37,CO2,NA,NA,ppm,NA
18-MAR-1990 00:42,1990,3,355.75,354.27,CO2,NA,NA,ppm,NA
17-APR-1990 11:17,1990,4,356.38,353.76,CO2,NA,NA,ppm,NA
17-MAY-1990 21:00,1990,5,357.38,354.23,CO2,NA,NA,ppm,NA
17-JUN-1990 06:42,1990,6,356.39,354.02,CO2,NA,NA,ppm,NA
17-JUL-1990 17:17,1990,7,354.89,354.24,CO2,NA,NA,ppm,NA
17-AUG-1990 03:00,1990,8,353.06,354.68,CO2,NA,NA,ppm,NA
16-SEP-1990 12:42,1990,9,351.38,354.69,CO2,NA,NA,ppm,NA
16-OCT-1990 23:17,1990,10,351.69,354.94,CO2,NA,NA,ppm,NA
16-NOV-1990 09:00,1990,11,353.14,355.18,CO2,NA,NA,ppm,NA
16-DEC-1990 18:42,1990,12,354.41,355.26,CO2,NA,NA,ppm,NA
16-JAN-1991 05:17,1991,1,354.93,354.91,CO2,NA,NA,ppm,NA
15-FEB-1991 15:00,1991,2,355.82,355.11,CO2,NA,NA,ppm,NA
18-MAR-1991 00:42,1991,3,357.33,355.79,CO2,NA,NA,ppm,NA
17-APR-1991 11:17,1991,4,358.77,356.13,CO2,NA,NA,ppm,NA
17-MAY-1991 21:00,1991,5,359.23,356.1,CO2,NA,NA,ppm,NA
17-JUN-1991 06:42,1991,6,358.23,355.88,CO2,NA,NA,ppm,NA
17-JUL-1991 17:17,1991,7,356.3,355.69,CO2,NA,NA,ppm,NA
17-AUG-1991 03:00,1991,8,353.97,355.59,CO2,NA,NA,ppm,NA
16-SEP-1991 12:42,1991,9,352.34,355.66,CO2,NA,NA,ppm,NA
16-OCT-1991 23:17,1991,10,352.43,355.69,CO2,NA,NA,ppm,NA
16-NOV-1991 09:00,1991,11,353.89,355.87,CO2,NA,NA,ppm,NA
16-DEC-1991 18:42,1991,12,355.21,356.02,CO2,NA,NA,ppm,NA
16-JAN-1992 06:17,1992,1,356.34,356.29,CO2,NA,NA,ppm,NA
15-FEB-1992 18:00,1992,2,357.21,356.47,CO2,NA,NA,ppm,NA
17-MAR-1992 05:42,1992,3,357.97,356.38,CO2,NA,NA,ppm,NA
16-APR-1992 18:17,1992,4,359.22,356.51,CO2,NA,NA,ppm,NA
17-MAY-1992 06:00,1992,5,359.71,356.52,CO2,NA,NA,ppm,NA
16-JUN-1992 17:42,1992,6,359.44,357.07,CO2,NA,NA,ppm,NA
17-JUL-1992 06:17,1992,7,357.15,356.58,CO2,NA,NA,ppm,NA
16-AUG-1992 18:00,1992,8,354.99,356.67,CO2,NA,NA,ppm,NA
16-SEP-1992 05:42,1992,9,353.01,356.36,CO2,NA,NA,ppm,NA
16-OCT-1992 18:17,1992,10,353.4,356.72,CO2,NA,NA,ppm,NA
16-NOV-1992 06:00,1992,11,354.42,356.48,CO2,NA,NA,ppm,NA
16-DEC-1992 17:42,1992,12,355.68,356.5,CO2,NA,NA,ppm,NA
16-JAN-1993 05:17,1993,1,357.1,357.06,CO2,NA,NA,ppm,NA
15-FEB-1993 15:00,1993,2,357.42,356.54,CO2,NA,NA,ppm,NA
18-MAR-1993 00:42,1993,3,358.59,356.88,CO2,NA,NA,ppm,NA
17-APR-1993 11:17,1993,4,359.39,356.71,CO2,NA,NA,ppm,NA
17-MAY-1993 21:00,1993,5,360.3,357.14,CO2,NA,NA,ppm,NA
17-JUN-1993 06:42,1993,6,359.64,357.24,CO2,NA,NA,ppm,NA
17-JUL-1993 17:17,1993,7,357.45,356.87,CO2,NA,NA,ppm,NA
17-AUG-1993 03:00,1993,8,355.76,357.44,CO2,NA,NA,ppm,NA
16-SEP-1993 12:42,1993,9,354.14,357.51,CO2,NA,NA,ppm,NA
16-OCT-1993 23:17,1993,10,354.23,357.6,CO2,NA,NA,ppm,NA
16-NOV-1993 09:00,1993,11,355.53,357.65,CO2,NA,NA,ppm,NA
16-DEC-1993 18:42,1993,12,357.03,357.92,CO2,NA,NA,ppm,NA
16-JAN-1994 05:17,1994,1,358.36,358.25,CO2,NA,NA,ppm,NA
15-FEB-1994 15:00,1994,2,359.04,358.21,CO2,NA,NA,ppm,NA
18-MAR-1994 00:42,1994,3,360.11,358.41,CO2,NA,NA,ppm,NA
17-APR-1994 11:17,1994,4,361.36,358.59,CO2,NA,NA,ppm,NA
17-MAY-1994 21:00,1994,5,361.78,358.59,CO2,NA,NA,ppm,NA
17-JUN-1994 06:42,1994,6,360.94,358.57,CO2,NA,NA,ppm,NA
17-JUL-1994 17:17,1994,7,359.51,358.91,CO2,NA,NA,ppm,NA
17-AUG-1994 03:00,1994,8,357.59,359.29,CO2,NA,NA,ppm,NA
16-SEP-1994 12:42,1994,9,355.86,359.31,CO2,NA,NA,ppm,NA
16-OCT-1994 23:17,1994,10,356.21,359.63,CO2,NA,NA,ppm,NA
16-NOV-1994 09:00,1994,11,357.65,359.8,CO2,NA,NA,ppm,NA
16-DEC-1994 18:42,1994,12,359.1,359.96,CO2,NA,NA,ppm,NA
16-JAN-1995 05:17,1995,1,360.04,359.91,CO2,NA,NA,ppm,NA
15-FEB-1995 15:00,1995,2,361,360.18,CO2,NA,NA,ppm,NA
18-MAR-1995 00:42,1995,3,361.98,360.37,CO2,NA,NA,ppm,NA
17-APR-1995 11:17,1995,4,363.44,360.76,CO2,NA,NA,ppm,NA
17-MAY-1995 21:00,1995,5,363.83,360.73,CO2,NA,NA,ppm,NA
17-JUN-1995 06:42,1995,6,363.33,360.98,CO2,NA,NA,ppm,NA
17-JUL-1995 17:17,1995,7,361.78,361.1,CO2,NA,NA,ppm,NA
17-AUG-1995 03:00,1995,8,359.33,360.93,CO2,NA,NA,ppm,NA
16-SEP-1995 12:42,1995,9,358.32,361.7,CO2,NA,NA,ppm,NA
16-OCT-1995 23:17,1995,10,358.14,361.52,CO2,NA,NA,ppm,NA
16-NOV-1995 09:00,1995,11,359.61,361.75,CO2,NA,NA,ppm,NA
16-DEC-1995 18:42,1995,12,360.82,361.67,CO2,NA,NA,ppm,NA
16-JAN-1996 06:17,1996,1,362.2,361.98,CO2,NA,NA,ppm,NA
15-FEB-1996 18:00,1996,2,363.36,362.47,CO2,NA,NA,ppm,NA
17-MAR-1996 05:42,1996,3,364.28,362.64,CO2,NA,NA,ppm,NA
16-APR-1996 18:17,1996,4,364.69,361.99,CO2,NA,NA,ppm,NA
17-MAY-1996 06:00,1996,5,365.25,362.23,CO2,NA,NA,ppm,NA
16-JUN-1996 17:42,1996,6,365.06,362.82,CO2,NA,NA,ppm,NA
17-JUL-1996 06:17,1996,7,363.69,362.98,CO2,NA,NA,ppm,NA
16-AUG-1996 18:00,1996,8,361.55,363.13,CO2,NA,NA,ppm,NA
16-SEP-1996 05:42,1996,9,359.69,363.14,CO2,NA,NA,ppm,NA
16-OCT-1996 18:17,1996,10,359.72,363.12,CO2,NA,NA,ppm,NA
16-NOV-1996 06:00,1996,11,361.04,363.18,CO2,NA,NA,ppm,NA
16-DEC-1996 17:42,1996,12,362.39,363.23,CO2,NA,NA,ppm,NA
16-JAN-1997 05:17,1997,1,363.24,363.03,CO2,NA,NA,ppm,NA
15-FEB-1997 15:00,1997,2,364.21,363.4,CO2,NA,NA,ppm,NA
18-MAR-1997 00:42,1997,3,364.65,363.02,CO2,NA,NA,ppm,NA
17-APR-1997 11:17,1997,4,366.49,363.82,CO2,NA,NA,ppm,NA
17-MAY-1997 21:00,1997,5,366.77,363.87,CO2,NA,NA,ppm,NA
17-JUN-1997 06:42,1997,6,365.73,363.56,CO2,NA,NA,ppm,NA
17-JUL-1997 17:17,1997,7,364.46,363.74,CO2,NA,NA,ppm,NA
17-AUG-1997 03:00,1997,8,362.4,363.98,CO2,NA,NA,ppm,NA
16-SEP-1997 12:42,1997,9,360.44,363.83,CO2,NA,NA,ppm,NA
16-OCT-1997 23:17,1997,10,360.97,364.28,CO2,NA,NA,ppm,NA
16-NOV-1997 09:00,1997,11,362.65,364.71,CO2,NA,NA,ppm,NA
16-DEC-1997 18:42,1997,12,364.51,365.28,CO2,NA,NA,ppm,NA
16-JAN-1998 05:17,1998,1,365.39,365.19,CO2,NA,NA,ppm,NA
15-FEB-1998 15:00,1998,2,366.1,365.29,CO2,NA,NA,ppm,NA
18-MAR-1998 00:42,1998,3,367.36,365.73,CO2,NA,NA,ppm,NA
17-APR-1998 11:17,1998,4,368.79,366.17,CO2,NA,NA,ppm,NA
17-MAY-1998 21:00,1998,5,369.56,366.68,CO2,NA,NA,ppm,NA
17-JUN-1998 06:42,1998,6,369.13,366.95,CO2,NA,NA,ppm,NA
17-JUL-1998 17:17,1998,7,367.98,367.29,CO2,NA,NA,ppm,NA
17-AUG-1998 03:00,1998,8,366.1,367.69,CO2,NA,NA,ppm,NA
16-SEP-1998 12:42,1998,9,364.16,367.51,CO2,NA,NA,ppm,NA
16-OCT-1998 23:17,1998,10,364.54,367.82,CO2,NA,NA,ppm,NA
16-NOV-1998 09:00,1998,11,365.67,367.7,CO2,NA,NA,ppm,NA
16-DEC-1998 18:42,1998,12,367.3,368.05,CO2,NA,NA,ppm,NA
16-JAN-1999 05:17,1999,1,368.35,368.13,CO2,NA,NA,ppm,NA
15-FEB-1999 15:00,1999,2,369.28,368.46,CO2,NA,NA,ppm,NA
18-MAR-1999 00:42,1999,3,369.84,368.24,CO2,NA,NA,ppm,NA
17-APR-1999 11:17,1999,4,371.15,368.62,CO2,NA,NA,ppm,NA
17-MAY-1999 21:00,1999,5,371.12,368.31,CO2,NA,NA,ppm,NA
17-JUN-1999 06:42,1999,6,370.46,368.29,CO2,NA,NA,ppm,NA
17-JUL-1999 17:17,1999,7,369.61,368.93,CO2,NA,NA,ppm,NA
17-AUG-1999 03:00,1999,8,367.06,368.63,CO2,NA,NA,ppm,NA
16-SEP-1999 12:42,1999,9,364.95,368.28,CO2,NA,NA,ppm,NA
16-OCT-1999 23:17,1999,10,365.52,368.8,CO2,NA,NA,ppm,NA
16-NOV-1999 09:00,1999,11,366.88,368.86,CO2,NA,NA,ppm,NA
16-DEC-1999 18:42,1999,12,368.26,368.93,CO2,NA,NA,ppm,NA
16-JAN-2000 06:17,2000,1,369.45,369.24,CO2,NA,NA,ppm,NA
15-FEB-2000 18:00,2000,2,369.71,368.99,CO2,NA,NA,ppm,NA
17-MAR-2000 05:42,2000,3,370.75,369.24,CO2,NA,NA,ppm,NA
16-APR-2000 18:17,2000,4,371.98,369.44,CO2,NA,NA,ppm,NA
17-MAY-2000 06:00,2000,5,371.75,368.87,CO2,NA,NA,ppm,NA
16-JUN-2000 17:42,2000,6,371.87,369.66,CO2,NA,NA,ppm,NA
17-JUL-2000 06:17,2000,7,370.02,369.36,CO2,NA,NA,ppm,NA
16-AUG-2000 18:00,2000,8,368.27,369.87,CO2,NA,NA,ppm,NA
16-SEP-2000 05:42,2000,9,367.15,370.46,CO2,NA,NA,ppm,NA
16-OCT-2000 18:17,2000,10,367.18,370.42,CO2,NA,NA,ppm,NA
16-NOV-2000 06:00,2000,11,368.53,370.48,CO2,NA,NA,ppm,NA
16-DEC-2000 17:42,2000,12,369.83,370.46,CO2,NA,NA,ppm,NA
16-JAN-2001 05:17,2001,1,370.76,370.6,CO2,NA,NA,ppm,NA
15-FEB-2001 15:00,2001,2,371.69,370.95,CO2,NA,NA,ppm,NA
18-MAR-2001 00:42,2001,3,372.63,371.06,CO2,NA,NA,ppm,NA
17-APR-2001 11:17,2001,4,373.55,370.99,CO2,NA,NA,ppm,NA
17-MAY-2001 21:00,2001,5,374.03,371.11,CO2,NA,NA,ppm,NA
17-JUN-2001 06:42,2001,6,373.4,371.18,CO2,NA,NA,ppm,NA
17-JUL-2001 17:17,2001,7,371.68,371.08,CO2,NA,NA,ppm,NA
17-AUG-2001 03:00,2001,8,369.78,371.39,CO2,NA,NA,ppm,NA
16-SEP-2001 12:42,2001,9,368.34,371.61,CO2,NA,NA,ppm,NA
16-OCT-2001 23:17,2001,10,368.61,371.85,CO2,NA,NA,ppm,NA
16-NOV-2001 09:00,2001,11,369.94,371.92,CO2,NA,NA,ppm,NA
16-DEC-2001 18:42,2001,12,371.42,372.09,CO2,NA,NA,ppm,NA
16-JAN-2002 05:17,2002,1,372.7,372.48,CO2,NA,NA,ppm,NA
15-FEB-2002 15:00,2002,2,373.37,372.49,CO2,NA,NA,ppm,NA
18-MAR-2002 00:42,2002,3,374.3,372.61,CO2,NA,NA,ppm,NA
17-APR-2002 11:17,2002,4,375.19,372.54,CO2,NA,NA,ppm,NA
17-MAY-2002 21:00,2002,5,375.93,372.98,CO2,NA,NA,ppm,NA
17-JUN-2002 06:42,2002,6,375.69,373.46,CO2,NA,NA,ppm,NA
17-JUL-2002 17:17,2002,7,374.16,373.58,CO2,NA,NA,ppm,NA
17-AUG-2002 03:00,2002,8,372.03,373.7,CO2,NA,NA,ppm,NA
16-SEP-2002 12:42,2002,9,370.92,374.28,CO2,NA,NA,ppm,NA
16-OCT-2002 23:17,2002,10,370.73,374.06,CO2,NA,NA,ppm,NA
16-NOV-2002 09:00,2002,11,372.43,374.52,CO2,NA,NA,ppm,NA
16-DEC-2002 18:42,2002,12,373.98,374.72,CO2,NA,NA,ppm,NA
16-JAN-2003 05:17,2003,1,375.07,374.82,CO2,NA,NA,ppm,NA
15-FEB-2003 15:00,2003,2,375.82,374.95,CO2,NA,NA,ppm,NA
18-MAR-2003 00:42,2003,3,376.64,374.99,CO2,NA,NA,ppm,NA
17-APR-2003 11:17,2003,4,377.92,375.24,CO2,NA,NA,ppm,NA
17-MAY-2003 21:00,2003,5,378.78,375.73,CO2,NA,NA,ppm,NA
17-JUN-2003 06:42,2003,6,378.46,376.22,CO2,NA,NA,ppm,NA
17-JUL-2003 17:17,2003,7,376.88,376.37,CO2,NA,NA,ppm,NA
17-AUG-2003 03:00,2003,8,374.57,376.27,CO2,NA,NA,ppm,NA
16-SEP-2003 12:42,2003,9,373.34,376.65,CO2,NA,NA,ppm,NA
16-OCT-2003 23:17,2003,10,373.31,376.65,CO2,NA,NA,ppm,NA
16-NOV-2003 09:00,2003,11,374.84,376.99,CO2,NA,NA,ppm,NA
16-DEC-2003 18:42,2003,12,376.17,376.93,CO2,NA,NA,ppm,NA
16-JAN-2004 06:17,2004,1,377.17,376.96,CO2,NA,NA,ppm,NA
15-FEB-2004 18:00,2004,2,378.05,377.19,CO2,NA,NA,ppm,NA
17-MAR-2004 05:42,2004,3,379.06,377.4,CO2,NA,NA,ppm,NA
16-APR-2004 18:17,2004,4,380.54,377.8,CO2,NA,NA,ppm,NA
17-MAY-2004 06:00,2004,5,380.8,377.66,CO2,NA,NA,ppm,NA
16-JUN-2004 17:42,2004,6,379.87,377.57,CO2,NA,NA,ppm,NA
17-JUL-2004 06:17,2004,7,377.65,377.12,CO2,NA,NA,ppm,NA
16-AUG-2004 18:00,2004,8,376.17,377.9,CO2,NA,NA,ppm,NA
16-SEP-2004 05:42,2004,9,374.43,377.8,CO2,NA,NA,ppm,NA
16-OCT-2004 18:17,2004,10,374.63,377.99,CO2,NA,NA,ppm,NA
16-NOV-2004 06:00,2004,11,376.33,378.49,CO2,NA,NA,ppm,NA
16-DEC-2004 17:42,2004,12,377.68,378.48,CO2,NA,NA,ppm,NA
16-JAN-2005 05:17,2005,1,378.63,378.37,CO2,NA,NA,ppm,NA
15-FEB-2005 15:00,2005,2,379.91,379.1,CO2,NA,NA,ppm,NA
18-MAR-2005 00:42,2005,3,380.95,379.45,CO2,NA,NA,ppm,NA
17-APR-2005 11:17,2005,4,382.48,379.84,CO2,NA,NA,ppm,NA
17-MAY-2005 21:00,2005,5,382.64,379.49,CO2,NA,NA,ppm,NA
17-JUN-2005 06:42,2005,6,382.4,380.07,CO2,NA,NA,ppm,NA
17-JUL-2005 17:17,2005,7,380.93,380.38,CO2,NA,NA,ppm,NA
17-AUG-2005 03:00,2005,8,378.93,380.61,CO2,NA,NA,ppm,NA
16-SEP-2005 12:42,2005,9,376.89,380.2,CO2,NA,NA,ppm,NA
16-OCT-2005 23:17,2005,10,377.19,380.5,CO2,NA,NA,ppm,NA
16-NOV-2005 09:00,2005,11,378.54,380.69,CO2,NA,NA,ppm,NA
16-DEC-2005 18:42,2005,12,380.31,381.09,CO2,NA,NA,ppm,NA
16-JAN-2006 05:17,2006,1,381.58,381.33,CO2,NA,NA,ppm,NA
15-FEB-2006 15:00,2006,2,382.4,381.58,CO2,NA,NA,ppm,NA
18-MAR-2006 00:42,2006,3,382.86,381.32,CO2,NA,NA,ppm,NA
17-APR-2006 11:17,2006,4,384.8,382.11,CO2,NA,NA,ppm,NA
17-MAY-2006 21:00,2006,5,385.22,382.06,CO2,NA,NA,ppm,NA
17-JUN-2006 06:42,2006,6,384.24,381.93,CO2,NA,NA,ppm,NA
17-JUL-2006 17:17,2006,7,382.65,382.1,CO2,NA,NA,ppm,NA
17-AUG-2006 03:00,2006,8,380.6,382.27,CO2,NA,NA,ppm,NA
16-SEP-2006 12:42,2006,9,379.04,382.35,CO2,NA,NA,ppm,NA
16-OCT-2006 23:17,2006,10,379.33,382.66,CO2,NA,NA,ppm,NA
16-NOV-2006 09:00,2006,11,380.35,382.52,CO2,NA,NA,ppm,NA
16-DEC-2006 18:42,2006,12,382.02,382.84,CO2,NA,NA,ppm,NA
16-JAN-2007 05:17,2007,1,383.1,382.88,CO2,NA,NA,ppm,NA
15-FEB-2007 15:00,2007,2,384.12,383.22,CO2,NA,NA,ppm,NA
18-MAR-2007 00:42,2007,3,384.81,383.17,CO2,NA,NA,ppm,NA
17-APR-2007 11:17,2007,4,386.73,383.95,CO2,NA,NA,ppm,NA
17-MAY-2007 21:00,2007,5,386.78,383.56,CO2,NA,NA,ppm,NA
17-JUN-2007 06:42,2007,6,386.33,384.06,CO2,NA,NA,ppm,NA
17-JUL-2007 17:17,2007,7,384.73,384.25,CO2,NA,NA,ppm,NA
17-AUG-2007 03:00,2007,8,382.24,383.95,CO2,NA,NA,ppm,NA
16-SEP-2007 12:42,2007,9,381.2,384.56,CO2,NA,NA,ppm,NA
16-OCT-2007 23:17,2007,10,381.37,384.72,CO2,NA,NA,ppm,NA
16-NOV-2007 09:00,2007,11,382.7,384.9,CO2,NA,NA,ppm,NA
16-DEC-2007 18:42,2007,12,384.19,385.07,CO2,NA,NA,ppm,NA
16-JAN-2008 06:17,2008,1,385.78,385.54,CO2,NA,NA,ppm,NA
15-FEB-2008 18:00,2008,2,386.06,385.2,CO2,NA,NA,ppm,NA
17-MAR-2008 05:42,2008,3,386.28,384.72,CO2,NA,NA,ppm,NA
16-APR-2008 18:17,2008,4,387.33,384.71,CO2,NA,NA,ppm,NA
17-MAY-2008 06:00,2008,5,388.78,385.69,CO2,NA,NA,ppm,NA
16-JUN-2008 17:42,2008,6,387.99,385.68,CO2,NA,NA,ppm,NA
17-JUL-2008 06:17,2008,7,386.61,386.05,CO2,NA,NA,ppm,NA
16-AUG-2008 18:00,2008,8,384.32,385.98,CO2,NA,NA,ppm,NA
16-SEP-2008 05:42,2008,9,383.41,386.69,CO2,NA,NA,ppm,NA
16-OCT-2008 18:17,2008,10,383.22,386.5,CO2,NA,NA,ppm,NA
16-NOV-2008 06:00,2008,11,384.41,386.58,CO2,NA,NA,ppm,NA
16-DEC-2008 17:42,2008,12,385.79,386.64,CO2,NA,NA,ppm,NA
16-JAN-2009 05:17,2009,1,387.17,386.86,CO2,NA,NA,ppm,NA
15-FEB-2009 15:00,2009,2,387.7,386.81,CO2,NA,NA,ppm,NA
18-MAR-2009 00:42,2009,3,389.04,387.54,CO2,NA,NA,ppm,NA
17-APR-2009 11:17,2009,4,389.76,387.15,CO2,NA,NA,ppm,NA
17-MAY-2009 21:00,2009,5,390.36,387.24,CO2,NA,NA,ppm,NA
17-JUN-2009 06:42,2009,6,389.7,387.46,CO2,NA,NA,ppm,NA
17-JUL-2009 17:17,2009,7,388.24,387.77,CO2,NA,NA,ppm,NA
17-AUG-2009 03:00,2009,8,386.29,387.99,CO2,NA,NA,ppm,NA
16-SEP-2009 12:42,2009,9,384.95,388.22,CO2,NA,NA,ppm,NA
16-OCT-2009 23:17,2009,10,384.64,387.88,CO2,NA,NA,ppm,NA
16-NOV-2009 09:00,2009,11,386.23,388.36,CO2,NA,NA,ppm,NA
16-DEC-2009 18:42,2009,12,387.63,388.43,CO2,NA,NA,ppm,NA
16-JAN-2010 05:17,2010,1,388.91,388.62,CO2,NA,NA,ppm,NA
15-FEB-2010 15:00,2010,2,390.41,389.47,CO2,NA,NA,ppm,NA
18-MAR-2010 00:42,2010,3,391.37,389.85,CO2,NA,NA,ppm,NA
17-APR-2010 11:17,2010,4,392.67,390.12,CO2,NA,NA,ppm,NA
17-MAY-2010 21:00,2010,5,393.21,390.09,CO2,NA,NA,ppm,NA
17-JUN-2010 06:42,2010,6,392.38,390.1,CO2,NA,NA,ppm,NA
17-JUL-2010 17:17,2010,7,390.41,389.93,CO2,NA,NA,ppm,NA
17-AUG-2010 03:00,2010,8,388.54,390.21,CO2,NA,NA,ppm,NA
16-SEP-2010 12:42,2010,9,387.03,390.32,CO2,NA,NA,ppm,NA
16-OCT-2010 23:17,2010,10,387.43,390.72,CO2,NA,NA,ppm,NA
16-NOV-2010 09:00,2010,11,388.87,390.99,CO2,NA,NA,ppm,NA
16-DEC-2010 18:42,2010,12,389.99,390.8,CO2,NA,NA,ppm,NA
16-JAN-2011 05:17,2011,1,391.5,391.19,CO2,NA,NA,ppm,NA
15-FEB-2011 15:00,2011,2,392.05,391.12,CO2,NA,NA,ppm,NA
18-MAR-2011 00:42,2011,3,392.8,391.27,CO2,NA,NA,ppm,NA
17-APR-2011 11:17,2011,4,393.44,390.83,CO2,NA,NA,ppm,NA
17-MAY-2011 21:00,2011,5,394.41,391.24,CO2,NA,NA,ppm,NA
17-JUN-2011 06:42,2011,6,393.95,391.64,CO2,NA,NA,ppm,NA
17-JUL-2011 17:17,2011,7,392.72,392.24,CO2,NA,NA,ppm,NA
17-AUG-2011 03:00,2011,8,390.33,392.04,CO2,NA,NA,ppm,NA
16-SEP-2011 12:42,2011,9,389.28,392.6,CO2,NA,NA,ppm,NA
16-OCT-2011 23:17,2011,10,389.19,392.53,CO2,NA,NA,ppm,NA
16-NOV-2011 09:00,2011,11,390.48,392.64,CO2,NA,NA,ppm,NA
16-DEC-2011 18:42,2011,12,392.06,392.86,CO2,NA,NA,ppm,NA
16-JAN-2012 06:17,2012,1,393.31,393.07,CO2,NA,NA,ppm,NA
15-FEB-2012 18:00,2012,2,394.04,393.2,CO2,NA,NA,ppm,NA
17-MAR-2012 05:42,2012,3,394.59,392.99,CO2,NA,NA,ppm,NA
16-APR-2012 18:17,2012,4,396.38,393.65,CO2,NA,NA,ppm,NA
17-MAY-2012 06:00,2012,5,396.93,393.73,CO2,NA,NA,ppm,NA
16-JUN-2012 17:42,2012,6,395.91,393.63,CO2,NA,NA,ppm,NA
17-JUL-2012 06:17,2012,7,394.56,394.12,CO2,NA,NA,ppm,NA
16-AUG-2012 18:00,2012,8,392.59,394.37,CO2,NA,NA,ppm,NA
16-SEP-2012 05:42,2012,9,391.32,394.75,CO2,NA,NA,ppm,NA
16-OCT-2012 18:17,2012,10,391.27,394.64,CO2,NA,NA,ppm,NA
16-NOV-2012 06:00,2012,11,393.2,395.25,CO2,NA,NA,ppm,NA
16-DEC-2012 17:42,2012,12,394.57,395.27,CO2,NA,NA,ppm,NA
16-JAN-2013 05:17,2013,1,395.78,395.62,CO2,NA,NA,ppm,NA
15-FEB-2013 15:00,2013,2,397.03,396.23,CO2,NA,NA,ppm,NA
18-MAR-2013 00:42,2013,3,397.66,396.07,CO2,NA,NA,ppm,NA
17-APR-2013 11:17,2013,4,398.64,395.79,CO2,NA,NA,ppm,NA
17-MAY-2013 21:00,2013,5,400.02,396.64,CO2,NA,NA,ppm,NA
17-JUN-2013 06:42,2013,6,398.81,396.48,CO2,NA,NA,ppm,NA
17-JUL-2013 17:17,2013,7,397.51,397.13,CO2,NA,NA,ppm,NA
17-AUG-2013 03:00,2013,8,395.39,397.27,CO2,NA,NA,ppm,NA
16-SEP-2013 12:42,2013,9,393.72,397.24,CO2,NA,NA,ppm,NA
16-OCT-2013 23:17,2013,10,393.9,397.25,CO2,NA,NA,ppm,NA
16-NOV-2013 09:00,2013,11,395.36,397.35,CO2,NA,NA,ppm,NA
16-DEC-2013 18:42,2013,12,397.03,397.78,CO2,NA,NA,ppm,NA
16-JAN-2014 05:17,2014,1,398.04,397.74,CO2,NA,NA,ppm,NA
15-FEB-2014 15:00,2014,2,398.27,397.45,CO2,NA,NA,ppm,NA
18-MAR-2014 00:42,2014,3,399.91,398.37,CO2,NA,NA,ppm,NA
17-APR-2014 11:17,2014,4,401.51,398.63,CO2,NA,NA,ppm,NA
17-MAY-2014 21:00,2014,5,401.96,398.56,CO2,NA,NA,ppm,NA
17-JUN-2014 06:42,2014,6,401.43,399.1,CO2,NA,NA,ppm,NA
17-JUL-2014 17:17,2014,7,399.27,398.85,CO2,NA,NA,ppm,NA
17-AUG-2014 03:00,2014,8,397.18,399.07,CO2,NA,NA,ppm,NA
16-SEP-2014 12:42,2014,9,395.54,399.11,CO2,NA,NA,ppm,NA
16-OCT-2014 23:17,2014,10,396.16,399.58,CO2,NA,NA,ppm,NA
16-NOV-2014 09:00,2014,11,397.4,399.49,CO2,NA,NA,ppm,NA
16-DEC-2014 18:42,2014,12,399.08,399.81,CO2,NA,NA,ppm,NA
16-JAN-2015 05:17,2015,1,400.18,399.92,CO2,NA,NA,ppm,NA
15-FEB-2015 15:00,2015,2,400.55,399.77,CO2,NA,NA,ppm,NA
18-MAR-2015 00:42,2015,3,401.74,400.22,CO2,NA,NA,ppm,NA
17-APR-2015 11:17,2015,4,403.35,400.46,CO2,NA,NA,ppm,NA
17-MAY-2015 21:00,2015,5,404.15,400.7,CO2,NA,NA,ppm,NA
17-JUN-2015 06:42,2015,6,402.97,400.65,CO2,NA,NA,ppm,NA
17-JUL-2015 17:17,2015,7,401.46,401.11,CO2,NA,NA,ppm,NA
17-AUG-2015 03:00,2015,8,399.11,401.04,CO2,NA,NA,ppm,NA
16-SEP-2015 12:42,2015,9,397.82,401.43,CO2,NA,NA,ppm,NA
16-OCT-2015 23:17,2015,10,398.49,401.89,CO2,NA,NA,ppm,NA
16-NOV-2015 09:00,2015,11,400.27,402.24,CO2,NA,NA,ppm,NA
16-DEC-2015 18:42,2015,12,402.06,402.72,CO2,NA,NA,ppm,NA
16-JAN-2016 06:17,2016,1,402.73,402.45,CO2,NA,NA,ppm,NA
15-FEB-2016 18:00,2016,2,404.25,403.4,CO2,NA,NA,ppm,NA
17-MAR-2016 05:42,2016,3,405.06,403.54,CO2,NA,NA,ppm,NA
16-APR-2016 18:17,2016,4,407.6,404.77,CO2,NA,NA,ppm,NA
17-MAY-2016 06:00,2016,5,407.9,404.41,CO2,NA,NA,ppm,NA
16-JUN-2016 17:42,2016,6,406.99,404.59,CO2,NA,NA,ppm,NA
17-JUL-2016 06:17,2016,7,404.59,404.24,CO2,NA,NA,ppm,NA
16-AUG-2016 18:00,2016,8,402.45,404.41,CO2,NA,NA,ppm,NA
16-SEP-2016 05:42,2016,9,401.23,404.85,CO2,NA,NA,ppm,NA
16-OCT-2016 18:17,2016,10,401.79,405.23,CO2,NA,NA,ppm,NA
16-NOV-2016 06:00,2016,11,403.72,405.74,CO2,NA,NA,ppm,NA
16-DEC-2016 17:42,2016,12,404.64,405.33,CO2,NA,NA,ppm,NA
16-JAN-2017 05:17,2017,1,406.36,406.04,CO2,NA,NA,ppm,NA
15-FEB-2017 15:00,2017,2,406.65,405.8,CO2,NA,NA,ppm,NA
18-MAR-2017 00:42,2017,3,407.54,406.05,CO2,NA,NA,ppm,NA
17-APR-2017 11:17,2017,4,409.22,406.37,CO2,NA,NA,ppm,NA
17-MAY-2017 21:00,2017,5,409.89,406.37,CO2,NA,NA,ppm,NA
17-JUN-2017 06:42,2017,6,409.08,406.68,CO2,NA,NA,ppm,NA
17-JUL-2017 17:17,2017,7,407.33,407.01,CO2,NA,NA,ppm,NA
17-AUG-2017 03:00,2017,8,405.32,407.31,CO2,NA,NA,ppm,NA
16-SEP-2017 12:42,2017,9,403.57,407.17,CO2,NA,NA,ppm,NA
16-OCT-2017 23:17,2017,10,403.82,407.23,CO2,NA,NA,ppm,NA
16-NOV-2017 09:00,2017,11,405.31,407.36,CO2,NA,NA,ppm,NA
16-DEC-2017 18:42,2017,12,407,407.71,CO2,NA,NA,ppm,NA
16-JAN-2018 05:17,2018,1,408.15,407.83,CO2,NA,NA,ppm,NA
15-FEB-2018 15:00,2018,2,408.52,407.61,CO2,NA,NA,ppm,NA
18-MAR-2018 00:42,2018,3,409.59,408.06,CO2,NA,NA,ppm,NA
17-APR-2018 11:17,2018,4,410.45,407.65,CO2,NA,NA,ppm,NA
17-MAY-2018 21:00,2018,5,411.44,407.98,CO2,NA,NA,ppm,NA
17-JUN-2018 06:42,2018,6,410.99,408.6,CO2,NA,NA,ppm,NA
17-JUL-2018 17:17,2018,7,408.9,408.6,CO2,NA,NA,ppm,NA
17-AUG-2018 03:00,2018,8,407.16,409.17,CO2,NA,NA,ppm,NA
16-SEP-2018 12:42,2018,9,405.71,409.3,CO2,NA,NA,ppm,NA
16-OCT-2018 23:17,2018,10,406.19,409.56,CO2,NA,NA,ppm,NA
16-NOV-2018 09:00,2018,11,408.21,410.24,CO2,NA,NA,ppm,NA
16-DEC-2018 18:42,2018,12,409.27,409.99,CO2,NA,NA,ppm,NA
16-JAN-2019 05:17,2019,1,411.03,410.69,CO2,NA,NA,ppm,NA
15-FEB-2019 15:00,2019,2,411.96,410.97,CO2,NA,NA,ppm,NA
18-MAR-2019 00:42,2019,3,412.18,410.71,CO2,NA,NA,ppm,NA
17-APR-2019 11:17,2019,4,413.54,410.92,CO2,NA,NA,ppm,NA
17-MAY-2019 21:00,2019,5,414.86,411.47,CO2,NA,NA,ppm,NA
17-JUN-2019 06:42,2019,6,414.15,411.74,CO2,NA,NA,ppm,NA
17-JUL-2019 17:17,2019,7,411.96,411.64,CO2,NA,NA,ppm,NA
17-AUG-2019 03:00,2019,8,410.17,412.1,CO2,NA,NA,ppm,NA
16-SEP-2019 12:42,2019,9,408.76,412.26,CO2,NA,NA,ppm,NA
16-OCT-2019 23:17,2019,10,408.74,412.09,CO2,NA,NA,ppm,NA
16-NOV-2019 09:00,2019,11,410.47,412.5,CO2,NA,NA,ppm,NA
16-DEC-2019 18:42,2019,12,411.97,412.71,CO2,NA,NA,ppm,NA
16-JAN-2020 06:17,2020,1,413.59,413.22,CO2,NA,NA,ppm,NA
15-FEB-2020 18:00,2020,2,414.32,413.4,CO2,NA,NA,ppm,NA
17-MAR-2020 05:42,2020,3,414.72,413.35,CO2,NA,NA,ppm,NA
16-APR-2020 18:17,2020,4,416.42,413.92,CO2,NA,NA,ppm,NA
17-MAY-2020 06:00,2020,5,417.28,413.98,CO2,NA,NA,ppm,NA
16-JUN-2020 17:42,2020,6,416.58,414.15,CO2,NA,NA,ppm,NA
17-JUL-2020 06:17,2020,7,414.58,414.19,CO2,NA,NA,ppm,NA
16-AUG-2020 18:00,2020,8,412.75,414.6,CO2,NA,NA,ppm,NA
16-SEP-2020 05:42,2020,9,411.5,414.9,CO2,NA,NA,ppm,NA
16-OCT-2020 18:17,2020,10,411.49,414.79,CO2,NA,NA,ppm,NA
16-NOV-2020 06:00,2020,11,413.1,415.11,CO2,NA,NA,ppm,NA
16-DEC-2020 17:42,2020,12,414.23,414.91,CO2,NA,NA,ppm,NA
16-JAN-2021 05:17,2021,1,415.49,415.23,CO2,NA,NA,ppm,NA
15-FEB-2021 15:00,2021,2,416.72,415.8,CO2,NA,NA,ppm,NA
18-MAR-2021 00:42,2021,3,417.61,416.17,CO2,NA,NA,ppm,NA
17-APR-2021 11:17,2021,4,419.01,416.59,CO2,NA,NA,ppm,NA
17-MAY-2021 21:00,2021,5,419.09,415.88,CO2,NA,NA,ppm,NA
17-JUN-2021 06:42,2021,6,418.93,416.48,CO2,NA,NA,ppm,NA
17-JUL-2021 17:17,2021,7,416.9,416.48,CO2,NA,NA,ppm,NA
17-AUG-2021 03:00,2021,8,414.42,416.27,CO2,NA,NA,ppm,NA
16-SEP-2021 12:42,2021,9,413.26,416.63,CO2,NA,NA,ppm,NA
16-OCT-2021 23:17,2021,10,413.9,417.14,CO2,NA,NA,ppm,NA
16-NOV-2021 09:00,2021,11,414.97,416.92,CO2,NA,NA,ppm,NA
16-DEC-2021 18:42,2021,12,416.67,417.37,CO2,NA,NA,ppm,NA
16-JAN-2022 05:17,2022,1,418.13,417.86,CO2,NA,NA,ppm,NA
15-FEB-2022 15:00,2022,2,419.24,418.32,CO2,NA,NA,ppm,NA
18-MAR-2022 00:42,2022,3,418.76,417.31,CO2,NA,NA,ppm,NA
17-APR-2022 11:17,2022,4,420.19,417.67,CO2,NA,NA,ppm,NA
17-MAY-2022 21:00,2022,5,420.97,417.7,CO2,NA,NA,ppm,NA
17-JUN-2022 06:42,2022,6,420.94,418.47,CO2,NA,NA,ppm,NA
17-JUL-2022 17:17,2022,7,418.85,418.41,CO2,NA,NA,ppm,NA
17-AUG-2022 03:00,2022,8,417.15,419.03,CO2,NA,NA,ppm,NA
16-SEP-2022 12:42,2022,9,415.91,419.3,CO2,NA,NA,ppm,NA
16-OCT-2022 23:17,2022,10,415.74,418.97,CO2,NA,NA,ppm,NA
16-NOV-2022 09:00,2022,11,417.47,419.51,CO2,NA,NA,ppm,NA
16-DEC-2022 18:42,2022,12,418.99,419.79,CO2,NA,NA,ppm,NA
16-JAN-2023 05:17,2023,1,419.47,419.21,CO2,NA,NA,ppm,NA
15-FEB-2023 15:00,2023,2,420.31,419.43,CO2,NA,NA,ppm,NA
18-MAR-2023 00:42,2023,3,420.99,419.54,CO2,NA,NA,ppm,NA
17-APR-2023 11:17,2023,4,423.31,420.8,CO2,NA,NA,ppm,NA
17-MAY-2023 21:00,2023,5,424,420.76,CO2,NA,NA,ppm,NA
17-JUN-2023 06:42,2023,6,423.68,421.23,CO2,NA,NA,ppm,NA
17-JUL-2023 17:17,2023,7,421.83,421.41,CO2,NA,NA,ppm,NA
17-AUG-2023 03:00,2023,8,419.68,421.57,CO2,NA,NA,ppm,NA
16-SEP-2023 12:42,2023,9,418.5,421.9,CO2,NA,NA,ppm,NA
16-OCT-2023 23:17,2023,10,418.82,422.05,CO2,NA,NA,ppm,NA
16-NOV-2023 09:00,2023,11,420.46,422.44,CO2,NA,NA,ppm,NA
16-DEC-2023 18:42,2023,12,421.86,422.58,CO2,NA,NA,ppm,NA
16-JAN-2024 06:17,2024,1,422.8,422.55,CO2,NA,NA,ppm,NA
15-FEB-2024 18:00,2024,2,424.55,423.67,CO2,NA,NA,ppm,NA
17-MAR-2024 05:42,2024,3,425.38,423.94,CO2,NA,NA,ppm,NA
16-APR-2024 18:17,2024,4,426.51,424,CO2,NA,NA,ppm,NA
17-MAY-2024 06:00,2024,5,426.9,423.65,CO2,NA,NA,ppm,NA
16-JUN-2024 17:42,2024,6,426.91,424.46,CO2,NA,NA,ppm,NA
17-JUL-2024 06:17,2024,7,425.55,425.13,CO2,NA,NA,ppm,NA
16-AUG-2024 18:00,2024,8,422.99,424.88,CO2,NA,NA,ppm,NA
16-SEP-2024 05:42,2024,9,422.03,425.43,CO2,NA,NA,ppm,NA
16-OCT-2024 18:17,2024,10,422.38,425.61,CO2,NA,NA,ppm,NA
16-NOV-2024 06:00,2024,11,423.85,425.83,CO2,NA,NA,ppm,NA
16-DEC-2024 17:42,2024,12,425.4,426.13,CO2,NA,NA,ppm,NA
16-JAN-2025 05:17,2025,1,426.65,426.4,CO2,NA,NA,ppm,NA
15-FEB-2025 15:00,2025,2,427.09,426.21,CO2,NA,NA,ppm,NA
18-MAR-2025 00:42,2025,3,428.15,426.7,CO2,NA,NA,ppm,NA
17-APR-2025 11:17,2025,4,429.64,427.13,CO2,NA,NA,ppm,NA
17-MAY-2025 21:00,2025,5,430.51,427.26,CO2,NA,NA,ppm,NA
17-JUN-2025 06:42,2025,6,429.61,427.16,CO2,NA,NA,ppm,NA
17-JUL-2025 17:17,2025,7,427.87,427.45,CO2,NA,NA,ppm,NA
17-AUG-2025 03:00,2025,8,425.48,427.37,CO2,NA,NA,ppm,NA
16-SEP-2025 12:42,2025,9,424.37,427.77,CO2,NA,NA,ppm,NA
16-OCT-2025 23:17,2025,10,424.87,428.1,CO2,NA,NA,ppm,NA
16-NOV-2025 09:00,2025,11,426.46,428.43,CO2,NA,NA,ppm,NA
16-DEC-2025 18:42,2025,12,427.49,428.21,CO2,NA,NA,ppm,NA
16-JAN-2026 05:17,2026,1,428.62,428.37,CO2,NA,NA,ppm,NA
15-FEB-2026 15:00,2026,2,429.35,428.47,CO2,NA,NA,ppm,NA
08-JAN-1989 00:00,1989,1,8.113187,NA,pH,8.107175675619125,NA,pH,NA
27-MAR-1989 00:00,1989,3,8.082849,NA,pH,8.107021817241007,NA,pH,NA
24-AUG-1989 00:00,1989,8,8.099902,NA,pH,8.106867958862887,NA,pH,NA
18-OCT-1989 00:00,1989,10,8.101292,NA,pH,8.106714100484767,NA,pH,NA
05-JAN-1990 00:00,1990,1,8.118504,NA,pH,8.106560242106648,NA,pH,NA
19-MAR-1990 00:00,1990,3,8.105358,NA,pH,8.10640638372853,NA,pH,NA
13-JUN-1990 00:00,1990,6,8.112278,NA,pH,8.10625252535041,NA,pH,NA
25-JUL-1990 00:00,1990,7,8.114807,NA,pH,8.10609866697229,NA,pH,NA
18-DEC-1990 00:00,1990,12,8.105256,NA,pH,8.105944808594172,NA,pH,NA
03-FEB-1991 00:00,1991,2,8.102791,NA,pH,8.105790950216052,NA,pH,NA
07-MAR-1991 00:00,1991,3,8.099092,NA,pH,8.105637091837933,NA,pH,NA
10-APR-1991 00:00,1991,4,8.097557,NA,pH,8.105483233459813,NA,pH,NA
08-MAY-1991 00:00,1991,5,8.102033,NA,pH,8.105329375081695,NA,pH,NA
05-JUN-1991 00:00,1991,6,8.10773,NA,pH,8.105175516703575,NA,pH,NA
10-JUL-1991 00:00,1991,7,8.115978,NA,pH,8.105021658325455,NA,pH,NA
10-AUG-1991 00:00,1991,8,8.109969,NA,pH,8.104867799947336,NA,pH,NA
18-SEP-1991 00:00,1991,9,8.112619,NA,pH,8.104713941569218,NA,pH,NA
21-OCT-1991 00:00,1991,10,8.116722,NA,pH,8.104560083191098,NA,pH,NA
07-DEC-1991 00:00,1991,12,8.118956,NA,pH,8.104406224812978,NA,pH,NA
05-JAN-1992 00:00,1992,1,8.108183,NA,pH,8.10425236643486,NA,pH,NA
15-FEB-1992 00:00,1992,2,8.09609,NA,pH,8.10409850805674,NA,pH,NA
06-MAR-1992 00:00,1992,3,8.098877,NA,pH,8.10394464967862,NA,pH,NA
17-APR-1992 00:00,1992,4,8.088698,NA,pH,8.1037907913005,NA,pH,NA
09-JUN-1992 00:00,1992,6,8.122269,NA,pH,8.103636932922383,NA,pH,NA
05-JUL-1992 00:00,1992,7,8.098472,NA,pH,8.103483074544263,NA,pH,NA
05-AUG-1992 00:00,1992,8,8.109684,NA,pH,8.103329216166143,NA,pH,NA
23-SEP-1992 00:00,1992,9,8.112724,NA,pH,8.103175357788025,NA,pH,NA
20-OCT-1992 00:00,1992,10,8.110711,NA,pH,8.103021499409905,NA,pH,NA
24-NOV-1992 00:00,1992,11,8.108982,NA,pH,8.102867641031786,NA,pH,NA
16-DEC-1992 00:00,1992,12,8.115047,NA,pH,8.102713782653666,NA,pH,NA
20-JAN-1993 00:00,1993,1,8.09721,NA,pH,8.102559924275548,NA,pH,NA
17-FEB-1993 00:00,1993,2,8.11283,NA,pH,8.102406065897428,NA,pH,NA
15-APR-1993 00:00,1993,4,8.085548,NA,pH,8.102252207519308,NA,pH,NA
21-MAY-1993 00:00,1993,5,8.093206,NA,pH,8.102098349141189,NA,pH,NA
15-SEP-1993 00:00,1993,9,8.10713,NA,pH,8.10194449076307,NA,pH,NA
30-OCT-1993 00:00,1993,10,8.11067,NA,pH,8.101790632384951,NA,pH,NA
20-JAN-1994 00:00,1994,1,8.126782,NA,pH,8.101636774006831,NA,pH,NA
17-FEB-1994 00:00,1994,2,8.096045,NA,pH,8.101482915628713,NA,pH,NA
09-MAR-1994 00:00,1994,3,8.093057,NA,pH,8.101329057250593,NA,pH,NA
19-JUN-1994 00:00,1994,6,8.094534,NA,pH,8.101175198872474,NA,pH,NA
25-JUL-1994 00:00,1994,7,8.094427,NA,pH,8.101021340494354,NA,pH,NA
30-AUG-1994 00:00,1994,8,8.099073,NA,pH,8.100867482116236,NA,pH,NA
23-SEP-1994 00:00,1994,9,8.106876,NA,pH,8.100713623738116,NA,pH,NA
15-OCT-1994 00:00,1994,10,8.09897,NA,pH,8.100559765359996,NA,pH,NA
19-NOV-1994 00:00,1994,11,8.1047,NA,pH,8.100405906981878,NA,pH,NA
06-FEB-1995 00:00,1995,2,8.079518,NA,pH,8.100252048603759,NA,pH,NA
04-MAR-1995 00:00,1995,3,8.081787,NA,pH,8.100098190225639,NA,pH,NA
06-APR-1995 00:00,1995,4,8.073113,NA,pH,8.099944331847519,NA,pH,NA
07-MAY-1995 00:00,1995,5,8.087092,NA,pH,8.099790473469401,NA,pH,NA
30-JUL-1995 00:00,1995,7,8.101405,NA,pH,8.099636615091281,NA,pH,NA
29-AUG-1995 00:00,1995,8,8.10764,NA,pH,8.099482756713162,NA,pH,NA
26-SEP-1995 00:00,1995,9,8.112848,NA,pH,8.099328898335044,NA,pH,NA
27-OCT-1995 00:00,1995,10,8.115718,NA,pH,8.099175039956924,NA,pH,NA
17-NOV-1995 00:00,1995,11,8.119383,NA,pH,8.099021181578804,NA,pH,NA
17-JAN-1996 00:00,1996,1,8.10773,NA,pH,8.098867323200684,NA,pH,NA
27-MAR-1996 00:00,1996,3,NA,NA,pH,8.098713464822566,NA,pH,NA
24-APR-1996 00:00,1996,4,NA,NA,pH,8.098559606444447,NA,pH,NA
22-MAY-1996 00:00,1996,5,8.095008,NA,pH,8.098405748066327,NA,pH,NA
26-JUN-1996 00:00,1996,6,8.10093,NA,pH,8.098251889688207,NA,pH,NA
27-JUL-1996 00:00,1996,7,8.106965,NA,pH,8.098098031310089,NA,pH,NA
21-AUG-1996 00:00,1996,8,8.107875,NA,pH,8.09794417293197,NA,pH,NA
02-OCT-1996 00:00,1996,10,8.113261,NA,pH,8.09779031455385,NA,pH,NA
30-OCT-1996 00:00,1996,10,8.113334,NA,pH,8.097636456175731,NA,pH,NA
11-DEC-1996 00:00,1996,12,8.090854,NA,pH,8.097482597797612,NA,pH,NA
08-JAN-1997 00:00,1997,1,8.078654,NA,pH,8.097328739419492,NA,pH,NA
18-FEB-1997 00:00,1997,2,8.072234,NA,pH,8.097174881041372,NA,pH,NA
12-MAR-1997 00:00,1997,3,8.087757,NA,pH,8.097021022663254,NA,pH,NA
09-APR-1997 00:00,1997,4,8.091284,NA,pH,8.096867164285134,NA,pH,NA
07-MAY-1997 00:00,1997,5,8.09199,NA,pH,8.096713305907015,NA,pH,NA
04-JUN-1997 00:00,1997,6,8.10604,NA,pH,8.096559447528897,NA,pH,NA
09-JUL-1997 00:00,1997,7,8.097534,NA,pH,8.096405589150777,NA,pH,NA
02-AUG-1997 00:00,1997,8,8.102995,NA,pH,8.096251730772657,NA,pH,NA
25-SEP-1997 00:00,1997,9,8.109314,NA,pH,8.096097872394537,NA,pH,NA
05-DEC-1997 00:00,1997,12,8.103076,NA,pH,8.09594401401642,NA,pH,NA
11-JAN-1998 00:00,1998,1,8.087714,NA,pH,8.0957901556383,NA,pH,NA
19-FEB-1998 00:00,1998,2,8.081908,NA,pH,8.09563629726018,NA,pH,NA
18-MAR-1998 00:00,1998,3,8.097822,NA,pH,8.095482438882062,NA,pH,NA
15-APR-1998 00:00,1998,4,8.080772,NA,pH,8.095328580503942,NA,pH,NA
13-MAY-1998 00:00,1998,5,8.081999,NA,pH,8.095174722125822,NA,pH,NA
17-JUN-1998 00:00,1998,6,8.085788,NA,pH,8.095020863747703,NA,pH,NA
15-JUL-1998 00:00,1998,7,8.069359,NA,pH,8.094867005369585,NA,pH,NA
10-AUG-1998 00:00,1998,8,8.088048,NA,pH,8.094713146991465,NA,pH,NA
28-SEP-1998 00:00,1998,9,8.085466,NA,pH,8.094559288613345,NA,pH,NA
19-OCT-1998 00:00,1998,10,8.097762,NA,pH,8.094405430235225,NA,pH,NA
11-NOV-1998 00:00,1998,11,8.089959,NA,pH,8.094251571857107,NA,pH,NA
09-DEC-1998 00:00,1998,12,8.076391,NA,pH,8.094097713478988,NA,pH,NA
13-JAN-1999 00:00,1999,1,8.070665,NA,pH,8.093943855100868,NA,pH,NA
18-FEB-1999 00:00,1999,2,8.065768,NA,pH,8.09378999672275,NA,pH,NA
17-MAR-1999 00:00,1999,3,8.115991,NA,pH,8.09363613834463,NA,pH,NA
14-APR-1999 00:00,1999,4,8.081927,NA,pH,8.09348227996651,NA,pH,NA
10-MAY-1999 00:00,1999,5,8.081931,NA,pH,8.09332842158839,NA,pH,NA
14-JUL-1999 00:00,1999,7,8.101191,NA,pH,8.093174563210273,NA,pH,NA
13-AUG-1999 00:00,1999,8,8.086422,NA,pH,8.093020704832153,NA,pH,NA
15-OCT-1999 00:00,1999,10,8.083195,NA,pH,8.092866846454033,NA,pH,NA
09-NOV-1999 00:00,1999,11,8.092519,NA,pH,8.092712988075915,NA,pH,NA
15-DEC-1999 00:00,1999,12,8.076716,NA,pH,8.092559129697795,NA,pH,NA
03-FEB-2000 00:00,2000,2,8.076358,NA,pH,8.092405271319675,NA,pH,NA
01-MAR-2000 00:00,2000,3,8.058449,NA,pH,8.092251412941556,NA,pH,NA
29-MAR-2000 00:00,2000,3,8.071017,NA,pH,8.092097554563438,NA,pH,NA
26-APR-2000 00:00,2000,4,8.079405,NA,pH,8.091943696185318,NA,pH,NA
25-MAY-2000 00:00,2000,5,8.061762,NA,pH,8.091789837807198,NA,pH,NA
21-JUN-2000 00:00,2000,6,8.089841,NA,pH,8.091635979429078,NA,pH,NA
26-JUL-2000 00:00,2000,7,8.102724,NA,pH,8.09148212105096,NA,pH,NA
23-AUG-2000 00:00,2000,8,8.103453,NA,pH,8.09132826267284,NA,pH,NA
18-OCT-2000 00:00,2000,10,8.079372,NA,pH,8.091174404294721,NA,pH,NA
30-NOV-2000 00:00,2000,11,8.094105,NA,pH,8.091020545916603,NA,pH,NA
20-DEC-2000 00:00,2000,12,8.090794,NA,pH,8.090866687538483,NA,pH,NA
17-JAN-2001 00:00,2001,1,8.080466,NA,pH,8.090712829160363,NA,pH,NA
14-FEB-2001 00:00,2001,2,8.069471,NA,pH,8.090558970782244,NA,pH,NA
21-MAR-2001 00:00,2001,3,8.073048,NA,pH,8.090405112404126,NA,pH,NA
18-APR-2001 00:00,2001,4,8.073583,NA,pH,8.090251254026006,NA,pH,NA
16-MAY-2001 00:00,2001,5,8.080251,NA,pH,8.090097395647886,NA,pH,NA
14-JUN-2001 00:00,2001,6,8.103863,NA,pH,8.089943537269768,NA,pH,NA
11-JUL-2001 00:00,2001,7,8.106446,NA,pH,8.089789678891648,NA,pH,NA
08-AUG-2001 00:00,2001,8,8.087791,NA,pH,8.089635820513529,NA,pH,NA
02-OCT-2001 00:00,2001,10,8.089172,NA,pH,8.089481962135409,NA,pH,NA
23-OCT-2001 00:00,2001,10,8.099814,NA,pH,8.08932810375729,NA,pH,NA
17-NOV-2001 00:00,2001,11,8.091858,NA,pH,8.089174245379171,NA,pH,NA
14-DEC-2001 00:00,2001,12,8.088475,NA,pH,8.089020387001051,NA,pH,NA
16-JAN-2002 00:00,2002,1,8.078155,NA,pH,8.088866528622933,NA,pH,NA
21-FEB-2002 00:00,2002,2,8.087096,NA,pH,8.088712670244814,NA,pH,NA
13-MAR-2002 00:00,2002,3,8.071004,NA,pH,8.088558811866694,NA,pH,NA
21-MAY-2002 00:00,2002,5,8.074996,NA,pH,8.088404953488574,NA,pH,NA
29-JUN-2002 00:00,2002,6,8.081175,NA,pH,8.088251095110456,NA,pH,NA
28-AUG-2002 00:00,2002,8,8.089032,NA,pH,8.088097236732336,NA,pH,NA
07-OCT-2002 00:00,2002,10,8.105983,NA,pH,8.087943378354217,NA,pH,NA
04-NOV-2002 00:00,2002,11,8.104322,NA,pH,8.087789519976097,NA,pH,NA
25-NOV-2002 00:00,2002,11,8.095959,NA,pH,8.087635661597979,NA,pH,NA
19-DEC-2002 00:00,2002,12,8.089011,NA,pH,8.087481803219859,NA,pH,NA
17-JAN-2003 00:00,2003,1,8.089097,NA,pH,8.08732794484174,NA,pH,NA
26-FEB-2003 00:00,2003,2,8.083023,NA,pH,8.087174086463621,NA,pH,NA
29-MAR-2003 00:00,2003,3,8.08611,NA,pH,8.087020228085501,NA,pH,NA
24-APR-2003 00:00,2003,4,8.089208,NA,pH,8.086866369707382,NA,pH,NA
21-MAY-2003 00:00,2003,5,8.090824,NA,pH,8.086712511329262,NA,pH,NA
20-JUN-2003 00:00,2003,6,8.096236,NA,pH,8.086558652951144,NA,pH,NA
20-JUL-2003 00:00,2003,7,8.100253,NA,pH,8.086404794573024,NA,pH,NA
21-AUG-2003 00:00,2003,8,8.102939,NA,pH,8.086250936194904,NA,pH,NA
15-OCT-2003 00:00,2003,10,8.115604,NA,pH,8.086097077816786,NA,pH,NA
10-NOV-2003 00:00,2003,11,8.114032,NA,pH,8.085943219438667,NA,pH,NA
20-DEC-2003 00:00,2003,12,8.095248,NA,pH,8.085789361060547,NA,pH,NA
22-JAN-2004 00:00,2004,1,8.087091,NA,pH,8.085635502682427,NA,pH,NA
25-FEB-2004 00:00,2004,2,8.099055,NA,pH,8.08548164430431,NA,pH,NA
20-MAR-2004 00:00,2004,3,8.097146,NA,pH,8.08532778592619,NA,pH,NA
21-APR-2004 00:00,2004,4,8.08381,NA,pH,8.08517392754807,NA,pH,NA
19-MAY-2004 00:00,2004,5,8.088046,NA,pH,8.08502006916995,NA,pH,NA
16-JUN-2004 00:00,2004,6,8.089665,NA,pH,8.084866210791832,NA,pH,NA
13-JUL-2004 00:00,2004,7,8.089991,NA,pH,8.084712352413712,NA,pH,NA
16-AUG-2004 00:00,2004,8,8.094845,NA,pH,8.084558494035592,NA,pH,NA
29-SEP-2004 00:00,2004,9,8.104304,NA,pH,8.084404635657474,NA,pH,NA
31-OCT-2004 00:00,2004,10,8.100355,NA,pH,8.084250777279355,NA,pH,NA
28-NOV-2004 00:00,2004,11,8.110317,NA,pH,8.084096918901235,NA,pH,NA
21-DEC-2004 00:00,2004,12,8.102627,NA,pH,8.083943060523115,NA,pH,NA
02-FEB-2005 00:00,2005,2,8.081234,NA,pH,8.083789202144997,NA,pH,NA
05-MAR-2005 00:00,2005,3,8.088101,NA,pH,8.083635343766877,NA,pH,NA
18-MAY-2005 00:00,2005,5,8.0887,NA,pH,8.083481485388758,NA,pH,NA
15-JUN-2005 00:00,2005,6,8.085773,NA,pH,8.08332762701064,NA,pH,NA
17-JUL-2005 00:00,2005,7,8.078964,NA,pH,8.08317376863252,NA,pH,NA
14-AUG-2005 00:00,2005,8,8.094795,NA,pH,8.0830199102544,NA,pH,NA
10-SEP-2005 00:00,2005,9,8.088696,NA,pH,8.08286605187628,NA,pH,NA
09-OCT-2005 00:00,2005,10,8.09463,NA,pH,8.082712193498162,NA,pH,NA
12-NOV-2005 00:00,2005,11,8.08727,NA,pH,8.082558335120043,NA,pH,NA
13-DEC-2005 00:00,2005,12,8.087402,NA,pH,8.082404476741923,NA,pH,NA
25-JAN-2006 00:00,2006,1,8.094604,NA,pH,8.082250618363805,NA,pH,NA
15-FEB-2006 00:00,2006,2,8.069681,NA,pH,8.082096759985685,NA,pH,NA
10-MAR-2006 00:00,2006,3,8.083368,NA,pH,8.081942901607565,NA,pH,NA
02-APR-2006 00:00,2006,4,8.081378,NA,pH,8.081789043229445,NA,pH,NA
27-MAY-2006 00:00,2006,5,8.069025,NA,pH,8.081635184851327,NA,pH,NA
14-JUN-2006 00:00,2006,6,8.074162,NA,pH,8.081481326473208,NA,pH,NA
13-JUL-2006 00:00,2006,7,8.082702,NA,pH,8.081327468095088,NA,pH,NA
09-AUG-2006 00:00,2006,8,8.089359,NA,pH,8.081173609716968,NA,pH,NA
16-SEP-2006 00:00,2006,9,8.098929,NA,pH,8.08101975133885,NA,pH,NA
21-OCT-2006 00:00,2006,10,8.086596,NA,pH,8.08086589296073,NA,pH,NA
09-NOV-2006 00:00,2006,11,8.090949,NA,pH,8.08071203458261,NA,pH,NA
10-DEC-2006 00:00,2006,12,8.090459,NA,pH,8.080558176204493,NA,pH,NA
07-FEB-2007 00:00,2007,2,8.085236,NA,pH,8.080404317826373,NA,pH,NA
21-MAR-2007 00:00,2007,3,8.073533,NA,pH,8.080250459448253,NA,pH,NA
05-MAY-2007 00:00,2007,5,8.072873,NA,pH,8.080096601070133,NA,pH,NA
10-JUN-2007 00:00,2007,6,NA,NA,pH,8.079942742692015,NA,pH,NA
08-JUL-2007 00:00,2007,7,8.072419,NA,pH,8.079788884313896,NA,pH,NA
04-AUG-2007 00:00,2007,8,8.084817,NA,pH,8.079635025935776,NA,pH,NA
03-SEP-2007 00:00,2007,9,8.084494,NA,pH,8.079481167557658,NA,pH,NA
03-OCT-2007 00:00,2007,10,8.080436,NA,pH,8.079327309179538,NA,pH,NA
02-DEC-2007 00:00,2007,12,8.068093,NA,pH,8.079173450801418,NA,pH,NA
21-DEC-2007 00:00,2007,12,8.0793,NA,pH,8.079019592423299,NA,pH,NA
30-JAN-2008 00:00,2008,1,8.068538,NA,pH,8.07886573404518,NA,pH,NA
24-FEB-2008 00:00,2008,2,8.072966,NA,pH,8.07871187566706,NA,pH,NA
28-MAY-2008 00:00,2008,5,8.060955,NA,pH,8.078558017288941,NA,pH,NA
26-JUN-2008 00:00,2008,6,8.082226,NA,pH,8.078404158910823,NA,pH,NA
27-JUL-2008 00:00,2008,7,8.073559,NA,pH,8.078250300532703,NA,pH,NA
17-AUG-2008 00:00,2008,8,8.086436,NA,pH,8.078096442154584,NA,pH,NA
11-OCT-2008 00:00,2008,10,8.104114,NA,pH,8.077942583776464,NA,pH,NA
01-DEC-2008 00:00,2008,12,8.082076,NA,pH,8.077788725398346,NA,pH,NA
21-JAN-2009 00:00,2009,1,8.080628,NA,pH,8.077634867020226,NA,pH,NA
18-FEB-2009 00:00,2009,2,8.069724,NA,pH,8.077481008642106,NA,pH,NA
29-APR-2009 00:00,2009,4,8.058364,NA,pH,8.077327150263987,NA,pH,NA
28-MAY-2009 00:00,2009,5,8.06516,NA,pH,8.077173291885869,NA,pH,NA
04-JUL-2009 00:00,2009,7,8.076406,NA,pH,8.077019433507749,NA,pH,NA
25-JUL-2009 00:00,2009,7,8.068872,NA,pH,8.076865575129629,NA,pH,NA
19-AUG-2009 00:00,2009,8,8.081758,NA,pH,8.076711716751511,NA,pH,NA
25-SEP-2009 00:00,2009,9,8.08097,NA,pH,8.076557858373391,NA,pH,NA
04-NOV-2009 00:00,2009,11,8.088485,NA,pH,8.076403999995271,NA,pH,NA
10-DEC-2009 00:00,2009,12,8.073699,NA,pH,8.076250141617152,NA,pH,NA
10-MAR-2010 00:00,2010,3,8.076083,NA,pH,8.076096283239034,NA,pH,NA
07-APR-2010 00:00,2010,4,8.079739,NA,pH,8.075942424860914,NA,pH,NA
19-MAY-2010 00:00,2010,5,8.075632,NA,pH,8.075788566482794,NA,pH,NA
09-JUN-2010 00:00,2010,6,8.073037,NA,pH,8.075634708104676,NA,pH,NA
09-JUL-2010 00:00,2010,7,8.092683,NA,pH,8.075480849726556,NA,pH,NA
08-AUG-2010 00:00,2010,8,8.086592,NA,pH,8.075326991348437,NA,pH,NA
04-SEP-2010 00:00,2010,9,8.07835,NA,pH,8.075173132970317,NA,pH,NA
04-OCT-2010 00:00,2010,10,8.083693,NA,pH,8.075019274592199,NA,pH,NA
21-NOV-2010 00:00,2010,11,8.072299,NA,pH,8.07486541621408,NA,pH,NA
29-JAN-2011 00:00,2011,1,8.072945,NA,pH,8.07471155783596,NA,pH,NA
01-MAR-2011 00:00,2011,3,8.081753,NA,pH,8.07455769945784,NA,pH,NA
12-APR-2011 00:00,2011,4,8.072117,NA,pH,8.074403841079722,NA,pH,NA
10-MAY-2011 00:00,2011,5,8.073146,NA,pH,8.074249982701602,NA,pH,NA
20-JUL-2011 00:00,2011,7,8.070421,NA,pH,8.074096124323482,NA,pH,NA
30-AUG-2011 00:00,2011,8,8.087722,NA,pH,8.073942265945364,NA,pH,NA
27-SEP-2011 00:00,2011,9,8.086433,NA,pH,8.073788407567244,NA,pH,NA
05-NOV-2011 00:00,2011,11,8.084011,NA,pH,8.073634549189125,NA,pH,NA
29-NOV-2011 00:00,2011,11,8.07753,NA,pH,8.073480690811005,NA,pH,NA
20-DEC-2011 00:00,2011,12,8.072506,NA,pH,8.073326832432887,NA,pH,NA
19-JAN-2012 00:00,2012,1,8.070388,NA,pH,8.073172974054767,NA,pH,NA
25-MAR-2012 00:00,2012,3,8.062975,NA,pH,8.073019115676647,NA,pH,NA
02-MAY-2012 00:00,2012,5,8.056483,NA,pH,8.07286525729853,NA,pH,NA
31-MAY-2012 00:00,2012,5,8.059978,NA,pH,8.07271139892041,NA,pH,NA
27-JUN-2012 00:00,2012,6,8.060028,NA,pH,8.07255754054229,NA,pH,NA
01-AUG-2012 00:00,2012,8,8.058476,NA,pH,8.07240368216417,NA,pH,NA
18-AUG-2012 00:00,2012,8,8.055382,NA,pH,8.072249823786052,NA,pH,NA
15-SEP-2012 00:00,2012,9,8.058376,NA,pH,8.072095965407932,NA,pH,NA
08-OCT-2012 00:00,2012,10,8.068051,NA,pH,8.071942107029813,NA,pH,NA
04-DEC-2012 00:00,2012,12,8.069613,NA,pH,8.071788248651695,NA,pH,NA
13-FEB-2013 00:00,2013,2,8.058428,NA,pH,8.071634390273575,NA,pH,NA
07-MAR-2013 00:00,2013,3,8.053147,NA,pH,8.071480531895455,NA,pH,NA
06-APR-2013 00:00,2013,4,8.051696,NA,pH,8.071326673517335,NA,pH,NA
18-MAY-2013 00:00,2013,5,8.053134,NA,pH,8.071172815139217,NA,pH,NA
26-JUN-2013 00:00,2013,6,8.062803,NA,pH,8.071018956761097,NA,pH,NA
12-SEP-2013 00:00,2013,9,8.082416,NA,pH,8.070865098382978,NA,pH,NA
02-OCT-2013 00:00,2013,10,8.080138,NA,pH,8.070711240004858,NA,pH,NA
28-OCT-2013 00:00,2013,10,8.080138,NA,pH,8.07055738162674,NA,pH,NA
27-NOV-2013 00:00,2013,11,8.086108,NA,pH,8.07040352324862,NA,pH,NA
21-DEC-2013 00:00,2013,12,8.084826,NA,pH,8.0702496648705,NA,pH,NA
16-JAN-2014 00:00,2014,1,8.067006,NA,pH,8.070095806492382,NA,pH,NA
15-FEB-2014 00:00,2014,2,8.068155,NA,pH,8.069941948114263,NA,pH,NA
06-MAR-2014 00:00,2014,3,8.070035,NA,pH,8.069788089736143,NA,pH,NA
11-APR-2014 00:00,2014,4,8.063851,NA,pH,8.069634231358023,NA,pH,NA
01-JUN-2014 00:00,2014,6,8.077234,NA,pH,8.069480372979905,NA,pH,NA
01-JUL-2014 00:00,2014,7,8.073313,NA,pH,8.069326514601785,NA,pH,NA
15-SEP-2014 00:00,2014,9,8.07568,NA,pH,8.069172656223666,NA,pH,NA
14-OCT-2014 00:00,2014,10,8.089985,NA,pH,8.069018797845548,NA,pH,NA
22-NOV-2014 00:00,2014,11,8.088038,NA,pH,8.068864939467428,NA,pH,NA
17-DEC-2014 00:00,2014,12,8.071536,NA,pH,8.068711081089308,NA,pH,NA
25-FEB-2015 00:00,2015,2,8.065917,NA,pH,8.068557222711188,NA,pH,NA
29-MAR-2015 00:00,2015,3,8.059535,NA,pH,8.06840336433307,NA,pH,NA
22-APR-2015 00:00,2015,4,8.075902,NA,pH,8.06824950595495,NA,pH,NA
24-MAY-2015 00:00,2015,5,8.069743,NA,pH,8.06809564757683,NA,pH,NA
20-JUN-2015 00:00,2015,6,8.06718,NA,pH,8.067941789198711,NA,pH,NA
20-JUL-2015 00:00,2015,7,8.071143,NA,pH,8.067787930820593,NA,pH,NA
13-AUG-2015 00:00,2015,8,8.08725,NA,pH,8.067634072442473,NA,pH,NA
14-OCT-2015 00:00,2015,10,8.079322,NA,pH,8.067480214064354,NA,pH,NA
14-NOV-2015 00:00,2015,11,8.083174,NA,pH,8.067326355686236,NA,pH,NA
09-DEC-2015 00:00,2015,12,8.082859,NA,pH,8.067172497308116,NA,pH,NA
13-JAN-2016 00:00,2016,1,8.080105,NA,pH,8.067018638929996,NA,pH,NA
10-FEB-2016 00:00,2016,2,8.074242,NA,pH,8.066864780551876,NA,pH,NA
09-MAR-2016 00:00,2016,3,8.072294,NA,pH,8.066710922173758,NA,pH,NA
15-APR-2016 00:00,2016,4,8.064809,NA,pH,8.066557063795639,NA,pH,NA
29-MAY-2016 00:00,2016,5,8.073457,NA,pH,8.066403205417519,NA,pH,NA
12-JUL-2016 00:00,2016,7,8.068111,NA,pH,8.0662493470394,NA,pH,NA
10-AUG-2016 00:00,2016,8,8.075192,NA,pH,8.066095488661281,NA,pH,NA
16-OCT-2016 00:00,2016,10,8.074387,NA,pH,8.065941630283161,NA,pH,NA
27-NOV-2016 00:00,2016,11,8.068016,NA,pH,8.065787771905041,NA,pH,NA
24-JAN-2017 00:00,2017,1,8.049675,NA,pH,8.065633913526923,NA,pH,NA
23-FEB-2017 00:00,2017,2,8.052955,NA,pH,8.065480055148804,NA,pH,NA
29-MAR-2017 00:00,2017,3,8.064332,NA,pH,8.065326196770684,NA,pH,NA
26-APR-2017 00:00,2017,4,8.063944,NA,pH,8.065172338392566,NA,pH,NA
24-MAY-2017 00:00,2017,5,8.067113,NA,pH,8.065018480014446,NA,pH,NA
21-JUN-2017 00:00,2017,6,8.06471,NA,pH,8.064864621636326,NA,pH,NA
09-AUG-2017 00:00,2017,8,8.078624,NA,pH,8.064710763258207,NA,pH,NA
07-OCT-2017 00:00,2017,10,8.0793,NA,pH,8.064556904880089,NA,pH,NA
09-NOV-2017 00:00,2017,11,8.081305,NA,pH,8.064403046501969,NA,pH,NA
13-DEC-2017 00:00,2017,12,8.067376,NA,pH,8.06424918812385,NA,pH,NA
18-JAN-2018 00:00,2018,1,NA,NA,pH,8.06409532974573,NA,pH,NA
26-FEB-2018 00:00,2018,2,8.054882,NA,pH,8.063941471367611,NA,pH,NA
18-APR-2018 00:00,2018,4,8.05439,NA,pH,8.063787612989492,NA,pH,NA
16-MAY-2018 00:00,2018,5,8.06197,NA,pH,8.063633754611372,NA,pH,NA
27-JUN-2018 00:00,2018,6,8.067732,NA,pH,8.063479896233254,NA,pH,NA
25-JUL-2018 00:00,2018,7,8.071259,NA,pH,8.063326037855134,NA,pH,NA
11-SEP-2018 00:00,2018,9,8.060242,NA,pH,8.063172179477014,NA,pH,NA
13-OCT-2018 00:00,2018,10,8.072583,NA,pH,8.063018321098895,NA,pH,NA
17-NOV-2018 00:00,2018,11,8.071003,NA,pH,8.062864462720777,NA,pH,NA
11-DEC-2018 00:00,2018,12,NA,NA,pH,8.062710604342657,NA,pH,NA
16-JAN-2019 00:00,2019,1,8.059778,NA,pH,8.062556745964537,NA,pH,NA
20-FEB-2019 00:00,2019,2,8.0465,NA,pH,8.062402887586419,NA,pH,NA
03-MAY-2019 00:00,2019,5,8.045938,NA,pH,8.0622490292083,NA,pH,NA
12-JUN-2019 00:00,2019,6,8.055537,NA,pH,8.06209517083018,NA,pH,NA
02-JUL-2019 00:00,2019,7,8.062551,NA,pH,8.06194131245206,NA,pH,NA
03-AUG-2019 00:00,2019,8,8.058932,NA,pH,8.061787454073942,NA,pH,NA
05-SEP-2019 00:00,2019,9,8.070158,NA,pH,8.061633595695822,NA,pH,NA
18-OCT-2019 00:00,2019,10,8.083355,NA,pH,8.061479737317702,NA,pH,NA
19-DEC-2019 00:00,2019,12,8.062876,NA,pH,8.061325878939584,NA,pH,NA
08-JAN-2020 00:00,2020,1,8.069879,NA,pH,8.061172020561465,NA,pH,NA
31-JAN-2020 00:00,2020,1,8.051304,NA,pH,8.061018162183345,NA,pH,NA
16-JUL-2020 00:00,2020,7,8.063452,NA,pH,8.060864303805225,NA,pH,NA
08-AUG-2020 00:00,2020,8,8.071419,NA,pH,8.060710445427107,NA,pH,NA
01-SEP-2020 00:00,2020,9,8.07564,NA,pH,8.060556587048987,NA,pH,NA
27-SEP-2020 00:00,2020,9,8.074209,NA,pH,8.060402728670867,NA,pH,NA
19-NOV-2020 00:00,2020,11,8.077223,NA,pH,8.060248870292748,NA,pH,NA
19-DEC-2020 00:00,2020,12,8.07033,NA,pH,8.06009501191463,NA,pH,NA
13-JAN-2021 00:00,2021,1,8.068637,NA,pH,8.05994115353651,NA,pH,NA
17-FEB-2021 00:00,2021,2,8.067359,NA,pH,8.05978729515839,NA,pH,NA
24-MAR-2021 00:00,2021,3,8.043985,NA,pH,8.059633436780272,NA,pH,NA
14-APR-2021 00:00,2021,4,8.049343,NA,pH,8.059479578402152,NA,pH,NA
17-MAY-2021 00:00,2021,5,8.042362,NA,pH,8.059325720024033,NA,pH,NA
23-JUN-2021 00:00,2021,6,8.050629,NA,pH,8.059171861645913,NA,pH,NA
17-JUL-2021 00:00,2021,7,8.057215,NA,pH,8.059018003267795,NA,pH,NA
29-OCT-2021 00:00,2021,10,8.059336,NA,pH,8.058864144889675,NA,pH,NA
05-DEC-2021 00:00,2021,12,8.048397,NA,pH,8.058710286511555,NA,pH,NA
28-MAR-2022 00:00,2022,3,8.047077,NA,pH,8.058556428133437,NA,pH,NA
27-MAY-2022 00:00,2022,5,8.034208,NA,pH,8.058402569755318,NA,pH,NA
10-JUL-2022 00:00,2022,7,8.05794,NA,pH,8.058248711377198,NA,pH,NA
31-JUL-2022 00:00,2022,7,8.052382,NA,pH,8.058094852999078,NA,pH,NA
01-SEP-2022 00:00,2022,9,8.057348,NA,pH,8.05794099462096,NA,pH,NA
24-JAN-2023 00:00,2023,1,8.049296,NA,pH,8.05778713624284,NA,pH,NA
29-MAR-2023 00:00,2023,3,8.031798,NA,pH,8.05763327786472,NA,pH,NA
27-MAY-2023 00:00,2023,5,8.026276,NA,pH,8.0574794194866,NA,pH,NA
11-AUG-2023 00:00,2023,8,8.045364,NA,pH,8.057325561108483,NA,pH,NA
17-SEP-2023 00:00,2023,9,8.059327,NA,pH,8.057171702730363,NA,pH,NA
09-OCT-2023 00:00,2023,10,8.063005,NA,pH,8.057017844352243,NA,pH,NA
06-NOV-2023 00:00,2023,11,8.057886,NA,pH,8.056863985974125,NA,pH,NA
29-NOV-2023 00:00,2023,11,8.046489,NA,pH,8.056710127596006,NA,pH,NA
28-DEC-2023 00:00,2023,12,8.038747,NA,pH,8.056556269217886,NA,pH,NA
03-APR-2024 00:00,2024,4,8.037763,NA,pH,8.056402410839766,NA,pH,NA
29-APR-2024 00:00,2024,4,8.036569,NA,pH,8.056248552461648,NA,pH,NA
18-JUL-2024 00:00,2024,7,8.044224,NA,pH,8.056094694083528,NA,pH,NA
18-AUG-2024 00:00,2024,8,8.05462,NA,pH,8.055940835705409,NA,pH,NA
08-SEP-2024 00:00,2024,9,8.069025,NA,pH,8.05578697732729,NA,pH,NA
12-OCT-2024 00:00,2024,10,8.054777,NA,pH,8.05563311894917,NA,pH,NA
20-DEC-2024 00:00,2024,12,8.05941,NA,pH,8.055479260571051,NA,pH,NA
15-1-1950 00:00,1950,1,-1.53,NA,ENSO,NA,NA,Oceanic Nino Index,NA
15-2-1950 00:00,1950,2,-1.34,NA,ENSO,NA,NA,Oceanic Nino Index,NA
15-3-1950 00:00,1950,3,-1.16,NA,ENSO,NA,NA,Oceanic Nino Index,NA
15-4-1950 00:00,1950,4,-1.18,NA,ENSO,NA,NA,Oceanic Nino Index,NA
15-5-1950 00:00,1950,5,-1.07,NA,ENSO,NA,NA,Oceanic Nino Index,NA
15-6-1950 00:00,1950,6,-0.85,NA,ENSO,NA,NA,Oceanic Nino Index,NA
15-7-1950 00:00,1950,7,-0.54,NA,ENSO,NA,NA,Oceanic Nino Index,NA
15-8-1950 00:00,1950,8,-0.42,NA,ENSO,NA,NA,Oceanic Nino Index,NA
15-9-1950 00:00,1950,9,-0.39,NA,ENSO,NA,NA,Oceanic Nino Index,NA
15-10-1950 00:00,1950,10,-0.44,NA,ENSO,NA,NA,Oceanic Nino Index,NA
15-11-1950 00:00,1950,11,-0.6,NA,ENSO,NA,NA,Oceanic Nino Index,NA
15-12-1950 00:00,1950,12,-0.8,NA,ENSO,NA,NA,Oceanic Nino Index,NA
15-1-1951 00:00,1951,1,-0.82,NA,ENSO,NA,NA,Oceanic Nino Index,NA
15-2-1951 00:00,1951,2,-0.54,NA,ENSO,NA,NA,Oceanic Nino Index,NA
15-3-1951 00:00,1951,3,-0.17,NA,ENSO,NA,NA,Oceanic Nino Index,NA
15-4-1951 00:00,1951,4,0.18,NA,ENSO,NA,NA,Oceanic Nino Index,NA
15-5-1951 00:00,1951,5,0.36,NA,ENSO,NA,NA,Oceanic Nino Index,NA
15-6-1951 00:00,1951,6,0.58,NA,ENSO,NA,NA,Oceanic Nino Index,NA
15-7-1951 00:00,1951,7,0.7,NA,ENSO,NA,NA,Oceanic Nino Index,NA
15-8-1951 00:00,1951,8,0.89,NA,ENSO,NA,NA,Oceanic Nino Index,NA
15-9-1951 00:00,1951,9,0.99,NA,ENSO,NA,NA,Oceanic Nino Index,NA
15-10-1951 00:00,1951,10,1.15,NA,ENSO,NA,NA,Oceanic Nino Index,NA
15-11-1951 00:00,1951,11,1.04,NA,ENSO,NA,NA,Oceanic Nino Index,NA
15-12-1951 00:00,1951,12,0.81,NA,ENSO,NA,NA,Oceanic Nino Index,NA
15-1-1952 00:00,1952,1,0.53,NA,ENSO,NA,NA,Oceanic Nino Index,NA
15-2-1952 00:00,1952,2,0.37,NA,ENSO,NA,NA,Oceanic Nino Index,NA
15-3-1952 00:00,1952,3,0.34,NA,ENSO,NA,NA,Oceanic Nino Index,NA
15-4-1952 00:00,1952,4,0.29,NA,ENSO,NA,NA,Oceanic Nino Index,NA
15-5-1952 00:00,1952,5,0.2,NA,ENSO,NA,NA,Oceanic Nino Index,NA
15-6-1952 00:00,1952,6,0,NA,ENSO,NA,NA,Oceanic Nino Index,NA
15-7-1952 00:00,1952,7,-0.08,NA,ENSO,NA,NA,Oceanic Nino Index,NA
15-8-1952 00:00,1952,8,0,NA,ENSO,NA,NA,Oceanic Nino Index,NA
15-9-1952 00:00,1952,9,0.15,NA,ENSO,NA,NA,Oceanic Nino Index,NA
15-10-1952 00:00,1952,10,0.1,NA,ENSO,NA,NA,Oceanic Nino Index,NA
15-11-1952 00:00,1952,11,0.04,NA,ENSO,NA,NA,Oceanic Nino Index,NA
15-12-1952 00:00,1952,12,0.15,NA,ENSO,NA,NA,Oceanic Nino Index,NA
15-1-1953 00:00,1953,1,0.4,NA,ENSO,NA,NA,Oceanic Nino Index,NA
15-2-1953 00:00,1953,2,0.6,NA,ENSO,NA,NA,Oceanic Nino Index,NA
15-3-1953 00:00,1953,3,0.63,NA,ENSO,NA,NA,Oceanic Nino Index,NA
15-4-1953 00:00,1953,4,0.66,NA,ENSO,NA,NA,Oceanic Nino Index,NA
15-5-1953 00:00,1953,5,0.75,NA,ENSO,NA,NA,Oceanic Nino Index,NA
15-6-1953 00:00,1953,6,0.77,NA,ENSO,NA,NA,Oceanic Nino Index,NA
15-7-1953 00:00,1953,7,0.75,NA,ENSO,NA,NA,Oceanic Nino Index,NA
15-8-1953 00:00,1953,8,0.73,NA,ENSO,NA,NA,Oceanic Nino Index,NA
15-9-1953 00:00,1953,9,0.78,NA,ENSO,NA,NA,Oceanic Nino Index,NA
15-10-1953 00:00,1953,10,0.84,NA,ENSO,NA,NA,Oceanic Nino Index,NA
15-11-1953 00:00,1953,11,0.84,NA,ENSO,NA,NA,Oceanic Nino Index,NA
15-12-1953 00:00,1953,12,0.81,NA,ENSO,NA,NA,Oceanic Nino Index,NA
15-1-1954 00:00,1954,1,0.76,NA,ENSO,NA,NA,Oceanic Nino Index,NA
15-2-1954 00:00,1954,2,0.47,NA,ENSO,NA,NA,Oceanic Nino Index,NA
15-3-1954 00:00,1954,3,-0.05,NA,ENSO,NA,NA,Oceanic Nino Index,NA
15-4-1954 00:00,1954,4,-0.41,NA,ENSO,NA,NA,Oceanic Nino Index,NA
15-5-1954 00:00,1954,5,-0.54,NA,ENSO,NA,NA,Oceanic Nino Index,NA
15-6-1954 00:00,1954,6,-0.5,NA,ENSO,NA,NA,Oceanic Nino Index,NA
15-7-1954 00:00,1954,7,-0.64,NA,ENSO,NA,NA,Oceanic Nino Index,NA
15-8-1954 00:00,1954,8,-0.84,NA,ENSO,NA,NA,Oceanic Nino Index,NA
15-9-1954 00:00,1954,9,-0.9,NA,ENSO,NA,NA,Oceanic Nino Index,NA
15-10-1954 00:00,1954,10,-0.77,NA,ENSO,NA,NA,Oceanic Nino Index,NA
15-11-1954 00:00,1954,11,-0.73,NA,ENSO,NA,NA,Oceanic Nino Index,NA
15-12-1954 00:00,1954,12,-0.66,NA,ENSO,NA,NA,Oceanic Nino Index,NA
15-1-1955 00:00,1955,1,-0.68,NA,ENSO,NA,NA,Oceanic Nino Index,NA
15-2-1955 00:00,1955,2,-0.62,NA,ENSO,NA,NA,Oceanic Nino Index,NA
15-3-1955 00:00,1955,3,-0.69,NA,ENSO,NA,NA,Oceanic Nino Index,NA
15-4-1955 00:00,1955,4,-0.8,NA,ENSO,NA,NA,Oceanic Nino Index,NA
15-5-1955 00:00,1955,5,-0.79,NA,ENSO,NA,NA,Oceanic Nino Index,NA
15-6-1955 00:00,1955,6,-0.72,NA,ENSO,NA,NA,Oceanic Nino Index,NA
15-7-1955 00:00,1955,7,-0.68,NA,ENSO,NA,NA,Oceanic Nino Index,NA
15-8-1955 00:00,1955,8,-0.75,NA,ENSO,NA,NA,Oceanic Nino Index,NA
15-9-1955 00:00,1955,9,-1.09,NA,ENSO,NA,NA,Oceanic Nino Index,NA
15-10-1955 00:00,1955,10,-1.42,NA,ENSO,NA,NA,Oceanic Nino Index,NA
15-11-1955 00:00,1955,11,-1.67,NA,ENSO,NA,NA,Oceanic Nino Index,NA
15-12-1955 00:00,1955,12,-1.47,NA,ENSO,NA,NA,Oceanic Nino Index,NA
15-1-1956 00:00,1956,1,-1.11,NA,ENSO,NA,NA,Oceanic Nino Index,NA
15-2-1956 00:00,1956,2,-0.76,NA,ENSO,NA,NA,Oceanic Nino Index,NA
15-3-1956 00:00,1956,3,-0.63,NA,ENSO,NA,NA,Oceanic Nino Index,NA
15-4-1956 00:00,1956,4,-0.54,NA,ENSO,NA,NA,Oceanic Nino Index,NA
15-5-1956 00:00,1956,5,-0.52,NA,ENSO,NA,NA,Oceanic Nino Index,NA
15-6-1956 00:00,1956,6,-0.51,NA,ENSO,NA,NA,Oceanic Nino Index,NA
15-7-1956 00:00,1956,7,-0.57,NA,ENSO,NA,NA,Oceanic Nino Index,NA
15-8-1956 00:00,1956,8,-0.55,NA,ENSO,NA,NA,Oceanic Nino Index,NA
15-9-1956 00:00,1956,9,-0.46,NA,ENSO,NA,NA,Oceanic Nino Index,NA
15-10-1956 00:00,1956,10,-0.42,NA,ENSO,NA,NA,Oceanic Nino Index,NA
15-11-1956 00:00,1956,11,-0.43,NA,ENSO,NA,NA,Oceanic Nino Index,NA
15-12-1956 00:00,1956,12,-0.43,NA,ENSO,NA,NA,Oceanic Nino Index,NA
15-1-1957 00:00,1957,1,-0.25,NA,ENSO,NA,NA,Oceanic Nino Index,NA
15-2-1957 00:00,1957,2,0.06,NA,ENSO,NA,NA,Oceanic Nino Index,NA
15-3-1957 00:00,1957,3,0.41,NA,ENSO,NA,NA,Oceanic Nino Index,NA
15-4-1957 00:00,1957,4,0.72,NA,ENSO,NA,NA,Oceanic Nino Index,NA
15-5-1957 00:00,1957,5,0.92,NA,ENSO,NA,NA,Oceanic Nino Index,NA
15-6-1957 00:00,1957,6,1.11,NA,ENSO,NA,NA,Oceanic Nino Index,NA
15-7-1957 00:00,1957,7,1.25,NA,ENSO,NA,NA,Oceanic Nino Index,NA
15-8-1957 00:00,1957,8,1.32,NA,ENSO,NA,NA,Oceanic Nino Index,NA
15-9-1957 00:00,1957,9,1.33,NA,ENSO,NA,NA,Oceanic Nino Index,NA
15-10-1957 00:00,1957,10,1.39,NA,ENSO,NA,NA,Oceanic Nino Index,NA
15-11-1957 00:00,1957,11,1.53,NA,ENSO,NA,NA,Oceanic Nino Index,NA
15-12-1957 00:00,1957,12,1.74,NA,ENSO,NA,NA,Oceanic Nino Index,NA
15-1-1958 00:00,1958,1,1.81,NA,ENSO,NA,NA,Oceanic Nino Index,NA
15-2-1958 00:00,1958,2,1.66,NA,ENSO,NA,NA,Oceanic Nino Index,NA
15-3-1958 00:00,1958,3,1.27,NA,ENSO,NA,NA,Oceanic Nino Index,NA
15-4-1958 00:00,1958,4,0.93,NA,ENSO,NA,NA,Oceanic Nino Index,NA
15-5-1958 00:00,1958,5,0.74,NA,ENSO,NA,NA,Oceanic Nino Index,NA
15-6-1958 00:00,1958,6,0.64,NA,ENSO,NA,NA,Oceanic Nino Index,NA
15-7-1958 00:00,1958,7,0.57,NA,ENSO,NA,NA,Oceanic Nino Index,NA
15-8-1958 00:00,1958,8,0.43,NA,ENSO,NA,NA,Oceanic Nino Index,NA
15-9-1958 00:00,1958,9,0.39,NA,ENSO,NA,NA,Oceanic Nino Index,NA
15-10-1958 00:00,1958,10,0.44,NA,ENSO,NA,NA,Oceanic Nino Index,NA
15-11-1958 00:00,1958,11,0.5,NA,ENSO,NA,NA,Oceanic Nino Index,NA
15-12-1958 00:00,1958,12,0.61,NA,ENSO,NA,NA,Oceanic Nino Index,NA
15-1-1959 00:00,1959,1,0.61,NA,ENSO,NA,NA,Oceanic Nino Index,NA
15-2-1959 00:00,1959,2,0.62,NA,ENSO,NA,NA,Oceanic Nino Index,NA
15-3-1959 00:00,1959,3,0.52,NA,ENSO,NA,NA,Oceanic Nino Index,NA
15-4-1959 00:00,1959,4,0.33,NA,ENSO,NA,NA,Oceanic Nino Index,NA
15-5-1959 00:00,1959,5,0.2,NA,ENSO,NA,NA,Oceanic Nino Index,NA
15-6-1959 00:00,1959,6,-0.07,NA,ENSO,NA,NA,Oceanic Nino Index,NA
15-7-1959 00:00,1959,7,-0.18,NA,ENSO,NA,NA,Oceanic Nino Index,NA
15-8-1959 00:00,1959,8,-0.28,NA,ENSO,NA,NA,Oceanic Nino Index,NA
15-9-1959 00:00,1959,9,-0.09,NA,ENSO,NA,NA,Oceanic Nino Index,NA
15-10-1959 00:00,1959,10,-0.03,NA,ENSO,NA,NA,Oceanic Nino Index,NA
15-11-1959 00:00,1959,11,0.05,NA,ENSO,NA,NA,Oceanic Nino Index,NA
15-12-1959 00:00,1959,12,-0.04,NA,ENSO,NA,NA,Oceanic Nino Index,NA
15-1-1960 00:00,1960,1,-0.1,NA,ENSO,NA,NA,Oceanic Nino Index,NA
15-2-1960 00:00,1960,2,-0.1,NA,ENSO,NA,NA,Oceanic Nino Index,NA
15-3-1960 00:00,1960,3,-0.07,NA,ENSO,NA,NA,Oceanic Nino Index,NA
15-4-1960 00:00,1960,4,0.03,NA,ENSO,NA,NA,Oceanic Nino Index,NA
15-5-1960 00:00,1960,5,0.02,NA,ENSO,NA,NA,Oceanic Nino Index,NA
15-6-1960 00:00,1960,6,0.03,NA,ENSO,NA,NA,Oceanic Nino Index,NA
15-7-1960 00:00,1960,7,0.13,NA,ENSO,NA,NA,Oceanic Nino Index,NA
15-8-1960 00:00,1960,8,0.24,NA,ENSO,NA,NA,Oceanic Nino Index,NA
15-9-1960 00:00,1960,9,0.27,NA,ENSO,NA,NA,Oceanic Nino Index,NA
15-10-1960 00:00,1960,10,0.2,NA,ENSO,NA,NA,Oceanic Nino Index,NA
15-11-1960 00:00,1960,11,0.12,NA,ENSO,NA,NA,Oceanic Nino Index,NA
15-12-1960 00:00,1960,12,0.05,NA,ENSO,NA,NA,Oceanic Nino Index,NA
15-1-1961 00:00,1961,1,0.04,NA,ENSO,NA,NA,Oceanic Nino Index,NA
15-2-1961 00:00,1961,2,0.03,NA,ENSO,NA,NA,Oceanic Nino Index,NA
15-3-1961 00:00,1961,3,0.04,NA,ENSO,NA,NA,Oceanic Nino Index,NA
15-4-1961 00:00,1961,4,0.09,NA,ENSO,NA,NA,Oceanic Nino Index,NA
15-5-1961 00:00,1961,5,0.23,NA,ENSO,NA,NA,Oceanic Nino Index,NA
15-6-1961 00:00,1961,6,0.27,NA,ENSO,NA,NA,Oceanic Nino Index,NA
15-7-1961 00:00,1961,7,0.14,NA,ENSO,NA,NA,Oceanic Nino Index,NA
15-8-1961 00:00,1961,8,-0.13,NA,ENSO,NA,NA,Oceanic Nino Index,NA
15-9-1961 00:00,1961,9,-0.3,NA,ENSO,NA,NA,Oceanic Nino Index,NA
15-10-1961 00:00,1961,10,-0.26,NA,ENSO,NA,NA,Oceanic Nino Index,NA
15-11-1961 00:00,1961,11,-0.19,NA,ENSO,NA,NA,Oceanic Nino Index,NA
15-12-1961 00:00,1961,12,-0.16,NA,ENSO,NA,NA,Oceanic Nino Index,NA
15-1-1962 00:00,1962,1,-0.24,NA,ENSO,NA,NA,Oceanic Nino Index,NA
15-2-1962 00:00,1962,2,-0.22,NA,ENSO,NA,NA,Oceanic Nino Index,NA
15-3-1962 00:00,1962,3,-0.2,NA,ENSO,NA,NA,Oceanic Nino Index,NA
15-4-1962 00:00,1962,4,-0.26,NA,ENSO,NA,NA,Oceanic Nino Index,NA
15-5-1962 00:00,1962,5,-0.28,NA,ENSO,NA,NA,Oceanic Nino Index,NA
15-6-1962 00:00,1962,6,-0.2,NA,ENSO,NA,NA,Oceanic Nino Index,NA
15-7-1962 00:00,1962,7,-0.04,NA,ENSO,NA,NA,Oceanic Nino Index,NA
15-8-1962 00:00,1962,8,-0.07,NA,ENSO,NA,NA,Oceanic Nino Index,NA
15-9-1962 00:00,1962,9,-0.11,NA,ENSO,NA,NA,Oceanic Nino Index,NA
15-10-1962 00:00,1962,10,-0.22,NA,ENSO,NA,NA,Oceanic Nino Index,NA
15-11-1962 00:00,1962,11,-0.31,NA,ENSO,NA,NA,Oceanic Nino Index,NA
15-12-1962 00:00,1962,12,-0.43,NA,ENSO,NA,NA,Oceanic Nino Index,NA
15-1-1963 00:00,1963,1,-0.4,NA,ENSO,NA,NA,Oceanic Nino Index,NA
15-2-1963 00:00,1963,2,-0.15,NA,ENSO,NA,NA,Oceanic Nino Index,NA
15-3-1963 00:00,1963,3,0.15,NA,ENSO,NA,NA,Oceanic Nino Index,NA
15-4-1963 00:00,1963,4,0.27,NA,ENSO,NA,NA,Oceanic Nino Index,NA
15-5-1963 00:00,1963,5,0.31,NA,ENSO,NA,NA,Oceanic Nino Index,NA
15-6-1963 00:00,1963,6,0.52,NA,ENSO,NA,NA,Oceanic Nino Index,NA
15-7-1963 00:00,1963,7,0.86,NA,ENSO,NA,NA,Oceanic Nino Index,NA
15-8-1963 00:00,1963,8,1.14,NA,ENSO,NA,NA,Oceanic Nino Index,NA
15-9-1963 00:00,1963,9,1.22,NA,ENSO,NA,NA,Oceanic Nino Index,NA
15-10-1963 00:00,1963,10,1.29,NA,ENSO,NA,NA,Oceanic Nino Index,NA
15-11-1963 00:00,1963,11,1.37,NA,ENSO,NA,NA,Oceanic Nino Index,NA
15-12-1963 00:00,1963,12,1.31,NA,ENSO,NA,NA,Oceanic Nino Index,NA
15-1-1964 00:00,1964,1,1.07,NA,ENSO,NA,NA,Oceanic Nino Index,NA
15-2-1964 00:00,1964,2,0.62,NA,ENSO,NA,NA,Oceanic Nino Index,NA
15-3-1964 00:00,1964,3,0.12,NA,ENSO,NA,NA,Oceanic Nino Index,NA
15-4-1964 00:00,1964,4,-0.33,NA,ENSO,NA,NA,Oceanic Nino Index,NA
15-5-1964 00:00,1964,5,-0.58,NA,ENSO,NA,NA,Oceanic Nino Index,NA
15-6-1964 00:00,1964,6,-0.58,NA,ENSO,NA,NA,Oceanic Nino Index,NA
15-7-1964 00:00,1964,7,-0.6,NA,ENSO,NA,NA,Oceanic Nino Index,NA
15-8-1964 00:00,1964,8,-0.66,NA,ENSO,NA,NA,Oceanic Nino Index,NA
15-9-1964 00:00,1964,9,-0.76,NA,ENSO,NA,NA,Oceanic Nino Index,NA
15-10-1964 00:00,1964,10,-0.8,NA,ENSO,NA,NA,Oceanic Nino Index,NA
15-11-1964 00:00,1964,11,-0.82,NA,ENSO,NA,NA,Oceanic Nino Index,NA
15-12-1964 00:00,1964,12,-0.78,NA,ENSO,NA,NA,Oceanic Nino Index,NA
15-1-1965 00:00,1965,1,-0.59,NA,ENSO,NA,NA,Oceanic Nino Index,NA
15-2-1965 00:00,1965,2,-0.28,NA,ENSO,NA,NA,Oceanic Nino Index,NA
15-3-1965 00:00,1965,3,-0.07,NA,ENSO,NA,NA,Oceanic Nino Index,NA
15-4-1965 00:00,1965,4,0.18,NA,ENSO,NA,NA,Oceanic Nino Index,NA
15-5-1965 00:00,1965,5,0.46,NA,ENSO,NA,NA,Oceanic Nino Index,NA
15-6-1965 00:00,1965,6,0.83,NA,ENSO,NA,NA,Oceanic Nino Index,NA
15-7-1965 00:00,1965,7,1.22,NA,ENSO,NA,NA,Oceanic Nino Index,NA
15-8-1965 00:00,1965,8,1.54,NA,ENSO,NA,NA,Oceanic Nino Index,NA
15-9-1965 00:00,1965,9,1.85,NA,ENSO,NA,NA,Oceanic Nino Index,NA
15-10-1965 00:00,1965,10,1.98,NA,ENSO,NA,NA,Oceanic Nino Index,NA
15-11-1965 00:00,1965,11,1.97,NA,ENSO,NA,NA,Oceanic Nino Index,NA
15-12-1965 00:00,1965,12,1.72,NA,ENSO,NA,NA,Oceanic Nino Index,NA
15-1-1966 00:00,1966,1,1.37,NA,ENSO,NA,NA,Oceanic Nino Index,NA
15-2-1966 00:00,1966,2,1.17,NA,ENSO,NA,NA,Oceanic Nino Index,NA
15-3-1966 00:00,1966,3,0.98,NA,ENSO,NA,NA,Oceanic Nino Index,NA
15-4-1966 00:00,1966,4,0.66,NA,ENSO,NA,NA,Oceanic Nino Index,NA
15-5-1966 00:00,1966,5,0.35,NA,ENSO,NA,NA,Oceanic Nino Index,NA
15-6-1966 00:00,1966,6,0.24,NA,ENSO,NA,NA,Oceanic Nino Index,NA
15-7-1966 00:00,1966,7,0.24,NA,ENSO,NA,NA,Oceanic Nino Index,NA
15-8-1966 00:00,1966,8,0.12,NA,ENSO,NA,NA,Oceanic Nino Index,NA
15-9-1966 00:00,1966,9,-0.05,NA,ENSO,NA,NA,Oceanic Nino Index,NA
15-10-1966 00:00,1966,10,-0.1,NA,ENSO,NA,NA,Oceanic Nino Index,NA
15-11-1966 00:00,1966,11,-0.18,NA,ENSO,NA,NA,Oceanic Nino Index,NA
15-12-1966 00:00,1966,12,-0.3,NA,ENSO,NA,NA,Oceanic Nino Index,NA
15-1-1967 00:00,1967,1,-0.41,NA,ENSO,NA,NA,Oceanic Nino Index,NA
15-2-1967 00:00,1967,2,-0.48,NA,ENSO,NA,NA,Oceanic Nino Index,NA
15-3-1967 00:00,1967,3,-0.53,NA,ENSO,NA,NA,Oceanic Nino Index,NA
15-4-1967 00:00,1967,4,-0.45,NA,ENSO,NA,NA,Oceanic Nino Index,NA
15-5-1967 00:00,1967,5,-0.24,NA,ENSO,NA,NA,Oceanic Nino Index,NA
15-6-1967 00:00,1967,6,0,NA,ENSO,NA,NA,Oceanic Nino Index,NA
15-7-1967 00:00,1967,7,0.05,NA,ENSO,NA,NA,Oceanic Nino Index,NA
15-8-1967 00:00,1967,8,-0.16,NA,ENSO,NA,NA,Oceanic Nino Index,NA
15-9-1967 00:00,1967,9,-0.3,NA,ENSO,NA,NA,Oceanic Nino Index,NA
15-10-1967 00:00,1967,10,-0.38,NA,ENSO,NA,NA,Oceanic Nino Index,NA
15-11-1967 00:00,1967,11,-0.34,NA,ENSO,NA,NA,Oceanic Nino Index,NA
15-12-1967 00:00,1967,12,-0.44,NA,ENSO,NA,NA,Oceanic Nino Index,NA
15-1-1968 00:00,1968,1,-0.64,NA,ENSO,NA,NA,Oceanic Nino Index,NA
15-2-1968 00:00,1968,2,-0.74,NA,ENSO,NA,NA,Oceanic Nino Index,NA
15-3-1968 00:00,1968,3,-0.62,NA,ENSO,NA,NA,Oceanic Nino Index,NA
15-4-1968 00:00,1968,4,-0.44,NA,ENSO,NA,NA,Oceanic Nino Index,NA
15-5-1968 00:00,1968,5,-0.04,NA,ENSO,NA,NA,Oceanic Nino Index,NA
15-6-1968 00:00,1968,6,0.28,NA,ENSO,NA,NA,Oceanic Nino Index,NA
15-7-1968 00:00,1968,7,0.58,NA,ENSO,NA,NA,Oceanic Nino Index,NA
15-8-1968 00:00,1968,8,0.53,NA,ENSO,NA,NA,Oceanic Nino Index,NA
15-9-1968 00:00,1968,9,0.45,NA,ENSO,NA,NA,Oceanic Nino Index,NA
15-10-1968 00:00,1968,10,0.55,NA,ENSO,NA,NA,Oceanic Nino Index,NA
15-11-1968 00:00,1968,11,0.73,NA,ENSO,NA,NA,Oceanic Nino Index,NA
15-12-1968 00:00,1968,12,0.98,NA,ENSO,NA,NA,Oceanic Nino Index,NA
15-1-1969 00:00,1969,1,1.13,NA,ENSO,NA,NA,Oceanic Nino Index,NA
15-2-1969 00:00,1969,2,1.09,NA,ENSO,NA,NA,Oceanic Nino Index,NA
15-3-1969 00:00,1969,3,0.95,NA,ENSO,NA,NA,Oceanic Nino Index,NA
15-4-1969 00:00,1969,4,0.77,NA,ENSO,NA,NA,Oceanic Nino Index,NA
15-5-1969 00:00,1969,5,0.61,NA,ENSO,NA,NA,Oceanic Nino Index,NA
15-6-1969 00:00,1969,6,0.43,NA,ENSO,NA,NA,Oceanic Nino Index,NA
15-7-1969 00:00,1969,7,0.36,NA,ENSO,NA,NA,Oceanic Nino Index,NA
15-8-1969 00:00,1969,8,0.51,NA,ENSO,NA,NA,Oceanic Nino Index,NA
15-9-1969 00:00,1969,9,0.79,NA,ENSO,NA,NA,Oceanic Nino Index,NA
15-10-1969 00:00,1969,10,0.86,NA,ENSO,NA,NA,Oceanic Nino Index,NA
15-11-1969 00:00,1969,11,0.81,NA,ENSO,NA,NA,Oceanic Nino Index,NA
15-12-1969 00:00,1969,12,0.63,NA,ENSO,NA,NA,Oceanic Nino Index,NA
15-1-1970 00:00,1970,1,0.51,NA,ENSO,NA,NA,Oceanic Nino Index,NA
15-2-1970 00:00,1970,2,0.34,NA,ENSO,NA,NA,Oceanic Nino Index,NA
15-3-1970 00:00,1970,3,0.29,NA,ENSO,NA,NA,Oceanic Nino Index,NA
15-4-1970 00:00,1970,4,0.19,NA,ENSO,NA,NA,Oceanic Nino Index,NA
15-5-1970 00:00,1970,5,0.04,NA,ENSO,NA,NA,Oceanic Nino Index,NA
15-6-1970 00:00,1970,6,-0.3,NA,ENSO,NA,NA,Oceanic Nino Index,NA
15-7-1970 00:00,1970,7,-0.63,NA,ENSO,NA,NA,Oceanic Nino Index,NA
15-8-1970 00:00,1970,8,-0.76,NA,ENSO,NA,NA,Oceanic Nino Index,NA
15-9-1970 00:00,1970,9,-0.77,NA,ENSO,NA,NA,Oceanic Nino Index,NA
15-10-1970 00:00,1970,10,-0.74,NA,ENSO,NA,NA,Oceanic Nino Index,NA
15-11-1970 00:00,1970,11,-0.86,NA,ENSO,NA,NA,Oceanic Nino Index,NA
15-12-1970 00:00,1970,12,-1.15,NA,ENSO,NA,NA,Oceanic Nino Index,NA
15-1-1971 00:00,1971,1,-1.36,NA,ENSO,NA,NA,Oceanic Nino Index,NA
15-2-1971 00:00,1971,2,-1.38,NA,ENSO,NA,NA,Oceanic Nino Index,NA
15-3-1971 00:00,1971,3,-1.12,NA,ENSO,NA,NA,Oceanic Nino Index,NA
15-4-1971 00:00,1971,4,-0.85,NA,ENSO,NA,NA,Oceanic Nino Index,NA
15-5-1971 00:00,1971,5,-0.73,NA,ENSO,NA,NA,Oceanic Nino Index,NA
15-6-1971 00:00,1971,6,-0.74,NA,ENSO,NA,NA,Oceanic Nino Index,NA
15-7-1971 00:00,1971,7,-0.8,NA,ENSO,NA,NA,Oceanic Nino Index,NA
15-8-1971 00:00,1971,8,-0.77,NA,ENSO,NA,NA,Oceanic Nino Index,NA
15-9-1971 00:00,1971,9,-0.82,NA,ENSO,NA,NA,Oceanic Nino Index,NA
15-10-1971 00:00,1971,10,-0.85,NA,ENSO,NA,NA,Oceanic Nino Index,NA
15-11-1971 00:00,1971,11,-0.96,NA,ENSO,NA,NA,Oceanic Nino Index,NA
15-12-1971 00:00,1971,12,-0.9,NA,ENSO,NA,NA,Oceanic Nino Index,NA
15-1-1972 00:00,1972,1,-0.71,NA,ENSO,NA,NA,Oceanic Nino Index,NA
15-2-1972 00:00,1972,2,-0.35,NA,ENSO,NA,NA,Oceanic Nino Index,NA
15-3-1972 00:00,1972,3,0.06,NA,ENSO,NA,NA,Oceanic Nino Index,NA
15-4-1972 00:00,1972,4,0.41,NA,ENSO,NA,NA,Oceanic Nino Index,NA
15-5-1972 00:00,1972,5,0.67,NA,ENSO,NA,NA,Oceanic Nino Index,NA
15-6-1972 00:00,1972,6,0.92,NA,ENSO,NA,NA,Oceanic Nino Index,NA
15-7-1972 00:00,1972,7,1.13,NA,ENSO,NA,NA,Oceanic Nino Index,NA
15-8-1972 00:00,1972,8,1.37,NA,ENSO,NA,NA,Oceanic Nino Index,NA
15-9-1972 00:00,1972,9,1.58,NA,ENSO,NA,NA,Oceanic Nino Index,NA
15-10-1972 00:00,1972,10,1.84,NA,ENSO,NA,NA,Oceanic Nino Index,NA
15-11-1972 00:00,1972,11,2.09,NA,ENSO,NA,NA,Oceanic Nino Index,NA
15-12-1972 00:00,1972,12,2.12,NA,ENSO,NA,NA,Oceanic Nino Index,NA
15-1-1973 00:00,1973,1,1.84,NA,ENSO,NA,NA,Oceanic Nino Index,NA
15-2-1973 00:00,1973,2,1.25,NA,ENSO,NA,NA,Oceanic Nino Index,NA
15-3-1973 00:00,1973,3,0.54,NA,ENSO,NA,NA,Oceanic Nino Index,NA
15-4-1973 00:00,1973,4,-0.1,NA,ENSO,NA,NA,Oceanic Nino Index,NA
15-5-1973 00:00,1973,5,-0.54,NA,ENSO,NA,NA,Oceanic Nino Index,NA
15-6-1973 00:00,1973,6,-0.87,NA,ENSO,NA,NA,Oceanic Nino Index,NA
15-7-1973 00:00,1973,7,-1.11,NA,ENSO,NA,NA,Oceanic Nino Index,NA
15-8-1973 00:00,1973,8,-1.28,NA,ENSO,NA,NA,Oceanic Nino Index,NA
15-9-1973 00:00,1973,9,-1.45,NA,ENSO,NA,NA,Oceanic Nino Index,NA
15-10-1973 00:00,1973,10,-1.71,NA,ENSO,NA,NA,Oceanic Nino Index,NA
15-11-1973 00:00,1973,11,-1.95,NA,ENSO,NA,NA,Oceanic Nino Index,NA
15-12-1973 00:00,1973,12,-2.03,NA,ENSO,NA,NA,Oceanic Nino Index,NA
15-1-1974 00:00,1974,1,-1.84,NA,ENSO,NA,NA,Oceanic Nino Index,NA
15-2-1974 00:00,1974,2,-1.55,NA,ENSO,NA,NA,Oceanic Nino Index,NA
15-3-1974 00:00,1974,3,-1.23,NA,ENSO,NA,NA,Oceanic Nino Index,NA
15-4-1974 00:00,1974,4,-1.03,NA,ENSO,NA,NA,Oceanic Nino Index,NA
15-5-1974 00:00,1974,5,-0.91,NA,ENSO,NA,NA,Oceanic Nino Index,NA
15-6-1974 00:00,1974,6,-0.77,NA,ENSO,NA,NA,Oceanic Nino Index,NA
15-7-1974 00:00,1974,7,-0.53,NA,ENSO,NA,NA,Oceanic Nino Index,NA
15-8-1974 00:00,1974,8,-0.37,NA,ENSO,NA,NA,Oceanic Nino Index,NA
15-9-1974 00:00,1974,9,-0.41,NA,ENSO,NA,NA,Oceanic Nino Index,NA
15-10-1974 00:00,1974,10,-0.61,NA,ENSO,NA,NA,Oceanic Nino Index,NA
15-11-1974 00:00,1974,11,-0.75,NA,ENSO,NA,NA,Oceanic Nino Index,NA
15-12-1974 00:00,1974,12,-0.64,NA,ENSO,NA,NA,Oceanic Nino Index,NA
15-1-1975 00:00,1975,1,-0.54,NA,ENSO,NA,NA,Oceanic Nino Index,NA
15-2-1975 00:00,1975,2,-0.57,NA,ENSO,NA,NA,Oceanic Nino Index,NA
15-3-1975 00:00,1975,3,-0.65,NA,ENSO,NA,NA,Oceanic Nino Index,NA
15-4-1975 00:00,1975,4,-0.73,NA,ENSO,NA,NA,Oceanic Nino Index,NA
15-5-1975 00:00,1975,5,-0.83,NA,ENSO,NA,NA,Oceanic Nino Index,NA
15-6-1975 00:00,1975,6,-0.98,NA,ENSO,NA,NA,Oceanic Nino Index,NA
15-7-1975 00:00,1975,7,-1.13,NA,ENSO,NA,NA,Oceanic Nino Index,NA
15-8-1975 00:00,1975,8,-1.2,NA,ENSO,NA,NA,Oceanic Nino Index,NA
15-9-1975 00:00,1975,9,-1.37,NA,ENSO,NA,NA,Oceanic Nino Index,NA
15-10-1975 00:00,1975,10,-1.43,NA,ENSO,NA,NA,Oceanic Nino Index,NA
15-11-1975 00:00,1975,11,-1.55,NA,ENSO,NA,NA,Oceanic Nino Index,NA
15-12-1975 00:00,1975,12,-1.65,NA,ENSO,NA,NA,Oceanic Nino Index,NA
15-1-1976 00:00,1976,1,-1.56,NA,ENSO,NA,NA,Oceanic Nino Index,NA
15-2-1976 00:00,1976,2,-1.17,NA,ENSO,NA,NA,Oceanic Nino Index,NA
15-3-1976 00:00,1976,3,-0.73,NA,ENSO,NA,NA,Oceanic Nino Index,NA
15-4-1976 00:00,1976,4,-0.47,NA,ENSO,NA,NA,Oceanic Nino Index,NA
15-5-1976 00:00,1976,5,-0.28,NA,ENSO,NA,NA,Oceanic Nino Index,NA
15-6-1976 00:00,1976,6,-0.05,NA,ENSO,NA,NA,Oceanic Nino Index,NA
15-7-1976 00:00,1976,7,0.18,NA,ENSO,NA,NA,Oceanic Nino Index,NA
15-8-1976 00:00,1976,8,0.35,NA,ENSO,NA,NA,Oceanic Nino Index,NA
15-9-1976 00:00,1976,9,0.62,NA,ENSO,NA,NA,Oceanic Nino Index,NA
15-10-1976 00:00,1976,10,0.81,NA,ENSO,NA,NA,Oceanic Nino Index,NA
15-11-1976 00:00,1976,11,0.86,NA,ENSO,NA,NA,Oceanic Nino Index,NA
15-12-1976 00:00,1976,12,0.85,NA,ENSO,NA,NA,Oceanic Nino Index,NA
15-1-1977 00:00,1977,1,0.71,NA,ENSO,NA,NA,Oceanic Nino Index,NA
15-2-1977 00:00,1977,2,0.64,NA,ENSO,NA,NA,Oceanic Nino Index,NA
15-3-1977 00:00,1977,3,0.34,NA,ENSO,NA,NA,Oceanic Nino Index,NA
15-4-1977 00:00,1977,4,0.23,NA,ENSO,NA,NA,Oceanic Nino Index,NA
15-5-1977 00:00,1977,5,0.21,NA,ENSO,NA,NA,Oceanic Nino Index,NA
15-6-1977 00:00,1977,6,0.34,NA,ENSO,NA,NA,Oceanic Nino Index,NA
15-7-1977 00:00,1977,7,0.35,NA,ENSO,NA,NA,Oceanic Nino Index,NA
15-8-1977 00:00,1977,8,0.42,NA,ENSO,NA,NA,Oceanic Nino Index,NA
15-9-1977 00:00,1977,9,0.57,NA,ENSO,NA,NA,Oceanic Nino Index,NA
15-10-1977 00:00,1977,10,0.73,NA,ENSO,NA,NA,Oceanic Nino Index,NA
15-11-1977 00:00,1977,11,0.81,NA,ENSO,NA,NA,Oceanic Nino Index,NA
15-12-1977 00:00,1977,12,0.79,NA,ENSO,NA,NA,Oceanic Nino Index,NA
15-1-1978 00:00,1978,1,0.69,NA,ENSO,NA,NA,Oceanic Nino Index,NA
15-2-1978 00:00,1978,2,0.42,NA,ENSO,NA,NA,Oceanic Nino Index,NA
15-3-1978 00:00,1978,3,0.06,NA,ENSO,NA,NA,Oceanic Nino Index,NA
15-4-1978 00:00,1978,4,-0.18,NA,ENSO,NA,NA,Oceanic Nino Index,NA
15-5-1978 00:00,1978,5,-0.31,NA,ENSO,NA,NA,Oceanic Nino Index,NA
15-6-1978 00:00,1978,6,-0.29,NA,ENSO,NA,NA,Oceanic Nino Index,NA
15-7-1978 00:00,1978,7,-0.36,NA,ENSO,NA,NA,Oceanic Nino Index,NA
15-8-1978 00:00,1978,8,-0.42,NA,ENSO,NA,NA,Oceanic Nino Index,NA
15-9-1978 00:00,1978,9,-0.42,NA,ENSO,NA,NA,Oceanic Nino Index,NA
15-10-1978 00:00,1978,10,-0.29,NA,ENSO,NA,NA,Oceanic Nino Index,NA
15-11-1978 00:00,1978,11,-0.08,NA,ENSO,NA,NA,Oceanic Nino Index,NA
15-12-1978 00:00,1978,12,0,NA,ENSO,NA,NA,Oceanic Nino Index,NA
15-1-1979 00:00,1979,1,0.03,NA,ENSO,NA,NA,Oceanic Nino Index,NA
15-2-1979 00:00,1979,2,0.07,NA,ENSO,NA,NA,Oceanic Nino Index,NA
15-3-1979 00:00,1979,3,0.2,NA,ENSO,NA,NA,Oceanic Nino Index,NA
15-4-1979 00:00,1979,4,0.28,NA,ENSO,NA,NA,Oceanic Nino Index,NA
15-5-1979 00:00,1979,5,0.23,NA,ENSO,NA,NA,Oceanic Nino Index,NA
15-6-1979 00:00,1979,6,0.05,NA,ENSO,NA,NA,Oceanic Nino Index,NA
15-7-1979 00:00,1979,7,0.04,NA,ENSO,NA,NA,Oceanic Nino Index,NA
15-8-1979 00:00,1979,8,0.17,NA,ENSO,NA,NA,Oceanic Nino Index,NA
15-9-1979 00:00,1979,9,0.33,NA,ENSO,NA,NA,Oceanic Nino Index,NA
15-10-1979 00:00,1979,10,0.45,NA,ENSO,NA,NA,Oceanic Nino Index,NA
15-11-1979 00:00,1979,11,0.52,NA,ENSO,NA,NA,Oceanic Nino Index,NA
15-12-1979 00:00,1979,12,0.64,NA,ENSO,NA,NA,Oceanic Nino Index,NA
15-1-1980 00:00,1980,1,0.59,NA,ENSO,NA,NA,Oceanic Nino Index,NA
15-2-1980 00:00,1980,2,0.46,NA,ENSO,NA,NA,Oceanic Nino Index,NA
15-3-1980 00:00,1980,3,0.34,NA,ENSO,NA,NA,Oceanic Nino Index,NA
15-4-1980 00:00,1980,4,0.38,NA,ENSO,NA,NA,Oceanic Nino Index,NA
15-5-1980 00:00,1980,5,0.48,NA,ENSO,NA,NA,Oceanic Nino Index,NA
15-6-1980 00:00,1980,6,0.46,NA,ENSO,NA,NA,Oceanic Nino Index,NA
15-7-1980 00:00,1980,7,0.25,NA,ENSO,NA,NA,Oceanic Nino Index,NA
15-8-1980 00:00,1980,8,0.03,NA,ENSO,NA,NA,Oceanic Nino Index,NA
15-9-1980 00:00,1980,9,-0.07,NA,ENSO,NA,NA,Oceanic Nino Index,NA
15-10-1980 00:00,1980,10,0.02,NA,ENSO,NA,NA,Oceanic Nino Index,NA
15-11-1980 00:00,1980,11,0.11,NA,ENSO,NA,NA,Oceanic Nino Index,NA
15-12-1980 00:00,1980,12,-0.01,NA,ENSO,NA,NA,Oceanic Nino Index,NA
15-1-1981 00:00,1981,1,-0.26,NA,ENSO,NA,NA,Oceanic Nino Index,NA
15-2-1981 00:00,1981,2,-0.5,NA,ENSO,NA,NA,Oceanic Nino Index,NA
15-3-1981 00:00,1981,3,-0.47,NA,ENSO,NA,NA,Oceanic Nino Index,NA
15-4-1981 00:00,1981,4,-0.37,NA,ENSO,NA,NA,Oceanic Nino Index,NA
15-5-1981 00:00,1981,5,-0.26,NA,ENSO,NA,NA,Oceanic Nino Index,NA
15-6-1981 00:00,1981,6,-0.29,NA,ENSO,NA,NA,Oceanic Nino Index,NA
15-7-1981 00:00,1981,7,-0.3,NA,ENSO,NA,NA,Oceanic Nino Index,NA
15-8-1981 00:00,1981,8,-0.25,NA,ENSO,NA,NA,Oceanic Nino Index,NA
15-9-1981 00:00,1981,9,-0.16,NA,ENSO,NA,NA,Oceanic Nino Index,NA
15-10-1981 00:00,1981,10,-0.13,NA,ENSO,NA,NA,Oceanic Nino Index,NA
15-11-1981 00:00,1981,11,-0.15,NA,ENSO,NA,NA,Oceanic Nino Index,NA
15-12-1981 00:00,1981,12,-0.08,NA,ENSO,NA,NA,Oceanic Nino Index,NA
15-1-1982 00:00,1982,1,-0.05,NA,ENSO,NA,NA,Oceanic Nino Index,NA
15-2-1982 00:00,1982,2,0.07,NA,ENSO,NA,NA,Oceanic Nino Index,NA
15-3-1982 00:00,1982,3,0.19,NA,ENSO,NA,NA,Oceanic Nino Index,NA
15-4-1982 00:00,1982,4,0.47,NA,ENSO,NA,NA,Oceanic Nino Index,NA
15-5-1982 00:00,1982,5,0.66,NA,ENSO,NA,NA,Oceanic Nino Index,NA
15-6-1982 00:00,1982,6,0.72,NA,ENSO,NA,NA,Oceanic Nino Index,NA
15-7-1982 00:00,1982,7,0.79,NA,ENSO,NA,NA,Oceanic Nino Index,NA
15-8-1982 00:00,1982,8,1.07,NA,ENSO,NA,NA,Oceanic Nino Index,NA
15-9-1982 00:00,1982,9,1.58,NA,ENSO,NA,NA,Oceanic Nino Index,NA
15-10-1982 00:00,1982,10,1.97,NA,ENSO,NA,NA,Oceanic Nino Index,NA
15-11-1982 00:00,1982,11,2.18,NA,ENSO,NA,NA,Oceanic Nino Index,NA
15-12-1982 00:00,1982,12,2.23,NA,ENSO,NA,NA,Oceanic Nino Index,NA
15-1-1983 00:00,1983,1,2.18,NA,ENSO,NA,NA,Oceanic Nino Index,NA
15-2-1983 00:00,1983,2,1.92,NA,ENSO,NA,NA,Oceanic Nino Index,NA
15-3-1983 00:00,1983,3,1.54,NA,ENSO,NA,NA,Oceanic Nino Index,NA
15-4-1983 00:00,1983,4,1.29,NA,ENSO,NA,NA,Oceanic Nino Index,NA
15-5-1983 00:00,1983,5,1.06,NA,ENSO,NA,NA,Oceanic Nino Index,NA
15-6-1983 00:00,1983,6,0.72,NA,ENSO,NA,NA,Oceanic Nino Index,NA
15-7-1983 00:00,1983,7,0.31,NA,ENSO,NA,NA,Oceanic Nino Index,NA
15-8-1983 00:00,1983,8,-0.08,NA,ENSO,NA,NA,Oceanic Nino Index,NA
15-9-1983 00:00,1983,9,-0.46,NA,ENSO,NA,NA,Oceanic Nino Index,NA
15-10-1983 00:00,1983,10,-0.81,NA,ENSO,NA,NA,Oceanic Nino Index,NA
15-11-1983 00:00,1983,11,-1,NA,ENSO,NA,NA,Oceanic Nino Index,NA
15-12-1983 00:00,1983,12,-0.91,NA,ENSO,NA,NA,Oceanic Nino Index,NA
15-1-1984 00:00,1984,1,-0.6,NA,ENSO,NA,NA,Oceanic Nino Index,NA
15-2-1984 00:00,1984,2,-0.42,NA,ENSO,NA,NA,Oceanic Nino Index,NA
15-3-1984 00:00,1984,3,-0.34,NA,ENSO,NA,NA,Oceanic Nino Index,NA
15-4-1984 00:00,1984,4,-0.43,NA,ENSO,NA,NA,Oceanic Nino Index,NA
15-5-1984 00:00,1984,5,-0.51,NA,ENSO,NA,NA,Oceanic Nino Index,NA
15-6-1984 00:00,1984,6,-0.45,NA,ENSO,NA,NA,Oceanic Nino Index,NA
15-7-1984 00:00,1984,7,-0.3,NA,ENSO,NA,NA,Oceanic Nino Index,NA
15-8-1984 00:00,1984,8,-0.16,NA,ENSO,NA,NA,Oceanic Nino Index,NA
15-9-1984 00:00,1984,9,-0.24,NA,ENSO,NA,NA,Oceanic Nino Index,NA
15-10-1984 00:00,1984,10,-0.56,NA,ENSO,NA,NA,Oceanic Nino Index,NA
15-11-1984 00:00,1984,11,-0.92,NA,ENSO,NA,NA,Oceanic Nino Index,NA
15-12-1984 00:00,1984,12,-1.14,NA,ENSO,NA,NA,Oceanic Nino Index,NA
15-1-1985 00:00,1985,1,-1.04,NA,ENSO,NA,NA,Oceanic Nino Index,NA
15-2-1985 00:00,1985,2,-0.85,NA,ENSO,NA,NA,Oceanic Nino Index,NA
15-3-1985 00:00,1985,3,-0.77,NA,ENSO,NA,NA,Oceanic Nino Index,NA
15-4-1985 00:00,1985,4,-0.78,NA,ENSO,NA,NA,Oceanic Nino Index,NA
15-5-1985 00:00,1985,5,-0.78,NA,ENSO,NA,NA,Oceanic Nino Index,NA
15-6-1985 00:00,1985,6,-0.63,NA,ENSO,NA,NA,Oceanic Nino Index,NA
15-7-1985 00:00,1985,7,-0.49,NA,ENSO,NA,NA,Oceanic Nino Index,NA
15-8-1985 00:00,1985,8,-0.46,NA,ENSO,NA,NA,Oceanic Nino Index,NA
15-9-1985 00:00,1985,9,-0.4,NA,ENSO,NA,NA,Oceanic Nino Index,NA
15-10-1985 00:00,1985,10,-0.35,NA,ENSO,NA,NA,Oceanic Nino Index,NA
15-11-1985 00:00,1985,11,-0.27,NA,ENSO,NA,NA,Oceanic Nino Index,NA
15-12-1985 00:00,1985,12,-0.36,NA,ENSO,NA,NA,Oceanic Nino Index,NA
15-1-1986 00:00,1986,1,-0.49,NA,ENSO,NA,NA,Oceanic Nino Index,NA
15-2-1986 00:00,1986,2,-0.47,NA,ENSO,NA,NA,Oceanic Nino Index,NA
15-3-1986 00:00,1986,3,-0.31,NA,ENSO,NA,NA,Oceanic Nino Index,NA
15-4-1986 00:00,1986,4,-0.2,NA,ENSO,NA,NA,Oceanic Nino Index,NA
15-5-1986 00:00,1986,5,-0.12,NA,ENSO,NA,NA,Oceanic Nino Index,NA
15-6-1986 00:00,1986,6,-0.04,NA,ENSO,NA,NA,Oceanic Nino Index,NA
15-7-1986 00:00,1986,7,0.22,NA,ENSO,NA,NA,Oceanic Nino Index,NA
15-8-1986 00:00,1986,8,0.44,NA,ENSO,NA,NA,Oceanic Nino Index,NA
15-9-1986 00:00,1986,9,0.71,NA,ENSO,NA,NA,Oceanic Nino Index,NA
15-10-1986 00:00,1986,10,0.94,NA,ENSO,NA,NA,Oceanic Nino Index,NA
15-11-1986 00:00,1986,11,1.14,NA,ENSO,NA,NA,Oceanic Nino Index,NA
15-12-1986 00:00,1986,12,1.22,NA,ENSO,NA,NA,Oceanic Nino Index,NA
15-1-1987 00:00,1987,1,1.23,NA,ENSO,NA,NA,Oceanic Nino Index,NA
15-2-1987 00:00,1987,2,1.19,NA,ENSO,NA,NA,Oceanic Nino Index,NA
15-3-1987 00:00,1987,3,1.06,NA,ENSO,NA,NA,Oceanic Nino Index,NA
15-4-1987 00:00,1987,4,0.95,NA,ENSO,NA,NA,Oceanic Nino Index,NA
15-5-1987 00:00,1987,5,0.97,NA,ENSO,NA,NA,Oceanic Nino Index,NA
15-6-1987 00:00,1987,6,1.22,NA,ENSO,NA,NA,Oceanic Nino Index,NA
15-7-1987 00:00,1987,7,1.51,NA,ENSO,NA,NA,Oceanic Nino Index,NA
15-8-1987 00:00,1987,8,1.7,NA,ENSO,NA,NA,Oceanic Nino Index,NA
15-9-1987 00:00,1987,9,1.65,NA,ENSO,NA,NA,Oceanic Nino Index,NA
15-10-1987 00:00,1987,10,1.48,NA,ENSO,NA,NA,Oceanic Nino Index,NA
15-11-1987 00:00,1987,11,1.25,NA,ENSO,NA,NA,Oceanic Nino Index,NA
15-12-1987 00:00,1987,12,1.11,NA,ENSO,NA,NA,Oceanic Nino Index,NA
15-1-1988 00:00,1988,1,0.81,NA,ENSO,NA,NA,Oceanic Nino Index,NA
15-2-1988 00:00,1988,2,0.54,NA,ENSO,NA,NA,Oceanic Nino Index,NA
15-3-1988 00:00,1988,3,0.14,NA,ENSO,NA,NA,Oceanic Nino Index,NA
15-4-1988 00:00,1988,4,-0.31,NA,ENSO,NA,NA,Oceanic Nino Index,NA
15-5-1988 00:00,1988,5,-0.88,NA,ENSO,NA,NA,Oceanic Nino Index,NA
15-6-1988 00:00,1988,6,-1.3,NA,ENSO,NA,NA,Oceanic Nino Index,NA
15-7-1988 00:00,1988,7,-1.3,NA,ENSO,NA,NA,Oceanic Nino Index,NA
15-8-1988 00:00,1988,8,-1.11,NA,ENSO,NA,NA,Oceanic Nino Index,NA
15-9-1988 00:00,1988,9,-1.19,NA,ENSO,NA,NA,Oceanic Nino Index,NA
15-10-1988 00:00,1988,10,-1.48,NA,ENSO,NA,NA,Oceanic Nino Index,NA
15-11-1988 00:00,1988,11,-1.8,NA,ENSO,NA,NA,Oceanic Nino Index,NA
15-12-1988 00:00,1988,12,-1.85,NA,ENSO,NA,NA,Oceanic Nino Index,NA
15-1-1989 00:00,1989,1,-1.69,NA,ENSO,NA,NA,Oceanic Nino Index,NA
15-2-1989 00:00,1989,2,-1.43,NA,ENSO,NA,NA,Oceanic Nino Index,NA
15-3-1989 00:00,1989,3,-1.08,NA,ENSO,NA,NA,Oceanic Nino Index,NA
15-4-1989 00:00,1989,4,-0.83,NA,ENSO,NA,NA,Oceanic Nino Index,NA
15-5-1989 00:00,1989,5,-0.58,NA,ENSO,NA,NA,Oceanic Nino Index,NA
15-6-1989 00:00,1989,6,-0.4,NA,ENSO,NA,NA,Oceanic Nino Index,NA
15-7-1989 00:00,1989,7,-0.31,NA,ENSO,NA,NA,Oceanic Nino Index,NA
15-8-1989 00:00,1989,8,-0.27,NA,ENSO,NA,NA,Oceanic Nino Index,NA
15-9-1989 00:00,1989,9,-0.24,NA,ENSO,NA,NA,Oceanic Nino Index,NA
15-10-1989 00:00,1989,10,-0.22,NA,ENSO,NA,NA,Oceanic Nino Index,NA
15-11-1989 00:00,1989,11,-0.16,NA,ENSO,NA,NA,Oceanic Nino Index,NA
15-12-1989 00:00,1989,12,-0.05,NA,ENSO,NA,NA,Oceanic Nino Index,NA
15-1-1990 00:00,1990,1,0.14,NA,ENSO,NA,NA,Oceanic Nino Index,NA
15-2-1990 00:00,1990,2,0.21,NA,ENSO,NA,NA,Oceanic Nino Index,NA
15-3-1990 00:00,1990,3,0.28,NA,ENSO,NA,NA,Oceanic Nino Index,NA
15-4-1990 00:00,1990,4,0.29,NA,ENSO,NA,NA,Oceanic Nino Index,NA
15-5-1990 00:00,1990,5,0.29,NA,ENSO,NA,NA,Oceanic Nino Index,NA
15-6-1990 00:00,1990,6,0.31,NA,ENSO,NA,NA,Oceanic Nino Index,NA
15-7-1990 00:00,1990,7,0.33,NA,ENSO,NA,NA,Oceanic Nino Index,NA
15-8-1990 00:00,1990,8,0.38,NA,ENSO,NA,NA,Oceanic Nino Index,NA
15-9-1990 00:00,1990,9,0.39,NA,ENSO,NA,NA,Oceanic Nino Index,NA
15-10-1990 00:00,1990,10,0.35,NA,ENSO,NA,NA,Oceanic Nino Index,NA
15-11-1990 00:00,1990,11,0.4,NA,ENSO,NA,NA,Oceanic Nino Index,NA
15-12-1990 00:00,1990,12,0.41,NA,ENSO,NA,NA,Oceanic Nino Index,NA
15-1-1991 00:00,1991,1,0.41,NA,ENSO,NA,NA,Oceanic Nino Index,NA
15-2-1991 00:00,1991,2,0.26,NA,ENSO,NA,NA,Oceanic Nino Index,NA
15-3-1991 00:00,1991,3,0.22,NA,ENSO,NA,NA,Oceanic Nino Index,NA
15-4-1991 00:00,1991,4,0.26,NA,ENSO,NA,NA,Oceanic Nino Index,NA
15-5-1991 00:00,1991,5,0.45,NA,ENSO,NA,NA,Oceanic Nino Index,NA
15-6-1991 00:00,1991,6,0.64,NA,ENSO,NA,NA,Oceanic Nino Index,NA
15-7-1991 00:00,1991,7,0.73,NA,ENSO,NA,NA,Oceanic Nino Index,NA
15-8-1991 00:00,1991,8,0.64,NA,ENSO,NA,NA,Oceanic Nino Index,NA
15-9-1991 00:00,1991,9,0.62,NA,ENSO,NA,NA,Oceanic Nino Index,NA
15-10-1991 00:00,1991,10,0.79,NA,ENSO,NA,NA,Oceanic Nino Index,NA
15-11-1991 00:00,1991,11,1.21,NA,ENSO,NA,NA,Oceanic Nino Index,NA
15-12-1991 00:00,1991,12,1.53,NA,ENSO,NA,NA,Oceanic Nino Index,NA
15-1-1992 00:00,1992,1,1.71,NA,ENSO,NA,NA,Oceanic Nino Index,NA
15-2-1992 00:00,1992,2,1.63,NA,ENSO,NA,NA,Oceanic Nino Index,NA
15-3-1992 00:00,1992,3,1.48,NA,ENSO,NA,NA,Oceanic Nino Index,NA
15-4-1992 00:00,1992,4,1.29,NA,ENSO,NA,NA,Oceanic Nino Index,NA
15-5-1992 00:00,1992,5,1.06,NA,ENSO,NA,NA,Oceanic Nino Index,NA
15-6-1992 00:00,1992,6,0.73,NA,ENSO,NA,NA,Oceanic Nino Index,NA
15-7-1992 00:00,1992,7,0.37,NA,ENSO,NA,NA,Oceanic Nino Index,NA
15-8-1992 00:00,1992,8,0.09,NA,ENSO,NA,NA,Oceanic Nino Index,NA
15-9-1992 00:00,1992,9,-0.13,NA,ENSO,NA,NA,Oceanic Nino Index,NA
15-10-1992 00:00,1992,10,-0.25,NA,ENSO,NA,NA,Oceanic Nino Index,NA
15-11-1992 00:00,1992,11,-0.28,NA,ENSO,NA,NA,Oceanic Nino Index,NA
15-12-1992 00:00,1992,12,-0.13,NA,ENSO,NA,NA,Oceanic Nino Index,NA
15-1-1993 00:00,1993,1,0.09,NA,ENSO,NA,NA,Oceanic Nino Index,NA
15-2-1993 00:00,1993,2,0.3,NA,ENSO,NA,NA,Oceanic Nino Index,NA
15-3-1993 00:00,1993,3,0.5,NA,ENSO,NA,NA,Oceanic Nino Index,NA
15-4-1993 00:00,1993,4,0.67,NA,ENSO,NA,NA,Oceanic Nino Index,NA
15-5-1993 00:00,1993,5,0.7,NA,ENSO,NA,NA,Oceanic Nino Index,NA
15-6-1993 00:00,1993,6,0.57,NA,ENSO,NA,NA,Oceanic Nino Index,NA
15-7-1993 00:00,1993,7,0.32,NA,ENSO,NA,NA,Oceanic Nino Index,NA
15-8-1993 00:00,1993,8,0.25,NA,ENSO,NA,NA,Oceanic Nino Index,NA
15-9-1993 00:00,1993,9,0.15,NA,ENSO,NA,NA,Oceanic Nino Index,NA
15-10-1993 00:00,1993,10,0.1,NA,ENSO,NA,NA,Oceanic Nino Index,NA
15-11-1993 00:00,1993,11,0.04,NA,ENSO,NA,NA,Oceanic Nino Index,NA
15-12-1993 00:00,1993,12,0.06,NA,ENSO,NA,NA,Oceanic Nino Index,NA
15-1-1994 00:00,1994,1,0.06,NA,ENSO,NA,NA,Oceanic Nino Index,NA
15-2-1994 00:00,1994,2,0.07,NA,ENSO,NA,NA,Oceanic Nino Index,NA
15-3-1994 00:00,1994,3,0.17,NA,ENSO,NA,NA,Oceanic Nino Index,NA
15-4-1994 00:00,1994,4,0.31,NA,ENSO,NA,NA,Oceanic Nino Index,NA
15-5-1994 00:00,1994,5,0.42,NA,ENSO,NA,NA,Oceanic Nino Index,NA
15-6-1994 00:00,1994,6,0.41,NA,ENSO,NA,NA,Oceanic Nino Index,NA
15-7-1994 00:00,1994,7,0.44,NA,ENSO,NA,NA,Oceanic Nino Index,NA
15-8-1994 00:00,1994,8,0.43,NA,ENSO,NA,NA,Oceanic Nino Index,NA
15-9-1994 00:00,1994,9,0.55,NA,ENSO,NA,NA,Oceanic Nino Index,NA
15-10-1994 00:00,1994,10,0.74,NA,ENSO,NA,NA,Oceanic Nino Index,NA
15-11-1994 00:00,1994,11,1.01,NA,ENSO,NA,NA,Oceanic Nino Index,NA
15-12-1994 00:00,1994,12,1.09,NA,ENSO,NA,NA,Oceanic Nino Index,NA
15-1-1995 00:00,1995,1,0.96,NA,ENSO,NA,NA,Oceanic Nino Index,NA
15-2-1995 00:00,1995,2,0.72,NA,ENSO,NA,NA,Oceanic Nino Index,NA
15-3-1995 00:00,1995,3,0.53,NA,ENSO,NA,NA,Oceanic Nino Index,NA
15-4-1995 00:00,1995,4,0.3,NA,ENSO,NA,NA,Oceanic Nino Index,NA
15-5-1995 00:00,1995,5,0.14,NA,ENSO,NA,NA,Oceanic Nino Index,NA
15-6-1995 00:00,1995,6,-0.03,NA,ENSO,NA,NA,Oceanic Nino Index,NA
15-7-1995 00:00,1995,7,-0.24,NA,ENSO,NA,NA,Oceanic Nino Index,NA
15-8-1995 00:00,1995,8,-0.54,NA,ENSO,NA,NA,Oceanic Nino Index,NA
15-9-1995 00:00,1995,9,-0.81,NA,ENSO,NA,NA,Oceanic Nino Index,NA
15-10-1995 00:00,1995,10,-0.97,NA,ENSO,NA,NA,Oceanic Nino Index,NA
15-11-1995 00:00,1995,11,-1,NA,ENSO,NA,NA,Oceanic Nino Index,NA
15-12-1995 00:00,1995,12,-0.98,NA,ENSO,NA,NA,Oceanic Nino Index,NA
15-1-1996 00:00,1996,1,-0.9,NA,ENSO,NA,NA,Oceanic Nino Index,NA
15-2-1996 00:00,1996,2,-0.75,NA,ENSO,NA,NA,Oceanic Nino Index,NA
15-3-1996 00:00,1996,3,-0.59,NA,ENSO,NA,NA,Oceanic Nino Index,NA
15-4-1996 00:00,1996,4,-0.39,NA,ENSO,NA,NA,Oceanic Nino Index,NA
15-5-1996 00:00,1996,5,-0.31,NA,ENSO,NA,NA,Oceanic Nino Index,NA
15-6-1996 00:00,1996,6,-0.3,NA,ENSO,NA,NA,Oceanic Nino Index,NA
15-7-1996 00:00,1996,7,-0.27,NA,ENSO,NA,NA,Oceanic Nino Index,NA
15-8-1996 00:00,1996,8,-0.32,NA,ENSO,NA,NA,Oceanic Nino Index,NA
15-9-1996 00:00,1996,9,-0.35,NA,ENSO,NA,NA,Oceanic Nino Index,NA
15-10-1996 00:00,1996,10,-0.4,NA,ENSO,NA,NA,Oceanic Nino Index,NA
15-11-1996 00:00,1996,11,-0.45,NA,ENSO,NA,NA,Oceanic Nino Index,NA
15-12-1996 00:00,1996,12,-0.49,NA,ENSO,NA,NA,Oceanic Nino Index,NA
15-1-1997 00:00,1997,1,-0.5,NA,ENSO,NA,NA,Oceanic Nino Index,NA
15-2-1997 00:00,1997,2,-0.36,NA,ENSO,NA,NA,Oceanic Nino Index,NA
15-3-1997 00:00,1997,3,-0.1,NA,ENSO,NA,NA,Oceanic Nino Index,NA
15-4-1997 00:00,1997,4,0.28,NA,ENSO,NA,NA,Oceanic Nino Index,NA
15-5-1997 00:00,1997,5,0.75,NA,ENSO,NA,NA,Oceanic Nino Index,NA
15-6-1997 00:00,1997,6,1.22,NA,ENSO,NA,NA,Oceanic Nino Index,NA
15-7-1997 00:00,1997,7,1.6,NA,ENSO,NA,NA,Oceanic Nino Index,NA
15-8-1997 00:00,1997,8,1.9,NA,ENSO,NA,NA,Oceanic Nino Index,NA
15-9-1997 00:00,1997,9,2.14,NA,ENSO,NA,NA,Oceanic Nino Index,NA
15-10-1997 00:00,1997,10,2.33,NA,ENSO,NA,NA,Oceanic Nino Index,NA
15-11-1997 00:00,1997,11,2.4,NA,ENSO,NA,NA,Oceanic Nino Index,NA
15-12-1997 00:00,1997,12,2.39,NA,ENSO,NA,NA,Oceanic Nino Index,NA
15-1-1998 00:00,1998,1,2.24,NA,ENSO,NA,NA,Oceanic Nino Index,NA
15-2-1998 00:00,1998,2,1.93,NA,ENSO,NA,NA,Oceanic Nino Index,NA
15-3-1998 00:00,1998,3,1.44,NA,ENSO,NA,NA,Oceanic Nino Index,NA
15-4-1998 00:00,1998,4,0.99,NA,ENSO,NA,NA,Oceanic Nino Index,NA
15-5-1998 00:00,1998,5,0.45,NA,ENSO,NA,NA,Oceanic Nino Index,NA
15-6-1998 00:00,1998,6,-0.13,NA,ENSO,NA,NA,Oceanic Nino Index,NA
15-7-1998 00:00,1998,7,-0.78,NA,ENSO,NA,NA,Oceanic Nino Index,NA
15-8-1998 00:00,1998,8,-1.12,NA,ENSO,NA,NA,Oceanic Nino Index,NA
15-9-1998 00:00,1998,9,-1.31,NA,ENSO,NA,NA,Oceanic Nino Index,NA
15-10-1998 00:00,1998,10,-1.35,NA,ENSO,NA,NA,Oceanic Nino Index,NA
15-11-1998 00:00,1998,11,-1.48,NA,ENSO,NA,NA,Oceanic Nino Index,NA
15-12-1998 00:00,1998,12,-1.57,NA,ENSO,NA,NA,Oceanic Nino Index,NA
15-1-1999 00:00,1999,1,-1.55,NA,ENSO,NA,NA,Oceanic Nino Index,NA
15-2-1999 00:00,1999,2,-1.3,NA,ENSO,NA,NA,Oceanic Nino Index,NA
15-3-1999 00:00,1999,3,-1.07,NA,ENSO,NA,NA,Oceanic Nino Index,NA
15-4-1999 00:00,1999,4,-0.98,NA,ENSO,NA,NA,Oceanic Nino Index,NA
15-5-1999 00:00,1999,5,-1.02,NA,ENSO,NA,NA,Oceanic Nino Index,NA
15-6-1999 00:00,1999,6,-1.04,NA,ENSO,NA,NA,Oceanic Nino Index,NA
15-7-1999 00:00,1999,7,-1.1,NA,ENSO,NA,NA,Oceanic Nino Index,NA
15-8-1999 00:00,1999,8,-1.11,NA,ENSO,NA,NA,Oceanic Nino Index,NA
15-9-1999 00:00,1999,9,-1.16,NA,ENSO,NA,NA,Oceanic Nino Index,NA
15-10-1999 00:00,1999,10,-1.26,NA,ENSO,NA,NA,Oceanic Nino Index,NA
15-11-1999 00:00,1999,11,-1.46,NA,ENSO,NA,NA,Oceanic Nino Index,NA
15-12-1999 00:00,1999,12,-1.65,NA,ENSO,NA,NA,Oceanic Nino Index,NA
15-1-2000 00:00,2000,1,-1.66,NA,ENSO,NA,NA,Oceanic Nino Index,NA
15-2-2000 00:00,2000,2,-1.41,NA,ENSO,NA,NA,Oceanic Nino Index,NA
15-3-2000 00:00,2000,3,-1.07,NA,ENSO,NA,NA,Oceanic Nino Index,NA
15-4-2000 00:00,2000,4,-0.81,NA,ENSO,NA,NA,Oceanic Nino Index,NA
15-5-2000 00:00,2000,5,-0.71,NA,ENSO,NA,NA,Oceanic Nino Index,NA
15-6-2000 00:00,2000,6,-0.64,NA,ENSO,NA,NA,Oceanic Nino Index,NA
15-7-2000 00:00,2000,7,-0.55,NA,ENSO,NA,NA,Oceanic Nino Index,NA
15-8-2000 00:00,2000,8,-0.51,NA,ENSO,NA,NA,Oceanic Nino Index,NA
15-9-2000 00:00,2000,9,-0.55,NA,ENSO,NA,NA,Oceanic Nino Index,NA
15-10-2000 00:00,2000,10,-0.63,NA,ENSO,NA,NA,Oceanic Nino Index,NA
15-11-2000 00:00,2000,11,-0.75,NA,ENSO,NA,NA,Oceanic Nino Index,NA
15-12-2000 00:00,2000,12,-0.74,NA,ENSO,NA,NA,Oceanic Nino Index,NA
15-1-2001 00:00,2001,1,-0.68,NA,ENSO,NA,NA,Oceanic Nino Index,NA
15-2-2001 00:00,2001,2,-0.52,NA,ENSO,NA,NA,Oceanic Nino Index,NA
15-3-2001 00:00,2001,3,-0.44,NA,ENSO,NA,NA,Oceanic Nino Index,NA
15-4-2001 00:00,2001,4,-0.34,NA,ENSO,NA,NA,Oceanic Nino Index,NA
15-5-2001 00:00,2001,5,-0.25,NA,ENSO,NA,NA,Oceanic Nino Index,NA
15-6-2001 00:00,2001,6,-0.12,NA,ENSO,NA,NA,Oceanic Nino Index,NA
15-7-2001 00:00,2001,7,-0.08,NA,ENSO,NA,NA,Oceanic Nino Index,NA
15-8-2001 00:00,2001,8,-0.13,NA,ENSO,NA,NA,Oceanic Nino Index,NA
15-9-2001 00:00,2001,9,-0.19,NA,ENSO,NA,NA,Oceanic Nino Index,NA
15-10-2001 00:00,2001,10,-0.29,NA,ENSO,NA,NA,Oceanic Nino Index,NA
15-11-2001 00:00,2001,11,-0.35,NA,ENSO,NA,NA,Oceanic Nino Index,NA
15-12-2001 00:00,2001,12,-0.31,NA,ENSO,NA,NA,Oceanic Nino Index,NA
15-1-2002 00:00,2002,1,-0.15,NA,ENSO,NA,NA,Oceanic Nino Index,NA
15-2-2002 00:00,2002,2,0.03,NA,ENSO,NA,NA,Oceanic Nino Index,NA
15-3-2002 00:00,2002,3,0.09,NA,ENSO,NA,NA,Oceanic Nino Index,NA
15-4-2002 00:00,2002,4,0.2,NA,ENSO,NA,NA,Oceanic Nino Index,NA
15-5-2002 00:00,2002,5,0.43,NA,ENSO,NA,NA,Oceanic Nino Index,NA
15-6-2002 00:00,2002,6,0.65,NA,ENSO,NA,NA,Oceanic Nino Index,NA
15-7-2002 00:00,2002,7,0.79,NA,ENSO,NA,NA,Oceanic Nino Index,NA
15-8-2002 00:00,2002,8,0.86,NA,ENSO,NA,NA,Oceanic Nino Index,NA
15-9-2002 00:00,2002,9,1.01,NA,ENSO,NA,NA,Oceanic Nino Index,NA
15-10-2002 00:00,2002,10,1.21,NA,ENSO,NA,NA,Oceanic Nino Index,NA
15-11-2002 00:00,2002,11,1.31,NA,ENSO,NA,NA,Oceanic Nino Index,NA
15-12-2002 00:00,2002,12,1.14,NA,ENSO,NA,NA,Oceanic Nino Index,NA
15-1-2003 00:00,2003,1,0.92,NA,ENSO,NA,NA,Oceanic Nino Index,NA
15-2-2003 00:00,2003,2,0.63,NA,ENSO,NA,NA,Oceanic Nino Index,NA
15-3-2003 00:00,2003,3,0.38,NA,ENSO,NA,NA,Oceanic Nino Index,NA
15-4-2003 00:00,2003,4,-0.04,NA,ENSO,NA,NA,Oceanic Nino Index,NA
15-5-2003 00:00,2003,5,-0.26,NA,ENSO,NA,NA,Oceanic Nino Index,NA
15-6-2003 00:00,2003,6,-0.16,NA,ENSO,NA,NA,Oceanic Nino Index,NA
15-7-2003 00:00,2003,7,0.08,NA,ENSO,NA,NA,Oceanic Nino Index,NA
15-8-2003 00:00,2003,8,0.21,NA,ENSO,NA,NA,Oceanic Nino Index,NA
15-9-2003 00:00,2003,9,0.26,NA,ENSO,NA,NA,Oceanic Nino Index,NA
15-10-2003 00:00,2003,10,0.29,NA,ENSO,NA,NA,Oceanic Nino Index,NA
15-11-2003 00:00,2003,11,0.35,NA,ENSO,NA,NA,Oceanic Nino Index,NA
15-12-2003 00:00,2003,12,0.35,NA,ENSO,NA,NA,Oceanic Nino Index,NA
15-1-2004 00:00,2004,1,0.37,NA,ENSO,NA,NA,Oceanic Nino Index,NA
15-2-2004 00:00,2004,2,0.31,NA,ENSO,NA,NA,Oceanic Nino Index,NA
15-3-2004 00:00,2004,3,0.23,NA,ENSO,NA,NA,Oceanic Nino Index,NA
15-4-2004 00:00,2004,4,0.17,NA,ENSO,NA,NA,Oceanic Nino Index,NA
15-5-2004 00:00,2004,5,0.17,NA,ENSO,NA,NA,Oceanic Nino Index,NA
15-6-2004 00:00,2004,6,0.28,NA,ENSO,NA,NA,Oceanic Nino Index,NA
15-7-2004 00:00,2004,7,0.47,NA,ENSO,NA,NA,Oceanic Nino Index,NA
15-8-2004 00:00,2004,8,0.64,NA,ENSO,NA,NA,Oceanic Nino Index,NA
15-9-2004 00:00,2004,9,0.7,NA,ENSO,NA,NA,Oceanic Nino Index,NA
15-10-2004 00:00,2004,10,0.67,NA,ENSO,NA,NA,Oceanic Nino Index,NA
15-11-2004 00:00,2004,11,0.66,NA,ENSO,NA,NA,Oceanic Nino Index,NA
15-12-2004 00:00,2004,12,0.69,NA,ENSO,NA,NA,Oceanic Nino Index,NA
15-1-2005 00:00,2005,1,0.64,NA,ENSO,NA,NA,Oceanic Nino Index,NA
15-2-2005 00:00,2005,2,0.58,NA,ENSO,NA,NA,Oceanic Nino Index,NA
15-3-2005 00:00,2005,3,0.45,NA,ENSO,NA,NA,Oceanic Nino Index,NA
15-4-2005 00:00,2005,4,0.43,NA,ENSO,NA,NA,Oceanic Nino Index,NA
15-5-2005 00:00,2005,5,0.29,NA,ENSO,NA,NA,Oceanic Nino Index,NA
15-6-2005 00:00,2005,6,0.11,NA,ENSO,NA,NA,Oceanic Nino Index,NA
15-7-2005 00:00,2005,7,-0.06,NA,ENSO,NA,NA,Oceanic Nino Index,NA
15-8-2005 00:00,2005,8,-0.14,NA,ENSO,NA,NA,Oceanic Nino Index,NA
15-9-2005 00:00,2005,9,-0.11,NA,ENSO,NA,NA,Oceanic Nino Index,NA
15-10-2005 00:00,2005,10,-0.29,NA,ENSO,NA,NA,Oceanic Nino Index,NA
15-11-2005 00:00,2005,11,-0.57,NA,ENSO,NA,NA,Oceanic Nino Index,NA
15-12-2005 00:00,2005,12,-0.84,NA,ENSO,NA,NA,Oceanic Nino Index,NA
15-1-2006 00:00,2006,1,-0.85,NA,ENSO,NA,NA,Oceanic Nino Index,NA
15-2-2006 00:00,2006,2,-0.77,NA,ENSO,NA,NA,Oceanic Nino Index,NA
15-3-2006 00:00,2006,3,-0.57,NA,ENSO,NA,NA,Oceanic Nino Index,NA
15-4-2006 00:00,2006,4,-0.37,NA,ENSO,NA,NA,Oceanic Nino Index,NA
15-5-2006 00:00,2006,5,-0.14,NA,ENSO,NA,NA,Oceanic Nino Index,NA
15-6-2006 00:00,2006,6,-0.03,NA,ENSO,NA,NA,Oceanic Nino Index,NA
15-7-2006 00:00,2006,7,0.1,NA,ENSO,NA,NA,Oceanic Nino Index,NA
15-8-2006 00:00,2006,8,0.3,NA,ENSO,NA,NA,Oceanic Nino Index,NA
15-9-2006 00:00,2006,9,0.54,NA,ENSO,NA,NA,Oceanic Nino Index,NA
15-10-2006 00:00,2006,10,0.77,NA,ENSO,NA,NA,Oceanic Nino Index,NA
15-11-2006 00:00,2006,11,0.94,NA,ENSO,NA,NA,Oceanic Nino Index,NA
15-12-2006 00:00,2006,12,0.94,NA,ENSO,NA,NA,Oceanic Nino Index,NA
15-1-2007 00:00,2007,1,0.66,NA,ENSO,NA,NA,Oceanic Nino Index,NA
15-2-2007 00:00,2007,2,0.22,NA,ENSO,NA,NA,Oceanic Nino Index,NA
15-3-2007 00:00,2007,3,-0.12,NA,ENSO,NA,NA,Oceanic Nino Index,NA
15-4-2007 00:00,2007,4,-0.32,NA,ENSO,NA,NA,Oceanic Nino Index,NA
15-5-2007 00:00,2007,5,-0.38,NA,ENSO,NA,NA,Oceanic Nino Index,NA
15-6-2007 00:00,2007,6,-0.47,NA,ENSO,NA,NA,Oceanic Nino Index,NA
15-7-2007 00:00,2007,7,-0.56,NA,ENSO,NA,NA,Oceanic Nino Index,NA
15-8-2007 00:00,2007,8,-0.81,NA,ENSO,NA,NA,Oceanic Nino Index,NA
15-9-2007 00:00,2007,9,-1.07,NA,ENSO,NA,NA,Oceanic Nino Index,NA
15-10-2007 00:00,2007,10,-1.34,NA,ENSO,NA,NA,Oceanic Nino Index,NA
15-11-2007 00:00,2007,11,-1.5,NA,ENSO,NA,NA,Oceanic Nino Index,NA
15-12-2007 00:00,2007,12,-1.6,NA,ENSO,NA,NA,Oceanic Nino Index,NA
15-1-2008 00:00,2008,1,-1.64,NA,ENSO,NA,NA,Oceanic Nino Index,NA
15-2-2008 00:00,2008,2,-1.52,NA,ENSO,NA,NA,Oceanic Nino Index,NA
15-3-2008 00:00,2008,3,-1.29,NA,ENSO,NA,NA,Oceanic Nino Index,NA
15-4-2008 00:00,2008,4,-1.01,NA,ENSO,NA,NA,Oceanic Nino Index,NA
15-5-2008 00:00,2008,5,-0.84,NA,ENSO,NA,NA,Oceanic Nino Index,NA
15-6-2008 00:00,2008,6,-0.61,NA,ENSO,NA,NA,Oceanic Nino Index,NA
15-7-2008 00:00,2008,7,-0.37,NA,ENSO,NA,NA,Oceanic Nino Index,NA
15-8-2008 00:00,2008,8,-0.23,NA,ENSO,NA,NA,Oceanic Nino Index,NA
15-9-2008 00:00,2008,9,-0.24,NA,ENSO,NA,NA,Oceanic Nino Index,NA
15-10-2008 00:00,2008,10,-0.35,NA,ENSO,NA,NA,Oceanic Nino Index,NA
15-11-2008 00:00,2008,11,-0.55,NA,ENSO,NA,NA,Oceanic Nino Index,NA
15-12-2008 00:00,2008,12,-0.73,NA,ENSO,NA,NA,Oceanic Nino Index,NA
15-1-2009 00:00,2009,1,-0.85,NA,ENSO,NA,NA,Oceanic Nino Index,NA
15-2-2009 00:00,2009,2,-0.79,NA,ENSO,NA,NA,Oceanic Nino Index,NA
15-3-2009 00:00,2009,3,-0.61,NA,ENSO,NA,NA,Oceanic Nino Index,NA
15-4-2009 00:00,2009,4,-0.33,NA,ENSO,NA,NA,Oceanic Nino Index,NA
15-5-2009 00:00,2009,5,0.01,NA,ENSO,NA,NA,Oceanic Nino Index,NA
15-6-2009 00:00,2009,6,0.28,NA,ENSO,NA,NA,Oceanic Nino Index,NA
15-7-2009 00:00,2009,7,0.45,NA,ENSO,NA,NA,Oceanic Nino Index,NA
15-8-2009 00:00,2009,8,0.58,NA,ENSO,NA,NA,Oceanic Nino Index,NA
15-9-2009 00:00,2009,9,0.71,NA,ENSO,NA,NA,Oceanic Nino Index,NA
15-10-2009 00:00,2009,10,1.01,NA,ENSO,NA,NA,Oceanic Nino Index,NA
15-11-2009 00:00,2009,11,1.36,NA,ENSO,NA,NA,Oceanic Nino Index,NA
15-12-2009 00:00,2009,12,1.56,NA,ENSO,NA,NA,Oceanic Nino Index,NA
15-1-2010 00:00,2010,1,1.5,NA,ENSO,NA,NA,Oceanic Nino Index,NA
15-2-2010 00:00,2010,2,1.22,NA,ENSO,NA,NA,Oceanic Nino Index,NA
15-3-2010 00:00,2010,3,0.84,NA,ENSO,NA,NA,Oceanic Nino Index,NA
15-4-2010 00:00,2010,4,0.35,NA,ENSO,NA,NA,Oceanic Nino Index,NA
15-5-2010 00:00,2010,5,-0.17,NA,ENSO,NA,NA,Oceanic Nino Index,NA
15-6-2010 00:00,2010,6,-0.66,NA,ENSO,NA,NA,Oceanic Nino Index,NA
15-7-2010 00:00,2010,7,-1.05,NA,ENSO,NA,NA,Oceanic Nino Index,NA
15-8-2010 00:00,2010,8,-1.35,NA,ENSO,NA,NA,Oceanic Nino Index,NA
15-9-2010 00:00,2010,9,-1.56,NA,ENSO,NA,NA,Oceanic Nino Index,NA
15-10-2010 00:00,2010,10,-1.64,NA,ENSO,NA,NA,Oceanic Nino Index,NA
15-11-2010 00:00,2010,11,-1.64,NA,ENSO,NA,NA,Oceanic Nino Index,NA
15-12-2010 00:00,2010,12,-1.54,NA,ENSO,NA,NA,Oceanic Nino Index,NA
15-1-2011 00:00,2011,1,-1.31,NA,ENSO,NA,NA,Oceanic Nino Index,NA
15-2-2011 00:00,2011,2,-1.04,NA,ENSO,NA,NA,Oceanic Nino Index,NA
15-3-2011 00:00,2011,3,-0.8,NA,ENSO,NA,NA,Oceanic Nino Index,NA
15-4-2011 00:00,2011,4,-0.62,NA,ENSO,NA,NA,Oceanic Nino Index,NA
15-5-2011 00:00,2011,5,-0.46,NA,ENSO,NA,NA,Oceanic Nino Index,NA
15-6-2011 00:00,2011,6,-0.37,NA,ENSO,NA,NA,Oceanic Nino Index,NA
15-7-2011 00:00,2011,7,-0.43,NA,ENSO,NA,NA,Oceanic Nino Index,NA
15-8-2011 00:00,2011,8,-0.58,NA,ENSO,NA,NA,Oceanic Nino Index,NA
15-9-2011 00:00,2011,9,-0.79,NA,ENSO,NA,NA,Oceanic Nino Index,NA
15-10-2011 00:00,2011,10,-0.96,NA,ENSO,NA,NA,Oceanic Nino Index,NA
15-11-2011 00:00,2011,11,-1.02,NA,ENSO,NA,NA,Oceanic Nino Index,NA
15-12-2011 00:00,2011,12,-0.92,NA,ENSO,NA,NA,Oceanic Nino Index,NA
15-1-2012 00:00,2012,1,-0.72,NA,ENSO,NA,NA,Oceanic Nino Index,NA
15-2-2012 00:00,2012,2,-0.57,NA,ENSO,NA,NA,Oceanic Nino Index,NA
15-3-2012 00:00,2012,3,-0.46,NA,ENSO,NA,NA,Oceanic Nino Index,NA
15-4-2012 00:00,2012,4,-0.36,NA,ENSO,NA,NA,Oceanic Nino Index,NA
15-5-2012 00:00,2012,5,-0.17,NA,ENSO,NA,NA,Oceanic Nino Index,NA
15-6-2012 00:00,2012,6,0.06,NA,ENSO,NA,NA,Oceanic Nino Index,NA
15-7-2012 00:00,2012,7,0.3,NA,ENSO,NA,NA,Oceanic Nino Index,NA
15-8-2012 00:00,2012,8,0.41,NA,ENSO,NA,NA,Oceanic Nino Index,NA
15-9-2012 00:00,2012,9,0.41,NA,ENSO,NA,NA,Oceanic Nino Index,NA
15-10-2012 00:00,2012,10,0.31,NA,ENSO,NA,NA,Oceanic Nino Index,NA
15-11-2012 00:00,2012,11,0.13,NA,ENSO,NA,NA,Oceanic Nino Index,NA
15-12-2012 00:00,2012,12,-0.1,NA,ENSO,NA,NA,Oceanic Nino Index,NA
15-1-2013 00:00,2013,1,-0.29,NA,ENSO,NA,NA,Oceanic Nino Index,NA
15-2-2013 00:00,2013,2,-0.29,NA,ENSO,NA,NA,Oceanic Nino Index,NA
15-3-2013 00:00,2013,3,-0.21,NA,ENSO,NA,NA,Oceanic Nino Index,NA
15-4-2013 00:00,2013,4,-0.19,NA,ENSO,NA,NA,Oceanic Nino Index,NA
15-5-2013 00:00,2013,5,-0.27,NA,ENSO,NA,NA,Oceanic Nino Index,NA
15-6-2013 00:00,2013,6,-0.34,NA,ENSO,NA,NA,Oceanic Nino Index,NA
15-7-2013 00:00,2013,7,-0.35,NA,ENSO,NA,NA,Oceanic Nino Index,NA
15-8-2013 00:00,2013,8,-0.28,NA,ENSO,NA,NA,Oceanic Nino Index,NA
15-9-2013 00:00,2013,9,-0.21,NA,ENSO,NA,NA,Oceanic Nino Index,NA
15-10-2013 00:00,2013,10,-0.13,NA,ENSO,NA,NA,Oceanic Nino Index,NA
15-11-2013 00:00,2013,11,-0.1,NA,ENSO,NA,NA,Oceanic Nino Index,NA
15-12-2013 00:00,2013,12,-0.15,NA,ENSO,NA,NA,Oceanic Nino Index,NA
15-1-2014 00:00,2014,1,-0.28,NA,ENSO,NA,NA,Oceanic Nino Index,NA
15-2-2014 00:00,2014,2,-0.32,NA,ENSO,NA,NA,Oceanic Nino Index,NA
15-3-2014 00:00,2014,3,-0.14,NA,ENSO,NA,NA,Oceanic Nino Index,NA
15-4-2014 00:00,2014,4,0.15,NA,ENSO,NA,NA,Oceanic Nino Index,NA
15-5-2014 00:00,2014,5,0.31,NA,ENSO,NA,NA,Oceanic Nino Index,NA
15-6-2014 00:00,2014,6,0.23,NA,ENSO,NA,NA,Oceanic Nino Index,NA
15-7-2014 00:00,2014,7,0.1,NA,ENSO,NA,NA,Oceanic Nino Index,NA
15-8-2014 00:00,2014,8,0.11,NA,ENSO,NA,NA,Oceanic Nino Index,NA
15-9-2014 00:00,2014,9,0.28,NA,ENSO,NA,NA,Oceanic Nino Index,NA
15-10-2014 00:00,2014,10,0.54,NA,ENSO,NA,NA,Oceanic Nino Index,NA
15-11-2014 00:00,2014,11,0.71,NA,ENSO,NA,NA,Oceanic Nino Index,NA
15-12-2014 00:00,2014,12,0.77,NA,ENSO,NA,NA,Oceanic Nino Index,NA
15-1-2015 00:00,2015,1,0.69,NA,ENSO,NA,NA,Oceanic Nino Index,NA
15-2-2015 00:00,2015,2,0.61,NA,ENSO,NA,NA,Oceanic Nino Index,NA
15-3-2015 00:00,2015,3,0.65,NA,ENSO,NA,NA,Oceanic Nino Index,NA
15-4-2015 00:00,2015,4,0.81,NA,ENSO,NA,NA,Oceanic Nino Index,NA
15-5-2015 00:00,2015,5,1.02,NA,ENSO,NA,NA,Oceanic Nino Index,NA
15-6-2015 00:00,2015,6,1.25,NA,ENSO,NA,NA,Oceanic Nino Index,NA
15-7-2015 00:00,2015,7,1.57,NA,ENSO,NA,NA,Oceanic Nino Index,NA
15-8-2015 00:00,2015,8,1.91,NA,ENSO,NA,NA,Oceanic Nino Index,NA
15-9-2015 00:00,2015,9,2.21,NA,ENSO,NA,NA,Oceanic Nino Index,NA
15-10-2015 00:00,2015,10,2.47,NA,ENSO,NA,NA,Oceanic Nino Index,NA
15-11-2015 00:00,2015,11,2.64,NA,ENSO,NA,NA,Oceanic Nino Index,NA
15-12-2015 00:00,2015,12,2.75,NA,ENSO,NA,NA,Oceanic Nino Index,NA
15-1-2016 00:00,2016,1,2.63,NA,ENSO,NA,NA,Oceanic Nino Index,NA
15-2-2016 00:00,2016,2,2.28,NA,ENSO,NA,NA,Oceanic Nino Index,NA
15-3-2016 00:00,2016,3,1.71,NA,ENSO,NA,NA,Oceanic Nino Index,NA
15-4-2016 00:00,2016,4,1.05,NA,ENSO,NA,NA,Oceanic Nino Index,NA
15-5-2016 00:00,2016,5,0.49,NA,ENSO,NA,NA,Oceanic Nino Index,NA
15-6-2016 00:00,2016,6,0,NA,ENSO,NA,NA,Oceanic Nino Index,NA
15-7-2016 00:00,2016,7,-0.31,NA,ENSO,NA,NA,Oceanic Nino Index,NA
15-8-2016 00:00,2016,8,-0.5,NA,ENSO,NA,NA,Oceanic Nino Index,NA
15-9-2016 00:00,2016,9,-0.58,NA,ENSO,NA,NA,Oceanic Nino Index,NA
15-10-2016 00:00,2016,10,-0.64,NA,ENSO,NA,NA,Oceanic Nino Index,NA
15-11-2016 00:00,2016,11,-0.6,NA,ENSO,NA,NA,Oceanic Nino Index,NA
15-12-2016 00:00,2016,12,-0.45,NA,ENSO,NA,NA,Oceanic Nino Index,NA
15-1-2017 00:00,2017,1,-0.19,NA,ENSO,NA,NA,Oceanic Nino Index,NA
15-2-2017 00:00,2017,2,-0.02,NA,ENSO,NA,NA,Oceanic Nino Index,NA
15-3-2017 00:00,2017,3,0.18,NA,ENSO,NA,NA,Oceanic Nino Index,NA
15-4-2017 00:00,2017,4,0.31,NA,ENSO,NA,NA,Oceanic Nino Index,NA
15-5-2017 00:00,2017,5,0.4,NA,ENSO,NA,NA,Oceanic Nino Index,NA
15-6-2017 00:00,2017,6,0.39,NA,ENSO,NA,NA,Oceanic Nino Index,NA
15-7-2017 00:00,2017,7,0.19,NA,ENSO,NA,NA,Oceanic Nino Index,NA
15-8-2017 00:00,2017,8,-0.07,NA,ENSO,NA,NA,Oceanic Nino Index,NA
15-9-2017 00:00,2017,9,-0.34,NA,ENSO,NA,NA,Oceanic Nino Index,NA
15-10-2017 00:00,2017,10,-0.6,NA,ENSO,NA,NA,Oceanic Nino Index,NA
15-11-2017 00:00,2017,11,-0.77,NA,ENSO,NA,NA,Oceanic Nino Index,NA
15-12-2017 00:00,2017,12,-0.86,NA,ENSO,NA,NA,Oceanic Nino Index,NA
15-1-2018 00:00,2018,1,-0.77,NA,ENSO,NA,NA,Oceanic Nino Index,NA
15-2-2018 00:00,2018,2,-0.71,NA,ENSO,NA,NA,Oceanic Nino Index,NA
15-3-2018 00:00,2018,3,-0.57,NA,ENSO,NA,NA,Oceanic Nino Index,NA
15-4-2018 00:00,2018,4,-0.39,NA,ENSO,NA,NA,Oceanic Nino Index,NA
15-5-2018 00:00,2018,5,-0.13,NA,ENSO,NA,NA,Oceanic Nino Index,NA
15-6-2018 00:00,2018,6,0.06,NA,ENSO,NA,NA,Oceanic Nino Index,NA
15-7-2018 00:00,2018,7,0.14,NA,ENSO,NA,NA,Oceanic Nino Index,NA
15-8-2018 00:00,2018,8,0.27,NA,ENSO,NA,NA,Oceanic Nino Index,NA
15-9-2018 00:00,2018,9,0.53,NA,ENSO,NA,NA,Oceanic Nino Index,NA
15-10-2018 00:00,2018,10,0.81,NA,ENSO,NA,NA,Oceanic Nino Index,NA
15-11-2018 00:00,2018,11,0.97,NA,ENSO,NA,NA,Oceanic Nino Index,NA
15-12-2018 00:00,2018,12,0.92,NA,ENSO,NA,NA,Oceanic Nino Index,NA
15-1-2019 00:00,2019,1,0.89,NA,ENSO,NA,NA,Oceanic Nino Index,NA
15-2-2019 00:00,2019,2,0.86,NA,ENSO,NA,NA,Oceanic Nino Index,NA
15-3-2019 00:00,2019,3,0.84,NA,ENSO,NA,NA,Oceanic Nino Index,NA
15-4-2019 00:00,2019,4,0.77,NA,ENSO,NA,NA,Oceanic Nino Index,NA
15-5-2019 00:00,2019,5,0.64,NA,ENSO,NA,NA,Oceanic Nino Index,NA
15-6-2019 00:00,2019,6,0.52,NA,ENSO,NA,NA,Oceanic Nino Index,NA
15-7-2019 00:00,2019,7,0.33,NA,ENSO,NA,NA,Oceanic Nino Index,NA
15-8-2019 00:00,2019,8,0.19,NA,ENSO,NA,NA,Oceanic Nino Index,NA
15-9-2019 00:00,2019,9,0.23,NA,ENSO,NA,NA,Oceanic Nino Index,NA
15-10-2019 00:00,2019,10,0.39,NA,ENSO,NA,NA,Oceanic Nino Index,NA
15-11-2019 00:00,2019,11,0.58,NA,ENSO,NA,NA,Oceanic Nino Index,NA
15-12-2019 00:00,2019,12,0.66,NA,ENSO,NA,NA,Oceanic Nino Index,NA
15-1-2020 00:00,2020,1,0.64,NA,ENSO,NA,NA,Oceanic Nino Index,NA
15-2-2020 00:00,2020,2,0.63,NA,ENSO,NA,NA,Oceanic Nino Index,NA
15-3-2020 00:00,2020,3,0.53,NA,ENSO,NA,NA,Oceanic Nino Index,NA
15-4-2020 00:00,2020,4,0.3,NA,ENSO,NA,NA,Oceanic Nino Index,NA
15-5-2020 00:00,2020,5,0.01,NA,ENSO,NA,NA,Oceanic Nino Index,NA
15-6-2020 00:00,2020,6,-0.23,NA,ENSO,NA,NA,Oceanic Nino Index,NA
15-7-2020 00:00,2020,7,-0.36,NA,ENSO,NA,NA,Oceanic Nino Index,NA
15-8-2020 00:00,2020,8,-0.53,NA,ENSO,NA,NA,Oceanic Nino Index,NA
15-9-2020 00:00,2020,9,-0.85,NA,ENSO,NA,NA,Oceanic Nino Index,NA
15-10-2020 00:00,2020,10,-1.12,NA,ENSO,NA,NA,Oceanic Nino Index,NA
15-11-2020 00:00,2020,11,-1.2,NA,ENSO,NA,NA,Oceanic Nino Index,NA
15-12-2020 00:00,2020,12,-1.08,NA,ENSO,NA,NA,Oceanic Nino Index,NA
15-1-2021 00:00,2021,1,-0.91,NA,ENSO,NA,NA,Oceanic Nino Index,NA
15-2-2021 00:00,2021,2,-0.79,NA,ENSO,NA,NA,Oceanic Nino Index,NA
15-3-2021 00:00,2021,3,-0.71,NA,ENSO,NA,NA,Oceanic Nino Index,NA
15-4-2021 00:00,2021,4,-0.55,NA,ENSO,NA,NA,Oceanic Nino Index,NA
15-5-2021 00:00,2021,5,-0.39,NA,ENSO,NA,NA,Oceanic Nino Index,NA
15-6-2021 00:00,2021,6,-0.3,NA,ENSO,NA,NA,Oceanic Nino Index,NA
15-7-2021 00:00,2021,7,-0.35,NA,ENSO,NA,NA,Oceanic Nino Index,NA
15-8-2021 00:00,2021,8,-0.45,NA,ENSO,NA,NA,Oceanic Nino Index,NA
15-9-2021 00:00,2021,9,-0.63,NA,ENSO,NA,NA,Oceanic Nino Index,NA
15-10-2021 00:00,2021,10,-0.76,NA,ENSO,NA,NA,Oceanic Nino Index,NA
15-11-2021 00:00,2021,11,-0.91,NA,ENSO,NA,NA,Oceanic Nino Index,NA
15-12-2021 00:00,2021,12,-0.87,NA,ENSO,NA,NA,Oceanic Nino Index,NA
15-1-2022 00:00,2022,1,-0.82,NA,ENSO,NA,NA,Oceanic Nino Index,NA
15-2-2022 00:00,2022,2,-0.79,NA,ENSO,NA,NA,Oceanic Nino Index,NA
15-3-2022 00:00,2022,3,-0.86,NA,ENSO,NA,NA,Oceanic Nino Index,NA
15-4-2022 00:00,2022,4,-0.95,NA,ENSO,NA,NA,Oceanic Nino Index,NA
15-5-2022 00:00,2022,5,-0.9,NA,ENSO,NA,NA,Oceanic Nino Index,NA
15-6-2022 00:00,2022,6,-0.78,NA,ENSO,NA,NA,Oceanic Nino Index,NA
15-7-2022 00:00,2022,7,-0.76,NA,ENSO,NA,NA,Oceanic Nino Index,NA
15-8-2022 00:00,2022,8,-0.87,NA,ENSO,NA,NA,Oceanic Nino Index,NA
15-9-2022 00:00,2022,9,-0.97,NA,ENSO,NA,NA,Oceanic Nino Index,NA
15-10-2022 00:00,2022,10,-0.94,NA,ENSO,NA,NA,Oceanic Nino Index,NA
15-11-2022 00:00,2022,11,-0.85,NA,ENSO,NA,NA,Oceanic Nino Index,NA
15-12-2022 00:00,2022,12,-0.71,NA,ENSO,NA,NA,Oceanic Nino Index,NA
15-1-2023 00:00,2023,1,-0.54,NA,ENSO,NA,NA,Oceanic Nino Index,NA
15-2-2023 00:00,2023,2,-0.29,NA,ENSO,NA,NA,Oceanic Nino Index,NA
15-3-2023 00:00,2023,3,-0.02,NA,ENSO,NA,NA,Oceanic Nino Index,NA
15-4-2023 00:00,2023,4,0.27,NA,ENSO,NA,NA,Oceanic Nino Index,NA
15-5-2023 00:00,2023,5,0.57,NA,ENSO,NA,NA,Oceanic Nino Index,NA
15-6-2023 00:00,2023,6,0.84,NA,ENSO,NA,NA,Oceanic Nino Index,NA
15-7-2023 00:00,2023,7,1.12,NA,ENSO,NA,NA,Oceanic Nino Index,NA
15-8-2023 00:00,2023,8,1.37,NA,ENSO,NA,NA,Oceanic Nino Index,NA
15-9-2023 00:00,2023,9,1.6,NA,ENSO,NA,NA,Oceanic Nino Index,NA
15-10-2023 00:00,2023,10,1.83,NA,ENSO,NA,NA,Oceanic Nino Index,NA
15-11-2023 00:00,2023,11,1.99,NA,ENSO,NA,NA,Oceanic Nino Index,NA
15-12-2023 00:00,2023,12,2.06,NA,ENSO,NA,NA,Oceanic Nino Index,NA
15-1-2024 00:00,2024,1,1.92,NA,ENSO,NA,NA,Oceanic Nino Index,NA
15-2-2024 00:00,2024,2,1.62,NA,ENSO,NA,NA,Oceanic Nino Index,NA
15-3-2024 00:00,2024,3,1.26,NA,ENSO,NA,NA,Oceanic Nino Index,NA
15-4-2024 00:00,2024,4,0.82,NA,ENSO,NA,NA,Oceanic Nino Index,NA
15-5-2024 00:00,2024,5,0.49,NA,ENSO,NA,NA,Oceanic Nino Index,NA
15-6-2024 00:00,2024,6,0.22,NA,ENSO,NA,NA,Oceanic Nino Index,NA
15-7-2024 00:00,2024,7,0.08,NA,ENSO,NA,NA,Oceanic Nino Index,NA
15-8-2024 00:00,2024,8,-0.07,NA,ENSO,NA,NA,Oceanic Nino Index,NA
15-9-2024 00:00,2024,9,-0.17,NA,ENSO,NA,NA,Oceanic Nino Index,NA
15-10-2024 00:00,2024,10,-0.21,NA,ENSO,NA,NA,Oceanic Nino Index,NA
15-11-2024 00:00,2024,11,-0.3,NA,ENSO,NA,NA,Oceanic Nino Index,NA
15-12-2024 00:00,2024,12,-0.42,NA,ENSO,NA,NA,Oceanic Nino Index,NA
15-1-2025 00:00,2025,1,-0.45,NA,ENSO,NA,NA,Oceanic Nino Index,NA
15-2-2025 00:00,2025,2,-0.24,NA,ENSO,NA,NA,Oceanic Nino Index,NA
15-3-2025 00:00,2025,3,-0.06,NA,ENSO,NA,NA,Oceanic Nino Index,NA
15-4-2025 00:00,2025,4,0.02,NA,ENSO,NA,NA,Oceanic Nino Index,NA
15-5-2025 00:00,2025,5,-0.02,NA,ENSO,NA,NA,Oceanic Nino Index,NA
15-6-2025 00:00,2025,6,-0.04,NA,ENSO,NA,NA,Oceanic Nino Index,NA
15-7-2025 00:00,2025,7,-0.14,NA,ENSO,NA,NA,Oceanic Nino Index,NA
15-8-2025 00:00,2025,8,-0.28,NA,ENSO,NA,NA,Oceanic Nino Index,NA
15-9-2025 00:00,2025,9,-0.4,NA,ENSO,NA,NA,Oceanic Nino Index,NA
15-10-2025 00:00,2025,10,-0.51,NA,ENSO,NA,NA,Oceanic Nino Index,NA
15-11-2025 00:00,2025,11,-0.55,NA,ENSO,NA,NA,Oceanic Nino Index,NA
15-12-2025 00:00,2025,12,-0.54,NA,ENSO,NA,NA,Oceanic Nino Index,NA
01-JAN-1854 00:00,1854,1,0.05,NA,PDO,NA,NA,Pacific Decadal Oscillation,NA
01-FEB-1854 00:00,1854,2,-0.09,NA,PDO,NA,NA,Pacific Decadal Oscillation,NA
01-MAR-1854 00:00,1854,3,0.138,NA,PDO,NA,NA,Pacific Decadal Oscillation,NA
01-APR-1854 00:00,1854,4,0.131,NA,PDO,NA,NA,Pacific Decadal Oscillation,NA
01-MAY-1854 00:00,1854,5,-0.064,NA,PDO,NA,NA,Pacific Decadal Oscillation,NA
01-JUN-1854 00:00,1854,6,0.005,NA,PDO,NA,NA,Pacific Decadal Oscillation,NA
01-JUL-1854 00:00,1854,7,-0.201,NA,PDO,NA,NA,Pacific Decadal Oscillation,NA
01-AUG-1854 00:00,1854,8,-0.849,NA,PDO,NA,NA,Pacific Decadal Oscillation,NA
01-SEP-1854 00:00,1854,9,-0.727,NA,PDO,NA,NA,Pacific Decadal Oscillation,NA
01-OCT-1854 00:00,1854,10,-1.597,NA,PDO,NA,NA,Pacific Decadal Oscillation,NA
01-NOV-1854 00:00,1854,11,-1.301,NA,PDO,NA,NA,Pacific Decadal Oscillation,NA
01-DEC-1854 00:00,1854,12,-1.582,NA,PDO,NA,NA,Pacific Decadal Oscillation,NA
01-JAN-1855 00:00,1855,1,0.009,NA,PDO,NA,NA,Pacific Decadal Oscillation,NA
01-FEB-1855 00:00,1855,2,0.11,NA,PDO,NA,NA,Pacific Decadal Oscillation,NA
01-MAR-1855 00:00,1855,3,0.234,NA,PDO,NA,NA,Pacific Decadal Oscillation,NA
01-APR-1855 00:00,1855,4,-0.312,NA,PDO,NA,NA,Pacific Decadal Oscillation,NA
01-MAY-1855 00:00,1855,5,-0.999,NA,PDO,NA,NA,Pacific Decadal Oscillation,NA
01-JUN-1855 00:00,1855,6,-1.227,NA,PDO,NA,NA,Pacific Decadal Oscillation,NA
01-JUL-1855 00:00,1855,7,-0.571,NA,PDO,NA,NA,Pacific Decadal Oscillation,NA
01-AUG-1855 00:00,1855,8,0.049,NA,PDO,NA,NA,Pacific Decadal Oscillation,NA
01-SEP-1855 00:00,1855,9,-0.247,NA,PDO,NA,NA,Pacific Decadal Oscillation,NA
01-OCT-1855 00:00,1855,10,-0.243,NA,PDO,NA,NA,Pacific Decadal Oscillation,NA
01-NOV-1855 00:00,1855,11,-0.045,NA,PDO,NA,NA,Pacific Decadal Oscillation,NA
01-DEC-1855 00:00,1855,12,-0.498,NA,PDO,NA,NA,Pacific Decadal Oscillation,NA
01-JAN-1856 00:00,1856,1,-0.124,NA,PDO,NA,NA,Pacific Decadal Oscillation,NA
01-FEB-1856 00:00,1856,2,0.375,NA,PDO,NA,NA,Pacific Decadal Oscillation,NA
01-MAR-1856 00:00,1856,3,0.291,NA,PDO,NA,NA,Pacific Decadal Oscillation,NA
01-APR-1856 00:00,1856,4,-0.646,NA,PDO,NA,NA,Pacific Decadal Oscillation,NA
01-MAY-1856 00:00,1856,5,-0.81,NA,PDO,NA,NA,Pacific Decadal Oscillation,NA
01-JUN-1856 00:00,1856,6,-1.513,NA,PDO,NA,NA,Pacific Decadal Oscillation,NA
01-JUL-1856 00:00,1856,7,-0.347,NA,PDO,NA,NA,Pacific Decadal Oscillation,NA
01-AUG-1856 00:00,1856,8,0.75,NA,PDO,NA,NA,Pacific Decadal Oscillation,NA
01-SEP-1856 00:00,1856,9,0.921,NA,PDO,NA,NA,Pacific Decadal Oscillation,NA
01-OCT-1856 00:00,1856,10,0.733,NA,PDO,NA,NA,Pacific Decadal Oscillation,NA
01-NOV-1856 00:00,1856,11,0.307,NA,PDO,NA,NA,Pacific Decadal Oscillation,NA
01-DEC-1856 00:00,1856,12,-0.071,NA,PDO,NA,NA,Pacific Decadal Oscillation,NA
01-JAN-1857 00:00,1857,1,-0.665,NA,PDO,NA,NA,Pacific Decadal Oscillation,NA
01-FEB-1857 00:00,1857,2,-1.4,NA,PDO,NA,NA,Pacific Decadal Oscillation,NA
01-MAR-1857 00:00,1857,3,-1.149,NA,PDO,NA,NA,Pacific Decadal Oscillation,NA
01-APR-1857 00:00,1857,4,-0.455,NA,PDO,NA,NA,Pacific Decadal Oscillation,NA
01-MAY-1857 00:00,1857,5,0.052,NA,PDO,NA,NA,Pacific Decadal Oscillation,NA
01-JUN-1857 00:00,1857,6,1.031,NA,PDO,NA,NA,Pacific Decadal Oscillation,NA
01-JUL-1857 00:00,1857,7,1.144,NA,PDO,NA,NA,Pacific Decadal Oscillation,NA
01-AUG-1857 00:00,1857,8,0.871,NA,PDO,NA,NA,Pacific Decadal Oscillation,NA
01-SEP-1857 00:00,1857,9,0.651,NA,PDO,NA,NA,Pacific Decadal Oscillation,NA
01-OCT-1857 00:00,1857,10,0.414,NA,PDO,NA,NA,Pacific Decadal Oscillation,NA
01-NOV-1857 00:00,1857,11,0.34,NA,PDO,NA,NA,Pacific Decadal Oscillation,NA
01-DEC-1857 00:00,1857,12,-0.448,NA,PDO,NA,NA,Pacific Decadal Oscillation,NA
01-JAN-1858 00:00,1858,1,-0.769,NA,PDO,NA,NA,Pacific Decadal Oscillation,NA
01-FEB-1858 00:00,1858,2,-0.955,NA,PDO,NA,NA,Pacific Decadal Oscillation,NA
01-MAR-1858 00:00,1858,3,-1.309,NA,PDO,NA,NA,Pacific Decadal Oscillation,NA
01-APR-1858 00:00,1858,4,-0.718,NA,PDO,NA,NA,Pacific Decadal Oscillation,NA
01-MAY-1858 00:00,1858,5,0.619,NA,PDO,NA,NA,Pacific Decadal Oscillation,NA
01-JUN-1858 00:00,1858,6,2.357,NA,PDO,NA,NA,Pacific Decadal Oscillation,NA
01-JUL-1858 00:00,1858,7,1.422,NA,PDO,NA,NA,Pacific Decadal Oscillation,NA
01-AUG-1858 00:00,1858,8,1.401,NA,PDO,NA,NA,Pacific Decadal Oscillation,NA
01-SEP-1858 00:00,1858,9,1.515,NA,PDO,NA,NA,Pacific Decadal Oscillation,NA
01-OCT-1858 00:00,1858,10,2.296,NA,PDO,NA,NA,Pacific Decadal Oscillation,NA
01-NOV-1858 00:00,1858,11,0.644,NA,PDO,NA,NA,Pacific Decadal Oscillation,NA
01-DEC-1858 00:00,1858,12,-0.726,NA,PDO,NA,NA,Pacific Decadal Oscillation,NA
01-JAN-1859 00:00,1859,1,-0.809,NA,PDO,NA,NA,Pacific Decadal Oscillation,NA
01-FEB-1859 00:00,1859,2,-1.221,NA,PDO,NA,NA,Pacific Decadal Oscillation,NA
01-MAR-1859 00:00,1859,3,-1.777,NA,PDO,NA,NA,Pacific Decadal Oscillation,NA
01-APR-1859 00:00,1859,4,-2.707,NA,PDO,NA,NA,Pacific Decadal Oscillation,NA
01-MAY-1859 00:00,1859,5,-2.284,NA,PDO,NA,NA,Pacific Decadal Oscillation,NA
01-JUN-1859 00:00,1859,6,-1.941,NA,PDO,NA,NA,Pacific Decadal Oscillation,NA
01-JUL-1859 00:00,1859,7,-1.014,NA,PDO,NA,NA,Pacific Decadal Oscillation,NA
01-AUG-1859 00:00,1859,8,-0.945,NA,PDO,NA,NA,Pacific Decadal Oscillation,NA
01-SEP-1859 00:00,1859,9,-0.918,NA,PDO,NA,NA,Pacific Decadal Oscillation,NA
01-OCT-1859 00:00,1859,10,-1.102,NA,PDO,NA,NA,Pacific Decadal Oscillation,NA
01-NOV-1859 00:00,1859,11,-1.042,NA,PDO,NA,NA,Pacific Decadal Oscillation,NA
01-DEC-1859 00:00,1859,12,-0.776,NA,PDO,NA,NA,Pacific Decadal Oscillation,NA
01-JAN-1860 00:00,1860,1,-0.855,NA,PDO,NA,NA,Pacific Decadal Oscillation,NA
01-FEB-1860 00:00,1860,2,-0.795,NA,PDO,NA,NA,Pacific Decadal Oscillation,NA
01-MAR-1860 00:00,1860,3,-0.949,NA,PDO,NA,NA,Pacific Decadal Oscillation,NA
01-APR-1860 00:00,1860,4,-0.639,NA,PDO,NA,NA,Pacific Decadal Oscillation,NA
01-MAY-1860 00:00,1860,5,-0.576,NA,PDO,NA,NA,Pacific Decadal Oscillation,NA
01-JUN-1860 00:00,1860,6,-0.836,NA,PDO,NA,NA,Pacific Decadal Oscillation,NA
01-JUL-1860 00:00,1860,7,0.507,NA,PDO,NA,NA,Pacific Decadal Oscillation,NA
01-AUG-1860 00:00,1860,8,0.463,NA,PDO,NA,NA,Pacific Decadal Oscillation,NA
01-SEP-1860 00:00,1860,9,0.964,NA,PDO,NA,NA,Pacific Decadal Oscillation,NA
01-OCT-1860 00:00,1860,10,-0.806,NA,PDO,NA,NA,Pacific Decadal Oscillation,NA
01-NOV-1860 00:00,1860,11,-0.801,NA,PDO,NA,NA,Pacific Decadal Oscillation,NA
01-DEC-1860 00:00,1860,12,-1.056,NA,PDO,NA,NA,Pacific Decadal Oscillation,NA
01-JAN-1861 00:00,1861,1,-0.579,NA,PDO,NA,NA,Pacific Decadal Oscillation,NA
01-FEB-1861 00:00,1861,2,-0.727,NA,PDO,NA,NA,Pacific Decadal Oscillation,NA
01-MAR-1861 00:00,1861,3,-0.649,NA,PDO,NA,NA,Pacific Decadal Oscillation,NA
01-APR-1861 00:00,1861,4,-0.63,NA,PDO,NA,NA,Pacific Decadal Oscillation,NA
01-MAY-1861 00:00,1861,5,-0.165,NA,PDO,NA,NA,Pacific Decadal Oscillation,NA
01-JUN-1861 00:00,1861,6,-0.153,NA,PDO,NA,NA,Pacific Decadal Oscillation,NA
01-JUL-1861 00:00,1861,7,-0.253,NA,PDO,NA,NA,Pacific Decadal Oscillation,NA
01-AUG-1861 00:00,1861,8,-0.302,NA,PDO,NA,NA,Pacific Decadal Oscillation,NA
01-SEP-1861 00:00,1861,9,-0.757,NA,PDO,NA,NA,Pacific Decadal Oscillation,NA
01-OCT-1861 00:00,1861,10,-1.108,NA,PDO,NA,NA,Pacific Decadal Oscillation,NA
01-NOV-1861 00:00,1861,11,-1.318,NA,PDO,NA,NA,Pacific Decadal Oscillation,NA
01-DEC-1861 00:00,1861,12,-1.293,NA,PDO,NA,NA,Pacific Decadal Oscillation,NA
01-JAN-1862 00:00,1862,1,-0.44,NA,PDO,NA,NA,Pacific Decadal Oscillation,NA
01-FEB-1862 00:00,1862,2,-0.122,NA,PDO,NA,NA,Pacific Decadal Oscillation,NA
01-MAR-1862 00:00,1862,3,0.186,NA,PDO,NA,NA,Pacific Decadal Oscillation,NA
01-APR-1862 00:00,1862,4,0.114,NA,PDO,NA,NA,Pacific Decadal Oscillation,NA
01-MAY-1862 00:00,1862,5,0.092,NA,PDO,NA,NA,Pacific Decadal Oscillation,NA
01-JUN-1862 00:00,1862,6,-0.034,NA,PDO,NA,NA,Pacific Decadal Oscillation,NA
01-JUL-1862 00:00,1862,7,0.028,NA,PDO,NA,NA,Pacific Decadal Oscillation,NA
01-AUG-1862 00:00,1862,8,0.127,NA,PDO,NA,NA,Pacific Decadal Oscillation,NA
01-SEP-1862 00:00,1862,9,-0.398,NA,PDO,NA,NA,Pacific Decadal Oscillation,NA
01-OCT-1862 00:00,1862,10,-0.377,NA,PDO,NA,NA,Pacific Decadal Oscillation,NA
01-NOV-1862 00:00,1862,11,-0.204,NA,PDO,NA,NA,Pacific Decadal Oscillation,NA
01-DEC-1862 00:00,1862,12,-0.171,NA,PDO,NA,NA,Pacific Decadal Oscillation,NA
01-JAN-1863 00:00,1863,1,-0.176,NA,PDO,NA,NA,Pacific Decadal Oscillation,NA
01-FEB-1863 00:00,1863,2,-0.168,NA,PDO,NA,NA,Pacific Decadal Oscillation,NA
01-MAR-1863 00:00,1863,3,-0.112,NA,PDO,NA,NA,Pacific Decadal Oscillation,NA
01-APR-1863 00:00,1863,4,-0.027,NA,PDO,NA,NA,Pacific Decadal Oscillation,NA
01-MAY-1863 00:00,1863,5,0.2,NA,PDO,NA,NA,Pacific Decadal Oscillation,NA
01-JUN-1863 00:00,1863,6,0.144,NA,PDO,NA,NA,Pacific Decadal Oscillation,NA
01-JUL-1863 00:00,1863,7,0.444,NA,PDO,NA,NA,Pacific Decadal Oscillation,NA
01-AUG-1863 00:00,1863,8,0.204,NA,PDO,NA,NA,Pacific Decadal Oscillation,NA
01-SEP-1863 00:00,1863,9,0.433,NA,PDO,NA,NA,Pacific Decadal Oscillation,NA
01-OCT-1863 00:00,1863,10,0.261,NA,PDO,NA,NA,Pacific Decadal Oscillation,NA
01-NOV-1863 00:00,1863,11,0.189,NA,PDO,NA,NA,Pacific Decadal Oscillation,NA
01-DEC-1863 00:00,1863,12,0.043,NA,PDO,NA,NA,Pacific Decadal Oscillation,NA
01-JAN-1864 00:00,1864,1,-0.01,NA,PDO,NA,NA,Pacific Decadal Oscillation,NA
01-FEB-1864 00:00,1864,2,0.161,NA,PDO,NA,NA,Pacific Decadal Oscillation,NA
01-MAR-1864 00:00,1864,3,-0.572,NA,PDO,NA,NA,Pacific Decadal Oscillation,NA
01-APR-1864 00:00,1864,4,-0.473,NA,PDO,NA,NA,Pacific Decadal Oscillation,NA
01-MAY-1864 00:00,1864,5,-0.199,NA,PDO,NA,NA,Pacific Decadal Oscillation,NA
01-JUN-1864 00:00,1864,6,-0.101,NA,PDO,NA,NA,Pacific Decadal Oscillation,NA
01-JUL-1864 00:00,1864,7,0.415,NA,PDO,NA,NA,Pacific Decadal Oscillation,NA
01-AUG-1864 00:00,1864,8,0.131,NA,PDO,NA,NA,Pacific Decadal Oscillation,NA
01-SEP-1864 00:00,1864,9,0.217,NA,PDO,NA,NA,Pacific Decadal Oscillation,NA
01-OCT-1864 00:00,1864,10,0.553,NA,PDO,NA,NA,Pacific Decadal Oscillation,NA
01-NOV-1864 00:00,1864,11,0.824,NA,PDO,NA,NA,Pacific Decadal Oscillation,NA
01-DEC-1864 00:00,1864,12,0.66,NA,PDO,NA,NA,Pacific Decadal Oscillation,NA
01-JAN-1865 00:00,1865,1,-0,NA,PDO,NA,NA,Pacific Decadal Oscillation,NA
01-FEB-1865 00:00,1865,2,-0.141,NA,PDO,NA,NA,Pacific Decadal Oscillation,NA
01-MAR-1865 00:00,1865,3,-0.01,NA,PDO,NA,NA,Pacific Decadal Oscillation,NA
01-APR-1865 00:00,1865,4,0.152,NA,PDO,NA,NA,Pacific Decadal Oscillation,NA
01-MAY-1865 00:00,1865,5,0.174,NA,PDO,NA,NA,Pacific Decadal Oscillation,NA
01-JUN-1865 00:00,1865,6,-0.281,NA,PDO,NA,NA,Pacific Decadal Oscillation,NA
01-JUL-1865 00:00,1865,7,-0.302,NA,PDO,NA,NA,Pacific Decadal Oscillation,NA
01-AUG-1865 00:00,1865,8,-0.109,NA,PDO,NA,NA,Pacific Decadal Oscillation,NA
01-SEP-1865 00:00,1865,9,-0.155,NA,PDO,NA,NA,Pacific Decadal Oscillation,NA
01-OCT-1865 00:00,1865,10,-0.166,NA,PDO,NA,NA,Pacific Decadal Oscillation,NA
01-NOV-1865 00:00,1865,11,-0.348,NA,PDO,NA,NA,Pacific Decadal Oscillation,NA
01-DEC-1865 00:00,1865,12,-0.576,NA,PDO,NA,NA,Pacific Decadal Oscillation,NA
01-JAN-1866 00:00,1866,1,-1.735,NA,PDO,NA,NA,Pacific Decadal Oscillation,NA
01-FEB-1866 00:00,1866,2,-1.599,NA,PDO,NA,NA,Pacific Decadal Oscillation,NA
01-MAR-1866 00:00,1866,3,-1.55,NA,PDO,NA,NA,Pacific Decadal Oscillation,NA
01-APR-1866 00:00,1866,4,-0.76,NA,PDO,NA,NA,Pacific Decadal Oscillation,NA
01-MAY-1866 00:00,1866,5,-0.294,NA,PDO,NA,NA,Pacific Decadal Oscillation,NA
01-JUN-1866 00:00,1866,6,-0.411,NA,PDO,NA,NA,Pacific Decadal Oscillation,NA
01-JUL-1866 00:00,1866,7,-0.064,NA,PDO,NA,NA,Pacific Decadal Oscillation,NA
01-AUG-1866 00:00,1866,8,0.093,NA,PDO,NA,NA,Pacific Decadal Oscillation,NA
01-SEP-1866 00:00,1866,9,0.011,NA,PDO,NA,NA,Pacific Decadal Oscillation,NA
01-OCT-1866 00:00,1866,10,0.169,NA,PDO,NA,NA,Pacific Decadal Oscillation,NA
01-NOV-1866 00:00,1866,11,0.196,NA,PDO,NA,NA,Pacific Decadal Oscillation,NA
01-DEC-1866 00:00,1866,12,-0.2,NA,PDO,NA,NA,Pacific Decadal Oscillation,NA
01-JAN-1867 00:00,1867,1,-0.033,NA,PDO,NA,NA,Pacific Decadal Oscillation,NA
01-FEB-1867 00:00,1867,2,-0.053,NA,PDO,NA,NA,Pacific Decadal Oscillation,NA
01-MAR-1867 00:00,1867,3,-0.114,NA,PDO,NA,NA,Pacific Decadal Oscillation,NA
01-APR-1867 00:00,1867,4,-0.121,NA,PDO,NA,NA,Pacific Decadal Oscillation,NA
01-MAY-1867 00:00,1867,5,0.062,NA,PDO,NA,NA,Pacific Decadal Oscillation,NA
01-JUN-1867 00:00,1867,6,0.064,NA,PDO,NA,NA,Pacific Decadal Oscillation,NA
01-JUL-1867 00:00,1867,7,0.326,NA,PDO,NA,NA,Pacific Decadal Oscillation,NA
01-AUG-1867 00:00,1867,8,0.197,NA,PDO,NA,NA,Pacific Decadal Oscillation,NA
01-SEP-1867 00:00,1867,9,0.111,NA,PDO,NA,NA,Pacific Decadal Oscillation,NA
01-OCT-1867 00:00,1867,10,-0.369,NA,PDO,NA,NA,Pacific Decadal Oscillation,NA
01-NOV-1867 00:00,1867,11,0.004,NA,PDO,NA,NA,Pacific Decadal Oscillation,NA
01-DEC-1867 00:00,1867,12,0.707,NA,PDO,NA,NA,Pacific Decadal Oscillation,NA
01-JAN-1868 00:00,1868,1,0.592,NA,PDO,NA,NA,Pacific Decadal Oscillation,NA
01-FEB-1868 00:00,1868,2,0.283,NA,PDO,NA,NA,Pacific Decadal Oscillation,NA
01-MAR-1868 00:00,1868,3,0.2,NA,PDO,NA,NA,Pacific Decadal Oscillation,NA
01-APR-1868 00:00,1868,4,-0.063,NA,PDO,NA,NA,Pacific Decadal Oscillation,NA
01-MAY-1868 00:00,1868,5,-0.004,NA,PDO,NA,NA,Pacific Decadal Oscillation,NA
01-JUN-1868 00:00,1868,6,0.1,NA,PDO,NA,NA,Pacific Decadal Oscillation,NA
01-JUL-1868 00:00,1868,7,0.373,NA,PDO,NA,NA,Pacific Decadal Oscillation,NA
01-AUG-1868 00:00,1868,8,0.419,NA,PDO,NA,NA,Pacific Decadal Oscillation,NA
01-SEP-1868 00:00,1868,9,0.558,NA,PDO,NA,NA,Pacific Decadal Oscillation,NA
01-OCT-1868 00:00,1868,10,0.23,NA,PDO,NA,NA,Pacific Decadal Oscillation,NA
01-NOV-1868 00:00,1868,11,-0.247,NA,PDO,NA,NA,Pacific Decadal Oscillation,NA
01-DEC-1868 00:00,1868,12,-0.547,NA,PDO,NA,NA,Pacific Decadal Oscillation,NA
01-JAN-1869 00:00,1869,1,-0.491,NA,PDO,NA,NA,Pacific Decadal Oscillation,NA
01-FEB-1869 00:00,1869,2,-0.044,NA,PDO,NA,NA,Pacific Decadal Oscillation,NA
01-MAR-1869 00:00,1869,3,0.418,NA,PDO,NA,NA,Pacific Decadal Oscillation,NA
01-APR-1869 00:00,1869,4,1.137,NA,PDO,NA,NA,Pacific Decadal Oscillation,NA
01-MAY-1869 00:00,1869,5,3.254,NA,PDO,NA,NA,Pacific Decadal Oscillation,NA
01-JUN-1869 00:00,1869,6,3.406,NA,PDO,NA,NA,Pacific Decadal Oscillation,NA
01-JUL-1869 00:00,1869,7,3.375,NA,PDO,NA,NA,Pacific Decadal Oscillation,NA
01-AUG-1869 00:00,1869,8,1.167,NA,PDO,NA,NA,Pacific Decadal Oscillation,NA
01-SEP-1869 00:00,1869,9,0.021,NA,PDO,NA,NA,Pacific Decadal Oscillation,NA
01-OCT-1869 00:00,1869,10,-0.364,NA,PDO,NA,NA,Pacific Decadal Oscillation,NA
01-NOV-1869 00:00,1869,11,-0.454,NA,PDO,NA,NA,Pacific Decadal Oscillation,NA
01-DEC-1869 00:00,1869,12,-0.391,NA,PDO,NA,NA,Pacific Decadal Oscillation,NA
01-JAN-1870 00:00,1870,1,0.21,NA,PDO,NA,NA,Pacific Decadal Oscillation,NA
01-FEB-1870 00:00,1870,2,-0.059,NA,PDO,NA,NA,Pacific Decadal Oscillation,NA
01-MAR-1870 00:00,1870,3,0.323,NA,PDO,NA,NA,Pacific Decadal Oscillation,NA
01-APR-1870 00:00,1870,4,0.081,NA,PDO,NA,NA,Pacific Decadal Oscillation,NA
01-MAY-1870 00:00,1870,5,0.164,NA,PDO,NA,NA,Pacific Decadal Oscillation,NA
01-JUN-1870 00:00,1870,6,-0.232,NA,PDO,NA,NA,Pacific Decadal Oscillation,NA
01-JUL-1870 00:00,1870,7,0.158,NA,PDO,NA,NA,Pacific Decadal Oscillation,NA
01-AUG-1870 00:00,1870,8,0.371,NA,PDO,NA,NA,Pacific Decadal Oscillation,NA
01-SEP-1870 00:00,1870,9,-0.038,NA,PDO,NA,NA,Pacific Decadal Oscillation,NA
01-OCT-1870 00:00,1870,10,-0.307,NA,PDO,NA,NA,Pacific Decadal Oscillation,NA
01-NOV-1870 00:00,1870,11,-0.522,NA,PDO,NA,NA,Pacific Decadal Oscillation,NA
01-DEC-1870 00:00,1870,12,-0.76,NA,PDO,NA,NA,Pacific Decadal Oscillation,NA
01-JAN-1871 00:00,1871,1,-0.456,NA,PDO,NA,NA,Pacific Decadal Oscillation,NA
01-FEB-1871 00:00,1871,2,-0.027,NA,PDO,NA,NA,Pacific Decadal Oscillation,NA
01-MAR-1871 00:00,1871,3,0.157,NA,PDO,NA,NA,Pacific Decadal Oscillation,NA
01-APR-1871 00:00,1871,4,-0.093,NA,PDO,NA,NA,Pacific Decadal Oscillation,NA
01-MAY-1871 00:00,1871,5,-0.464,NA,PDO,NA,NA,Pacific Decadal Oscillation,NA
01-JUN-1871 00:00,1871,6,-0.105,NA,PDO,NA,NA,Pacific Decadal Oscillation,NA
01-JUL-1871 00:00,1871,7,-0.067,NA,PDO,NA,NA,Pacific Decadal Oscillation,NA
01-AUG-1871 00:00,1871,8,0.209,NA,PDO,NA,NA,Pacific Decadal Oscillation,NA
01-SEP-1871 00:00,1871,9,-0.314,NA,PDO,NA,NA,Pacific Decadal Oscillation,NA
01-OCT-1871 00:00,1871,10,-0.574,NA,PDO,NA,NA,Pacific Decadal Oscillation,NA
01-NOV-1871 00:00,1871,11,-0.65,NA,PDO,NA,NA,Pacific Decadal Oscillation,NA
01-DEC-1871 00:00,1871,12,-0.282,NA,PDO,NA,NA,Pacific Decadal Oscillation,NA
01-JAN-1872 00:00,1872,1,-0.319,NA,PDO,NA,NA,Pacific Decadal Oscillation,NA
01-FEB-1872 00:00,1872,2,-0.409,NA,PDO,NA,NA,Pacific Decadal Oscillation,NA
01-MAR-1872 00:00,1872,3,-0.166,NA,PDO,NA,NA,Pacific Decadal Oscillation,NA
01-APR-1872 00:00,1872,4,-0.324,NA,PDO,NA,NA,Pacific Decadal Oscillation,NA
01-MAY-1872 00:00,1872,5,0.059,NA,PDO,NA,NA,Pacific Decadal Oscillation,NA
01-JUN-1872 00:00,1872,6,-0.527,NA,PDO,NA,NA,Pacific Decadal Oscillation,NA
01-JUL-1872 00:00,1872,7,-0.521,NA,PDO,NA,NA,Pacific Decadal Oscillation,NA
01-AUG-1872 00:00,1872,8,-0.444,NA,PDO,NA,NA,Pacific Decadal Oscillation,NA
01-SEP-1872 00:00,1872,9,-0.176,NA,PDO,NA,NA,Pacific Decadal Oscillation,NA
01-OCT-1872 00:00,1872,10,-0.018,NA,PDO,NA,NA,Pacific Decadal Oscillation,NA
01-NOV-1872 00:00,1872,11,-1.537,NA,PDO,NA,NA,Pacific Decadal Oscillation,NA
01-DEC-1872 00:00,1872,12,-1.992,NA,PDO,NA,NA,Pacific Decadal Oscillation,NA
01-JAN-1873 00:00,1873,1,-2.007,NA,PDO,NA,NA,Pacific Decadal Oscillation,NA
01-FEB-1873 00:00,1873,2,-1.732,NA,PDO,NA,NA,Pacific Decadal Oscillation,NA
01-MAR-1873 00:00,1873,3,-1.398,NA,PDO,NA,NA,Pacific Decadal Oscillation,NA
01-APR-1873 00:00,1873,4,-0.628,NA,PDO,NA,NA,Pacific Decadal Oscillation,NA
01-MAY-1873 00:00,1873,5,-0.301,NA,PDO,NA,NA,Pacific Decadal Oscillation,NA
01-JUN-1873 00:00,1873,6,-0.583,NA,PDO,NA,NA,Pacific Decadal Oscillation,NA
01-JUL-1873 00:00,1873,7,-0.632,NA,PDO,NA,NA,Pacific Decadal Oscillation,NA
01-AUG-1873 00:00,1873,8,-0.633,NA,PDO,NA,NA,Pacific Decadal Oscillation,NA
01-SEP-1873 00:00,1873,9,-0.559,NA,PDO,NA,NA,Pacific Decadal Oscillation,NA
01-OCT-1873 00:00,1873,10,-0.328,NA,PDO,NA,NA,Pacific Decadal Oscillation,NA
01-NOV-1873 00:00,1873,11,-0.643,NA,PDO,NA,NA,Pacific Decadal Oscillation,NA
01-DEC-1873 00:00,1873,12,-0.614,NA,PDO,NA,NA,Pacific Decadal Oscillation,NA
01-JAN-1874 00:00,1874,1,-0.501,NA,PDO,NA,NA,Pacific Decadal Oscillation,NA
01-FEB-1874 00:00,1874,2,-0.687,NA,PDO,NA,NA,Pacific Decadal Oscillation,NA
01-MAR-1874 00:00,1874,3,-0.314,NA,PDO,NA,NA,Pacific Decadal Oscillation,NA
01-APR-1874 00:00,1874,4,0,NA,PDO,NA,NA,Pacific Decadal Oscillation,NA
01-MAY-1874 00:00,1874,5,-0.143,NA,PDO,NA,NA,Pacific Decadal Oscillation,NA
01-JUN-1874 00:00,1874,6,-0.238,NA,PDO,NA,NA,Pacific Decadal Oscillation,NA
01-JUL-1874 00:00,1874,7,0.108,NA,PDO,NA,NA,Pacific Decadal Oscillation,NA
01-AUG-1874 00:00,1874,8,0.549,NA,PDO,NA,NA,Pacific Decadal Oscillation,NA
01-SEP-1874 00:00,1874,9,0.38,NA,PDO,NA,NA,Pacific Decadal Oscillation,NA
01-OCT-1874 00:00,1874,10,0.186,NA,PDO,NA,NA,Pacific Decadal Oscillation,NA
01-NOV-1874 00:00,1874,11,0.24,NA,PDO,NA,NA,Pacific Decadal Oscillation,NA
01-DEC-1874 00:00,1874,12,-0.676,NA,PDO,NA,NA,Pacific Decadal Oscillation,NA
01-JAN-1875 00:00,1875,1,-0.98,NA,PDO,NA,NA,Pacific Decadal Oscillation,NA
01-FEB-1875 00:00,1875,2,-1.252,NA,PDO,NA,NA,Pacific Decadal Oscillation,NA
01-MAR-1875 00:00,1875,3,-1.004,NA,PDO,NA,NA,Pacific Decadal Oscillation,NA
01-APR-1875 00:00,1875,4,-0.91,NA,PDO,NA,NA,Pacific Decadal Oscillation,NA
01-MAY-1875 00:00,1875,5,-0.556,NA,PDO,NA,NA,Pacific Decadal Oscillation,NA
01-JUN-1875 00:00,1875,6,-0.416,NA,PDO,NA,NA,Pacific Decadal Oscillation,NA
01-JUL-1875 00:00,1875,7,-0.363,NA,PDO,NA,NA,Pacific Decadal Oscillation,NA
01-AUG-1875 00:00,1875,8,-0.053,NA,PDO,NA,NA,Pacific Decadal Oscillation,NA
01-SEP-1875 00:00,1875,9,-0.061,NA,PDO,NA,NA,Pacific Decadal Oscillation,NA
01-OCT-1875 00:00,1875,10,-0.591,NA,PDO,NA,NA,Pacific Decadal Oscillation,NA
01-NOV-1875 00:00,1875,11,-0.465,NA,PDO,NA,NA,Pacific Decadal Oscillation,NA
01-DEC-1875 00:00,1875,12,0.056,NA,PDO,NA,NA,Pacific Decadal Oscillation,NA
01-JAN-1876 00:00,1876,1,-0.825,NA,PDO,NA,NA,Pacific Decadal Oscillation,NA
01-FEB-1876 00:00,1876,2,-0.764,NA,PDO,NA,NA,Pacific Decadal Oscillation,NA
01-MAR-1876 00:00,1876,3,-0.871,NA,PDO,NA,NA,Pacific Decadal Oscillation,NA
01-APR-1876 00:00,1876,4,-1.353,NA,PDO,NA,NA,Pacific Decadal Oscillation,NA
01-MAY-1876 00:00,1876,5,-1.192,NA,PDO,NA,NA,Pacific Decadal Oscillation,NA
01-JUN-1876 00:00,1876,6,-0.654,NA,PDO,NA,NA,Pacific Decadal Oscillation,NA
01-JUL-1876 00:00,1876,7,-1.865,NA,PDO,NA,NA,Pacific Decadal Oscillation,NA
01-AUG-1876 00:00,1876,8,-1.593,NA,PDO,NA,NA,Pacific Decadal Oscillation,NA
01-SEP-1876 00:00,1876,9,-0.813,NA,PDO,NA,NA,Pacific Decadal Oscillation,NA
01-OCT-1876 00:00,1876,10,0.067,NA,PDO,NA,NA,Pacific Decadal Oscillation,NA
01-NOV-1876 00:00,1876,11,0.337,NA,PDO,NA,NA,Pacific Decadal Oscillation,NA
01-DEC-1876 00:00,1876,12,-0.109,NA,PDO,NA,NA,Pacific Decadal Oscillation,NA
01-JAN-1877 00:00,1877,1,-0.033,NA,PDO,NA,NA,Pacific Decadal Oscillation,NA
01-FEB-1877 00:00,1877,2,0.145,NA,PDO,NA,NA,Pacific Decadal Oscillation,NA
01-MAR-1877 00:00,1877,3,0.2,NA,PDO,NA,NA,Pacific Decadal Oscillation,NA
01-APR-1877 00:00,1877,4,-0.05,NA,PDO,NA,NA,Pacific Decadal Oscillation,NA
01-MAY-1877 00:00,1877,5,-0.128,NA,PDO,NA,NA,Pacific Decadal Oscillation,NA
01-JUN-1877 00:00,1877,6,-0.305,NA,PDO,NA,NA,Pacific Decadal Oscillation,NA
01-JUL-1877 00:00,1877,7,0.277,NA,PDO,NA,NA,Pacific Decadal Oscillation,NA
01-AUG-1877 00:00,1877,8,-0.162,NA,PDO,NA,NA,Pacific Decadal Oscillation,NA
01-SEP-1877 00:00,1877,9,0.103,NA,PDO,NA,NA,Pacific Decadal Oscillation,NA
01-OCT-1877 00:00,1877,10,0.204,NA,PDO,NA,NA,Pacific Decadal Oscillation,NA
01-NOV-1877 00:00,1877,11,0.469,NA,PDO,NA,NA,Pacific Decadal Oscillation,NA
01-DEC-1877 00:00,1877,12,0.591,NA,PDO,NA,NA,Pacific Decadal Oscillation,NA
01-JAN-1878 00:00,1878,1,0.661,NA,PDO,NA,NA,Pacific Decadal Oscillation,NA
01-FEB-1878 00:00,1878,2,1.173,NA,PDO,NA,NA,Pacific Decadal Oscillation,NA
01-MAR-1878 00:00,1878,3,1.277,NA,PDO,NA,NA,Pacific Decadal Oscillation,NA
01-APR-1878 00:00,1878,4,1.661,NA,PDO,NA,NA,Pacific Decadal Oscillation,NA
01-MAY-1878 00:00,1878,5,1.745,NA,PDO,NA,NA,Pacific Decadal Oscillation,NA
01-JUN-1878 00:00,1878,6,1.189,NA,PDO,NA,NA,Pacific Decadal Oscillation,NA
01-JUL-1878 00:00,1878,7,0.81,NA,PDO,NA,NA,Pacific Decadal Oscillation,NA
01-AUG-1878 00:00,1878,8,0.105,NA,PDO,NA,NA,Pacific Decadal Oscillation,NA
01-SEP-1878 00:00,1878,9,-0.954,NA,PDO,NA,NA,Pacific Decadal Oscillation,NA
01-OCT-1878 00:00,1878,10,-0.663,NA,PDO,NA,NA,Pacific Decadal Oscillation,NA
01-NOV-1878 00:00,1878,11,-0.005,NA,PDO,NA,NA,Pacific Decadal Oscillation,NA
01-DEC-1878 00:00,1878,12,1.325,NA,PDO,NA,NA,Pacific Decadal Oscillation,NA
01-JAN-1879 00:00,1879,1,0.14,NA,PDO,NA,NA,Pacific Decadal Oscillation,NA
01-FEB-1879 00:00,1879,2,0.249,NA,PDO,NA,NA,Pacific Decadal Oscillation,NA
01-MAR-1879 00:00,1879,3,0.341,NA,PDO,NA,NA,Pacific Decadal Oscillation,NA
01-APR-1879 00:00,1879,4,0.684,NA,PDO,NA,NA,Pacific Decadal Oscillation,NA
01-MAY-1879 00:00,1879,5,-0.686,NA,PDO,NA,NA,Pacific Decadal Oscillation,NA
01-JUN-1879 00:00,1879,6,-0.843,NA,PDO,NA,NA,Pacific Decadal Oscillation,NA
01-JUL-1879 00:00,1879,7,-1.034,NA,PDO,NA,NA,Pacific Decadal Oscillation,NA
01-AUG-1879 00:00,1879,8,0.026,NA,PDO,NA,NA,Pacific Decadal Oscillation,NA
01-SEP-1879 00:00,1879,9,0.111,NA,PDO,NA,NA,Pacific Decadal Oscillation,NA
01-OCT-1879 00:00,1879,10,0.048,NA,PDO,NA,NA,Pacific Decadal Oscillation,NA
01-NOV-1879 00:00,1879,11,-0.247,NA,PDO,NA,NA,Pacific Decadal Oscillation,NA
01-DEC-1879 00:00,1879,12,-0.053,NA,PDO,NA,NA,Pacific Decadal Oscillation,NA
01-JAN-1880 00:00,1880,1,0.255,NA,PDO,NA,NA,Pacific Decadal Oscillation,NA
01-FEB-1880 00:00,1880,2,-0.323,NA,PDO,NA,NA,Pacific Decadal Oscillation,NA
01-MAR-1880 00:00,1880,3,-0.98,NA,PDO,NA,NA,Pacific Decadal Oscillation,NA
01-APR-1880 00:00,1880,4,-1.736,NA,PDO,NA,NA,Pacific Decadal Oscillation,NA
01-MAY-1880 00:00,1880,5,-2.246,NA,PDO,NA,NA,Pacific Decadal Oscillation,NA
01-JUN-1880 00:00,1880,6,-2.448,NA,PDO,NA,NA,Pacific Decadal Oscillation,NA
01-JUL-1880 00:00,1880,7,-1.564,NA,PDO,NA,NA,Pacific Decadal Oscillation,NA
01-AUG-1880 00:00,1880,8,-1.228,NA,PDO,NA,NA,Pacific Decadal Oscillation,NA
01-SEP-1880 00:00,1880,9,-1.374,NA,PDO,NA,NA,Pacific Decadal Oscillation,NA
01-OCT-1880 00:00,1880,10,0.3,NA,PDO,NA,NA,Pacific Decadal Oscillation,NA
01-NOV-1880 00:00,1880,11,-0.083,NA,PDO,NA,NA,Pacific Decadal Oscillation,NA
01-DEC-1880 00:00,1880,12,-0.016,NA,PDO,NA,NA,Pacific Decadal Oscillation,NA
01-JAN-1881 00:00,1881,1,-0.321,NA,PDO,NA,NA,Pacific Decadal Oscillation,NA
01-FEB-1881 00:00,1881,2,-0.011,NA,PDO,NA,NA,Pacific Decadal Oscillation,NA
01-MAR-1881 00:00,1881,3,0.219,NA,PDO,NA,NA,Pacific Decadal Oscillation,NA
01-APR-1881 00:00,1881,4,0.323,NA,PDO,NA,NA,Pacific Decadal Oscillation,NA
01-MAY-1881 00:00,1881,5,0.682,NA,PDO,NA,NA,Pacific Decadal Oscillation,NA
01-JUN-1881 00:00,1881,6,0.569,NA,PDO,NA,NA,Pacific Decadal Oscillation,NA
01-JUL-1881 00:00,1881,7,-1.122,NA,PDO,NA,NA,Pacific Decadal Oscillation,NA
01-AUG-1881 00:00,1881,8,-1.694,NA,PDO,NA,NA,Pacific Decadal Oscillation,NA
01-SEP-1881 00:00,1881,9,0.492,NA,PDO,NA,NA,Pacific Decadal Oscillation,NA
01-OCT-1881 00:00,1881,10,0.555,NA,PDO,NA,NA,Pacific Decadal Oscillation,NA
01-NOV-1881 00:00,1881,11,0.386,NA,PDO,NA,NA,Pacific Decadal Oscillation,NA
01-DEC-1881 00:00,1881,12,-0.543,NA,PDO,NA,NA,Pacific Decadal Oscillation,NA
01-JAN-1882 00:00,1882,1,-1.514,NA,PDO,NA,NA,Pacific Decadal Oscillation,NA
01-FEB-1882 00:00,1882,2,-1.317,NA,PDO,NA,NA,Pacific Decadal Oscillation,NA
01-MAR-1882 00:00,1882,3,-1.27,NA,PDO,NA,NA,Pacific Decadal Oscillation,NA
01-APR-1882 00:00,1882,4,-1.103,NA,PDO,NA,NA,Pacific Decadal Oscillation,NA
01-MAY-1882 00:00,1882,5,-0.918,NA,PDO,NA,NA,Pacific Decadal Oscillation,NA
01-JUN-1882 00:00,1882,6,-1.447,NA,PDO,NA,NA,Pacific Decadal Oscillation,NA
01-JUL-1882 00:00,1882,7,-2.514,NA,PDO,NA,NA,Pacific Decadal Oscillation,NA
01-AUG-1882 00:00,1882,8,-0.775,NA,PDO,NA,NA,Pacific Decadal Oscillation,NA
01-SEP-1882 00:00,1882,9,-0.411,NA,PDO,NA,NA,Pacific Decadal Oscillation,NA
01-OCT-1882 00:00,1882,10,-0.748,NA,PDO,NA,NA,Pacific Decadal Oscillation,NA
01-NOV-1882 00:00,1882,11,-0.412,NA,PDO,NA,NA,Pacific Decadal Oscillation,NA
01-DEC-1882 00:00,1882,12,0.405,NA,PDO,NA,NA,Pacific Decadal Oscillation,NA
01-JAN-1883 00:00,1883,1,-0.992,NA,PDO,NA,NA,Pacific Decadal Oscillation,NA
01-FEB-1883 00:00,1883,2,-0.865,NA,PDO,NA,NA,Pacific Decadal Oscillation,NA
01-MAR-1883 00:00,1883,3,-0.967,NA,PDO,NA,NA,Pacific Decadal Oscillation,NA
01-APR-1883 00:00,1883,4,-0.07,NA,PDO,NA,NA,Pacific Decadal Oscillation,NA
01-MAY-1883 00:00,1883,5,-0.261,NA,PDO,NA,NA,Pacific Decadal Oscillation,NA
01-JUN-1883 00:00,1883,6,-0.524,NA,PDO,NA,NA,Pacific Decadal Oscillation,NA
01-JUL-1883 00:00,1883,7,-1.626,NA,PDO,NA,NA,Pacific Decadal Oscillation,NA
01-AUG-1883 00:00,1883,8,-1.378,NA,PDO,NA,NA,Pacific Decadal Oscillation,NA
01-SEP-1883 00:00,1883,9,-0.781,NA,PDO,NA,NA,Pacific Decadal Oscillation,NA
01-OCT-1883 00:00,1883,10,-0.726,NA,PDO,NA,NA,Pacific Decadal Oscillation,NA
01-NOV-1883 00:00,1883,11,-0.656,NA,PDO,NA,NA,Pacific Decadal Oscillation,NA
01-DEC-1883 00:00,1883,12,-1.266,NA,PDO,NA,NA,Pacific Decadal Oscillation,NA
01-JAN-1884 00:00,1884,1,-1.397,NA,PDO,NA,NA,Pacific Decadal Oscillation,NA
01-FEB-1884 00:00,1884,2,-1.586,NA,PDO,NA,NA,Pacific Decadal Oscillation,NA
01-MAR-1884 00:00,1884,3,-1.156,NA,PDO,NA,NA,Pacific Decadal Oscillation,NA
01-APR-1884 00:00,1884,4,-0.528,NA,PDO,NA,NA,Pacific Decadal Oscillation,NA
01-MAY-1884 00:00,1884,5,0.439,NA,PDO,NA,NA,Pacific Decadal Oscillation,NA
01-JUN-1884 00:00,1884,6,0.826,NA,PDO,NA,NA,Pacific Decadal Oscillation,NA
01-JUL-1884 00:00,1884,7,1.097,NA,PDO,NA,NA,Pacific Decadal Oscillation,NA
01-AUG-1884 00:00,1884,8,0.902,NA,PDO,NA,NA,Pacific Decadal Oscillation,NA
01-SEP-1884 00:00,1884,9,0.708,NA,PDO,NA,NA,Pacific Decadal Oscillation,NA
01-OCT-1884 00:00,1884,10,1.236,NA,PDO,NA,NA,Pacific Decadal Oscillation,NA
01-NOV-1884 00:00,1884,11,1.909,NA,PDO,NA,NA,Pacific Decadal Oscillation,NA
01-DEC-1884 00:00,1884,12,2.253,NA,PDO,NA,NA,Pacific Decadal Oscillation,NA
01-JAN-1885 00:00,1885,1,2.296,NA,PDO,NA,NA,Pacific Decadal Oscillation,NA
01-FEB-1885 00:00,1885,2,1.356,NA,PDO,NA,NA,Pacific Decadal Oscillation,NA
01-MAR-1885 00:00,1885,3,1.725,NA,PDO,NA,NA,Pacific Decadal Oscillation,NA
01-APR-1885 00:00,1885,4,1.575,NA,PDO,NA,NA,Pacific Decadal Oscillation,NA
01-MAY-1885 00:00,1885,5,1.124,NA,PDO,NA,NA,Pacific Decadal Oscillation,NA
01-JUN-1885 00:00,1885,6,-0,NA,PDO,NA,NA,Pacific Decadal Oscillation,NA
01-JUL-1885 00:00,1885,7,-0.134,NA,PDO,NA,NA,Pacific Decadal Oscillation,NA
01-AUG-1885 00:00,1885,8,0.388,NA,PDO,NA,NA,Pacific Decadal Oscillation,NA
01-SEP-1885 00:00,1885,9,0.263,NA,PDO,NA,NA,Pacific Decadal Oscillation,NA
01-OCT-1885 00:00,1885,10,0.166,NA,PDO,NA,NA,Pacific Decadal Oscillation,NA
01-NOV-1885 00:00,1885,11,-0.05,NA,PDO,NA,NA,Pacific Decadal Oscillation,NA
01-DEC-1885 00:00,1885,12,-0.224,NA,PDO,NA,NA,Pacific Decadal Oscillation,NA
01-JAN-1886 00:00,1886,1,-0.41,NA,PDO,NA,NA,Pacific Decadal Oscillation,NA
01-FEB-1886 00:00,1886,2,0.431,NA,PDO,NA,NA,Pacific Decadal Oscillation,NA
01-MAR-1886 00:00,1886,3,-0.292,NA,PDO,NA,NA,Pacific Decadal Oscillation,NA
01-APR-1886 00:00,1886,4,0.411,NA,PDO,NA,NA,Pacific Decadal Oscillation,NA
01-MAY-1886 00:00,1886,5,0.147,NA,PDO,NA,NA,Pacific Decadal Oscillation,NA
01-JUN-1886 00:00,1886,6,-0.817,NA,PDO,NA,NA,Pacific Decadal Oscillation,NA
01-JUL-1886 00:00,1886,7,-0.006,NA,PDO,NA,NA,Pacific Decadal Oscillation,NA
01-AUG-1886 00:00,1886,8,-0.057,NA,PDO,NA,NA,Pacific Decadal Oscillation,NA
01-SEP-1886 00:00,1886,9,-0.068,NA,PDO,NA,NA,Pacific Decadal Oscillation,NA
01-OCT-1886 00:00,1886,10,-0.831,NA,PDO,NA,NA,Pacific Decadal Oscillation,NA
01-NOV-1886 00:00,1886,11,-1.9,NA,PDO,NA,NA,Pacific Decadal Oscillation,NA
01-DEC-1886 00:00,1886,12,-1.451,NA,PDO,NA,NA,Pacific Decadal Oscillation,NA
01-JAN-1887 00:00,1887,1,-0.945,NA,PDO,NA,NA,Pacific Decadal Oscillation,NA
01-FEB-1887 00:00,1887,2,-1.193,NA,PDO,NA,NA,Pacific Decadal Oscillation,NA
01-MAR-1887 00:00,1887,3,-1.544,NA,PDO,NA,NA,Pacific Decadal Oscillation,NA
01-APR-1887 00:00,1887,4,-1.178,NA,PDO,NA,NA,Pacific Decadal Oscillation,NA
01-MAY-1887 00:00,1887,5,-0.32,NA,PDO,NA,NA,Pacific Decadal Oscillation,NA
01-JUN-1887 00:00,1887,6,0.455,NA,PDO,NA,NA,Pacific Decadal Oscillation,NA
01-JUL-1887 00:00,1887,7,1.478,NA,PDO,NA,NA,Pacific Decadal Oscillation,NA
01-AUG-1887 00:00,1887,8,-0.486,NA,PDO,NA,NA,Pacific Decadal Oscillation,NA
01-SEP-1887 00:00,1887,9,-1.527,NA,PDO,NA,NA,Pacific Decadal Oscillation,NA
01-OCT-1887 00:00,1887,10,-0.836,NA,PDO,NA,NA,Pacific Decadal Oscillation,NA
01-NOV-1887 00:00,1887,11,-0.588,NA,PDO,NA,NA,Pacific Decadal Oscillation,NA
01-DEC-1887 00:00,1887,12,-0.744,NA,PDO,NA,NA,Pacific Decadal Oscillation,NA
01-JAN-1888 00:00,1888,1,-0.682,NA,PDO,NA,NA,Pacific Decadal Oscillation,NA
01-FEB-1888 00:00,1888,2,0.085,NA,PDO,NA,NA,Pacific Decadal Oscillation,NA
01-MAR-1888 00:00,1888,3,0.013,NA,PDO,NA,NA,Pacific Decadal Oscillation,NA
01-APR-1888 00:00,1888,4,0.02,NA,PDO,NA,NA,Pacific Decadal Oscillation,NA
01-MAY-1888 00:00,1888,5,1.09,NA,PDO,NA,NA,Pacific Decadal Oscillation,NA
01-JUN-1888 00:00,1888,6,1.178,NA,PDO,NA,NA,Pacific Decadal Oscillation,NA
01-JUL-1888 00:00,1888,7,1.33,NA,PDO,NA,NA,Pacific Decadal Oscillation,NA
01-AUG-1888 00:00,1888,8,1.163,NA,PDO,NA,NA,Pacific Decadal Oscillation,NA
01-SEP-1888 00:00,1888,9,1.177,NA,PDO,NA,NA,Pacific Decadal Oscillation,NA
01-OCT-1888 00:00,1888,10,0.757,NA,PDO,NA,NA,Pacific Decadal Oscillation,NA
01-NOV-1888 00:00,1888,11,0.715,NA,PDO,NA,NA,Pacific Decadal Oscillation,NA
01-DEC-1888 00:00,1888,12,0.396,NA,PDO,NA,NA,Pacific Decadal Oscillation,NA
01-JAN-1889 00:00,1889,1,0.446,NA,PDO,NA,NA,Pacific Decadal Oscillation,NA
01-FEB-1889 00:00,1889,2,0.142,NA,PDO,NA,NA,Pacific Decadal Oscillation,NA
01-MAR-1889 00:00,1889,3,0.414,NA,PDO,NA,NA,Pacific Decadal Oscillation,NA
01-APR-1889 00:00,1889,4,1.072,NA,PDO,NA,NA,Pacific Decadal Oscillation,NA
01-MAY-1889 00:00,1889,5,1.277,NA,PDO,NA,NA,Pacific Decadal Oscillation,NA
01-JUN-1889 00:00,1889,6,1.197,NA,PDO,NA,NA,Pacific Decadal Oscillation,NA
01-JUL-1889 00:00,1889,7,0.726,NA,PDO,NA,NA,Pacific Decadal Oscillation,NA
01-AUG-1889 00:00,1889,8,-0.422,NA,PDO,NA,NA,Pacific Decadal Oscillation,NA
01-SEP-1889 00:00,1889,9,-0.713,NA,PDO,NA,NA,Pacific Decadal Oscillation,NA
01-OCT-1889 00:00,1889,10,-0.272,NA,PDO,NA,NA,Pacific Decadal Oscillation,NA
01-NOV-1889 00:00,1889,11,1.15,NA,PDO,NA,NA,Pacific Decadal Oscillation,NA
01-DEC-1889 00:00,1889,12,-0.006,NA,PDO,NA,NA,Pacific Decadal Oscillation,NA
01-JAN-1890 00:00,1890,1,-0.51,NA,PDO,NA,NA,Pacific Decadal Oscillation,NA
01-FEB-1890 00:00,1890,2,-0.872,NA,PDO,NA,NA,Pacific Decadal Oscillation,NA
01-MAR-1890 00:00,1890,3,-1.194,NA,PDO,NA,NA,Pacific Decadal Oscillation,NA
01-APR-1890 00:00,1890,4,-0.733,NA,PDO,NA,NA,Pacific Decadal Oscillation,NA
01-MAY-1890 00:00,1890,5,-0.883,NA,PDO,NA,NA,Pacific Decadal Oscillation,NA
01-JUN-1890 00:00,1890,6,-2.646,NA,PDO,NA,NA,Pacific Decadal Oscillation,NA
01-JUL-1890 00:00,1890,7,-0.836,NA,PDO,NA,NA,Pacific Decadal Oscillation,NA
01-AUG-1890 00:00,1890,8,-0.521,NA,PDO,NA,NA,Pacific Decadal Oscillation,NA
01-SEP-1890 00:00,1890,9,1.586,NA,PDO,NA,NA,Pacific Decadal Oscillation,NA
01-OCT-1890 00:00,1890,10,-0.131,NA,PDO,NA,NA,Pacific Decadal Oscillation,NA
01-NOV-1890 00:00,1890,11,-0.524,NA,PDO,NA,NA,Pacific Decadal Oscillation,NA
01-DEC-1890 00:00,1890,12,-1.211,NA,PDO,NA,NA,Pacific Decadal Oscillation,NA
01-JAN-1891 00:00,1891,1,-0.436,NA,PDO,NA,NA,Pacific Decadal Oscillation,NA
01-FEB-1891 00:00,1891,2,-0.622,NA,PDO,NA,NA,Pacific Decadal Oscillation,NA
01-MAR-1891 00:00,1891,3,-0.634,NA,PDO,NA,NA,Pacific Decadal Oscillation,NA
01-APR-1891 00:00,1891,4,-0.211,NA,PDO,NA,NA,Pacific Decadal Oscillation,NA
01-MAY-1891 00:00,1891,5,0.839,NA,PDO,NA,NA,Pacific Decadal Oscillation,NA
01-JUN-1891 00:00,1891,6,0.989,NA,PDO,NA,NA,Pacific Decadal Oscillation,NA
01-JUL-1891 00:00,1891,7,0.979,NA,PDO,NA,NA,Pacific Decadal Oscillation,NA
01-AUG-1891 00:00,1891,8,0.536,NA,PDO,NA,NA,Pacific Decadal Oscillation,NA
01-SEP-1891 00:00,1891,9,0.345,NA,PDO,NA,NA,Pacific Decadal Oscillation,NA
01-OCT-1891 00:00,1891,10,0.946,NA,PDO,NA,NA,Pacific Decadal Oscillation,NA
01-NOV-1891 00:00,1891,11,0.295,NA,PDO,NA,NA,Pacific Decadal Oscillation,NA
01-DEC-1891 00:00,1891,12,-0.178,NA,PDO,NA,NA,Pacific Decadal Oscillation,NA
01-JAN-1892 00:00,1892,1,-0.919,NA,PDO,NA,NA,Pacific Decadal Oscillation,NA
01-FEB-1892 00:00,1892,2,-1.015,NA,PDO,NA,NA,Pacific Decadal Oscillation,NA
01-MAR-1892 00:00,1892,3,-0.715,NA,PDO,NA,NA,Pacific Decadal Oscillation,NA
01-APR-1892 00:00,1892,4,-1.044,NA,PDO,NA,NA,Pacific Decadal Oscillation,NA
01-MAY-1892 00:00,1892,5,-2.423,NA,PDO,NA,NA,Pacific Decadal Oscillation,NA
01-JUN-1892 00:00,1892,6,-1.884,NA,PDO,NA,NA,Pacific Decadal Oscillation,NA
01-JUL-1892 00:00,1892,7,-1.748,NA,PDO,NA,NA,Pacific Decadal Oscillation,NA
01-AUG-1892 00:00,1892,8,-2.387,NA,PDO,NA,NA,Pacific Decadal Oscillation,NA
01-SEP-1892 00:00,1892,9,-2.043,NA,PDO,NA,NA,Pacific Decadal Oscillation,NA
01-OCT-1892 00:00,1892,10,-2.119,NA,PDO,NA,NA,Pacific Decadal Oscillation,NA
01-NOV-1892 00:00,1892,11,-1.944,NA,PDO,NA,NA,Pacific Decadal Oscillation,NA
01-DEC-1892 00:00,1892,12,-1.023,NA,PDO,NA,NA,Pacific Decadal Oscillation,NA
01-JAN-1893 00:00,1893,1,-0.44,NA,PDO,NA,NA,Pacific Decadal Oscillation,NA
01-FEB-1893 00:00,1893,2,-0.491,NA,PDO,NA,NA,Pacific Decadal Oscillation,NA
01-MAR-1893 00:00,1893,3,-0.693,NA,PDO,NA,NA,Pacific Decadal Oscillation,NA
01-APR-1893 00:00,1893,4,-1.348,NA,PDO,NA,NA,Pacific Decadal Oscillation,NA
01-MAY-1893 00:00,1893,5,-2.07,NA,PDO,NA,NA,Pacific Decadal Oscillation,NA
01-JUN-1893 00:00,1893,6,-1.954,NA,PDO,NA,NA,Pacific Decadal Oscillation,NA
01-JUL-1893 00:00,1893,7,-1.858,NA,PDO,NA,NA,Pacific Decadal Oscillation,NA
01-AUG-1893 00:00,1893,8,-0.497,NA,PDO,NA,NA,Pacific Decadal Oscillation,NA
01-SEP-1893 00:00,1893,9,-0.168,NA,PDO,NA,NA,Pacific Decadal Oscillation,NA
01-OCT-1893 00:00,1893,10,-0.544,NA,PDO,NA,NA,Pacific Decadal Oscillation,NA
01-NOV-1893 00:00,1893,11,-0.703,NA,PDO,NA,NA,Pacific Decadal Oscillation,NA
01-DEC-1893 00:00,1893,12,-1.518,NA,PDO,NA,NA,Pacific Decadal Oscillation,NA
01-JAN-1894 00:00,1894,1,-1.419,NA,PDO,NA,NA,Pacific Decadal Oscillation,NA
01-FEB-1894 00:00,1894,2,-1.953,NA,PDO,NA,NA,Pacific Decadal Oscillation,NA
01-MAR-1894 00:00,1894,3,-2.647,NA,PDO,NA,NA,Pacific Decadal Oscillation,NA
01-APR-1894 00:00,1894,4,-2.634,NA,PDO,NA,NA,Pacific Decadal Oscillation,NA
01-MAY-1894 00:00,1894,5,-2.941,NA,PDO,NA,NA,Pacific Decadal Oscillation,NA
01-JUN-1894 00:00,1894,6,-2.393,NA,PDO,NA,NA,Pacific Decadal Oscillation,NA
01-JUL-1894 00:00,1894,7,-2.731,NA,PDO,NA,NA,Pacific Decadal Oscillation,NA
01-AUG-1894 00:00,1894,8,-1.737,NA,PDO,NA,NA,Pacific Decadal Oscillation,NA
01-SEP-1894 00:00,1894,9,-1.803,NA,PDO,NA,NA,Pacific Decadal Oscillation,NA
01-OCT-1894 00:00,1894,10,-2.264,NA,PDO,NA,NA,Pacific Decadal Oscillation,NA
01-NOV-1894 00:00,1894,11,-3.001,NA,PDO,NA,NA,Pacific Decadal Oscillation,NA
01-DEC-1894 00:00,1894,12,-1.4,NA,PDO,NA,NA,Pacific Decadal Oscillation,NA
01-JAN-1895 00:00,1895,1,-0.865,NA,PDO,NA,NA,Pacific Decadal Oscillation,NA
01-FEB-1895 00:00,1895,2,-0.515,NA,PDO,NA,NA,Pacific Decadal Oscillation,NA
01-MAR-1895 00:00,1895,3,-0.463,NA,PDO,NA,NA,Pacific Decadal Oscillation,NA
01-APR-1895 00:00,1895,4,-0.734,NA,PDO,NA,NA,Pacific Decadal Oscillation,NA
01-MAY-1895 00:00,1895,5,-0.223,NA,PDO,NA,NA,Pacific Decadal Oscillation,NA
01-JUN-1895 00:00,1895,6,-0.508,NA,PDO,NA,NA,Pacific Decadal Oscillation,NA
01-JUL-1895 00:00,1895,7,0.124,NA,PDO,NA,NA,Pacific Decadal Oscillation,NA
01-AUG-1895 00:00,1895,8,-0.172,NA,PDO,NA,NA,Pacific Decadal Oscillation,NA
01-SEP-1895 00:00,1895,9,-1.067,NA,PDO,NA,NA,Pacific Decadal Oscillation,NA
01-OCT-1895 00:00,1895,10,-0.856,NA,PDO,NA,NA,Pacific Decadal Oscillation,NA
01-NOV-1895 00:00,1895,11,-1.092,NA,PDO,NA,NA,Pacific Decadal Oscillation,NA
01-DEC-1895 00:00,1895,12,-0.349,NA,PDO,NA,NA,Pacific Decadal Oscillation,NA
01-JAN-1896 00:00,1896,1,0.245,NA,PDO,NA,NA,Pacific Decadal Oscillation,NA
01-FEB-1896 00:00,1896,2,0.139,NA,PDO,NA,NA,Pacific Decadal Oscillation,NA
01-MAR-1896 00:00,1896,3,-0.045,NA,PDO,NA,NA,Pacific Decadal Oscillation,NA
01-APR-1896 00:00,1896,4,-0.44,NA,PDO,NA,NA,Pacific Decadal Oscillation,NA
01-MAY-1896 00:00,1896,5,-0.85,NA,PDO,NA,NA,Pacific Decadal Oscillation,NA
01-JUN-1896 00:00,1896,6,-0.667,NA,PDO,NA,NA,Pacific Decadal Oscillation,NA
01-JUL-1896 00:00,1896,7,-0.169,NA,PDO,NA,NA,Pacific Decadal Oscillation,NA
01-AUG-1896 00:00,1896,8,0.183,NA,PDO,NA,NA,Pacific Decadal Oscillation,NA
01-SEP-1896 00:00,1896,9,1.199,NA,PDO,NA,NA,Pacific Decadal Oscillation,NA
01-OCT-1896 00:00,1896,10,0.207,NA,PDO,NA,NA,Pacific Decadal Oscillation,NA
01-NOV-1896 00:00,1896,11,0.237,NA,PDO,NA,NA,Pacific Decadal Oscillation,NA
01-DEC-1896 00:00,1896,12,0.256,NA,PDO,NA,NA,Pacific Decadal Oscillation,NA
01-JAN-1897 00:00,1897,1,0.461,NA,PDO,NA,NA,Pacific Decadal Oscillation,NA
01-FEB-1897 00:00,1897,2,-0.138,NA,PDO,NA,NA,Pacific Decadal Oscillation,NA
01-MAR-1897 00:00,1897,3,-0.398,NA,PDO,NA,NA,Pacific Decadal Oscillation,NA
01-APR-1897 00:00,1897,4,0.01,NA,PDO,NA,NA,Pacific Decadal Oscillation,NA
01-MAY-1897 00:00,1897,5,0.575,NA,PDO,NA,NA,Pacific Decadal Oscillation,NA
01-JUN-1897 00:00,1897,6,0.781,NA,PDO,NA,NA,Pacific Decadal Oscillation,NA
01-JUL-1897 00:00,1897,7,0.774,NA,PDO,NA,NA,Pacific Decadal Oscillation,NA
01-AUG-1897 00:00,1897,8,0.192,NA,PDO,NA,NA,Pacific Decadal Oscillation,NA
01-SEP-1897 00:00,1897,9,-0.489,NA,PDO,NA,NA,Pacific Decadal Oscillation,NA
01-OCT-1897 00:00,1897,10,0.198,NA,PDO,NA,NA,Pacific Decadal Oscillation,NA
01-NOV-1897 00:00,1897,11,0.411,NA,PDO,NA,NA,Pacific Decadal Oscillation,NA
01-DEC-1897 00:00,1897,12,0.062,NA,PDO,NA,NA,Pacific Decadal Oscillation,NA
01-JAN-1898 00:00,1898,1,0.121,NA,PDO,NA,NA,Pacific Decadal Oscillation,NA
01-FEB-1898 00:00,1898,2,-0.072,NA,PDO,NA,NA,Pacific Decadal Oscillation,NA
01-MAR-1898 00:00,1898,3,-0.343,NA,PDO,NA,NA,Pacific Decadal Oscillation,NA
01-APR-1898 00:00,1898,4,0.005,NA,PDO,NA,NA,Pacific Decadal Oscillation,NA
01-MAY-1898 00:00,1898,5,-0.395,NA,PDO,NA,NA,Pacific Decadal Oscillation,NA
01-JUN-1898 00:00,1898,6,0.003,NA,PDO,NA,NA,Pacific Decadal Oscillation,NA
01-JUL-1898 00:00,1898,7,-0.484,NA,PDO,NA,NA,Pacific Decadal Oscillation,NA
01-AUG-1898 00:00,1898,8,0.351,NA,PDO,NA,NA,Pacific Decadal Oscillation,NA
01-SEP-1898 00:00,1898,9,0.323,NA,PDO,NA,NA,Pacific Decadal Oscillation,NA
01-OCT-1898 00:00,1898,10,0.125,NA,PDO,NA,NA,Pacific Decadal Oscillation,NA
01-NOV-1898 00:00,1898,11,0.586,NA,PDO,NA,NA,Pacific Decadal Oscillation,NA
01-DEC-1898 00:00,1898,12,0.197,NA,PDO,NA,NA,Pacific Decadal Oscillation,NA
01-JAN-1899 00:00,1899,1,0.049,NA,PDO,NA,NA,Pacific Decadal Oscillation,NA
01-FEB-1899 00:00,1899,2,-0.531,NA,PDO,NA,NA,Pacific Decadal Oscillation,NA
01-MAR-1899 00:00,1899,3,-0.398,NA,PDO,NA,NA,Pacific Decadal Oscillation,NA
01-APR-1899 00:00,1899,4,-0.283,NA,PDO,NA,NA,Pacific Decadal Oscillation,NA
01-MAY-1899 00:00,1899,5,-0.582,NA,PDO,NA,NA,Pacific Decadal Oscillation,NA
01-JUN-1899 00:00,1899,6,-0.972,NA,PDO,NA,NA,Pacific Decadal Oscillation,NA
01-JUL-1899 00:00,1899,7,-0.1,NA,PDO,NA,NA,Pacific Decadal Oscillation,NA
01-AUG-1899 00:00,1899,8,0.571,NA,PDO,NA,NA,Pacific Decadal Oscillation,NA
01-SEP-1899 00:00,1899,9,0.596,NA,PDO,NA,NA,Pacific Decadal Oscillation,NA
01-OCT-1899 00:00,1899,10,-0.086,NA,PDO,NA,NA,Pacific Decadal Oscillation,NA
01-NOV-1899 00:00,1899,11,0.383,NA,PDO,NA,NA,Pacific Decadal Oscillation,NA
01-DEC-1899 00:00,1899,12,0.399,NA,PDO,NA,NA,Pacific Decadal Oscillation,NA
01-JAN-1900 00:00,1900,1,0.909,NA,PDO,NA,NA,Pacific Decadal Oscillation,NA
01-FEB-1900 00:00,1900,2,0.395,NA,PDO,NA,NA,Pacific Decadal Oscillation,NA
01-MAR-1900 00:00,1900,3,0.797,NA,PDO,NA,NA,Pacific Decadal Oscillation,NA
01-APR-1900 00:00,1900,4,1.735,NA,PDO,NA,NA,Pacific Decadal Oscillation,NA
01-MAY-1900 00:00,1900,5,1.276,NA,PDO,NA,NA,Pacific Decadal Oscillation,NA
01-JUN-1900 00:00,1900,6,1.003,NA,PDO,NA,NA,Pacific Decadal Oscillation,NA
01-JUL-1900 00:00,1900,7,1.005,NA,PDO,NA,NA,Pacific Decadal Oscillation,NA
01-AUG-1900 00:00,1900,8,1.246,NA,PDO,NA,NA,Pacific Decadal Oscillation,NA
01-SEP-1900 00:00,1900,9,-0.23,NA,PDO,NA,NA,Pacific Decadal Oscillation,NA
01-OCT-1900 00:00,1900,10,0.122,NA,PDO,NA,NA,Pacific Decadal Oscillation,NA
01-NOV-1900 00:00,1900,11,0.657,NA,PDO,NA,NA,Pacific Decadal Oscillation,NA
01-DEC-1900 00:00,1900,12,0.651,NA,PDO,NA,NA,Pacific Decadal Oscillation,NA
01-JAN-1901 00:00,1901,1,1.146,NA,PDO,NA,NA,Pacific Decadal Oscillation,NA
01-FEB-1901 00:00,1901,2,0.671,NA,PDO,NA,NA,Pacific Decadal Oscillation,NA
01-MAR-1901 00:00,1901,3,-0.317,NA,PDO,NA,NA,Pacific Decadal Oscillation,NA
01-APR-1901 00:00,1901,4,-0.437,NA,PDO,NA,NA,Pacific Decadal Oscillation,NA
01-MAY-1901 00:00,1901,5,-1.034,NA,PDO,NA,NA,Pacific Decadal Oscillation,NA
01-JUN-1901 00:00,1901,6,-1.072,NA,PDO,NA,NA,Pacific Decadal Oscillation,NA
01-JUL-1901 00:00,1901,7,-1.138,NA,PDO,NA,NA,Pacific Decadal Oscillation,NA
01-AUG-1901 00:00,1901,8,-0.466,NA,PDO,NA,NA,Pacific Decadal Oscillation,NA
01-SEP-1901 00:00,1901,9,0.092,NA,PDO,NA,NA,Pacific Decadal Oscillation,NA
01-OCT-1901 00:00,1901,10,0.227,NA,PDO,NA,NA,Pacific Decadal Oscillation,NA
01-NOV-1901 00:00,1901,11,0.074,NA,PDO,NA,NA,Pacific Decadal Oscillation,NA
01-DEC-1901 00:00,1901,12,0.327,NA,PDO,NA,NA,Pacific Decadal Oscillation,NA
01-JAN-1902 00:00,1902,1,1.098,NA,PDO,NA,NA,Pacific Decadal Oscillation,NA
01-FEB-1902 00:00,1902,2,0.44,NA,PDO,NA,NA,Pacific Decadal Oscillation,NA
01-MAR-1902 00:00,1902,3,0.3,NA,PDO,NA,NA,Pacific Decadal Oscillation,NA
01-APR-1902 00:00,1902,4,0.382,NA,PDO,NA,NA,Pacific Decadal Oscillation,NA
01-MAY-1902 00:00,1902,5,1.002,NA,PDO,NA,NA,Pacific Decadal Oscillation,NA
01-JUN-1902 00:00,1902,6,1.967,NA,PDO,NA,NA,Pacific Decadal Oscillation,NA
01-JUL-1902 00:00,1902,7,2.492,NA,PDO,NA,NA,Pacific Decadal Oscillation,NA
01-AUG-1902 00:00,1902,8,1.593,NA,PDO,NA,NA,Pacific Decadal Oscillation,NA
01-SEP-1902 00:00,1902,9,0.965,NA,PDO,NA,NA,Pacific Decadal Oscillation,NA
01-OCT-1902 00:00,1902,10,1.035,NA,PDO,NA,NA,Pacific Decadal Oscillation,NA
01-NOV-1902 00:00,1902,11,0.465,NA,PDO,NA,NA,Pacific Decadal Oscillation,NA
01-DEC-1902 00:00,1902,12,0.227,NA,PDO,NA,NA,Pacific Decadal Oscillation,NA
01-JAN-1903 00:00,1903,1,-0.038,NA,PDO,NA,NA,Pacific Decadal Oscillation,NA
01-FEB-1903 00:00,1903,2,0.116,NA,PDO,NA,NA,Pacific Decadal Oscillation,NA
01-MAR-1903 00:00,1903,3,-0.135,NA,PDO,NA,NA,Pacific Decadal Oscillation,NA
01-APR-1903 00:00,1903,4,-0.934,NA,PDO,NA,NA,Pacific Decadal Oscillation,NA
01-MAY-1903 00:00,1903,5,-0.403,NA,PDO,NA,NA,Pacific Decadal Oscillation,NA
01-JUN-1903 00:00,1903,6,-0.063,NA,PDO,NA,NA,Pacific Decadal Oscillation,NA
01-JUL-1903 00:00,1903,7,1.302,NA,PDO,NA,NA,Pacific Decadal Oscillation,NA
01-AUG-1903 00:00,1903,8,1.152,NA,PDO,NA,NA,Pacific Decadal Oscillation,NA
01-SEP-1903 00:00,1903,9,0.601,NA,PDO,NA,NA,Pacific Decadal Oscillation,NA
01-OCT-1903 00:00,1903,10,0.466,NA,PDO,NA,NA,Pacific Decadal Oscillation,NA
01-NOV-1903 00:00,1903,11,-0.187,NA,PDO,NA,NA,Pacific Decadal Oscillation,NA
01-DEC-1903 00:00,1903,12,-0.017,NA,PDO,NA,NA,Pacific Decadal Oscillation,NA
01-JAN-1904 00:00,1904,1,0.915,NA,PDO,NA,NA,Pacific Decadal Oscillation,NA
01-FEB-1904 00:00,1904,2,0.262,NA,PDO,NA,NA,Pacific Decadal Oscillation,NA
01-MAR-1904 00:00,1904,3,0.55,NA,PDO,NA,NA,Pacific Decadal Oscillation,NA
01-APR-1904 00:00,1904,4,0.108,NA,PDO,NA,NA,Pacific Decadal Oscillation,NA
01-MAY-1904 00:00,1904,5,0.339,NA,PDO,NA,NA,Pacific Decadal Oscillation,NA
01-JUN-1904 00:00,1904,6,-0.123,NA,PDO,NA,NA,Pacific Decadal Oscillation,NA
01-JUL-1904 00:00,1904,7,0.056,NA,PDO,NA,NA,Pacific Decadal Oscillation,NA
01-AUG-1904 00:00,1904,8,1.556,NA,PDO,NA,NA,Pacific Decadal Oscillation,NA
01-SEP-1904 00:00,1904,9,1.992,NA,PDO,NA,NA,Pacific Decadal Oscillation,NA
01-OCT-1904 00:00,1904,10,1.767,NA,PDO,NA,NA,Pacific Decadal Oscillation,NA
01-NOV-1904 00:00,1904,11,1.659,NA,PDO,NA,NA,Pacific Decadal Oscillation,NA
01-DEC-1904 00:00,1904,12,2.808,NA,PDO,NA,NA,Pacific Decadal Oscillation,NA
01-JAN-1905 00:00,1905,1,2.479,NA,PDO,NA,NA,Pacific Decadal Oscillation,NA
01-FEB-1905 00:00,1905,2,1.301,NA,PDO,NA,NA,Pacific Decadal Oscillation,NA
01-MAR-1905 00:00,1905,3,0.584,NA,PDO,NA,NA,Pacific Decadal Oscillation,NA
01-APR-1905 00:00,1905,4,1.684,NA,PDO,NA,NA,Pacific Decadal Oscillation,NA
01-MAY-1905 00:00,1905,5,1.252,NA,PDO,NA,NA,Pacific Decadal Oscillation,NA
01-JUN-1905 00:00,1905,6,1.393,NA,PDO,NA,NA,Pacific Decadal Oscillation,NA
01-JUL-1905 00:00,1905,7,2.093,NA,PDO,NA,NA,Pacific Decadal Oscillation,NA
01-AUG-1905 00:00,1905,8,2.066,NA,PDO,NA,NA,Pacific Decadal Oscillation,NA
01-SEP-1905 00:00,1905,9,1.798,NA,PDO,NA,NA,Pacific Decadal Oscillation,NA
01-OCT-1905 00:00,1905,10,-0.218,NA,PDO,NA,NA,Pacific Decadal Oscillation,NA
01-NOV-1905 00:00,1905,11,0.565,NA,PDO,NA,NA,Pacific Decadal Oscillation,NA
01-DEC-1905 00:00,1905,12,-0.99,NA,PDO,NA,NA,Pacific Decadal Oscillation,NA
01-JAN-1906 00:00,1906,1,1.175,NA,PDO,NA,NA,Pacific Decadal Oscillation,NA
01-FEB-1906 00:00,1906,2,1.218,NA,PDO,NA,NA,Pacific Decadal Oscillation,NA
01-MAR-1906 00:00,1906,3,0.566,NA,PDO,NA,NA,Pacific Decadal Oscillation,NA
01-APR-1906 00:00,1906,4,0.512,NA,PDO,NA,NA,Pacific Decadal Oscillation,NA
01-MAY-1906 00:00,1906,5,1.274,NA,PDO,NA,NA,Pacific Decadal Oscillation,NA
01-JUN-1906 00:00,1906,6,0.719,NA,PDO,NA,NA,Pacific Decadal Oscillation,NA
01-JUL-1906 00:00,1906,7,1.331,NA,PDO,NA,NA,Pacific Decadal Oscillation,NA
01-AUG-1906 00:00,1906,8,0.919,NA,PDO,NA,NA,Pacific Decadal Oscillation,NA
01-SEP-1906 00:00,1906,9,0.188,NA,PDO,NA,NA,Pacific Decadal Oscillation,NA
01-OCT-1906 00:00,1906,10,1.005,NA,PDO,NA,NA,Pacific Decadal Oscillation,NA
01-NOV-1906 00:00,1906,11,0.629,NA,PDO,NA,NA,Pacific Decadal Oscillation,NA
01-DEC-1906 00:00,1906,12,-0.577,NA,PDO,NA,NA,Pacific Decadal Oscillation,NA
01-JAN-1907 00:00,1907,1,-0.65,NA,PDO,NA,NA,Pacific Decadal Oscillation,NA
01-FEB-1907 00:00,1907,2,-0.477,NA,PDO,NA,NA,Pacific Decadal Oscillation,NA
01-MAR-1907 00:00,1907,3,-1.773,NA,PDO,NA,NA,Pacific Decadal Oscillation,NA
01-APR-1907 00:00,1907,4,-1.206,NA,PDO,NA,NA,Pacific Decadal Oscillation,NA
01-MAY-1907 00:00,1907,5,0.446,NA,PDO,NA,NA,Pacific Decadal Oscillation,NA
01-JUN-1907 00:00,1907,6,0.747,NA,PDO,NA,NA,Pacific Decadal Oscillation,NA
01-JUL-1907 00:00,1907,7,0.642,NA,PDO,NA,NA,Pacific Decadal Oscillation,NA
01-AUG-1907 00:00,1907,8,-0.044,NA,PDO,NA,NA,Pacific Decadal Oscillation,NA
01-SEP-1907 00:00,1907,9,1.103,NA,PDO,NA,NA,Pacific Decadal Oscillation,NA
01-OCT-1907 00:00,1907,10,1.905,NA,PDO,NA,NA,Pacific Decadal Oscillation,NA
01-NOV-1907 00:00,1907,11,1.597,NA,PDO,NA,NA,Pacific Decadal Oscillation,NA
01-DEC-1907 00:00,1907,12,1.588,NA,PDO,NA,NA,Pacific Decadal Oscillation,NA
01-JAN-1908 00:00,1908,1,1.259,NA,PDO,NA,NA,Pacific Decadal Oscillation,NA
01-FEB-1908 00:00,1908,2,1.196,NA,PDO,NA,NA,Pacific Decadal Oscillation,NA
01-MAR-1908 00:00,1908,3,0.281,NA,PDO,NA,NA,Pacific Decadal Oscillation,NA
01-APR-1908 00:00,1908,4,-0.008,NA,PDO,NA,NA,Pacific Decadal Oscillation,NA
01-MAY-1908 00:00,1908,5,0.148,NA,PDO,NA,NA,Pacific Decadal Oscillation,NA
01-JUN-1908 00:00,1908,6,0.211,NA,PDO,NA,NA,Pacific Decadal Oscillation,NA
01-JUL-1908 00:00,1908,7,0.293,NA,PDO,NA,NA,Pacific Decadal Oscillation,NA
01-AUG-1908 00:00,1908,8,-0.213,NA,PDO,NA,NA,Pacific Decadal Oscillation,NA
01-SEP-1908 00:00,1908,9,0.816,NA,PDO,NA,NA,Pacific Decadal Oscillation,NA
01-OCT-1908 00:00,1908,10,1.114,NA,PDO,NA,NA,Pacific Decadal Oscillation,NA
01-NOV-1908 00:00,1908,11,1.581,NA,PDO,NA,NA,Pacific Decadal Oscillation,NA
01-DEC-1908 00:00,1908,12,0.829,NA,PDO,NA,NA,Pacific Decadal Oscillation,NA
01-JAN-1909 00:00,1909,1,0.316,NA,PDO,NA,NA,Pacific Decadal Oscillation,NA
01-FEB-1909 00:00,1909,2,0.542,NA,PDO,NA,NA,Pacific Decadal Oscillation,NA
01-MAR-1909 00:00,1909,3,0.664,NA,PDO,NA,NA,Pacific Decadal Oscillation,NA
01-APR-1909 00:00,1909,4,0.127,NA,PDO,NA,NA,Pacific Decadal Oscillation,NA
01-MAY-1909 00:00,1909,5,-0.309,NA,PDO,NA,NA,Pacific Decadal Oscillation,NA
01-JUN-1909 00:00,1909,6,-0.696,NA,PDO,NA,NA,Pacific Decadal Oscillation,NA
01-JUL-1909 00:00,1909,7,-1.218,NA,PDO,NA,NA,Pacific Decadal Oscillation,NA
01-AUG-1909 00:00,1909,8,-2.06,NA,PDO,NA,NA,Pacific Decadal Oscillation,NA
01-SEP-1909 00:00,1909,9,-1.825,NA,PDO,NA,NA,Pacific Decadal Oscillation,NA
01-OCT-1909 00:00,1909,10,-1.213,NA,PDO,NA,NA,Pacific Decadal Oscillation,NA
01-NOV-1909 00:00,1909,11,-1.438,NA,PDO,NA,NA,Pacific Decadal Oscillation,NA
01-DEC-1909 00:00,1909,12,-2.131,NA,PDO,NA,NA,Pacific Decadal Oscillation,NA
01-JAN-1910 00:00,1910,1,-1.58,NA,PDO,NA,NA,Pacific Decadal Oscillation,NA
01-FEB-1910 00:00,1910,2,-1.159,NA,PDO,NA,NA,Pacific Decadal Oscillation,NA
01-MAR-1910 00:00,1910,3,-0.959,NA,PDO,NA,NA,Pacific Decadal Oscillation,NA
01-APR-1910 00:00,1910,4,-1.958,NA,PDO,NA,NA,Pacific Decadal Oscillation,NA
01-MAY-1910 00:00,1910,5,-2.125,NA,PDO,NA,NA,Pacific Decadal Oscillation,NA
01-JUN-1910 00:00,1910,6,-0.354,NA,PDO,NA,NA,Pacific Decadal Oscillation,NA
01-JUL-1910 00:00,1910,7,-0.033,NA,PDO,NA,NA,Pacific Decadal Oscillation,NA
01-AUG-1910 00:00,1910,8,-0.494,NA,PDO,NA,NA,Pacific Decadal Oscillation,NA
01-SEP-1910 00:00,1910,9,0.754,NA,PDO,NA,NA,Pacific Decadal Oscillation,NA
01-OCT-1910 00:00,1910,10,-0.956,NA,PDO,NA,NA,Pacific Decadal Oscillation,NA
01-NOV-1910 00:00,1910,11,-0.633,NA,PDO,NA,NA,Pacific Decadal Oscillation,NA
01-DEC-1910 00:00,1910,12,-0.095,NA,PDO,NA,NA,Pacific Decadal Oscillation,NA
01-JAN-1911 00:00,1911,1,-0.54,NA,PDO,NA,NA,Pacific Decadal Oscillation,NA
01-FEB-1911 00:00,1911,2,-1.129,NA,PDO,NA,NA,Pacific Decadal Oscillation,NA
01-MAR-1911 00:00,1911,3,-1.259,NA,PDO,NA,NA,Pacific Decadal Oscillation,NA
01-APR-1911 00:00,1911,4,-0.616,NA,PDO,NA,NA,Pacific Decadal Oscillation,NA
01-MAY-1911 00:00,1911,5,-0.66,NA,PDO,NA,NA,Pacific Decadal Oscillation,NA
01-JUN-1911 00:00,1911,6,-1.346,NA,PDO,NA,NA,Pacific Decadal Oscillation,NA
01-JUL-1911 00:00,1911,7,-0.363,NA,PDO,NA,NA,Pacific Decadal Oscillation,NA
01-AUG-1911 00:00,1911,8,0.14,NA,PDO,NA,NA,Pacific Decadal Oscillation,NA
01-SEP-1911 00:00,1911,9,-0.084,NA,PDO,NA,NA,Pacific Decadal Oscillation,NA
01-OCT-1911 00:00,1911,10,-0.107,NA,PDO,NA,NA,Pacific Decadal Oscillation,NA
01-NOV-1911 00:00,1911,11,-0.329,NA,PDO,NA,NA,Pacific Decadal Oscillation,NA
01-DEC-1911 00:00,1911,12,-0.858,NA,PDO,NA,NA,Pacific Decadal Oscillation,NA
01-JAN-1912 00:00,1912,1,-0.3,NA,PDO,NA,NA,Pacific Decadal Oscillation,NA
01-FEB-1912 00:00,1912,2,0.088,NA,PDO,NA,NA,Pacific Decadal Oscillation,NA
01-MAR-1912 00:00,1912,3,-0.198,NA,PDO,NA,NA,Pacific Decadal Oscillation,NA
01-APR-1912 00:00,1912,4,-0.268,NA,PDO,NA,NA,Pacific Decadal Oscillation,NA
01-MAY-1912 00:00,1912,5,0.011,NA,PDO,NA,NA,Pacific Decadal Oscillation,NA
01-JUN-1912 00:00,1912,6,0.374,NA,PDO,NA,NA,Pacific Decadal Oscillation,NA
01-JUL-1912 00:00,1912,7,0.299,NA,PDO,NA,NA,Pacific Decadal Oscillation,NA
01-AUG-1912 00:00,1912,8,0.523,NA,PDO,NA,NA,Pacific Decadal Oscillation,NA
01-SEP-1912 00:00,1912,9,1.19,NA,PDO,NA,NA,Pacific Decadal Oscillation,NA
01-OCT-1912 00:00,1912,10,0.691,NA,PDO,NA,NA,Pacific Decadal Oscillation,NA
01-NOV-1912 00:00,1912,11,0.113,NA,PDO,NA,NA,Pacific Decadal Oscillation,NA
01-DEC-1912 00:00,1912,12,-0.265,NA,PDO,NA,NA,Pacific Decadal Oscillation,NA
01-JAN-1913 00:00,1913,1,-0.304,NA,PDO,NA,NA,Pacific Decadal Oscillation,NA
01-FEB-1913 00:00,1913,2,0.211,NA,PDO,NA,NA,Pacific Decadal Oscillation,NA
01-MAR-1913 00:00,1913,3,-0.087,NA,PDO,NA,NA,Pacific Decadal Oscillation,NA
01-APR-1913 00:00,1913,4,-0.506,NA,PDO,NA,NA,Pacific Decadal Oscillation,NA
01-MAY-1913 00:00,1913,5,0.201,NA,PDO,NA,NA,Pacific Decadal Oscillation,NA
01-JUN-1913 00:00,1913,6,0.128,NA,PDO,NA,NA,Pacific Decadal Oscillation,NA
01-JUL-1913 00:00,1913,7,0.743,NA,PDO,NA,NA,Pacific Decadal Oscillation,NA
01-AUG-1913 00:00,1913,8,1.206,NA,PDO,NA,NA,Pacific Decadal Oscillation,NA
01-SEP-1913 00:00,1913,9,0.877,NA,PDO,NA,NA,Pacific Decadal Oscillation,NA
01-OCT-1913 00:00,1913,10,0.617,NA,PDO,NA,NA,Pacific Decadal Oscillation,NA
01-NOV-1913 00:00,1913,11,0.505,NA,PDO,NA,NA,Pacific Decadal Oscillation,NA
01-DEC-1913 00:00,1913,12,0.04,NA,PDO,NA,NA,Pacific Decadal Oscillation,NA
01-JAN-1914 00:00,1914,1,-0.215,NA,PDO,NA,NA,Pacific Decadal Oscillation,NA
01-FEB-1914 00:00,1914,2,-0.027,NA,PDO,NA,NA,Pacific Decadal Oscillation,NA
01-MAR-1914 00:00,1914,3,0.294,NA,PDO,NA,NA,Pacific Decadal Oscillation,NA
01-APR-1914 00:00,1914,4,0.948,NA,PDO,NA,NA,Pacific Decadal Oscillation,NA
01-MAY-1914 00:00,1914,5,0.708,NA,PDO,NA,NA,Pacific Decadal Oscillation,NA
01-JUN-1914 00:00,1914,6,-0.57,NA,PDO,NA,NA,Pacific Decadal Oscillation,NA
01-JUL-1914 00:00,1914,7,-0.39,NA,PDO,NA,NA,Pacific Decadal Oscillation,NA
01-AUG-1914 00:00,1914,8,-0.251,NA,PDO,NA,NA,Pacific Decadal Oscillation,NA
01-SEP-1914 00:00,1914,9,-0.355,NA,PDO,NA,NA,Pacific Decadal Oscillation,NA
01-OCT-1914 00:00,1914,10,-0.137,NA,PDO,NA,NA,Pacific Decadal Oscillation,NA
01-NOV-1914 00:00,1914,11,0.122,NA,PDO,NA,NA,Pacific Decadal Oscillation,NA
01-DEC-1914 00:00,1914,12,0.091,NA,PDO,NA,NA,Pacific Decadal Oscillation,NA
01-JAN-1915 00:00,1915,1,-0.397,NA,PDO,NA,NA,Pacific Decadal Oscillation,NA
01-FEB-1915 00:00,1915,2,-0.286,NA,PDO,NA,NA,Pacific Decadal Oscillation,NA
01-MAR-1915 00:00,1915,3,0.578,NA,PDO,NA,NA,Pacific Decadal Oscillation,NA
01-APR-1915 00:00,1915,4,1.45,NA,PDO,NA,NA,Pacific Decadal Oscillation,NA
01-MAY-1915 00:00,1915,5,1.661,NA,PDO,NA,NA,Pacific Decadal Oscillation,NA
01-JUN-1915 00:00,1915,6,1.605,NA,PDO,NA,NA,Pacific Decadal Oscillation,NA
01-JUL-1915 00:00,1915,7,1.602,NA,PDO,NA,NA,Pacific Decadal Oscillation,NA
01-AUG-1915 00:00,1915,8,1.03,NA,PDO,NA,NA,Pacific Decadal Oscillation,NA
01-SEP-1915 00:00,1915,9,0.585,NA,PDO,NA,NA,Pacific Decadal Oscillation,NA
01-OCT-1915 00:00,1915,10,-0.727,NA,PDO,NA,NA,Pacific Decadal Oscillation,NA
01-NOV-1915 00:00,1915,11,-1.066,NA,PDO,NA,NA,Pacific Decadal Oscillation,NA
01-DEC-1915 00:00,1915,12,-0.641,NA,PDO,NA,NA,Pacific Decadal Oscillation,NA
01-JAN-1916 00:00,1916,1,-1.114,NA,PDO,NA,NA,Pacific Decadal Oscillation,NA
01-FEB-1916 00:00,1916,2,-1.116,NA,PDO,NA,NA,Pacific Decadal Oscillation,NA
01-MAR-1916 00:00,1916,3,-0.941,NA,PDO,NA,NA,Pacific Decadal Oscillation,NA
01-APR-1916 00:00,1916,4,-0.339,NA,PDO,NA,NA,Pacific Decadal Oscillation,NA
01-MAY-1916 00:00,1916,5,-0.204,NA,PDO,NA,NA,Pacific Decadal Oscillation,NA
01-JUN-1916 00:00,1916,6,-1.155,NA,PDO,NA,NA,Pacific Decadal Oscillation,NA
01-JUL-1916 00:00,1916,7,-1.127,NA,PDO,NA,NA,Pacific Decadal Oscillation,NA
01-AUG-1916 00:00,1916,8,-1.568,NA,PDO,NA,NA,Pacific Decadal Oscillation,NA
01-SEP-1916 00:00,1916,9,-1.476,NA,PDO,NA,NA,Pacific Decadal Oscillation,NA
01-OCT-1916 00:00,1916,10,-1.452,NA,PDO,NA,NA,Pacific Decadal Oscillation,NA
01-NOV-1916 00:00,1916,11,-2.164,NA,PDO,NA,NA,Pacific Decadal Oscillation,NA
01-DEC-1916 00:00,1916,12,-2.274,NA,PDO,NA,NA,Pacific Decadal Oscillation,NA
01-JAN-1917 00:00,1917,1,-1.695,NA,PDO,NA,NA,Pacific Decadal Oscillation,NA
01-FEB-1917 00:00,1917,2,-1.624,NA,PDO,NA,NA,Pacific Decadal Oscillation,NA
01-MAR-1917 00:00,1917,3,-1.794,NA,PDO,NA,NA,Pacific Decadal Oscillation,NA
01-APR-1917 00:00,1917,4,-1.591,NA,PDO,NA,NA,Pacific Decadal Oscillation,NA
01-MAY-1917 00:00,1917,5,-1.087,NA,PDO,NA,NA,Pacific Decadal Oscillation,NA
01-JUN-1917 00:00,1917,6,-0.897,NA,PDO,NA,NA,Pacific Decadal Oscillation,NA
01-JUL-1917 00:00,1917,7,-0.51,NA,PDO,NA,NA,Pacific Decadal Oscillation,NA
01-AUG-1917 00:00,1917,8,-0.219,NA,PDO,NA,NA,Pacific Decadal Oscillation,NA
01-SEP-1917 00:00,1917,9,-0.697,NA,PDO,NA,NA,Pacific Decadal Oscillation,NA
01-OCT-1917 00:00,1917,10,-1.155,NA,PDO,NA,NA,Pacific Decadal Oscillation,NA
01-NOV-1917 00:00,1917,11,-0.935,NA,PDO,NA,NA,Pacific Decadal Oscillation,NA
01-DEC-1917 00:00,1917,12,-0.584,NA,PDO,NA,NA,Pacific Decadal Oscillation,NA
01-JAN-1918 00:00,1918,1,0.153,NA,PDO,NA,NA,Pacific Decadal Oscillation,NA
01-FEB-1918 00:00,1918,2,-0.208,NA,PDO,NA,NA,Pacific Decadal Oscillation,NA
01-MAR-1918 00:00,1918,3,-0.725,NA,PDO,NA,NA,Pacific Decadal Oscillation,NA
01-APR-1918 00:00,1918,4,-0.606,NA,PDO,NA,NA,Pacific Decadal Oscillation,NA
01-MAY-1918 00:00,1918,5,-0.761,NA,PDO,NA,NA,Pacific Decadal Oscillation,NA
01-JUN-1918 00:00,1918,6,-0.404,NA,PDO,NA,NA,Pacific Decadal Oscillation,NA
01-JUL-1918 00:00,1918,7,0.066,NA,PDO,NA,NA,Pacific Decadal Oscillation,NA
01-AUG-1918 00:00,1918,8,0.292,NA,PDO,NA,NA,Pacific Decadal Oscillation,NA
01-SEP-1918 00:00,1918,9,0.643,NA,PDO,NA,NA,Pacific Decadal Oscillation,NA
01-OCT-1918 00:00,1918,10,1.407,NA,PDO,NA,NA,Pacific Decadal Oscillation,NA
01-NOV-1918 00:00,1918,11,1.223,NA,PDO,NA,NA,Pacific Decadal Oscillation,NA
01-DEC-1918 00:00,1918,12,0.364,NA,PDO,NA,NA,Pacific Decadal Oscillation,NA
01-JAN-1919 00:00,1919,1,0.354,NA,PDO,NA,NA,Pacific Decadal Oscillation,NA
01-FEB-1919 00:00,1919,2,-0.009,NA,PDO,NA,NA,Pacific Decadal Oscillation,NA
01-MAR-1919 00:00,1919,3,-0.375,NA,PDO,NA,NA,Pacific Decadal Oscillation,NA
01-APR-1919 00:00,1919,4,-0.395,NA,PDO,NA,NA,Pacific Decadal Oscillation,NA
01-MAY-1919 00:00,1919,5,-0.834,NA,PDO,NA,NA,Pacific Decadal Oscillation,NA
01-JUN-1919 00:00,1919,6,-1.216,NA,PDO,NA,NA,Pacific Decadal Oscillation,NA
01-JUL-1919 00:00,1919,7,-1.286,NA,PDO,NA,NA,Pacific Decadal Oscillation,NA
01-AUG-1919 00:00,1919,8,-0.448,NA,PDO,NA,NA,Pacific Decadal Oscillation,NA
01-SEP-1919 00:00,1919,9,0.115,NA,PDO,NA,NA,Pacific Decadal Oscillation,NA
01-OCT-1919 00:00,1919,10,-0.112,NA,PDO,NA,NA,Pacific Decadal Oscillation,NA
01-NOV-1919 00:00,1919,11,-0.569,NA,PDO,NA,NA,Pacific Decadal Oscillation,NA
01-DEC-1919 00:00,1919,12,-0.448,NA,PDO,NA,NA,Pacific Decadal Oscillation,NA
01-JAN-1920 00:00,1920,1,-1.089,NA,PDO,NA,NA,Pacific Decadal Oscillation,NA
01-FEB-1920 00:00,1920,2,-0.685,NA,PDO,NA,NA,Pacific Decadal Oscillation,NA
01-MAR-1920 00:00,1920,3,-0.571,NA,PDO,NA,NA,Pacific Decadal Oscillation,NA
01-APR-1920 00:00,1920,4,-0.815,NA,PDO,NA,NA,Pacific Decadal Oscillation,NA
01-MAY-1920 00:00,1920,5,-0.538,NA,PDO,NA,NA,Pacific Decadal Oscillation,NA
01-JUN-1920 00:00,1920,6,-0.726,NA,PDO,NA,NA,Pacific Decadal Oscillation,NA
01-JUL-1920 00:00,1920,7,-0.877,NA,PDO,NA,NA,Pacific Decadal Oscillation,NA
01-AUG-1920 00:00,1920,8,-1.296,NA,PDO,NA,NA,Pacific Decadal Oscillation,NA
01-SEP-1920 00:00,1920,9,-1.388,NA,PDO,NA,NA,Pacific Decadal Oscillation,NA
01-OCT-1920 00:00,1920,10,-1.154,NA,PDO,NA,NA,Pacific Decadal Oscillation,NA
01-NOV-1920 00:00,1920,11,-0.476,NA,PDO,NA,NA,Pacific Decadal Oscillation,NA
01-DEC-1920 00:00,1920,12,-0.638,NA,PDO,NA,NA,Pacific Decadal Oscillation,NA
01-JAN-1921 00:00,1921,1,-1.021,NA,PDO,NA,NA,Pacific Decadal Oscillation,NA
01-FEB-1921 00:00,1921,2,-1.297,NA,PDO,NA,NA,Pacific Decadal Oscillation,NA
01-MAR-1921 00:00,1921,3,-0.687,NA,PDO,NA,NA,Pacific Decadal Oscillation,NA
01-APR-1921 00:00,1921,4,-1.459,NA,PDO,NA,NA,Pacific Decadal Oscillation,NA
01-MAY-1921 00:00,1921,5,-1.257,NA,PDO,NA,NA,Pacific Decadal Oscillation,NA
01-JUN-1921 00:00,1921,6,-0.986,NA,PDO,NA,NA,Pacific Decadal Oscillation,NA
01-JUL-1921 00:00,1921,7,-1.076,NA,PDO,NA,NA,Pacific Decadal Oscillation,NA
01-AUG-1921 00:00,1921,8,-1.235,NA,PDO,NA,NA,Pacific Decadal Oscillation,NA
01-SEP-1921 00:00,1921,9,-1.098,NA,PDO,NA,NA,Pacific Decadal Oscillation,NA
01-OCT-1921 00:00,1921,10,-1.164,NA,PDO,NA,NA,Pacific Decadal Oscillation,NA
01-NOV-1921 00:00,1921,11,-0.562,NA,PDO,NA,NA,Pacific Decadal Oscillation,NA
01-DEC-1921 00:00,1921,12,-0.097,NA,PDO,NA,NA,Pacific Decadal Oscillation,NA
01-JAN-1922 00:00,1922,1,-0.179,NA,PDO,NA,NA,Pacific Decadal Oscillation,NA
01-FEB-1922 00:00,1922,2,-1.024,NA,PDO,NA,NA,Pacific Decadal Oscillation,NA
01-MAR-1922 00:00,1922,3,-1.27,NA,PDO,NA,NA,Pacific Decadal Oscillation,NA
01-APR-1922 00:00,1922,4,-1.427,NA,PDO,NA,NA,Pacific Decadal Oscillation,NA
01-MAY-1922 00:00,1922,5,-1.436,NA,PDO,NA,NA,Pacific Decadal Oscillation,NA
01-JUN-1922 00:00,1922,6,-0.853,NA,PDO,NA,NA,Pacific Decadal Oscillation,NA
01-JUL-1922 00:00,1922,7,-0.422,NA,PDO,NA,NA,Pacific Decadal Oscillation,NA
01-AUG-1922 00:00,1922,8,-0.095,NA,PDO,NA,NA,Pacific Decadal Oscillation,NA
01-SEP-1922 00:00,1922,9,-0.15,NA,PDO,NA,NA,Pacific Decadal Oscillation,NA
01-OCT-1922 00:00,1922,10,-0.053,NA,PDO,NA,NA,Pacific Decadal Oscillation,NA
01-NOV-1922 00:00,1922,11,-0.483,NA,PDO,NA,NA,Pacific Decadal Oscillation,NA
01-DEC-1922 00:00,1922,12,0.2,NA,PDO,NA,NA,Pacific Decadal Oscillation,NA
01-JAN-1923 00:00,1923,1,0.1,NA,PDO,NA,NA,Pacific Decadal Oscillation,NA
01-FEB-1923 00:00,1923,2,-0.658,NA,PDO,NA,NA,Pacific Decadal Oscillation,NA
01-MAR-1923 00:00,1923,3,-0.785,NA,PDO,NA,NA,Pacific Decadal Oscillation,NA
01-APR-1923 00:00,1923,4,-0.301,NA,PDO,NA,NA,Pacific Decadal Oscillation,NA
01-MAY-1923 00:00,1923,5,0.36,NA,PDO,NA,NA,Pacific Decadal Oscillation,NA
01-JUN-1923 00:00,1923,6,-0.8,NA,PDO,NA,NA,Pacific Decadal Oscillation,NA
01-JUL-1923 00:00,1923,7,0.592,NA,PDO,NA,NA,Pacific Decadal Oscillation,NA
01-AUG-1923 00:00,1923,8,0.336,NA,PDO,NA,NA,Pacific Decadal Oscillation,NA
01-SEP-1923 00:00,1923,9,0.063,NA,PDO,NA,NA,Pacific Decadal Oscillation,NA
01-OCT-1923 00:00,1923,10,0.389,NA,PDO,NA,NA,Pacific Decadal Oscillation,NA
01-NOV-1923 00:00,1923,11,-0.134,NA,PDO,NA,NA,Pacific Decadal Oscillation,NA
01-DEC-1923 00:00,1923,12,-0.252,NA,PDO,NA,NA,Pacific Decadal Oscillation,NA
01-JAN-1924 00:00,1924,1,-0.742,NA,PDO,NA,NA,Pacific Decadal Oscillation,NA
01-FEB-1924 00:00,1924,2,-0.801,NA,PDO,NA,NA,Pacific Decadal Oscillation,NA
01-MAR-1924 00:00,1924,3,-0.443,NA,PDO,NA,NA,Pacific Decadal Oscillation,NA
01-APR-1924 00:00,1924,4,-0.835,NA,PDO,NA,NA,Pacific Decadal Oscillation,NA
01-MAY-1924 00:00,1924,5,-0.132,NA,PDO,NA,NA,Pacific Decadal Oscillation,NA
01-JUN-1924 00:00,1924,6,-0.09,NA,PDO,NA,NA,Pacific Decadal Oscillation,NA
01-JUL-1924 00:00,1924,7,-0.409,NA,PDO,NA,NA,Pacific Decadal Oscillation,NA
01-AUG-1924 00:00,1924,8,-0.771,NA,PDO,NA,NA,Pacific Decadal Oscillation,NA
01-SEP-1924 00:00,1924,9,-1.29,NA,PDO,NA,NA,Pacific Decadal Oscillation,NA
01-OCT-1924 00:00,1924,10,-1.755,NA,PDO,NA,NA,Pacific Decadal Oscillation,NA
01-NOV-1924 00:00,1924,11,-1.393,NA,PDO,NA,NA,Pacific Decadal Oscillation,NA
01-DEC-1924 00:00,1924,12,-0.542,NA,PDO,NA,NA,Pacific Decadal Oscillation,NA
01-JAN-1925 00:00,1925,1,-1.169,NA,PDO,NA,NA,Pacific Decadal Oscillation,NA
01-FEB-1925 00:00,1925,2,-0.856,NA,PDO,NA,NA,Pacific Decadal Oscillation,NA
01-MAR-1925 00:00,1925,3,-0.735,NA,PDO,NA,NA,Pacific Decadal Oscillation,NA
01-APR-1925 00:00,1925,4,-1.012,NA,PDO,NA,NA,Pacific Decadal Oscillation,NA
01-MAY-1925 00:00,1925,5,-0.441,NA,PDO,NA,NA,Pacific Decadal Oscillation,NA
01-JUN-1925 00:00,1925,6,-0.765,NA,PDO,NA,NA,Pacific Decadal Oscillation,NA
01-JUL-1925 00:00,1925,7,-0.33,NA,PDO,NA,NA,Pacific Decadal Oscillation,NA
01-AUG-1925 00:00,1925,8,-0.127,NA,PDO,NA,NA,Pacific Decadal Oscillation,NA
01-SEP-1925 00:00,1925,9,0.445,NA,PDO,NA,NA,Pacific Decadal Oscillation,NA
01-OCT-1925 00:00,1925,10,0.572,NA,PDO,NA,NA,Pacific Decadal Oscillation,NA
01-NOV-1925 00:00,1925,11,0.943,NA,PDO,NA,NA,Pacific Decadal Oscillation,NA
01-DEC-1925 00:00,1925,12,0.662,NA,PDO,NA,NA,Pacific Decadal Oscillation,NA
01-JAN-1926 00:00,1926,1,0.873,NA,PDO,NA,NA,Pacific Decadal Oscillation,NA
01-FEB-1926 00:00,1926,2,1.08,NA,PDO,NA,NA,Pacific Decadal Oscillation,NA
01-MAR-1926 00:00,1926,3,1.156,NA,PDO,NA,NA,Pacific Decadal Oscillation,NA
01-APR-1926 00:00,1926,4,1.766,NA,PDO,NA,NA,Pacific Decadal Oscillation,NA
01-MAY-1926 00:00,1926,5,2.209,NA,PDO,NA,NA,Pacific Decadal Oscillation,NA
01-JUN-1926 00:00,1926,6,1.518,NA,PDO,NA,NA,Pacific Decadal Oscillation,NA
01-JUL-1926 00:00,1926,7,2.102,NA,PDO,NA,NA,Pacific Decadal Oscillation,NA
01-AUG-1926 00:00,1926,8,1.798,NA,PDO,NA,NA,Pacific Decadal Oscillation,NA
01-SEP-1926 00:00,1926,9,1.632,NA,PDO,NA,NA,Pacific Decadal Oscillation,NA
01-OCT-1926 00:00,1926,10,1.569,NA,PDO,NA,NA,Pacific Decadal Oscillation,NA
01-NOV-1926 00:00,1926,11,2.023,NA,PDO,NA,NA,Pacific Decadal Oscillation,NA
01-DEC-1926 00:00,1926,12,1.632,NA,PDO,NA,NA,Pacific Decadal Oscillation,NA
01-JAN-1927 00:00,1927,1,0.713,NA,PDO,NA,NA,Pacific Decadal Oscillation,NA
01-FEB-1927 00:00,1927,2,1.134,NA,PDO,NA,NA,Pacific Decadal Oscillation,NA
01-MAR-1927 00:00,1927,3,0.776,NA,PDO,NA,NA,Pacific Decadal Oscillation,NA
01-APR-1927 00:00,1927,4,0.163,NA,PDO,NA,NA,Pacific Decadal Oscillation,NA
01-MAY-1927 00:00,1927,5,0.137,NA,PDO,NA,NA,Pacific Decadal Oscillation,NA
01-JUN-1927 00:00,1927,6,0.485,NA,PDO,NA,NA,Pacific Decadal Oscillation,NA
01-JUL-1927 00:00,1927,7,-0.171,NA,PDO,NA,NA,Pacific Decadal Oscillation,NA
01-AUG-1927 00:00,1927,8,-0.252,NA,PDO,NA,NA,Pacific Decadal Oscillation,NA
01-SEP-1927 00:00,1927,9,0.266,NA,PDO,NA,NA,Pacific Decadal Oscillation,NA
01-OCT-1927 00:00,1927,10,-0.457,NA,PDO,NA,NA,Pacific Decadal Oscillation,NA
01-NOV-1927 00:00,1927,11,-0.285,NA,PDO,NA,NA,Pacific Decadal Oscillation,NA
01-DEC-1927 00:00,1927,12,-0.24,NA,PDO,NA,NA,Pacific Decadal Oscillation,NA
01-JAN-1928 00:00,1928,1,0.282,NA,PDO,NA,NA,Pacific Decadal Oscillation,NA
01-FEB-1928 00:00,1928,2,0.556,NA,PDO,NA,NA,Pacific Decadal Oscillation,NA
01-MAR-1928 00:00,1928,3,0.815,NA,PDO,NA,NA,Pacific Decadal Oscillation,NA
01-APR-1928 00:00,1928,4,0.526,NA,PDO,NA,NA,Pacific Decadal Oscillation,NA
01-MAY-1928 00:00,1928,5,0.654,NA,PDO,NA,NA,Pacific Decadal Oscillation,NA
01-JUN-1928 00:00,1928,6,1.037,NA,PDO,NA,NA,Pacific Decadal Oscillation,NA
01-JUL-1928 00:00,1928,7,-0.289,NA,PDO,NA,NA,Pacific Decadal Oscillation,NA
01-AUG-1928 00:00,1928,8,-0.446,NA,PDO,NA,NA,Pacific Decadal Oscillation,NA
01-SEP-1928 00:00,1928,9,-1.223,NA,PDO,NA,NA,Pacific Decadal Oscillation,NA
01-OCT-1928 00:00,1928,10,-0.769,NA,PDO,NA,NA,Pacific Decadal Oscillation,NA
01-NOV-1928 00:00,1928,11,0.203,NA,PDO,NA,NA,Pacific Decadal Oscillation,NA
01-DEC-1928 00:00,1928,12,0.387,NA,PDO,NA,NA,Pacific Decadal Oscillation,NA
01-JAN-1929 00:00,1929,1,0.496,NA,PDO,NA,NA,Pacific Decadal Oscillation,NA
01-FEB-1929 00:00,1929,2,0.032,NA,PDO,NA,NA,Pacific Decadal Oscillation,NA
01-MAR-1929 00:00,1929,3,-0.051,NA,PDO,NA,NA,Pacific Decadal Oscillation,NA
01-APR-1929 00:00,1929,4,0.276,NA,PDO,NA,NA,Pacific Decadal Oscillation,NA
01-MAY-1929 00:00,1929,5,0.346,NA,PDO,NA,NA,Pacific Decadal Oscillation,NA
01-JUN-1929 00:00,1929,6,0.314,NA,PDO,NA,NA,Pacific Decadal Oscillation,NA
01-JUL-1929 00:00,1929,7,0.054,NA,PDO,NA,NA,Pacific Decadal Oscillation,NA
01-AUG-1929 00:00,1929,8,0.107,NA,PDO,NA,NA,Pacific Decadal Oscillation,NA
01-SEP-1929 00:00,1929,9,0.912,NA,PDO,NA,NA,Pacific Decadal Oscillation,NA
01-OCT-1929 00:00,1929,10,0.955,NA,PDO,NA,NA,Pacific Decadal Oscillation,NA
01-NOV-1929 00:00,1929,11,0.616,NA,PDO,NA,NA,Pacific Decadal Oscillation,NA
01-DEC-1929 00:00,1929,12,1.37,NA,PDO,NA,NA,Pacific Decadal Oscillation,NA
01-JAN-1930 00:00,1930,1,0.892,NA,PDO,NA,NA,Pacific Decadal Oscillation,NA
01-FEB-1930 00:00,1930,2,0.589,NA,PDO,NA,NA,Pacific Decadal Oscillation,NA
01-MAR-1930 00:00,1930,3,0.292,NA,PDO,NA,NA,Pacific Decadal Oscillation,NA
01-APR-1930 00:00,1930,4,0.292,NA,PDO,NA,NA,Pacific Decadal Oscillation,NA
01-MAY-1930 00:00,1930,5,0.146,NA,PDO,NA,NA,Pacific Decadal Oscillation,NA
01-JUN-1930 00:00,1930,6,0.021,NA,PDO,NA,NA,Pacific Decadal Oscillation,NA
01-JUL-1930 00:00,1930,7,0.171,NA,PDO,NA,NA,Pacific Decadal Oscillation,NA
01-AUG-1930 00:00,1930,8,0.152,NA,PDO,NA,NA,Pacific Decadal Oscillation,NA
01-SEP-1930 00:00,1930,9,0.691,NA,PDO,NA,NA,Pacific Decadal Oscillation,NA
01-OCT-1930 00:00,1930,10,0.321,NA,PDO,NA,NA,Pacific Decadal Oscillation,NA
01-NOV-1930 00:00,1930,11,0.081,NA,PDO,NA,NA,Pacific Decadal Oscillation,NA
01-DEC-1930 00:00,1930,12,0.539,NA,PDO,NA,NA,Pacific Decadal Oscillation,NA
01-JAN-1931 00:00,1931,1,0.834,NA,PDO,NA,NA,Pacific Decadal Oscillation,NA
01-FEB-1931 00:00,1931,2,0.752,NA,PDO,NA,NA,Pacific Decadal Oscillation,NA
01-MAR-1931 00:00,1931,3,0.869,NA,PDO,NA,NA,Pacific Decadal Oscillation,NA
01-APR-1931 00:00,1931,4,1.459,NA,PDO,NA,NA,Pacific Decadal Oscillation,NA
01-MAY-1931 00:00,1931,5,2.018,NA,PDO,NA,NA,Pacific Decadal Oscillation,NA
01-JUN-1931 00:00,1931,6,1.764,NA,PDO,NA,NA,Pacific Decadal Oscillation,NA
01-JUL-1931 00:00,1931,7,2.081,NA,PDO,NA,NA,Pacific Decadal Oscillation,NA
01-AUG-1931 00:00,1931,8,1.172,NA,PDO,NA,NA,Pacific Decadal Oscillation,NA
01-SEP-1931 00:00,1931,9,1.067,NA,PDO,NA,NA,Pacific Decadal Oscillation,NA
01-OCT-1931 00:00,1931,10,0.344,NA,PDO,NA,NA,Pacific Decadal Oscillation,NA
01-NOV-1931 00:00,1931,11,-0.123,NA,PDO,NA,NA,Pacific Decadal Oscillation,NA
01-DEC-1931 00:00,1931,12,-0.756,NA,PDO,NA,NA,Pacific Decadal Oscillation,NA
01-JAN-1932 00:00,1932,1,-1.01,NA,PDO,NA,NA,Pacific Decadal Oscillation,NA
01-FEB-1932 00:00,1932,2,-1.253,NA,PDO,NA,NA,Pacific Decadal Oscillation,NA
01-MAR-1932 00:00,1932,3,-0.427,NA,PDO,NA,NA,Pacific Decadal Oscillation,NA
01-APR-1932 00:00,1932,4,0.509,NA,PDO,NA,NA,Pacific Decadal Oscillation,NA
01-MAY-1932 00:00,1932,5,0.02,NA,PDO,NA,NA,Pacific Decadal Oscillation,NA
01-JUN-1932 00:00,1932,6,-0.187,NA,PDO,NA,NA,Pacific Decadal Oscillation,NA
01-JUL-1932 00:00,1932,7,-0.126,NA,PDO,NA,NA,Pacific Decadal Oscillation,NA
01-AUG-1932 00:00,1932,8,-0.041,NA,PDO,NA,NA,Pacific Decadal Oscillation,NA
01-SEP-1932 00:00,1932,9,-0.76,NA,PDO,NA,NA,Pacific Decadal Oscillation,NA
01-OCT-1932 00:00,1932,10,-0.055,NA,PDO,NA,NA,Pacific Decadal Oscillation,NA
01-NOV-1932 00:00,1932,11,-0.427,NA,PDO,NA,NA,Pacific Decadal Oscillation,NA
01-DEC-1932 00:00,1932,12,-0.14,NA,PDO,NA,NA,Pacific Decadal Oscillation,NA
01-JAN-1933 00:00,1933,1,-0.842,NA,PDO,NA,NA,Pacific Decadal Oscillation,NA
01-FEB-1933 00:00,1933,2,-1.017,NA,PDO,NA,NA,Pacific Decadal Oscillation,NA
01-MAR-1933 00:00,1933,3,-1.116,NA,PDO,NA,NA,Pacific Decadal Oscillation,NA
01-APR-1933 00:00,1933,4,-0.883,NA,PDO,NA,NA,Pacific Decadal Oscillation,NA
01-MAY-1933 00:00,1933,5,-1.534,NA,PDO,NA,NA,Pacific Decadal Oscillation,NA
01-JUN-1933 00:00,1933,6,-2.022,NA,PDO,NA,NA,Pacific Decadal Oscillation,NA
01-JUL-1933 00:00,1933,7,-2.517,NA,PDO,NA,NA,Pacific Decadal Oscillation,NA
01-AUG-1933 00:00,1933,8,-2.138,NA,PDO,NA,NA,Pacific Decadal Oscillation,NA
01-SEP-1933 00:00,1933,9,-2.303,NA,PDO,NA,NA,Pacific Decadal Oscillation,NA
01-OCT-1933 00:00,1933,10,-1.486,NA,PDO,NA,NA,Pacific Decadal Oscillation,NA
01-NOV-1933 00:00,1933,11,-0.459,NA,PDO,NA,NA,Pacific Decadal Oscillation,NA
01-DEC-1933 00:00,1933,12,-0.746,NA,PDO,NA,NA,Pacific Decadal Oscillation,NA
01-JAN-1934 00:00,1934,1,-0.6,NA,PDO,NA,NA,Pacific Decadal Oscillation,NA
01-FEB-1934 00:00,1934,2,-0.017,NA,PDO,NA,NA,Pacific Decadal Oscillation,NA
01-MAR-1934 00:00,1934,3,0.562,NA,PDO,NA,NA,Pacific Decadal Oscillation,NA
01-APR-1934 00:00,1934,4,1.07,NA,PDO,NA,NA,Pacific Decadal Oscillation,NA
01-MAY-1934 00:00,1934,5,0.724,NA,PDO,NA,NA,Pacific Decadal Oscillation,NA
01-JUN-1934 00:00,1934,6,-0.134,NA,PDO,NA,NA,Pacific Decadal Oscillation,NA
01-JUL-1934 00:00,1934,7,0.206,NA,PDO,NA,NA,Pacific Decadal Oscillation,NA
01-AUG-1934 00:00,1934,8,1.171,NA,PDO,NA,NA,Pacific Decadal Oscillation,NA
01-SEP-1934 00:00,1934,9,1.093,NA,PDO,NA,NA,Pacific Decadal Oscillation,NA
01-OCT-1934 00:00,1934,10,1.749,NA,PDO,NA,NA,Pacific Decadal Oscillation,NA
01-NOV-1934 00:00,1934,11,1.439,NA,PDO,NA,NA,Pacific Decadal Oscillation,NA
01-DEC-1934 00:00,1934,12,1.105,NA,PDO,NA,NA,Pacific Decadal Oscillation,NA
01-JAN-1935 00:00,1935,1,0.417,NA,PDO,NA,NA,Pacific Decadal Oscillation,NA
01-FEB-1935 00:00,1935,2,0.081,NA,PDO,NA,NA,Pacific Decadal Oscillation,NA
01-MAR-1935 00:00,1935,3,-0.252,NA,PDO,NA,NA,Pacific Decadal Oscillation,NA
01-APR-1935 00:00,1935,4,0.243,NA,PDO,NA,NA,Pacific Decadal Oscillation,NA
01-MAY-1935 00:00,1935,5,0.81,NA,PDO,NA,NA,Pacific Decadal Oscillation,NA
01-JUN-1935 00:00,1935,6,1.15,NA,PDO,NA,NA,Pacific Decadal Oscillation,NA
01-JUL-1935 00:00,1935,7,0.516,NA,PDO,NA,NA,Pacific Decadal Oscillation,NA
01-AUG-1935 00:00,1935,8,0.516,NA,PDO,NA,NA,Pacific Decadal Oscillation,NA
01-SEP-1935 00:00,1935,9,0.614,NA,PDO,NA,NA,Pacific Decadal Oscillation,NA
01-OCT-1935 00:00,1935,10,0.73,NA,PDO,NA,NA,Pacific Decadal Oscillation,NA
01-NOV-1935 00:00,1935,11,0.486,NA,PDO,NA,NA,Pacific Decadal Oscillation,NA
01-DEC-1935 00:00,1935,12,1.305,NA,PDO,NA,NA,Pacific Decadal Oscillation,NA
01-JAN-1936 00:00,1936,1,1.747,NA,PDO,NA,NA,Pacific Decadal Oscillation,NA
01-FEB-1936 00:00,1936,2,1.416,NA,PDO,NA,NA,Pacific Decadal Oscillation,NA
01-MAR-1936 00:00,1936,3,1.001,NA,PDO,NA,NA,Pacific Decadal Oscillation,NA
01-APR-1936 00:00,1936,4,1.159,NA,PDO,NA,NA,Pacific Decadal Oscillation,NA
01-MAY-1936 00:00,1936,5,1.541,NA,PDO,NA,NA,Pacific Decadal Oscillation,NA
01-JUN-1936 00:00,1936,6,2.028,NA,PDO,NA,NA,Pacific Decadal Oscillation,NA
01-JUL-1936 00:00,1936,7,2.48,NA,PDO,NA,NA,Pacific Decadal Oscillation,NA
01-AUG-1936 00:00,1936,8,1.988,NA,PDO,NA,NA,Pacific Decadal Oscillation,NA
01-SEP-1936 00:00,1936,9,1.202,NA,PDO,NA,NA,Pacific Decadal Oscillation,NA
01-OCT-1936 00:00,1936,10,2.043,NA,PDO,NA,NA,Pacific Decadal Oscillation,NA
01-NOV-1936 00:00,1936,11,2.589,NA,PDO,NA,NA,Pacific Decadal Oscillation,NA
01-DEC-1936 00:00,1936,12,1.343,NA,PDO,NA,NA,Pacific Decadal Oscillation,NA
01-JAN-1937 00:00,1937,1,0.156,NA,PDO,NA,NA,Pacific Decadal Oscillation,NA
01-FEB-1937 00:00,1937,2,-0.187,NA,PDO,NA,NA,Pacific Decadal Oscillation,NA
01-MAR-1937 00:00,1937,3,-0.014,NA,PDO,NA,NA,Pacific Decadal Oscillation,NA
01-APR-1937 00:00,1937,4,-0.403,NA,PDO,NA,NA,Pacific Decadal Oscillation,NA
01-MAY-1937 00:00,1937,5,-0.019,NA,PDO,NA,NA,Pacific Decadal Oscillation,NA
01-JUN-1937 00:00,1937,6,1.383,NA,PDO,NA,NA,Pacific Decadal Oscillation,NA
01-JUL-1937 00:00,1937,7,0.137,NA,PDO,NA,NA,Pacific Decadal Oscillation,NA
01-AUG-1937 00:00,1937,8,-0.254,NA,PDO,NA,NA,Pacific Decadal Oscillation,NA
01-SEP-1937 00:00,1937,9,0.239,NA,PDO,NA,NA,Pacific Decadal Oscillation,NA
01-OCT-1937 00:00,1937,10,0.59,NA,PDO,NA,NA,Pacific Decadal Oscillation,NA
01-NOV-1937 00:00,1937,11,0.868,NA,PDO,NA,NA,Pacific Decadal Oscillation,NA
01-DEC-1937 00:00,1937,12,0.809,NA,PDO,NA,NA,Pacific Decadal Oscillation,NA
01-JAN-1938 00:00,1938,1,1.14,NA,PDO,NA,NA,Pacific Decadal Oscillation,NA
01-FEB-1938 00:00,1938,2,0.063,NA,PDO,NA,NA,Pacific Decadal Oscillation,NA
01-MAR-1938 00:00,1938,3,-0.397,NA,PDO,NA,NA,Pacific Decadal Oscillation,NA
01-APR-1938 00:00,1938,4,-0.081,NA,PDO,NA,NA,Pacific Decadal Oscillation,NA
01-MAY-1938 00:00,1938,5,-0.488,NA,PDO,NA,NA,Pacific Decadal Oscillation,NA
01-JUN-1938 00:00,1938,6,-0.439,NA,PDO,NA,NA,Pacific Decadal Oscillation,NA
01-JUL-1938 00:00,1938,7,-0.23,NA,PDO,NA,NA,Pacific Decadal Oscillation,NA
01-AUG-1938 00:00,1938,8,-0.187,NA,PDO,NA,NA,Pacific Decadal Oscillation,NA
01-SEP-1938 00:00,1938,9,0.066,NA,PDO,NA,NA,Pacific Decadal Oscillation,NA
01-OCT-1938 00:00,1938,10,0.819,NA,PDO,NA,NA,Pacific Decadal Oscillation,NA
01-NOV-1938 00:00,1938,11,0.007,NA,PDO,NA,NA,Pacific Decadal Oscillation,NA
01-DEC-1938 00:00,1938,12,0.683,NA,PDO,NA,NA,Pacific Decadal Oscillation,NA
01-JAN-1939 00:00,1939,1,0.578,NA,PDO,NA,NA,Pacific Decadal Oscillation,NA
01-FEB-1939 00:00,1939,2,-0.25,NA,PDO,NA,NA,Pacific Decadal Oscillation,NA
01-MAR-1939 00:00,1939,3,-0.647,NA,PDO,NA,NA,Pacific Decadal Oscillation,NA
01-APR-1939 00:00,1939,4,-0.007,NA,PDO,NA,NA,Pacific Decadal Oscillation,NA
01-MAY-1939 00:00,1939,5,0.176,NA,PDO,NA,NA,Pacific Decadal Oscillation,NA
01-JUN-1939 00:00,1939,6,0.075,NA,PDO,NA,NA,Pacific Decadal Oscillation,NA
01-JUL-1939 00:00,1939,7,-0.683,NA,PDO,NA,NA,Pacific Decadal Oscillation,NA
01-AUG-1939 00:00,1939,8,-0.59,NA,PDO,NA,NA,Pacific Decadal Oscillation,NA
01-SEP-1939 00:00,1939,9,-0.9,NA,PDO,NA,NA,Pacific Decadal Oscillation,NA
01-OCT-1939 00:00,1939,10,-0.998,NA,PDO,NA,NA,Pacific Decadal Oscillation,NA
01-NOV-1939 00:00,1939,11,-0.729,NA,PDO,NA,NA,Pacific Decadal Oscillation,NA
01-DEC-1939 00:00,1939,12,1.16,NA,PDO,NA,NA,Pacific Decadal Oscillation,NA
01-JAN-1940 00:00,1940,1,1.661,NA,PDO,NA,NA,Pacific Decadal Oscillation,NA
01-FEB-1940 00:00,1940,2,1.411,NA,PDO,NA,NA,Pacific Decadal Oscillation,NA
01-MAR-1940 00:00,1940,3,1.794,NA,PDO,NA,NA,Pacific Decadal Oscillation,NA
01-APR-1940 00:00,1940,4,2.133,NA,PDO,NA,NA,Pacific Decadal Oscillation,NA
01-MAY-1940 00:00,1940,5,1.983,NA,PDO,NA,NA,Pacific Decadal Oscillation,NA
01-JUN-1940 00:00,1940,6,2.301,NA,PDO,NA,NA,Pacific Decadal Oscillation,NA
01-JUL-1940 00:00,1940,7,2.083,NA,PDO,NA,NA,Pacific Decadal Oscillation,NA
01-AUG-1940 00:00,1940,8,1.711,NA,PDO,NA,NA,Pacific Decadal Oscillation,NA
01-SEP-1940 00:00,1940,9,1.543,NA,PDO,NA,NA,Pacific Decadal Oscillation,NA
01-OCT-1940 00:00,1940,10,1.442,NA,PDO,NA,NA,Pacific Decadal Oscillation,NA
01-NOV-1940 00:00,1940,11,1.717,NA,PDO,NA,NA,Pacific Decadal Oscillation,NA
01-DEC-1940 00:00,1940,12,2.425,NA,PDO,NA,NA,Pacific Decadal Oscillation,NA
01-JAN-1941 00:00,1941,1,2.584,NA,PDO,NA,NA,Pacific Decadal Oscillation,NA
01-FEB-1941 00:00,1941,2,2.77,NA,PDO,NA,NA,Pacific Decadal Oscillation,NA
01-MAR-1941 00:00,1941,3,2.392,NA,PDO,NA,NA,Pacific Decadal Oscillation,NA
01-APR-1941 00:00,1941,4,2.417,NA,PDO,NA,NA,Pacific Decadal Oscillation,NA
01-MAY-1941 00:00,1941,5,2.232,NA,PDO,NA,NA,Pacific Decadal Oscillation,NA
01-JUN-1941 00:00,1941,6,2.931,NA,PDO,NA,NA,Pacific Decadal Oscillation,NA
01-JUL-1941 00:00,1941,7,2.971,NA,PDO,NA,NA,Pacific Decadal Oscillation,NA
01-AUG-1941 00:00,1941,8,3.202,NA,PDO,NA,NA,Pacific Decadal Oscillation,NA
01-SEP-1941 00:00,1941,9,2.238,NA,PDO,NA,NA,Pacific Decadal Oscillation,NA
01-OCT-1941 00:00,1941,10,1.456,NA,PDO,NA,NA,Pacific Decadal Oscillation,NA
01-NOV-1941 00:00,1941,11,1.641,NA,PDO,NA,NA,Pacific Decadal Oscillation,NA
01-DEC-1941 00:00,1941,12,2.098,NA,PDO,NA,NA,Pacific Decadal Oscillation,NA
01-JAN-1942 00:00,1942,1,2.144,NA,PDO,NA,NA,Pacific Decadal Oscillation,NA
01-FEB-1942 00:00,1942,2,1.718,NA,PDO,NA,NA,Pacific Decadal Oscillation,NA
01-MAR-1942 00:00,1942,3,1.176,NA,PDO,NA,NA,Pacific Decadal Oscillation,NA
01-APR-1942 00:00,1942,4,1.181,NA,PDO,NA,NA,Pacific Decadal Oscillation,NA
01-MAY-1942 00:00,1942,5,0.832,NA,PDO,NA,NA,Pacific Decadal Oscillation,NA
01-JUN-1942 00:00,1942,6,1.023,NA,PDO,NA,NA,Pacific Decadal Oscillation,NA
01-JUL-1942 00:00,1942,7,0.832,NA,PDO,NA,NA,Pacific Decadal Oscillation,NA
01-AUG-1942 00:00,1942,8,0.87,NA,PDO,NA,NA,Pacific Decadal Oscillation,NA
01-SEP-1942 00:00,1942,9,0.509,NA,PDO,NA,NA,Pacific Decadal Oscillation,NA
01-OCT-1942 00:00,1942,10,0.452,NA,PDO,NA,NA,Pacific Decadal Oscillation,NA
01-NOV-1942 00:00,1942,11,-0.063,NA,PDO,NA,NA,Pacific Decadal Oscillation,NA
01-DEC-1942 00:00,1942,12,-0.877,NA,PDO,NA,NA,Pacific Decadal Oscillation,NA
01-JAN-1943 00:00,1943,1,-1.402,NA,PDO,NA,NA,Pacific Decadal Oscillation,NA
01-FEB-1943 00:00,1943,2,-0.746,NA,PDO,NA,NA,Pacific Decadal Oscillation,NA
01-MAR-1943 00:00,1943,3,0.156,NA,PDO,NA,NA,Pacific Decadal Oscillation,NA
01-APR-1943 00:00,1943,4,1.102,NA,PDO,NA,NA,Pacific Decadal Oscillation,NA
01-MAY-1943 00:00,1943,5,0.576,NA,PDO,NA,NA,Pacific Decadal Oscillation,NA
01-JUN-1943 00:00,1943,6,-0.169,NA,PDO,NA,NA,Pacific Decadal Oscillation,NA
01-JUL-1943 00:00,1943,7,-0.077,NA,PDO,NA,NA,Pacific Decadal Oscillation,NA
01-AUG-1943 00:00,1943,8,-1.249,NA,PDO,NA,NA,Pacific Decadal Oscillation,NA
01-SEP-1943 00:00,1943,9,-1.046,NA,PDO,NA,NA,Pacific Decadal Oscillation,NA
01-OCT-1943 00:00,1943,10,-1.181,NA,PDO,NA,NA,Pacific Decadal Oscillation,NA
01-NOV-1943 00:00,1943,11,-0.264,NA,PDO,NA,NA,Pacific Decadal Oscillation,NA
01-DEC-1943 00:00,1943,12,1.512,NA,PDO,NA,NA,Pacific Decadal Oscillation,NA
01-JAN-1944 00:00,1944,1,1.255,NA,PDO,NA,NA,Pacific Decadal Oscillation,NA
01-FEB-1944 00:00,1944,2,0.224,NA,PDO,NA,NA,Pacific Decadal Oscillation,NA
01-MAR-1944 00:00,1944,3,-0.24,NA,PDO,NA,NA,Pacific Decadal Oscillation,NA
01-APR-1944 00:00,1944,4,-0.442,NA,PDO,NA,NA,Pacific Decadal Oscillation,NA
01-MAY-1944 00:00,1944,5,-1.175,NA,PDO,NA,NA,Pacific Decadal Oscillation,NA
01-JUN-1944 00:00,1944,6,-1.658,NA,PDO,NA,NA,Pacific Decadal Oscillation,NA
01-JUL-1944 00:00,1944,7,-1.116,NA,PDO,NA,NA,Pacific Decadal Oscillation,NA
01-AUG-1944 00:00,1944,8,-0.457,NA,PDO,NA,NA,Pacific Decadal Oscillation,NA
01-SEP-1944 00:00,1944,9,-1.116,NA,PDO,NA,NA,Pacific Decadal Oscillation,NA
01-OCT-1944 00:00,1944,10,-0.88,NA,PDO,NA,NA,Pacific Decadal Oscillation,NA
01-NOV-1944 00:00,1944,11,-0.382,NA,PDO,NA,NA,Pacific Decadal Oscillation,NA
01-DEC-1944 00:00,1944,12,-0.349,NA,PDO,NA,NA,Pacific Decadal Oscillation,NA
01-JAN-1945 00:00,1945,1,0.05,NA,PDO,NA,NA,Pacific Decadal Oscillation,NA
01-FEB-1945 00:00,1945,2,-0.025,NA,PDO,NA,NA,Pacific Decadal Oscillation,NA
01-MAR-1945 00:00,1945,3,0.247,NA,PDO,NA,NA,Pacific Decadal Oscillation,NA
01-APR-1945 00:00,1945,4,-0.026,NA,PDO,NA,NA,Pacific Decadal Oscillation,NA
01-MAY-1945 00:00,1945,5,-0.06,NA,PDO,NA,NA,Pacific Decadal Oscillation,NA
01-JUN-1945 00:00,1945,6,0.402,NA,PDO,NA,NA,Pacific Decadal Oscillation,NA
01-JUL-1945 00:00,1945,7,0.762,NA,PDO,NA,NA,Pacific Decadal Oscillation,NA
01-AUG-1945 00:00,1945,8,0.207,NA,PDO,NA,NA,Pacific Decadal Oscillation,NA
01-SEP-1945 00:00,1945,9,0.214,NA,PDO,NA,NA,Pacific Decadal Oscillation,NA
01-OCT-1945 00:00,1945,10,0.15,NA,PDO,NA,NA,Pacific Decadal Oscillation,NA
01-NOV-1945 00:00,1945,11,-0.841,NA,PDO,NA,NA,Pacific Decadal Oscillation,NA
01-DEC-1945 00:00,1945,12,-1.488,NA,PDO,NA,NA,Pacific Decadal Oscillation,NA
01-JAN-1946 00:00,1946,1,-0.93,NA,PDO,NA,NA,Pacific Decadal Oscillation,NA
01-FEB-1946 00:00,1946,2,0.506,NA,PDO,NA,NA,Pacific Decadal Oscillation,NA
01-MAR-1946 00:00,1946,3,0.704,NA,PDO,NA,NA,Pacific Decadal Oscillation,NA
01-APR-1946 00:00,1946,4,0.72,NA,PDO,NA,NA,Pacific Decadal Oscillation,NA
01-MAY-1946 00:00,1946,5,-0.132,NA,PDO,NA,NA,Pacific Decadal Oscillation,NA
01-JUN-1946 00:00,1946,6,-0.386,NA,PDO,NA,NA,Pacific Decadal Oscillation,NA
01-JUL-1946 00:00,1946,7,0.347,NA,PDO,NA,NA,Pacific Decadal Oscillation,NA
01-AUG-1946 00:00,1946,8,0.158,NA,PDO,NA,NA,Pacific Decadal Oscillation,NA
01-SEP-1946 00:00,1946,9,0.249,NA,PDO,NA,NA,Pacific Decadal Oscillation,NA
01-OCT-1946 00:00,1946,10,-0.603,NA,PDO,NA,NA,Pacific Decadal Oscillation,NA
01-NOV-1946 00:00,1946,11,-1.237,NA,PDO,NA,NA,Pacific Decadal Oscillation,NA
01-DEC-1946 00:00,1946,12,-1.428,NA,PDO,NA,NA,Pacific Decadal Oscillation,NA
01-JAN-1947 00:00,1947,1,0.023,NA,PDO,NA,NA,Pacific Decadal Oscillation,NA
01-FEB-1947 00:00,1947,2,0.461,NA,PDO,NA,NA,Pacific Decadal Oscillation,NA
01-MAR-1947 00:00,1947,3,0.705,NA,PDO,NA,NA,Pacific Decadal Oscillation,NA
01-APR-1947 00:00,1947,4,0.464,NA,PDO,NA,NA,Pacific Decadal Oscillation,NA
01-MAY-1947 00:00,1947,5,-0.005,NA,PDO,NA,NA,Pacific Decadal Oscillation,NA
01-JUN-1947 00:00,1947,6,0.951,NA,PDO,NA,NA,Pacific Decadal Oscillation,NA
01-JUL-1947 00:00,1947,7,0.736,NA,PDO,NA,NA,Pacific Decadal Oscillation,NA
01-AUG-1947 00:00,1947,8,0.8,NA,PDO,NA,NA,Pacific Decadal Oscillation,NA
01-SEP-1947 00:00,1947,9,0.575,NA,PDO,NA,NA,Pacific Decadal Oscillation,NA
01-OCT-1947 00:00,1947,10,1.415,NA,PDO,NA,NA,Pacific Decadal Oscillation,NA
01-NOV-1947 00:00,1947,11,0.673,NA,PDO,NA,NA,Pacific Decadal Oscillation,NA
01-DEC-1947 00:00,1947,12,0.159,NA,PDO,NA,NA,Pacific Decadal Oscillation,NA
01-JAN-1948 00:00,1948,1,0.117,NA,PDO,NA,NA,Pacific Decadal Oscillation,NA
01-FEB-1948 00:00,1948,2,-0.23,NA,PDO,NA,NA,Pacific Decadal Oscillation,NA
01-MAR-1948 00:00,1948,3,-0.884,NA,PDO,NA,NA,Pacific Decadal Oscillation,NA
01-APR-1948 00:00,1948,4,-0.733,NA,PDO,NA,NA,Pacific Decadal Oscillation,NA
01-MAY-1948 00:00,1948,5,-1.298,NA,PDO,NA,NA,Pacific Decadal Oscillation,NA
01-JUN-1948 00:00,1948,6,-0.029,NA,PDO,NA,NA,Pacific Decadal Oscillation,NA
01-JUL-1948 00:00,1948,7,0.012,NA,PDO,NA,NA,Pacific Decadal Oscillation,NA
01-AUG-1948 00:00,1948,8,-0.516,NA,PDO,NA,NA,Pacific Decadal Oscillation,NA
01-SEP-1948 00:00,1948,9,-0.768,NA,PDO,NA,NA,Pacific Decadal Oscillation,NA
01-OCT-1948 00:00,1948,10,-1.391,NA,PDO,NA,NA,Pacific Decadal Oscillation,NA
01-NOV-1948 00:00,1948,11,-0.744,NA,PDO,NA,NA,Pacific Decadal Oscillation,NA
01-DEC-1948 00:00,1948,12,-1.795,NA,PDO,NA,NA,Pacific Decadal Oscillation,NA
01-JAN-1949 00:00,1949,1,-2.345,NA,PDO,NA,NA,Pacific Decadal Oscillation,NA
01-FEB-1949 00:00,1949,2,-2.615,NA,PDO,NA,NA,Pacific Decadal Oscillation,NA
01-MAR-1949 00:00,1949,3,-1.447,NA,PDO,NA,NA,Pacific Decadal Oscillation,NA
01-APR-1949 00:00,1949,4,-1.208,NA,PDO,NA,NA,Pacific Decadal Oscillation,NA
01-MAY-1949 00:00,1949,5,-0.918,NA,PDO,NA,NA,Pacific Decadal Oscillation,NA
01-JUN-1949 00:00,1949,6,-0.753,NA,PDO,NA,NA,Pacific Decadal Oscillation,NA
01-JUL-1949 00:00,1949,7,-0.898,NA,PDO,NA,NA,Pacific Decadal Oscillation,NA
01-AUG-1949 00:00,1949,8,-0.987,NA,PDO,NA,NA,Pacific Decadal Oscillation,NA
01-SEP-1949 00:00,1949,9,-0.948,NA,PDO,NA,NA,Pacific Decadal Oscillation,NA
01-OCT-1949 00:00,1949,10,-1.574,NA,PDO,NA,NA,Pacific Decadal Oscillation,NA
01-NOV-1949 00:00,1949,11,-0.767,NA,PDO,NA,NA,Pacific Decadal Oscillation,NA
01-DEC-1949 00:00,1949,12,-0.699,NA,PDO,NA,NA,Pacific Decadal Oscillation,NA
01-JAN-1950 00:00,1950,1,-1.317,NA,PDO,NA,NA,Pacific Decadal Oscillation,NA
01-FEB-1950 00:00,1950,2,-1.654,NA,PDO,NA,NA,Pacific Decadal Oscillation,NA
01-MAR-1950 00:00,1950,3,-1.346,NA,PDO,NA,NA,Pacific Decadal Oscillation,NA
01-APR-1950 00:00,1950,4,-1.402,NA,PDO,NA,NA,Pacific Decadal Oscillation,NA
01-MAY-1950 00:00,1950,5,-2.424,NA,PDO,NA,NA,Pacific Decadal Oscillation,NA
01-JUN-1950 00:00,1950,6,-1.798,NA,PDO,NA,NA,Pacific Decadal Oscillation,NA
01-JUL-1950 00:00,1950,7,-2.62,NA,PDO,NA,NA,Pacific Decadal Oscillation,NA
01-AUG-1950 00:00,1950,8,-1.74,NA,PDO,NA,NA,Pacific Decadal Oscillation,NA
01-SEP-1950 00:00,1950,9,-1.401,NA,PDO,NA,NA,Pacific Decadal Oscillation,NA
01-OCT-1950 00:00,1950,10,-1.328,NA,PDO,NA,NA,Pacific Decadal Oscillation,NA
01-NOV-1950 00:00,1950,11,-1.106,NA,PDO,NA,NA,Pacific Decadal Oscillation,NA
01-DEC-1950 00:00,1950,12,-0.766,NA,PDO,NA,NA,Pacific Decadal Oscillation,NA
01-JAN-1951 00:00,1951,1,-0.803,NA,PDO,NA,NA,Pacific Decadal Oscillation,NA
01-FEB-1951 00:00,1951,2,-1.14,NA,PDO,NA,NA,Pacific Decadal Oscillation,NA
01-MAR-1951 00:00,1951,3,-1.29,NA,PDO,NA,NA,Pacific Decadal Oscillation,NA
01-APR-1951 00:00,1951,4,-0.883,NA,PDO,NA,NA,Pacific Decadal Oscillation,NA
01-MAY-1951 00:00,1951,5,-0.648,NA,PDO,NA,NA,Pacific Decadal Oscillation,NA
01-JUN-1951 00:00,1951,6,-1.142,NA,PDO,NA,NA,Pacific Decadal Oscillation,NA
01-JUL-1951 00:00,1951,7,0.143,NA,PDO,NA,NA,Pacific Decadal Oscillation,NA
01-AUG-1951 00:00,1951,8,-1.048,NA,PDO,NA,NA,Pacific Decadal Oscillation,NA
01-SEP-1951 00:00,1951,9,-0.129,NA,PDO,NA,NA,Pacific Decadal Oscillation,NA
01-OCT-1951 00:00,1951,10,0.074,NA,PDO,NA,NA,Pacific Decadal Oscillation,NA
01-NOV-1951 00:00,1951,11,-0.145,NA,PDO,NA,NA,Pacific Decadal Oscillation,NA
01-DEC-1951 00:00,1951,12,-1.321,NA,PDO,NA,NA,Pacific Decadal Oscillation,NA
01-JAN-1952 00:00,1952,1,-2.005,NA,PDO,NA,NA,Pacific Decadal Oscillation,NA
01-FEB-1952 00:00,1952,2,-1.153,NA,PDO,NA,NA,Pacific Decadal Oscillation,NA
01-MAR-1952 00:00,1952,3,-1.49,NA,PDO,NA,NA,Pacific Decadal Oscillation,NA
01-APR-1952 00:00,1952,4,-1.498,NA,PDO,NA,NA,Pacific Decadal Oscillation,NA
01-MAY-1952 00:00,1952,5,-1.393,NA,PDO,NA,NA,Pacific Decadal Oscillation,NA
01-JUN-1952 00:00,1952,6,-1.647,NA,PDO,NA,NA,Pacific Decadal Oscillation,NA
01-JUL-1952 00:00,1952,7,-1.458,NA,PDO,NA,NA,Pacific Decadal Oscillation,NA
01-AUG-1952 00:00,1952,8,-0.814,NA,PDO,NA,NA,Pacific Decadal Oscillation,NA
01-SEP-1952 00:00,1952,9,-0.666,NA,PDO,NA,NA,Pacific Decadal Oscillation,NA
01-OCT-1952 00:00,1952,10,-0.322,NA,PDO,NA,NA,Pacific Decadal Oscillation,NA
01-NOV-1952 00:00,1952,11,-0.163,NA,PDO,NA,NA,Pacific Decadal Oscillation,NA
01-DEC-1952 00:00,1952,12,-0.564,NA,PDO,NA,NA,Pacific Decadal Oscillation,NA
01-JAN-1953 00:00,1953,1,-0.091,NA,PDO,NA,NA,Pacific Decadal Oscillation,NA
01-FEB-1953 00:00,1953,2,-0.252,NA,PDO,NA,NA,Pacific Decadal Oscillation,NA
01-MAR-1953 00:00,1953,3,-0.966,NA,PDO,NA,NA,Pacific Decadal Oscillation,NA
01-APR-1953 00:00,1953,4,-0.628,NA,PDO,NA,NA,Pacific Decadal Oscillation,NA
01-MAY-1953 00:00,1953,5,-0.177,NA,PDO,NA,NA,Pacific Decadal Oscillation,NA
01-JUN-1953 00:00,1953,6,-0.179,NA,PDO,NA,NA,Pacific Decadal Oscillation,NA
01-JUL-1953 00:00,1953,7,0.354,NA,PDO,NA,NA,Pacific Decadal Oscillation,NA
01-AUG-1953 00:00,1953,8,-0.41,NA,PDO,NA,NA,Pacific Decadal Oscillation,NA
01-SEP-1953 00:00,1953,9,-0.581,NA,PDO,NA,NA,Pacific Decadal Oscillation,NA
01-OCT-1953 00:00,1953,10,-0.845,NA,PDO,NA,NA,Pacific Decadal Oscillation,NA
01-NOV-1953 00:00,1953,11,-0.231,NA,PDO,NA,NA,Pacific Decadal Oscillation,NA
01-DEC-1953 00:00,1953,12,-0.023,NA,PDO,NA,NA,Pacific Decadal Oscillation,NA
01-JAN-1954 00:00,1954,1,-0.774,NA,PDO,NA,NA,Pacific Decadal Oscillation,NA
01-FEB-1954 00:00,1954,2,-0.605,NA,PDO,NA,NA,Pacific Decadal Oscillation,NA
01-MAR-1954 00:00,1954,3,-0.732,NA,PDO,NA,NA,Pacific Decadal Oscillation,NA
01-APR-1954 00:00,1954,4,-0.702,NA,PDO,NA,NA,Pacific Decadal Oscillation,NA
01-MAY-1954 00:00,1954,5,-0.211,NA,PDO,NA,NA,Pacific Decadal Oscillation,NA
01-JUN-1954 00:00,1954,6,0.592,NA,PDO,NA,NA,Pacific Decadal Oscillation,NA
01-JUL-1954 00:00,1954,7,0.095,NA,PDO,NA,NA,Pacific Decadal Oscillation,NA
01-AUG-1954 00:00,1954,8,0.148,NA,PDO,NA,NA,Pacific Decadal Oscillation,NA
01-SEP-1954 00:00,1954,9,-0.499,NA,PDO,NA,NA,Pacific Decadal Oscillation,NA
01-OCT-1954 00:00,1954,10,0.4,NA,PDO,NA,NA,Pacific Decadal Oscillation,NA
01-NOV-1954 00:00,1954,11,1.003,NA,PDO,NA,NA,Pacific Decadal Oscillation,NA
01-DEC-1954 00:00,1954,12,0.461,NA,PDO,NA,NA,Pacific Decadal Oscillation,NA
01-JAN-1955 00:00,1955,1,-0.067,NA,PDO,NA,NA,Pacific Decadal Oscillation,NA
01-FEB-1955 00:00,1955,2,-0.649,NA,PDO,NA,NA,Pacific Decadal Oscillation,NA
01-MAR-1955 00:00,1955,3,-0.909,NA,PDO,NA,NA,Pacific Decadal Oscillation,NA
01-APR-1955 00:00,1955,4,-1.645,NA,PDO,NA,NA,Pacific Decadal Oscillation,NA
01-MAY-1955 00:00,1955,5,-1.435,NA,PDO,NA,NA,Pacific Decadal Oscillation,NA
01-JUN-1955 00:00,1955,6,-1.903,NA,PDO,NA,NA,Pacific Decadal Oscillation,NA
01-JUL-1955 00:00,1955,7,-2.218,NA,PDO,NA,NA,Pacific Decadal Oscillation,NA
01-AUG-1955 00:00,1955,8,-1.946,NA,PDO,NA,NA,Pacific Decadal Oscillation,NA
01-SEP-1955 00:00,1955,9,-1.829,NA,PDO,NA,NA,Pacific Decadal Oscillation,NA
01-OCT-1955 00:00,1955,10,-2.564,NA,PDO,NA,NA,Pacific Decadal Oscillation,NA
01-NOV-1955 00:00,1955,11,-1.957,NA,PDO,NA,NA,Pacific Decadal Oscillation,NA
01-DEC-1955 00:00,1955,12,-1.64,NA,PDO,NA,NA,Pacific Decadal Oscillation,NA
01-JAN-1956 00:00,1956,1,-1.61,NA,PDO,NA,NA,Pacific Decadal Oscillation,NA
01-FEB-1956 00:00,1956,2,-1.643,NA,PDO,NA,NA,Pacific Decadal Oscillation,NA
01-MAR-1956 00:00,1956,3,-2.328,NA,PDO,NA,NA,Pacific Decadal Oscillation,NA
01-APR-1956 00:00,1956,4,-2.007,NA,PDO,NA,NA,Pacific Decadal Oscillation,NA
01-MAY-1956 00:00,1956,5,-1.241,NA,PDO,NA,NA,Pacific Decadal Oscillation,NA
01-JUN-1956 00:00,1956,6,-1.865,NA,PDO,NA,NA,Pacific Decadal Oscillation,NA
01-JUL-1956 00:00,1956,7,-1.227,NA,PDO,NA,NA,Pacific Decadal Oscillation,NA
01-AUG-1956 00:00,1956,8,-0.532,NA,PDO,NA,NA,Pacific Decadal Oscillation,NA
01-SEP-1956 00:00,1956,9,-0.039,NA,PDO,NA,NA,Pacific Decadal Oscillation,NA
01-OCT-1956 00:00,1956,10,-1.23,NA,PDO,NA,NA,Pacific Decadal Oscillation,NA
01-NOV-1956 00:00,1956,11,-1.884,NA,PDO,NA,NA,Pacific Decadal Oscillation,NA
01-DEC-1956 00:00,1956,12,-1.005,NA,PDO,NA,NA,Pacific Decadal Oscillation,NA
01-JAN-1957 00:00,1957,1,-1.018,NA,PDO,NA,NA,Pacific Decadal Oscillation,NA
01-FEB-1957 00:00,1957,2,-1.22,NA,PDO,NA,NA,Pacific Decadal Oscillation,NA
01-MAR-1957 00:00,1957,3,-0.55,NA,PDO,NA,NA,Pacific Decadal Oscillation,NA
01-APR-1957 00:00,1957,4,-0.417,NA,PDO,NA,NA,Pacific Decadal Oscillation,NA
01-MAY-1957 00:00,1957,5,0.226,NA,PDO,NA,NA,Pacific Decadal Oscillation,NA
01-JUN-1957 00:00,1957,6,1.313,NA,PDO,NA,NA,Pacific Decadal Oscillation,NA
01-JUL-1957 00:00,1957,7,0.498,NA,PDO,NA,NA,Pacific Decadal Oscillation,NA
01-AUG-1957 00:00,1957,8,0.273,NA,PDO,NA,NA,Pacific Decadal Oscillation,NA
01-SEP-1957 00:00,1957,9,1.691,NA,PDO,NA,NA,Pacific Decadal Oscillation,NA
01-OCT-1957 00:00,1957,10,1.591,NA,PDO,NA,NA,Pacific Decadal Oscillation,NA
01-NOV-1957 00:00,1957,11,1.493,NA,PDO,NA,NA,Pacific Decadal Oscillation,NA
01-DEC-1957 00:00,1957,12,0.405,NA,PDO,NA,NA,Pacific Decadal Oscillation,NA
01-JAN-1958 00:00,1958,1,0.706,NA,PDO,NA,NA,Pacific Decadal Oscillation,NA
01-FEB-1958 00:00,1958,2,0.872,NA,PDO,NA,NA,Pacific Decadal Oscillation,NA
01-MAR-1958 00:00,1958,3,0.683,NA,PDO,NA,NA,Pacific Decadal Oscillation,NA
01-APR-1958 00:00,1958,4,0.675,NA,PDO,NA,NA,Pacific Decadal Oscillation,NA
01-MAY-1958 00:00,1958,5,1.393,NA,PDO,NA,NA,Pacific Decadal Oscillation,NA
01-JUN-1958 00:00,1958,6,1.548,NA,PDO,NA,NA,Pacific Decadal Oscillation,NA
01-JUL-1958 00:00,1958,7,0.785,NA,PDO,NA,NA,Pacific Decadal Oscillation,NA
01-AUG-1958 00:00,1958,8,1.169,NA,PDO,NA,NA,Pacific Decadal Oscillation,NA
01-SEP-1958 00:00,1958,9,0.922,NA,PDO,NA,NA,Pacific Decadal Oscillation,NA
01-OCT-1958 00:00,1958,10,0.398,NA,PDO,NA,NA,Pacific Decadal Oscillation,NA
01-NOV-1958 00:00,1958,11,0.407,NA,PDO,NA,NA,Pacific Decadal Oscillation,NA
01-DEC-1958 00:00,1958,12,1.074,NA,PDO,NA,NA,Pacific Decadal Oscillation,NA
01-JAN-1959 00:00,1959,1,1.075,NA,PDO,NA,NA,Pacific Decadal Oscillation,NA
01-FEB-1959 00:00,1959,2,0.541,NA,PDO,NA,NA,Pacific Decadal Oscillation,NA
01-MAR-1959 00:00,1959,3,0.058,NA,PDO,NA,NA,Pacific Decadal Oscillation,NA
01-APR-1959 00:00,1959,4,0.119,NA,PDO,NA,NA,Pacific Decadal Oscillation,NA
01-MAY-1959 00:00,1959,5,0.208,NA,PDO,NA,NA,Pacific Decadal Oscillation,NA
01-JUN-1959 00:00,1959,6,0.254,NA,PDO,NA,NA,Pacific Decadal Oscillation,NA
01-JUL-1959 00:00,1959,7,-0.118,NA,PDO,NA,NA,Pacific Decadal Oscillation,NA
01-AUG-1959 00:00,1959,8,0.002,NA,PDO,NA,NA,Pacific Decadal Oscillation,NA
01-SEP-1959 00:00,1959,9,-0.182,NA,PDO,NA,NA,Pacific Decadal Oscillation,NA
01-OCT-1959 00:00,1959,10,1.083,NA,PDO,NA,NA,Pacific Decadal Oscillation,NA
01-NOV-1959 00:00,1959,11,1.38,NA,PDO,NA,NA,Pacific Decadal Oscillation,NA
01-DEC-1959 00:00,1959,12,0.945,NA,PDO,NA,NA,Pacific Decadal Oscillation,NA
01-JAN-1960 00:00,1960,1,0.359,NA,PDO,NA,NA,Pacific Decadal Oscillation,NA
01-FEB-1960 00:00,1960,2,0.705,NA,PDO,NA,NA,Pacific Decadal Oscillation,NA
01-MAR-1960 00:00,1960,3,0.446,NA,PDO,NA,NA,Pacific Decadal Oscillation,NA
01-APR-1960 00:00,1960,4,0.507,NA,PDO,NA,NA,Pacific Decadal Oscillation,NA
01-MAY-1960 00:00,1960,5,0.642,NA,PDO,NA,NA,Pacific Decadal Oscillation,NA
01-JUN-1960 00:00,1960,6,1.051,NA,PDO,NA,NA,Pacific Decadal Oscillation,NA
01-JUL-1960 00:00,1960,7,-0.09,NA,PDO,NA,NA,Pacific Decadal Oscillation,NA
01-AUG-1960 00:00,1960,8,0.12,NA,PDO,NA,NA,Pacific Decadal Oscillation,NA
01-SEP-1960 00:00,1960,9,-0.498,NA,PDO,NA,NA,Pacific Decadal Oscillation,NA
01-OCT-1960 00:00,1960,10,0.064,NA,PDO,NA,NA,Pacific Decadal Oscillation,NA
01-NOV-1960 00:00,1960,11,0.042,NA,PDO,NA,NA,Pacific Decadal Oscillation,NA
01-DEC-1960 00:00,1960,12,0.103,NA,PDO,NA,NA,Pacific Decadal Oscillation,NA
01-JAN-1961 00:00,1961,1,0.879,NA,PDO,NA,NA,Pacific Decadal Oscillation,NA
01-FEB-1961 00:00,1961,2,0.886,NA,PDO,NA,NA,Pacific Decadal Oscillation,NA
01-MAR-1961 00:00,1961,3,0.684,NA,PDO,NA,NA,Pacific Decadal Oscillation,NA
01-APR-1961 00:00,1961,4,0.486,NA,PDO,NA,NA,Pacific Decadal Oscillation,NA
01-MAY-1961 00:00,1961,5,-0.216,NA,PDO,NA,NA,Pacific Decadal Oscillation,NA
01-JUN-1961 00:00,1961,6,-0.455,NA,PDO,NA,NA,Pacific Decadal Oscillation,NA
01-JUL-1961 00:00,1961,7,-0.671,NA,PDO,NA,NA,Pacific Decadal Oscillation,NA
01-AUG-1961 00:00,1961,8,-0.426,NA,PDO,NA,NA,Pacific Decadal Oscillation,NA
01-SEP-1961 00:00,1961,9,-0.73,NA,PDO,NA,NA,Pacific Decadal Oscillation,NA
01-OCT-1961 00:00,1961,10,-1.262,NA,PDO,NA,NA,Pacific Decadal Oscillation,NA
01-NOV-1961 00:00,1961,11,-0.901,NA,PDO,NA,NA,Pacific Decadal Oscillation,NA
01-DEC-1961 00:00,1961,12,-1.448,NA,PDO,NA,NA,Pacific Decadal Oscillation,NA
01-JAN-1962 00:00,1962,1,-0.85,NA,PDO,NA,NA,Pacific Decadal Oscillation,NA
01-FEB-1962 00:00,1962,2,-0.632,NA,PDO,NA,NA,Pacific Decadal Oscillation,NA
01-MAR-1962 00:00,1962,3,-0.708,NA,PDO,NA,NA,Pacific Decadal Oscillation,NA
01-APR-1962 00:00,1962,4,-0.585,NA,PDO,NA,NA,Pacific Decadal Oscillation,NA
01-MAY-1962 00:00,1962,5,-0.907,NA,PDO,NA,NA,Pacific Decadal Oscillation,NA
01-JUN-1962 00:00,1962,6,-1.504,NA,PDO,NA,NA,Pacific Decadal Oscillation,NA
01-JUL-1962 00:00,1962,7,-1.443,NA,PDO,NA,NA,Pacific Decadal Oscillation,NA
01-AUG-1962 00:00,1962,8,-0.513,NA,PDO,NA,NA,Pacific Decadal Oscillation,NA
01-SEP-1962 00:00,1962,9,-1.13,NA,PDO,NA,NA,Pacific Decadal Oscillation,NA
01-OCT-1962 00:00,1962,10,-1.329,NA,PDO,NA,NA,Pacific Decadal Oscillation,NA
01-NOV-1962 00:00,1962,11,-0.241,NA,PDO,NA,NA,Pacific Decadal Oscillation,NA
01-DEC-1962 00:00,1962,12,-0.21,NA,PDO,NA,NA,Pacific Decadal Oscillation,NA
01-JAN-1963 00:00,1963,1,0.132,NA,PDO,NA,NA,Pacific Decadal Oscillation,NA
01-FEB-1963 00:00,1963,2,0.321,NA,PDO,NA,NA,Pacific Decadal Oscillation,NA
01-MAR-1963 00:00,1963,3,-0.056,NA,PDO,NA,NA,Pacific Decadal Oscillation,NA
01-APR-1963 00:00,1963,4,-0.009,NA,PDO,NA,NA,Pacific Decadal Oscillation,NA
01-MAY-1963 00:00,1963,5,-0.881,NA,PDO,NA,NA,Pacific Decadal Oscillation,NA
01-JUN-1963 00:00,1963,6,-0.62,NA,PDO,NA,NA,Pacific Decadal Oscillation,NA
01-JUL-1963 00:00,1963,7,-0.957,NA,PDO,NA,NA,Pacific Decadal Oscillation,NA
01-AUG-1963 00:00,1963,8,-0.704,NA,PDO,NA,NA,Pacific Decadal Oscillation,NA
01-SEP-1963 00:00,1963,9,1.059,NA,PDO,NA,NA,Pacific Decadal Oscillation,NA
01-OCT-1963 00:00,1963,10,0.248,NA,PDO,NA,NA,Pacific Decadal Oscillation,NA
01-NOV-1963 00:00,1963,11,-0.377,NA,PDO,NA,NA,Pacific Decadal Oscillation,NA
01-DEC-1963 00:00,1963,12,0.318,NA,PDO,NA,NA,Pacific Decadal Oscillation,NA
01-JAN-1964 00:00,1964,1,0.301,NA,PDO,NA,NA,Pacific Decadal Oscillation,NA
01-FEB-1964 00:00,1964,2,0.135,NA,PDO,NA,NA,Pacific Decadal Oscillation,NA
01-MAR-1964 00:00,1964,3,-0.506,NA,PDO,NA,NA,Pacific Decadal Oscillation,NA
01-APR-1964 00:00,1964,4,-0.821,NA,PDO,NA,NA,Pacific Decadal Oscillation,NA
01-MAY-1964 00:00,1964,5,-1.71,NA,PDO,NA,NA,Pacific Decadal Oscillation,NA
01-JUN-1964 00:00,1964,6,-0.485,NA,PDO,NA,NA,Pacific Decadal Oscillation,NA
01-JUL-1964 00:00,1964,7,-0.7,NA,PDO,NA,NA,Pacific Decadal Oscillation,NA
01-AUG-1964 00:00,1964,8,-1.119,NA,PDO,NA,NA,Pacific Decadal Oscillation,NA
01-SEP-1964 00:00,1964,9,-0.858,NA,PDO,NA,NA,Pacific Decadal Oscillation,NA
01-OCT-1964 00:00,1964,10,-0.372,NA,PDO,NA,NA,Pacific Decadal Oscillation,NA
01-NOV-1964 00:00,1964,11,-0.424,NA,PDO,NA,NA,Pacific Decadal Oscillation,NA
01-DEC-1964 00:00,1964,12,-0.427,NA,PDO,NA,NA,Pacific Decadal Oscillation,NA
01-JAN-1965 00:00,1965,1,-0.741,NA,PDO,NA,NA,Pacific Decadal Oscillation,NA
01-FEB-1965 00:00,1965,2,-0.341,NA,PDO,NA,NA,Pacific Decadal Oscillation,NA
01-MAR-1965 00:00,1965,3,0.052,NA,PDO,NA,NA,Pacific Decadal Oscillation,NA
01-APR-1965 00:00,1965,4,0.143,NA,PDO,NA,NA,Pacific Decadal Oscillation,NA
01-MAY-1965 00:00,1965,5,-0.277,NA,PDO,NA,NA,Pacific Decadal Oscillation,NA
01-JUN-1965 00:00,1965,6,-0.513,NA,PDO,NA,NA,Pacific Decadal Oscillation,NA
01-JUL-1965 00:00,1965,7,-0.485,NA,PDO,NA,NA,Pacific Decadal Oscillation,NA
01-AUG-1965 00:00,1965,8,0.526,NA,PDO,NA,NA,Pacific Decadal Oscillation,NA
01-SEP-1965 00:00,1965,9,1.053,NA,PDO,NA,NA,Pacific Decadal Oscillation,NA
01-OCT-1965 00:00,1965,10,0.647,NA,PDO,NA,NA,Pacific Decadal Oscillation,NA
01-NOV-1965 00:00,1965,11,0.559,NA,PDO,NA,NA,Pacific Decadal Oscillation,NA
01-DEC-1965 00:00,1965,12,0.218,NA,PDO,NA,NA,Pacific Decadal Oscillation,NA
01-JAN-1966 00:00,1966,1,-0.528,NA,PDO,NA,NA,Pacific Decadal Oscillation,NA
01-FEB-1966 00:00,1966,2,-0.228,NA,PDO,NA,NA,Pacific Decadal Oscillation,NA
01-MAR-1966 00:00,1966,3,-0.633,NA,PDO,NA,NA,Pacific Decadal Oscillation,NA
01-APR-1966 00:00,1966,4,-0.085,NA,PDO,NA,NA,Pacific Decadal Oscillation,NA
01-MAY-1966 00:00,1966,5,-0.332,NA,PDO,NA,NA,Pacific Decadal Oscillation,NA
01-JUN-1966 00:00,1966,6,0.154,NA,PDO,NA,NA,Pacific Decadal Oscillation,NA
01-JUL-1966 00:00,1966,7,0.118,NA,PDO,NA,NA,Pacific Decadal Oscillation,NA
01-AUG-1966 00:00,1966,8,0.101,NA,PDO,NA,NA,Pacific Decadal Oscillation,NA
01-SEP-1966 00:00,1966,9,0.051,NA,PDO,NA,NA,Pacific Decadal Oscillation,NA
01-OCT-1966 00:00,1966,10,-0.184,NA,PDO,NA,NA,Pacific Decadal Oscillation,NA
01-NOV-1966 00:00,1966,11,-0.32,NA,PDO,NA,NA,Pacific Decadal Oscillation,NA
01-DEC-1966 00:00,1966,12,-0.057,NA,PDO,NA,NA,Pacific Decadal Oscillation,NA
01-JAN-1967 00:00,1967,1,-0.153,NA,PDO,NA,NA,Pacific Decadal Oscillation,NA
01-FEB-1967 00:00,1967,2,-0.118,NA,PDO,NA,NA,Pacific Decadal Oscillation,NA
01-MAR-1967 00:00,1967,3,-0.508,NA,PDO,NA,NA,Pacific Decadal Oscillation,NA
01-APR-1967 00:00,1967,4,-0.754,NA,PDO,NA,NA,Pacific Decadal Oscillation,NA
01-MAY-1967 00:00,1967,5,-1.107,NA,PDO,NA,NA,Pacific Decadal Oscillation,NA
01-JUN-1967 00:00,1967,6,-0.872,NA,PDO,NA,NA,Pacific Decadal Oscillation,NA
01-JUL-1967 00:00,1967,7,-0.635,NA,PDO,NA,NA,Pacific Decadal Oscillation,NA
01-AUG-1967 00:00,1967,8,-0.861,NA,PDO,NA,NA,Pacific Decadal Oscillation,NA
01-SEP-1967 00:00,1967,9,-0.231,NA,PDO,NA,NA,Pacific Decadal Oscillation,NA
01-OCT-1967 00:00,1967,10,0.041,NA,PDO,NA,NA,Pacific Decadal Oscillation,NA
01-NOV-1967 00:00,1967,11,0.247,NA,PDO,NA,NA,Pacific Decadal Oscillation,NA
01-DEC-1967 00:00,1967,12,-0.652,NA,PDO,NA,NA,Pacific Decadal Oscillation,NA
01-JAN-1968 00:00,1968,1,-0.549,NA,PDO,NA,NA,Pacific Decadal Oscillation,NA
01-FEB-1968 00:00,1968,2,-0.103,NA,PDO,NA,NA,Pacific Decadal Oscillation,NA
01-MAR-1968 00:00,1968,3,0.196,NA,PDO,NA,NA,Pacific Decadal Oscillation,NA
01-APR-1968 00:00,1968,4,-0.322,NA,PDO,NA,NA,Pacific Decadal Oscillation,NA
01-MAY-1968 00:00,1968,5,-0.299,NA,PDO,NA,NA,Pacific Decadal Oscillation,NA
01-JUN-1968 00:00,1968,6,0.311,NA,PDO,NA,NA,Pacific Decadal Oscillation,NA
01-JUL-1968 00:00,1968,7,0.716,NA,PDO,NA,NA,Pacific Decadal Oscillation,NA
01-AUG-1968 00:00,1968,8,0.276,NA,PDO,NA,NA,Pacific Decadal Oscillation,NA
01-SEP-1968 00:00,1968,9,0.464,NA,PDO,NA,NA,Pacific Decadal Oscillation,NA
01-OCT-1968 00:00,1968,10,0.2,NA,PDO,NA,NA,Pacific Decadal Oscillation,NA
01-NOV-1968 00:00,1968,11,0.278,NA,PDO,NA,NA,Pacific Decadal Oscillation,NA
01-DEC-1968 00:00,1968,12,0.117,NA,PDO,NA,NA,Pacific Decadal Oscillation,NA
01-JAN-1969 00:00,1969,1,-0.318,NA,PDO,NA,NA,Pacific Decadal Oscillation,NA
01-FEB-1969 00:00,1969,2,-0.792,NA,PDO,NA,NA,Pacific Decadal Oscillation,NA
01-MAR-1969 00:00,1969,3,-0.791,NA,PDO,NA,NA,Pacific Decadal Oscillation,NA
01-APR-1969 00:00,1969,4,-0.733,NA,PDO,NA,NA,Pacific Decadal Oscillation,NA
01-MAY-1969 00:00,1969,5,-0.585,NA,PDO,NA,NA,Pacific Decadal Oscillation,NA
01-JUN-1969 00:00,1969,6,1.078,NA,PDO,NA,NA,Pacific Decadal Oscillation,NA
01-JUL-1969 00:00,1969,7,0.054,NA,PDO,NA,NA,Pacific Decadal Oscillation,NA
01-AUG-1969 00:00,1969,8,-0.347,NA,PDO,NA,NA,Pacific Decadal Oscillation,NA
01-SEP-1969 00:00,1969,9,-0.548,NA,PDO,NA,NA,Pacific Decadal Oscillation,NA
01-OCT-1969 00:00,1969,10,1.124,NA,PDO,NA,NA,Pacific Decadal Oscillation,NA
01-NOV-1969 00:00,1969,11,0.755,NA,PDO,NA,NA,Pacific Decadal Oscillation,NA
01-DEC-1969 00:00,1969,12,1.102,NA,PDO,NA,NA,Pacific Decadal Oscillation,NA
01-JAN-1970 00:00,1970,1,1.111,NA,PDO,NA,NA,Pacific Decadal Oscillation,NA
01-FEB-1970 00:00,1970,2,1.114,NA,PDO,NA,NA,Pacific Decadal Oscillation,NA
01-MAR-1970 00:00,1970,3,1.214,NA,PDO,NA,NA,Pacific Decadal Oscillation,NA
01-APR-1970 00:00,1970,4,0.428,NA,PDO,NA,NA,Pacific Decadal Oscillation,NA
01-MAY-1970 00:00,1970,5,-0.547,NA,PDO,NA,NA,Pacific Decadal Oscillation,NA
01-JUN-1970 00:00,1970,6,0.068,NA,PDO,NA,NA,Pacific Decadal Oscillation,NA
01-JUL-1970 00:00,1970,7,-0.521,NA,PDO,NA,NA,Pacific Decadal Oscillation,NA
01-AUG-1970 00:00,1970,8,-1.213,NA,PDO,NA,NA,Pacific Decadal Oscillation,NA
01-SEP-1970 00:00,1970,9,-1.072,NA,PDO,NA,NA,Pacific Decadal Oscillation,NA
01-OCT-1970 00:00,1970,10,-0.73,NA,PDO,NA,NA,Pacific Decadal Oscillation,NA
01-NOV-1970 00:00,1970,11,-0.543,NA,PDO,NA,NA,Pacific Decadal Oscillation,NA
01-DEC-1970 00:00,1970,12,-0.718,NA,PDO,NA,NA,Pacific Decadal Oscillation,NA
01-JAN-1971 00:00,1971,1,-0.989,NA,PDO,NA,NA,Pacific Decadal Oscillation,NA
01-FEB-1971 00:00,1971,2,-1.001,NA,PDO,NA,NA,Pacific Decadal Oscillation,NA
01-MAR-1971 00:00,1971,3,-1.029,NA,PDO,NA,NA,Pacific Decadal Oscillation,NA
01-APR-1971 00:00,1971,4,-1.208,NA,PDO,NA,NA,Pacific Decadal Oscillation,NA
01-MAY-1971 00:00,1971,5,-1.259,NA,PDO,NA,NA,Pacific Decadal Oscillation,NA
01-JUN-1971 00:00,1971,6,-1.484,NA,PDO,NA,NA,Pacific Decadal Oscillation,NA
01-JUL-1971 00:00,1971,7,-1.896,NA,PDO,NA,NA,Pacific Decadal Oscillation,NA
01-AUG-1971 00:00,1971,8,-0.189,NA,PDO,NA,NA,Pacific Decadal Oscillation,NA
01-SEP-1971 00:00,1971,9,0.05,NA,PDO,NA,NA,Pacific Decadal Oscillation,NA
01-OCT-1971 00:00,1971,10,-0.154,NA,PDO,NA,NA,Pacific Decadal Oscillation,NA
01-NOV-1971 00:00,1971,11,-0.985,NA,PDO,NA,NA,Pacific Decadal Oscillation,NA
01-DEC-1971 00:00,1971,12,-1.519,NA,PDO,NA,NA,Pacific Decadal Oscillation,NA
01-JAN-1972 00:00,1972,1,-1.674,NA,PDO,NA,NA,Pacific Decadal Oscillation,NA
01-FEB-1972 00:00,1972,2,-1.53,NA,PDO,NA,NA,Pacific Decadal Oscillation,NA
01-MAR-1972 00:00,1972,3,-1.114,NA,PDO,NA,NA,Pacific Decadal Oscillation,NA
01-APR-1972 00:00,1972,4,-1.235,NA,PDO,NA,NA,Pacific Decadal Oscillation,NA
01-MAY-1972 00:00,1972,5,-1.603,NA,PDO,NA,NA,Pacific Decadal Oscillation,NA
01-JUN-1972 00:00,1972,6,-1.409,NA,PDO,NA,NA,Pacific Decadal Oscillation,NA
01-JUL-1972 00:00,1972,7,-0.972,NA,PDO,NA,NA,Pacific Decadal Oscillation,NA
01-AUG-1972 00:00,1972,8,0.258,NA,PDO,NA,NA,Pacific Decadal Oscillation,NA
01-SEP-1972 00:00,1972,9,0.243,NA,PDO,NA,NA,Pacific Decadal Oscillation,NA
01-OCT-1972 00:00,1972,10,0.125,NA,PDO,NA,NA,Pacific Decadal Oscillation,NA
01-NOV-1972 00:00,1972,11,0.133,NA,PDO,NA,NA,Pacific Decadal Oscillation,NA
01-DEC-1972 00:00,1972,12,-0.287,NA,PDO,NA,NA,Pacific Decadal Oscillation,NA
01-JAN-1973 00:00,1973,1,-0.067,NA,PDO,NA,NA,Pacific Decadal Oscillation,NA
01-FEB-1973 00:00,1973,2,-0.267,NA,PDO,NA,NA,Pacific Decadal Oscillation,NA
01-MAR-1973 00:00,1973,3,-0.521,NA,PDO,NA,NA,Pacific Decadal Oscillation,NA
01-APR-1973 00:00,1973,4,-0.821,NA,PDO,NA,NA,Pacific Decadal Oscillation,NA
01-MAY-1973 00:00,1973,5,-1.017,NA,PDO,NA,NA,Pacific Decadal Oscillation,NA
01-JUN-1973 00:00,1973,6,-0.988,NA,PDO,NA,NA,Pacific Decadal Oscillation,NA
01-JUL-1973 00:00,1973,7,-0.708,NA,PDO,NA,NA,Pacific Decadal Oscillation,NA
01-AUG-1973 00:00,1973,8,-0.738,NA,PDO,NA,NA,Pacific Decadal Oscillation,NA
01-SEP-1973 00:00,1973,9,-0.37,NA,PDO,NA,NA,Pacific Decadal Oscillation,NA
01-OCT-1973 00:00,1973,10,-0.686,NA,PDO,NA,NA,Pacific Decadal Oscillation,NA
01-NOV-1973 00:00,1973,11,-0.929,NA,PDO,NA,NA,Pacific Decadal Oscillation,NA
01-DEC-1973 00:00,1973,12,-0.69,NA,PDO,NA,NA,Pacific Decadal Oscillation,NA
01-JAN-1974 00:00,1974,1,-0.537,NA,PDO,NA,NA,Pacific Decadal Oscillation,NA
01-FEB-1974 00:00,1974,2,-0.98,NA,PDO,NA,NA,Pacific Decadal Oscillation,NA
01-MAR-1974 00:00,1974,3,-0.834,NA,PDO,NA,NA,Pacific Decadal Oscillation,NA
01-APR-1974 00:00,1974,4,-0.374,NA,PDO,NA,NA,Pacific Decadal Oscillation,NA
01-MAY-1974 00:00,1974,5,-0.432,NA,PDO,NA,NA,Pacific Decadal Oscillation,NA
01-JUN-1974 00:00,1974,6,-0.326,NA,PDO,NA,NA,Pacific Decadal Oscillation,NA
01-JUL-1974 00:00,1974,7,0.188,NA,PDO,NA,NA,Pacific Decadal Oscillation,NA
01-AUG-1974 00:00,1974,8,0.205,NA,PDO,NA,NA,Pacific Decadal Oscillation,NA
01-SEP-1974 00:00,1974,9,0.886,NA,PDO,NA,NA,Pacific Decadal Oscillation,NA
01-OCT-1974 00:00,1974,10,0.433,NA,PDO,NA,NA,Pacific Decadal Oscillation,NA
01-NOV-1974 00:00,1974,11,0.642,NA,PDO,NA,NA,Pacific Decadal Oscillation,NA
01-DEC-1974 00:00,1974,12,0.239,NA,PDO,NA,NA,Pacific Decadal Oscillation,NA
01-JAN-1975 00:00,1975,1,-0.411,NA,PDO,NA,NA,Pacific Decadal Oscillation,NA
01-FEB-1975 00:00,1975,2,-0.576,NA,PDO,NA,NA,Pacific Decadal Oscillation,NA
01-MAR-1975 00:00,1975,3,-0.706,NA,PDO,NA,NA,Pacific Decadal Oscillation,NA
01-APR-1975 00:00,1975,4,-1.3,NA,PDO,NA,NA,Pacific Decadal Oscillation,NA
01-MAY-1975 00:00,1975,5,-1.568,NA,PDO,NA,NA,Pacific Decadal Oscillation,NA
01-JUN-1975 00:00,1975,6,-1.184,NA,PDO,NA,NA,Pacific Decadal Oscillation,NA
01-JUL-1975 00:00,1975,7,-0.559,NA,PDO,NA,NA,Pacific Decadal Oscillation,NA
01-AUG-1975 00:00,1975,8,-0.816,NA,PDO,NA,NA,Pacific Decadal Oscillation,NA
01-SEP-1975 00:00,1975,9,-0.779,NA,PDO,NA,NA,Pacific Decadal Oscillation,NA
01-OCT-1975 00:00,1975,10,-0.987,NA,PDO,NA,NA,Pacific Decadal Oscillation,NA
01-NOV-1975 00:00,1975,11,-1.242,NA,PDO,NA,NA,Pacific Decadal Oscillation,NA
01-DEC-1975 00:00,1975,12,-1.188,NA,PDO,NA,NA,Pacific Decadal Oscillation,NA
01-JAN-1976 00:00,1976,1,-0.841,NA,PDO,NA,NA,Pacific Decadal Oscillation,NA
01-FEB-1976 00:00,1976,2,-0.794,NA,PDO,NA,NA,Pacific Decadal Oscillation,NA
01-MAR-1976 00:00,1976,3,-0.942,NA,PDO,NA,NA,Pacific Decadal Oscillation,NA
01-APR-1976 00:00,1976,4,-1.027,NA,PDO,NA,NA,Pacific Decadal Oscillation,NA
01-MAY-1976 00:00,1976,5,-0.795,NA,PDO,NA,NA,Pacific Decadal Oscillation,NA
01-JUN-1976 00:00,1976,6,-1.028,NA,PDO,NA,NA,Pacific Decadal Oscillation,NA
01-JUL-1976 00:00,1976,7,0.368,NA,PDO,NA,NA,Pacific Decadal Oscillation,NA
01-AUG-1976 00:00,1976,8,1.023,NA,PDO,NA,NA,Pacific Decadal Oscillation,NA
01-SEP-1976 00:00,1976,9,0.732,NA,PDO,NA,NA,Pacific Decadal Oscillation,NA
01-OCT-1976 00:00,1976,10,1.235,NA,PDO,NA,NA,Pacific Decadal Oscillation,NA
01-NOV-1976 00:00,1976,11,1.215,NA,PDO,NA,NA,Pacific Decadal Oscillation,NA
01-DEC-1976 00:00,1976,12,0.97,NA,PDO,NA,NA,Pacific Decadal Oscillation,NA
01-JAN-1977 00:00,1977,1,1.051,NA,PDO,NA,NA,Pacific Decadal Oscillation,NA
01-FEB-1977 00:00,1977,2,1.349,NA,PDO,NA,NA,Pacific Decadal Oscillation,NA
01-MAR-1977 00:00,1977,3,0.689,NA,PDO,NA,NA,Pacific Decadal Oscillation,NA
01-APR-1977 00:00,1977,4,0.075,NA,PDO,NA,NA,Pacific Decadal Oscillation,NA
01-MAY-1977 00:00,1977,5,-0.105,NA,PDO,NA,NA,Pacific Decadal Oscillation,NA
01-JUN-1977 00:00,1977,6,0.292,NA,PDO,NA,NA,Pacific Decadal Oscillation,NA
01-JUL-1977 00:00,1977,7,0.382,NA,PDO,NA,NA,Pacific Decadal Oscillation,NA
01-AUG-1977 00:00,1977,8,0.51,NA,PDO,NA,NA,Pacific Decadal Oscillation,NA
01-SEP-1977 00:00,1977,9,-0.095,NA,PDO,NA,NA,Pacific Decadal Oscillation,NA
01-OCT-1977 00:00,1977,10,-0.337,NA,PDO,NA,NA,Pacific Decadal Oscillation,NA
01-NOV-1977 00:00,1977,11,0.014,NA,PDO,NA,NA,Pacific Decadal Oscillation,NA
01-DEC-1977 00:00,1977,12,0.149,NA,PDO,NA,NA,Pacific Decadal Oscillation,NA
01-JAN-1978 00:00,1978,1,0.71,NA,PDO,NA,NA,Pacific Decadal Oscillation,NA
01-FEB-1978 00:00,1978,2,0.925,NA,PDO,NA,NA,Pacific Decadal Oscillation,NA
01-MAR-1978 00:00,1978,3,1.307,NA,PDO,NA,NA,Pacific Decadal Oscillation,NA
01-APR-1978 00:00,1978,4,1.165,NA,PDO,NA,NA,Pacific Decadal Oscillation,NA
01-MAY-1978 00:00,1978,5,1.027,NA,PDO,NA,NA,Pacific Decadal Oscillation,NA
01-JUN-1978 00:00,1978,6,0.575,NA,PDO,NA,NA,Pacific Decadal Oscillation,NA
01-JUL-1978 00:00,1978,7,-0.8,NA,PDO,NA,NA,Pacific Decadal Oscillation,NA
01-AUG-1978 00:00,1978,8,-0.305,NA,PDO,NA,NA,Pacific Decadal Oscillation,NA
01-SEP-1978 00:00,1978,9,-0.348,NA,PDO,NA,NA,Pacific Decadal Oscillation,NA
01-OCT-1978 00:00,1978,10,0.331,NA,PDO,NA,NA,Pacific Decadal Oscillation,NA
01-NOV-1978 00:00,1978,11,0.256,NA,PDO,NA,NA,Pacific Decadal Oscillation,NA
01-DEC-1978 00:00,1978,12,-0.284,NA,PDO,NA,NA,Pacific Decadal Oscillation,NA
01-JAN-1979 00:00,1979,1,0.002,NA,PDO,NA,NA,Pacific Decadal Oscillation,NA
01-FEB-1979 00:00,1979,2,-0.765,NA,PDO,NA,NA,Pacific Decadal Oscillation,NA
01-MAR-1979 00:00,1979,3,-0.224,NA,PDO,NA,NA,Pacific Decadal Oscillation,NA
01-APR-1979 00:00,1979,4,0.195,NA,PDO,NA,NA,Pacific Decadal Oscillation,NA
01-MAY-1979 00:00,1979,5,0.84,NA,PDO,NA,NA,Pacific Decadal Oscillation,NA
01-JUN-1979 00:00,1979,6,0.475,NA,PDO,NA,NA,Pacific Decadal Oscillation,NA
01-JUL-1979 00:00,1979,7,0.627,NA,PDO,NA,NA,Pacific Decadal Oscillation,NA
01-AUG-1979 00:00,1979,8,0.469,NA,PDO,NA,NA,Pacific Decadal Oscillation,NA
01-SEP-1979 00:00,1979,9,1.127,NA,PDO,NA,NA,Pacific Decadal Oscillation,NA
01-OCT-1979 00:00,1979,10,1.302,NA,PDO,NA,NA,Pacific Decadal Oscillation,NA
01-NOV-1979 00:00,1979,11,0.805,NA,PDO,NA,NA,Pacific Decadal Oscillation,NA
01-DEC-1979 00:00,1979,12,0.378,NA,PDO,NA,NA,Pacific Decadal Oscillation,NA
01-JAN-1980 00:00,1980,1,0.36,NA,PDO,NA,NA,Pacific Decadal Oscillation,NA
01-FEB-1980 00:00,1980,2,0.863,NA,PDO,NA,NA,Pacific Decadal Oscillation,NA
01-MAR-1980 00:00,1980,3,0.797,NA,PDO,NA,NA,Pacific Decadal Oscillation,NA
01-APR-1980 00:00,1980,4,1.023,NA,PDO,NA,NA,Pacific Decadal Oscillation,NA
01-MAY-1980 00:00,1980,5,1.036,NA,PDO,NA,NA,Pacific Decadal Oscillation,NA
01-JUN-1980 00:00,1980,6,-0.39,NA,PDO,NA,NA,Pacific Decadal Oscillation,NA
01-JUL-1980 00:00,1980,7,0.1,NA,PDO,NA,NA,Pacific Decadal Oscillation,NA
01-AUG-1980 00:00,1980,8,0.184,NA,PDO,NA,NA,Pacific Decadal Oscillation,NA
01-SEP-1980 00:00,1980,9,0.161,NA,PDO,NA,NA,Pacific Decadal Oscillation,NA
01-OCT-1980 00:00,1980,10,1.265,NA,PDO,NA,NA,Pacific Decadal Oscillation,NA
01-NOV-1980 00:00,1980,11,0.874,NA,PDO,NA,NA,Pacific Decadal Oscillation,NA
01-DEC-1980 00:00,1980,12,0.476,NA,PDO,NA,NA,Pacific Decadal Oscillation,NA
01-JAN-1981 00:00,1981,1,1.167,NA,PDO,NA,NA,Pacific Decadal Oscillation,NA
01-FEB-1981 00:00,1981,2,1.32,NA,PDO,NA,NA,Pacific Decadal Oscillation,NA
01-MAR-1981 00:00,1981,3,1.35,NA,PDO,NA,NA,Pacific Decadal Oscillation,NA
01-APR-1981 00:00,1981,4,1.228,NA,PDO,NA,NA,Pacific Decadal Oscillation,NA
01-MAY-1981 00:00,1981,5,1.379,NA,PDO,NA,NA,Pacific Decadal Oscillation,NA
01-JUN-1981 00:00,1981,6,1.708,NA,PDO,NA,NA,Pacific Decadal Oscillation,NA
01-JUL-1981 00:00,1981,7,1.001,NA,PDO,NA,NA,Pacific Decadal Oscillation,NA
01-AUG-1981 00:00,1981,8,0.54,NA,PDO,NA,NA,Pacific Decadal Oscillation,NA
01-SEP-1981 00:00,1981,9,0.784,NA,PDO,NA,NA,Pacific Decadal Oscillation,NA
01-OCT-1981 00:00,1981,10,0.171,NA,PDO,NA,NA,Pacific Decadal Oscillation,NA
01-NOV-1981 00:00,1981,11,0.618,NA,PDO,NA,NA,Pacific Decadal Oscillation,NA
01-DEC-1981 00:00,1981,12,0.61,NA,PDO,NA,NA,Pacific Decadal Oscillation,NA
01-JAN-1982 00:00,1982,1,0.204,NA,PDO,NA,NA,Pacific Decadal Oscillation,NA
01-FEB-1982 00:00,1982,2,0.077,NA,PDO,NA,NA,Pacific Decadal Oscillation,NA
01-MAR-1982 00:00,1982,3,0.045,NA,PDO,NA,NA,Pacific Decadal Oscillation,NA
01-APR-1982 00:00,1982,4,-0.271,NA,PDO,NA,NA,Pacific Decadal Oscillation,NA
01-MAY-1982 00:00,1982,5,-0.662,NA,PDO,NA,NA,Pacific Decadal Oscillation,NA
01-JUN-1982 00:00,1982,6,-0.501,NA,PDO,NA,NA,Pacific Decadal Oscillation,NA
01-JUL-1982 00:00,1982,7,0.576,NA,PDO,NA,NA,Pacific Decadal Oscillation,NA
01-AUG-1982 00:00,1982,8,0.397,NA,PDO,NA,NA,Pacific Decadal Oscillation,NA
01-SEP-1982 00:00,1982,9,0.883,NA,PDO,NA,NA,Pacific Decadal Oscillation,NA
01-OCT-1982 00:00,1982,10,0.441,NA,PDO,NA,NA,Pacific Decadal Oscillation,NA
01-NOV-1982 00:00,1982,11,-0.231,NA,PDO,NA,NA,Pacific Decadal Oscillation,NA
01-DEC-1982 00:00,1982,12,0.161,NA,PDO,NA,NA,Pacific Decadal Oscillation,NA
01-JAN-1983 00:00,1983,1,0.329,NA,PDO,NA,NA,Pacific Decadal Oscillation,NA
01-FEB-1983 00:00,1983,2,0.944,NA,PDO,NA,NA,Pacific Decadal Oscillation,NA
01-MAR-1983 00:00,1983,3,1.735,NA,PDO,NA,NA,Pacific Decadal Oscillation,NA
01-APR-1983 00:00,1983,4,1.445,NA,PDO,NA,NA,Pacific Decadal Oscillation,NA
01-MAY-1983 00:00,1983,5,1.181,NA,PDO,NA,NA,Pacific Decadal Oscillation,NA
01-JUN-1983 00:00,1983,6,1.756,NA,PDO,NA,NA,Pacific Decadal Oscillation,NA
01-JUL-1983 00:00,1983,7,2.273,NA,PDO,NA,NA,Pacific Decadal Oscillation,NA
01-AUG-1983 00:00,1983,8,1.302,NA,PDO,NA,NA,Pacific Decadal Oscillation,NA
01-SEP-1983 00:00,1983,9,0.669,NA,PDO,NA,NA,Pacific Decadal Oscillation,NA
01-OCT-1983 00:00,1983,10,0.702,NA,PDO,NA,NA,Pacific Decadal Oscillation,NA
01-NOV-1983 00:00,1983,11,1.032,NA,PDO,NA,NA,Pacific Decadal Oscillation,NA
01-DEC-1983 00:00,1983,12,1.389,NA,PDO,NA,NA,Pacific Decadal Oscillation,NA
01-JAN-1984 00:00,1984,1,1.178,NA,PDO,NA,NA,Pacific Decadal Oscillation,NA
01-FEB-1984 00:00,1984,2,1.046,NA,PDO,NA,NA,Pacific Decadal Oscillation,NA
01-MAR-1984 00:00,1984,3,1.381,NA,PDO,NA,NA,Pacific Decadal Oscillation,NA
01-APR-1984 00:00,1984,4,1.001,NA,PDO,NA,NA,Pacific Decadal Oscillation,NA
01-MAY-1984 00:00,1984,5,0.942,NA,PDO,NA,NA,Pacific Decadal Oscillation,NA
01-JUN-1984 00:00,1984,6,0.074,NA,PDO,NA,NA,Pacific Decadal Oscillation,NA
01-JUL-1984 00:00,1984,7,0.098,NA,PDO,NA,NA,Pacific Decadal Oscillation,NA
01-AUG-1984 00:00,1984,8,0.505,NA,PDO,NA,NA,Pacific Decadal Oscillation,NA
01-SEP-1984 00:00,1984,9,0.479,NA,PDO,NA,NA,Pacific Decadal Oscillation,NA
01-OCT-1984 00:00,1984,10,0.7,NA,PDO,NA,NA,Pacific Decadal Oscillation,NA
01-NOV-1984 00:00,1984,11,0.636,NA,PDO,NA,NA,Pacific Decadal Oscillation,NA
01-DEC-1984 00:00,1984,12,0.476,NA,PDO,NA,NA,Pacific Decadal Oscillation,NA
01-JAN-1985 00:00,1985,1,0.831,NA,PDO,NA,NA,Pacific Decadal Oscillation,NA
01-FEB-1985 00:00,1985,2,0.587,NA,PDO,NA,NA,Pacific Decadal Oscillation,NA
01-MAR-1985 00:00,1985,3,-0.038,NA,PDO,NA,NA,Pacific Decadal Oscillation,NA
01-APR-1985 00:00,1985,4,-0.182,NA,PDO,NA,NA,Pacific Decadal Oscillation,NA
01-MAY-1985 00:00,1985,5,-0.271,NA,PDO,NA,NA,Pacific Decadal Oscillation,NA
01-JUN-1985 00:00,1985,6,0.338,NA,PDO,NA,NA,Pacific Decadal Oscillation,NA
01-JUL-1985 00:00,1985,7,0.84,NA,PDO,NA,NA,Pacific Decadal Oscillation,NA
01-AUG-1985 00:00,1985,8,0.687,NA,PDO,NA,NA,Pacific Decadal Oscillation,NA
01-SEP-1985 00:00,1985,9,0.565,NA,PDO,NA,NA,Pacific Decadal Oscillation,NA
01-OCT-1985 00:00,1985,10,0.441,NA,PDO,NA,NA,Pacific Decadal Oscillation,NA
01-NOV-1985 00:00,1985,11,-0.402,NA,PDO,NA,NA,Pacific Decadal Oscillation,NA
01-DEC-1985 00:00,1985,12,0.401,NA,PDO,NA,NA,Pacific Decadal Oscillation,NA
01-JAN-1986 00:00,1986,1,1.053,NA,PDO,NA,NA,Pacific Decadal Oscillation,NA
01-FEB-1986 00:00,1986,2,1.57,NA,PDO,NA,NA,Pacific Decadal Oscillation,NA
01-MAR-1986 00:00,1986,3,1.769,NA,PDO,NA,NA,Pacific Decadal Oscillation,NA
01-APR-1986 00:00,1986,4,1.261,NA,PDO,NA,NA,Pacific Decadal Oscillation,NA
01-MAY-1986 00:00,1986,5,0.99,NA,PDO,NA,NA,Pacific Decadal Oscillation,NA
01-JUN-1986 00:00,1986,6,0.835,NA,PDO,NA,NA,Pacific Decadal Oscillation,NA
01-JUL-1986 00:00,1986,7,1.304,NA,PDO,NA,NA,Pacific Decadal Oscillation,NA
01-AUG-1986 00:00,1986,8,0.475,NA,PDO,NA,NA,Pacific Decadal Oscillation,NA
01-SEP-1986 00:00,1986,9,0.617,NA,PDO,NA,NA,Pacific Decadal Oscillation,NA
01-OCT-1986 00:00,1986,10,1.266,NA,PDO,NA,NA,Pacific Decadal Oscillation,NA
01-NOV-1986 00:00,1986,11,1.763,NA,PDO,NA,NA,Pacific Decadal Oscillation,NA
01-DEC-1986 00:00,1986,12,1.519,NA,PDO,NA,NA,Pacific Decadal Oscillation,NA
01-JAN-1987 00:00,1987,1,1.423,NA,PDO,NA,NA,Pacific Decadal Oscillation,NA
01-FEB-1987 00:00,1987,2,1.59,NA,PDO,NA,NA,Pacific Decadal Oscillation,NA
01-MAR-1987 00:00,1987,3,1.501,NA,PDO,NA,NA,Pacific Decadal Oscillation,NA
01-APR-1987 00:00,1987,4,1.572,NA,PDO,NA,NA,Pacific Decadal Oscillation,NA
01-MAY-1987 00:00,1987,5,1.267,NA,PDO,NA,NA,Pacific Decadal Oscillation,NA
01-JUN-1987 00:00,1987,6,0.548,NA,PDO,NA,NA,Pacific Decadal Oscillation,NA
01-JUL-1987 00:00,1987,7,1.694,NA,PDO,NA,NA,Pacific Decadal Oscillation,NA
01-AUG-1987 00:00,1987,8,1.917,NA,PDO,NA,NA,Pacific Decadal Oscillation,NA
01-SEP-1987 00:00,1987,9,1.769,NA,PDO,NA,NA,Pacific Decadal Oscillation,NA
01-OCT-1987 00:00,1987,10,1.1,NA,PDO,NA,NA,Pacific Decadal Oscillation,NA
01-NOV-1987 00:00,1987,11,1.092,NA,PDO,NA,NA,Pacific Decadal Oscillation,NA
01-DEC-1987 00:00,1987,12,0.861,NA,PDO,NA,NA,Pacific Decadal Oscillation,NA
01-JAN-1988 00:00,1988,1,0.399,NA,PDO,NA,NA,Pacific Decadal Oscillation,NA
01-FEB-1988 00:00,1988,2,0.643,NA,PDO,NA,NA,Pacific Decadal Oscillation,NA
01-MAR-1988 00:00,1988,3,0.633,NA,PDO,NA,NA,Pacific Decadal Oscillation,NA
01-APR-1988 00:00,1988,4,0.475,NA,PDO,NA,NA,Pacific Decadal Oscillation,NA
01-MAY-1988 00:00,1988,5,0.49,NA,PDO,NA,NA,Pacific Decadal Oscillation,NA
01-JUN-1988 00:00,1988,6,0.307,NA,PDO,NA,NA,Pacific Decadal Oscillation,NA
01-JUL-1988 00:00,1988,7,0.172,NA,PDO,NA,NA,Pacific Decadal Oscillation,NA
01-AUG-1988 00:00,1988,8,-0.362,NA,PDO,NA,NA,Pacific Decadal Oscillation,NA
01-SEP-1988 00:00,1988,9,-0.334,NA,PDO,NA,NA,Pacific Decadal Oscillation,NA
01-OCT-1988 00:00,1988,10,-0.05,NA,PDO,NA,NA,Pacific Decadal Oscillation,NA
01-NOV-1988 00:00,1988,11,0.056,NA,PDO,NA,NA,Pacific Decadal Oscillation,NA
01-DEC-1988 00:00,1988,12,-0.136,NA,PDO,NA,NA,Pacific Decadal Oscillation,NA
01-JAN-1989 00:00,1989,1,-0.989,NA,PDO,NA,NA,Pacific Decadal Oscillation,NA
01-FEB-1989 00:00,1989,2,-1.094,NA,PDO,NA,NA,Pacific Decadal Oscillation,NA
01-MAR-1989 00:00,1989,3,-0.87,NA,PDO,NA,NA,Pacific Decadal Oscillation,NA
01-APR-1989 00:00,1989,4,-0.122,NA,PDO,NA,NA,Pacific Decadal Oscillation,NA
01-MAY-1989 00:00,1989,5,0.011,NA,PDO,NA,NA,Pacific Decadal Oscillation,NA
01-JUN-1989 00:00,1989,6,0.071,NA,PDO,NA,NA,Pacific Decadal Oscillation,NA
01-JUL-1989 00:00,1989,7,0.571,NA,PDO,NA,NA,Pacific Decadal Oscillation,NA
01-AUG-1989 00:00,1989,8,-0.079,NA,PDO,NA,NA,Pacific Decadal Oscillation,NA
01-SEP-1989 00:00,1989,9,-0.202,NA,PDO,NA,NA,Pacific Decadal Oscillation,NA
01-OCT-1989 00:00,1989,10,-0.231,NA,PDO,NA,NA,Pacific Decadal Oscillation,NA
01-NOV-1989 00:00,1989,11,-0.552,NA,PDO,NA,NA,Pacific Decadal Oscillation,NA
01-DEC-1989 00:00,1989,12,-0,NA,PDO,NA,NA,Pacific Decadal Oscillation,NA
01-JAN-1990 00:00,1990,1,-0.254,NA,PDO,NA,NA,Pacific Decadal Oscillation,NA
01-FEB-1990 00:00,1990,2,-0.837,NA,PDO,NA,NA,Pacific Decadal Oscillation,NA
01-MAR-1990 00:00,1990,3,-0.707,NA,PDO,NA,NA,Pacific Decadal Oscillation,NA
01-APR-1990 00:00,1990,4,0.105,NA,PDO,NA,NA,Pacific Decadal Oscillation,NA
01-MAY-1990 00:00,1990,5,-0.047,NA,PDO,NA,NA,Pacific Decadal Oscillation,NA
01-JUN-1990 00:00,1990,6,-0.136,NA,PDO,NA,NA,Pacific Decadal Oscillation,NA
01-JUL-1990 00:00,1990,7,-0.047,NA,PDO,NA,NA,Pacific Decadal Oscillation,NA
01-AUG-1990 00:00,1990,8,0.004,NA,PDO,NA,NA,Pacific Decadal Oscillation,NA
01-SEP-1990 00:00,1990,9,0.058,NA,PDO,NA,NA,Pacific Decadal Oscillation,NA
01-OCT-1990 00:00,1990,10,-0.701,NA,PDO,NA,NA,Pacific Decadal Oscillation,NA
01-NOV-1990 00:00,1990,11,-1.439,NA,PDO,NA,NA,Pacific Decadal Oscillation,NA
01-DEC-1990 00:00,1990,12,-1.722,NA,PDO,NA,NA,Pacific Decadal Oscillation,NA
01-JAN-1991 00:00,1991,1,-1.302,NA,PDO,NA,NA,Pacific Decadal Oscillation,NA
01-FEB-1991 00:00,1991,2,-0.65,NA,PDO,NA,NA,Pacific Decadal Oscillation,NA
01-MAR-1991 00:00,1991,3,-0.61,NA,PDO,NA,NA,Pacific Decadal Oscillation,NA
01-APR-1991 00:00,1991,4,-1.198,NA,PDO,NA,NA,Pacific Decadal Oscillation,NA
01-MAY-1991 00:00,1991,5,-1.176,NA,PDO,NA,NA,Pacific Decadal Oscillation,NA
01-JUN-1991 00:00,1991,6,-1.826,NA,PDO,NA,NA,Pacific Decadal Oscillation,NA
01-JUL-1991 00:00,1991,7,-1.171,NA,PDO,NA,NA,Pacific Decadal Oscillation,NA
01-AUG-1991 00:00,1991,8,-0.317,NA,PDO,NA,NA,Pacific Decadal Oscillation,NA
01-SEP-1991 00:00,1991,9,0.613,NA,PDO,NA,NA,Pacific Decadal Oscillation,NA
01-OCT-1991 00:00,1991,10,0.545,NA,PDO,NA,NA,Pacific Decadal Oscillation,NA
01-NOV-1991 00:00,1991,11,0.598,NA,PDO,NA,NA,Pacific Decadal Oscillation,NA
01-DEC-1991 00:00,1991,12,-0.042,NA,PDO,NA,NA,Pacific Decadal Oscillation,NA
01-JAN-1992 00:00,1992,1,0.244,NA,PDO,NA,NA,Pacific Decadal Oscillation,NA
01-FEB-1992 00:00,1992,2,0.27,NA,PDO,NA,NA,Pacific Decadal Oscillation,NA
01-MAR-1992 00:00,1992,3,0.207,NA,PDO,NA,NA,Pacific Decadal Oscillation,NA
01-APR-1992 00:00,1992,4,0.615,NA,PDO,NA,NA,Pacific Decadal Oscillation,NA
01-MAY-1992 00:00,1992,5,1.349,NA,PDO,NA,NA,Pacific Decadal Oscillation,NA
01-JUN-1992 00:00,1992,6,1.239,NA,PDO,NA,NA,Pacific Decadal Oscillation,NA
01-JUL-1992 00:00,1992,7,1.579,NA,PDO,NA,NA,Pacific Decadal Oscillation,NA
01-AUG-1992 00:00,1992,8,1.113,NA,PDO,NA,NA,Pacific Decadal Oscillation,NA
01-SEP-1992 00:00,1992,9,0.872,NA,PDO,NA,NA,Pacific Decadal Oscillation,NA
01-OCT-1992 00:00,1992,10,1.377,NA,PDO,NA,NA,Pacific Decadal Oscillation,NA
01-NOV-1992 00:00,1992,11,1.35,NA,PDO,NA,NA,Pacific Decadal Oscillation,NA
01-DEC-1992 00:00,1992,12,0.474,NA,PDO,NA,NA,Pacific Decadal Oscillation,NA
01-JAN-1993 00:00,1993,1,0.01,NA,PDO,NA,NA,Pacific Decadal Oscillation,NA
01-FEB-1993 00:00,1993,2,0.312,NA,PDO,NA,NA,Pacific Decadal Oscillation,NA
01-MAR-1993 00:00,1993,3,0.545,NA,PDO,NA,NA,Pacific Decadal Oscillation,NA
01-APR-1993 00:00,1993,4,1.123,NA,PDO,NA,NA,Pacific Decadal Oscillation,NA
01-MAY-1993 00:00,1993,5,1.776,NA,PDO,NA,NA,Pacific Decadal Oscillation,NA
01-JUN-1993 00:00,1993,6,1.928,NA,PDO,NA,NA,Pacific Decadal Oscillation,NA
01-JUL-1993 00:00,1993,7,1.464,NA,PDO,NA,NA,Pacific Decadal Oscillation,NA
01-AUG-1993 00:00,1993,8,1.962,NA,PDO,NA,NA,Pacific Decadal Oscillation,NA
01-SEP-1993 00:00,1993,9,1.437,NA,PDO,NA,NA,Pacific Decadal Oscillation,NA
01-OCT-1993 00:00,1993,10,1.478,NA,PDO,NA,NA,Pacific Decadal Oscillation,NA
01-NOV-1993 00:00,1993,11,1.229,NA,PDO,NA,NA,Pacific Decadal Oscillation,NA
01-DEC-1993 00:00,1993,12,0.752,NA,PDO,NA,NA,Pacific Decadal Oscillation,NA
01-JAN-1994 00:00,1994,1,0.945,NA,PDO,NA,NA,Pacific Decadal Oscillation,NA
01-FEB-1994 00:00,1994,2,0.556,NA,PDO,NA,NA,Pacific Decadal Oscillation,NA
01-MAR-1994 00:00,1994,3,0.481,NA,PDO,NA,NA,Pacific Decadal Oscillation,NA
01-APR-1994 00:00,1994,4,0.717,NA,PDO,NA,NA,Pacific Decadal Oscillation,NA
01-MAY-1994 00:00,1994,5,0.684,NA,PDO,NA,NA,Pacific Decadal Oscillation,NA
01-JUN-1994 00:00,1994,6,0.152,NA,PDO,NA,NA,Pacific Decadal Oscillation,NA
01-JUL-1994 00:00,1994,7,-0.472,NA,PDO,NA,NA,Pacific Decadal Oscillation,NA
01-AUG-1994 00:00,1994,8,-0.426,NA,PDO,NA,NA,Pacific Decadal Oscillation,NA
01-SEP-1994 00:00,1994,9,-0.886,NA,PDO,NA,NA,Pacific Decadal Oscillation,NA
01-OCT-1994 00:00,1994,10,-0.591,NA,PDO,NA,NA,Pacific Decadal Oscillation,NA
01-NOV-1994 00:00,1994,11,-1.428,NA,PDO,NA,NA,Pacific Decadal Oscillation,NA
01-DEC-1994 00:00,1994,12,-1.852,NA,PDO,NA,NA,Pacific Decadal Oscillation,NA
01-JAN-1995 00:00,1995,1,-0.578,NA,PDO,NA,NA,Pacific Decadal Oscillation,NA
01-FEB-1995 00:00,1995,2,0.239,NA,PDO,NA,NA,Pacific Decadal Oscillation,NA
01-MAR-1995 00:00,1995,3,0.71,NA,PDO,NA,NA,Pacific Decadal Oscillation,NA
01-APR-1995 00:00,1995,4,0.712,NA,PDO,NA,NA,Pacific Decadal Oscillation,NA
01-MAY-1995 00:00,1995,5,1.153,NA,PDO,NA,NA,Pacific Decadal Oscillation,NA
01-JUN-1995 00:00,1995,6,1.15,NA,PDO,NA,NA,Pacific Decadal Oscillation,NA
01-JUL-1995 00:00,1995,7,1.262,NA,PDO,NA,NA,Pacific Decadal Oscillation,NA
01-AUG-1995 00:00,1995,8,0.277,NA,PDO,NA,NA,Pacific Decadal Oscillation,NA
01-SEP-1995 00:00,1995,9,1.342,NA,PDO,NA,NA,Pacific Decadal Oscillation,NA
01-OCT-1995 00:00,1995,10,0.692,NA,PDO,NA,NA,Pacific Decadal Oscillation,NA
01-NOV-1995 00:00,1995,11,0.182,NA,PDO,NA,NA,Pacific Decadal Oscillation,NA
01-DEC-1995 00:00,1995,12,0.425,NA,PDO,NA,NA,Pacific Decadal Oscillation,NA
01-JAN-1996 00:00,1996,1,0.947,NA,PDO,NA,NA,Pacific Decadal Oscillation,NA
01-FEB-1996 00:00,1996,2,1.068,NA,PDO,NA,NA,Pacific Decadal Oscillation,NA
01-MAR-1996 00:00,1996,3,1.013,NA,PDO,NA,NA,Pacific Decadal Oscillation,NA
01-APR-1996 00:00,1996,4,1.285,NA,PDO,NA,NA,Pacific Decadal Oscillation,NA
01-MAY-1996 00:00,1996,5,1.898,NA,PDO,NA,NA,Pacific Decadal Oscillation,NA
01-JUN-1996 00:00,1996,6,1.026,NA,PDO,NA,NA,Pacific Decadal Oscillation,NA
01-JUL-1996 00:00,1996,7,0.577,NA,PDO,NA,NA,Pacific Decadal Oscillation,NA
01-AUG-1996 00:00,1996,8,-0.212,NA,PDO,NA,NA,Pacific Decadal Oscillation,NA
01-SEP-1996 00:00,1996,9,0.511,NA,PDO,NA,NA,Pacific Decadal Oscillation,NA
01-OCT-1996 00:00,1996,10,0.717,NA,PDO,NA,NA,Pacific Decadal Oscillation,NA
01-NOV-1996 00:00,1996,11,0.688,NA,PDO,NA,NA,Pacific Decadal Oscillation,NA
01-DEC-1996 00:00,1996,12,0.22,NA,PDO,NA,NA,Pacific Decadal Oscillation,NA
01-JAN-1997 00:00,1997,1,0.815,NA,PDO,NA,NA,Pacific Decadal Oscillation,NA
01-FEB-1997 00:00,1997,2,0.592,NA,PDO,NA,NA,Pacific Decadal Oscillation,NA
01-MAR-1997 00:00,1997,3,0.732,NA,PDO,NA,NA,Pacific Decadal Oscillation,NA
01-APR-1997 00:00,1997,4,0.961,NA,PDO,NA,NA,Pacific Decadal Oscillation,NA
01-MAY-1997 00:00,1997,5,1.657,NA,PDO,NA,NA,Pacific Decadal Oscillation,NA
01-JUN-1997 00:00,1997,6,2.382,NA,PDO,NA,NA,Pacific Decadal Oscillation,NA
01-JUL-1997 00:00,1997,7,1.442,NA,PDO,NA,NA,Pacific Decadal Oscillation,NA
01-AUG-1997 00:00,1997,8,2.123,NA,PDO,NA,NA,Pacific Decadal Oscillation,NA
01-SEP-1997 00:00,1997,9,1.639,NA,PDO,NA,NA,Pacific Decadal Oscillation,NA
01-OCT-1997 00:00,1997,10,1.587,NA,PDO,NA,NA,Pacific Decadal Oscillation,NA
01-NOV-1997 00:00,1997,11,1.281,NA,PDO,NA,NA,Pacific Decadal Oscillation,NA
01-DEC-1997 00:00,1997,12,0.867,NA,PDO,NA,NA,Pacific Decadal Oscillation,NA
01-JAN-1998 00:00,1998,1,0.991,NA,PDO,NA,NA,Pacific Decadal Oscillation,NA
01-FEB-1998 00:00,1998,2,1.482,NA,PDO,NA,NA,Pacific Decadal Oscillation,NA
01-MAR-1998 00:00,1998,3,1.407,NA,PDO,NA,NA,Pacific Decadal Oscillation,NA
01-APR-1998 00:00,1998,4,0.31,NA,PDO,NA,NA,Pacific Decadal Oscillation,NA
01-MAY-1998 00:00,1998,5,-0.355,NA,PDO,NA,NA,Pacific Decadal Oscillation,NA
01-JUN-1998 00:00,1998,6,-0.519,NA,PDO,NA,NA,Pacific Decadal Oscillation,NA
01-JUL-1998 00:00,1998,7,-0.681,NA,PDO,NA,NA,Pacific Decadal Oscillation,NA
01-AUG-1998 00:00,1998,8,-0.171,NA,PDO,NA,NA,Pacific Decadal Oscillation,NA
01-SEP-1998 00:00,1998,9,-0.867,NA,PDO,NA,NA,Pacific Decadal Oscillation,NA
01-OCT-1998 00:00,1998,10,-1.576,NA,PDO,NA,NA,Pacific Decadal Oscillation,NA
01-NOV-1998 00:00,1998,11,-0.612,NA,PDO,NA,NA,Pacific Decadal Oscillation,NA
01-DEC-1998 00:00,1998,12,-0.874,NA,PDO,NA,NA,Pacific Decadal Oscillation,NA
01-JAN-1999 00:00,1999,1,-0.543,NA,PDO,NA,NA,Pacific Decadal Oscillation,NA
01-FEB-1999 00:00,1999,2,-0.756,NA,PDO,NA,NA,Pacific Decadal Oscillation,NA
01-MAR-1999 00:00,1999,3,-0.867,NA,PDO,NA,NA,Pacific Decadal Oscillation,NA
01-APR-1999 00:00,1999,4,-1.452,NA,PDO,NA,NA,Pacific Decadal Oscillation,NA
01-MAY-1999 00:00,1999,5,-1.864,NA,PDO,NA,NA,Pacific Decadal Oscillation,NA
01-JUN-1999 00:00,1999,6,-1.91,NA,PDO,NA,NA,Pacific Decadal Oscillation,NA
01-JUL-1999 00:00,1999,7,-1.321,NA,PDO,NA,NA,Pacific Decadal Oscillation,NA
01-AUG-1999 00:00,1999,8,-1.189,NA,PDO,NA,NA,Pacific Decadal Oscillation,NA
01-SEP-1999 00:00,1999,9,-1.379,NA,PDO,NA,NA,Pacific Decadal Oscillation,NA
01-OCT-1999 00:00,1999,10,-1.849,NA,PDO,NA,NA,Pacific Decadal Oscillation,NA
01-NOV-1999 00:00,1999,11,-1.754,NA,PDO,NA,NA,Pacific Decadal Oscillation,NA
01-DEC-1999 00:00,1999,12,-1.64,NA,PDO,NA,NA,Pacific Decadal Oscillation,NA
01-JAN-2000 00:00,2000,1,-1.784,NA,PDO,NA,NA,Pacific Decadal Oscillation,NA
01-FEB-2000 00:00,2000,2,-0.969,NA,PDO,NA,NA,Pacific Decadal Oscillation,NA
01-MAR-2000 00:00,2000,3,-0.475,NA,PDO,NA,NA,Pacific Decadal Oscillation,NA
01-APR-2000 00:00,2000,4,-0.392,NA,PDO,NA,NA,Pacific Decadal Oscillation,NA
01-MAY-2000 00:00,2000,5,-0.568,NA,PDO,NA,NA,Pacific Decadal Oscillation,NA
01-JUN-2000 00:00,2000,6,-0.521,NA,PDO,NA,NA,Pacific Decadal Oscillation,NA
01-JUL-2000 00:00,2000,7,-0.903,NA,PDO,NA,NA,Pacific Decadal Oscillation,NA
01-AUG-2000 00:00,2000,8,-1.102,NA,PDO,NA,NA,Pacific Decadal Oscillation,NA
01-SEP-2000 00:00,2000,9,-0.811,NA,PDO,NA,NA,Pacific Decadal Oscillation,NA
01-OCT-2000 00:00,2000,10,-1.082,NA,PDO,NA,NA,Pacific Decadal Oscillation,NA
01-NOV-2000 00:00,2000,11,-0.804,NA,PDO,NA,NA,Pacific Decadal Oscillation,NA
01-DEC-2000 00:00,2000,12,0.024,NA,PDO,NA,NA,Pacific Decadal Oscillation,NA
01-JAN-2001 00:00,2001,1,0.519,NA,PDO,NA,NA,Pacific Decadal Oscillation,NA
01-FEB-2001 00:00,2001,2,0.145,NA,PDO,NA,NA,Pacific Decadal Oscillation,NA
01-MAR-2001 00:00,2001,3,-0.035,NA,PDO,NA,NA,Pacific Decadal Oscillation,NA
01-APR-2001 00:00,2001,4,-0.837,NA,PDO,NA,NA,Pacific Decadal Oscillation,NA
01-MAY-2001 00:00,2001,5,-0.755,NA,PDO,NA,NA,Pacific Decadal Oscillation,NA
01-JUN-2001 00:00,2001,6,-1.02,NA,PDO,NA,NA,Pacific Decadal Oscillation,NA
01-JUL-2001 00:00,2001,7,-1.73,NA,PDO,NA,NA,Pacific Decadal Oscillation,NA
01-AUG-2001 00:00,2001,8,-1.09,NA,PDO,NA,NA,Pacific Decadal Oscillation,NA
01-SEP-2001 00:00,2001,9,-1.217,NA,PDO,NA,NA,Pacific Decadal Oscillation,NA
01-OCT-2001 00:00,2001,10,-1.201,NA,PDO,NA,NA,Pacific Decadal Oscillation,NA
01-NOV-2001 00:00,2001,11,-0.793,NA,PDO,NA,NA,Pacific Decadal Oscillation,NA
01-DEC-2001 00:00,2001,12,-0.889,NA,PDO,NA,NA,Pacific Decadal Oscillation,NA
01-JAN-2002 00:00,2002,1,-0.154,NA,PDO,NA,NA,Pacific Decadal Oscillation,NA
01-FEB-2002 00:00,2002,2,-0.961,NA,PDO,NA,NA,Pacific Decadal Oscillation,NA
01-MAR-2002 00:00,2002,3,-0.779,NA,PDO,NA,NA,Pacific Decadal Oscillation,NA
01-APR-2002 00:00,2002,4,-0.701,NA,PDO,NA,NA,Pacific Decadal Oscillation,NA
01-MAY-2002 00:00,2002,5,-0.996,NA,PDO,NA,NA,Pacific Decadal Oscillation,NA
01-JUN-2002 00:00,2002,6,-0.868,NA,PDO,NA,NA,Pacific Decadal Oscillation,NA
01-JUL-2002 00:00,2002,7,-0.422,NA,PDO,NA,NA,Pacific Decadal Oscillation,NA
01-AUG-2002 00:00,2002,8,0.285,NA,PDO,NA,NA,Pacific Decadal Oscillation,NA
01-SEP-2002 00:00,2002,9,0.123,NA,PDO,NA,NA,Pacific Decadal Oscillation,NA
01-OCT-2002 00:00,2002,10,0.3,NA,PDO,NA,NA,Pacific Decadal Oscillation,NA
01-NOV-2002 00:00,2002,11,1.081,NA,PDO,NA,NA,Pacific Decadal Oscillation,NA
01-DEC-2002 00:00,2002,12,1.473,NA,PDO,NA,NA,Pacific Decadal Oscillation,NA
01-JAN-2003 00:00,2003,1,1.442,NA,PDO,NA,NA,Pacific Decadal Oscillation,NA
01-FEB-2003 00:00,2003,2,1.262,NA,PDO,NA,NA,Pacific Decadal Oscillation,NA
01-MAR-2003 00:00,2003,3,1.282,NA,PDO,NA,NA,Pacific Decadal Oscillation,NA
01-APR-2003 00:00,2003,4,0.529,NA,PDO,NA,NA,Pacific Decadal Oscillation,NA
01-MAY-2003 00:00,2003,5,0.324,NA,PDO,NA,NA,Pacific Decadal Oscillation,NA
01-JUN-2003 00:00,2003,6,-0.182,NA,PDO,NA,NA,Pacific Decadal Oscillation,NA
01-JUL-2003 00:00,2003,7,0.493,NA,PDO,NA,NA,Pacific Decadal Oscillation,NA
01-AUG-2003 00:00,2003,8,0.745,NA,PDO,NA,NA,Pacific Decadal Oscillation,NA
01-SEP-2003 00:00,2003,9,0.049,NA,PDO,NA,NA,Pacific Decadal Oscillation,NA
01-OCT-2003 00:00,2003,10,0.757,NA,PDO,NA,NA,Pacific Decadal Oscillation,NA
01-NOV-2003 00:00,2003,11,-0.02,NA,PDO,NA,NA,Pacific Decadal Oscillation,NA
01-DEC-2003 00:00,2003,12,-0.361,NA,PDO,NA,NA,Pacific Decadal Oscillation,NA
01-JAN-2004 00:00,2004,1,-0.226,NA,PDO,NA,NA,Pacific Decadal Oscillation,NA
01-FEB-2004 00:00,2004,2,0.032,NA,PDO,NA,NA,Pacific Decadal Oscillation,NA
01-MAR-2004 00:00,2004,3,0.128,NA,PDO,NA,NA,Pacific Decadal Oscillation,NA
01-APR-2004 00:00,2004,4,0.095,NA,PDO,NA,NA,Pacific Decadal Oscillation,NA
01-MAY-2004 00:00,2004,5,0.496,NA,PDO,NA,NA,Pacific Decadal Oscillation,NA
01-JUN-2004 00:00,2004,6,-0.288,NA,PDO,NA,NA,Pacific Decadal Oscillation,NA
01-JUL-2004 00:00,2004,7,0.032,NA,PDO,NA,NA,Pacific Decadal Oscillation,NA
01-AUG-2004 00:00,2004,8,0.292,NA,PDO,NA,NA,Pacific Decadal Oscillation,NA
01-SEP-2004 00:00,2004,9,0.108,NA,PDO,NA,NA,Pacific Decadal Oscillation,NA
01-OCT-2004 00:00,2004,10,-0.52,NA,PDO,NA,NA,Pacific Decadal Oscillation,NA
01-NOV-2004 00:00,2004,11,-0.946,NA,PDO,NA,NA,Pacific Decadal Oscillation,NA
01-DEC-2004 00:00,2004,12,-0.531,NA,PDO,NA,NA,Pacific Decadal Oscillation,NA
01-JAN-2005 00:00,2005,1,-0.068,NA,PDO,NA,NA,Pacific Decadal Oscillation,NA
01-FEB-2005 00:00,2005,2,0.169,NA,PDO,NA,NA,Pacific Decadal Oscillation,NA
01-MAR-2005 00:00,2005,3,0.795,NA,PDO,NA,NA,Pacific Decadal Oscillation,NA
01-APR-2005 00:00,2005,4,0.402,NA,PDO,NA,NA,Pacific Decadal Oscillation,NA
01-MAY-2005 00:00,2005,5,1.147,NA,PDO,NA,NA,Pacific Decadal Oscillation,NA
01-JUN-2005 00:00,2005,6,0.528,NA,PDO,NA,NA,Pacific Decadal Oscillation,NA
01-JUL-2005 00:00,2005,7,0.014,NA,PDO,NA,NA,Pacific Decadal Oscillation,NA
01-AUG-2005 00:00,2005,8,-0.198,NA,PDO,NA,NA,Pacific Decadal Oscillation,NA
01-SEP-2005 00:00,2005,9,-0.712,NA,PDO,NA,NA,Pacific Decadal Oscillation,NA
01-OCT-2005 00:00,2005,10,-1.566,NA,PDO,NA,NA,Pacific Decadal Oscillation,NA
01-NOV-2005 00:00,2005,11,-1.544,NA,PDO,NA,NA,Pacific Decadal Oscillation,NA
01-DEC-2005 00:00,2005,12,-0.059,NA,PDO,NA,NA,Pacific Decadal Oscillation,NA
01-JAN-2006 00:00,2006,1,0.554,NA,PDO,NA,NA,Pacific Decadal Oscillation,NA
01-FEB-2006 00:00,2006,2,0.507,NA,PDO,NA,NA,Pacific Decadal Oscillation,NA
01-MAR-2006 00:00,2006,3,-0.351,NA,PDO,NA,NA,Pacific Decadal Oscillation,NA
01-APR-2006 00:00,2006,4,-0.358,NA,PDO,NA,NA,Pacific Decadal Oscillation,NA
01-MAY-2006 00:00,2006,5,-0.284,NA,PDO,NA,NA,Pacific Decadal Oscillation,NA
01-JUN-2006 00:00,2006,6,0.091,NA,PDO,NA,NA,Pacific Decadal Oscillation,NA
01-JUL-2006 00:00,2006,7,0.377,NA,PDO,NA,NA,Pacific Decadal Oscillation,NA
01-AUG-2006 00:00,2006,8,-0.466,NA,PDO,NA,NA,Pacific Decadal Oscillation,NA
01-SEP-2006 00:00,2006,9,-0.997,NA,PDO,NA,NA,Pacific Decadal Oscillation,NA
01-OCT-2006 00:00,2006,10,-0.169,NA,PDO,NA,NA,Pacific Decadal Oscillation,NA
01-NOV-2006 00:00,2006,11,-0.442,NA,PDO,NA,NA,Pacific Decadal Oscillation,NA
01-DEC-2006 00:00,2006,12,-0.296,NA,PDO,NA,NA,Pacific Decadal Oscillation,NA
01-JAN-2007 00:00,2007,1,-0.468,NA,PDO,NA,NA,Pacific Decadal Oscillation,NA
01-FEB-2007 00:00,2007,2,-0.382,NA,PDO,NA,NA,Pacific Decadal Oscillation,NA
01-MAR-2007 00:00,2007,3,-0.734,NA,PDO,NA,NA,Pacific Decadal Oscillation,NA
01-APR-2007 00:00,2007,4,-0.24,NA,PDO,NA,NA,Pacific Decadal Oscillation,NA
01-MAY-2007 00:00,2007,5,-0.116,NA,PDO,NA,NA,Pacific Decadal Oscillation,NA
01-JUN-2007 00:00,2007,6,0.086,NA,PDO,NA,NA,Pacific Decadal Oscillation,NA
01-JUL-2007 00:00,2007,7,0.547,NA,PDO,NA,NA,Pacific Decadal Oscillation,NA
01-AUG-2007 00:00,2007,8,0.185,NA,PDO,NA,NA,Pacific Decadal Oscillation,NA
01-SEP-2007 00:00,2007,9,-0.582,NA,PDO,NA,NA,Pacific Decadal Oscillation,NA
01-OCT-2007 00:00,2007,10,-1.871,NA,PDO,NA,NA,Pacific Decadal Oscillation,NA
01-NOV-2007 00:00,2007,11,-1.23,NA,PDO,NA,NA,Pacific Decadal Oscillation,NA
01-DEC-2007 00:00,2007,12,-0.759,NA,PDO,NA,NA,Pacific Decadal Oscillation,NA
01-JAN-2008 00:00,2008,1,-1.23,NA,PDO,NA,NA,Pacific Decadal Oscillation,NA
01-FEB-2008 00:00,2008,2,-1.188,NA,PDO,NA,NA,Pacific Decadal Oscillation,NA
01-MAR-2008 00:00,2008,3,-0.955,NA,PDO,NA,NA,Pacific Decadal Oscillation,NA
01-APR-2008 00:00,2008,4,-1.498,NA,PDO,NA,NA,Pacific Decadal Oscillation,NA
01-MAY-2008 00:00,2008,5,-1.348,NA,PDO,NA,NA,Pacific Decadal Oscillation,NA
01-JUN-2008 00:00,2008,6,-1.625,NA,PDO,NA,NA,Pacific Decadal Oscillation,NA
01-JUL-2008 00:00,2008,7,-1.373,NA,PDO,NA,NA,Pacific Decadal Oscillation,NA
01-AUG-2008 00:00,2008,8,-1.218,NA,PDO,NA,NA,Pacific Decadal Oscillation,NA
01-SEP-2008 00:00,2008,9,-1.347,NA,PDO,NA,NA,Pacific Decadal Oscillation,NA
01-OCT-2008 00:00,2008,10,-1.538,NA,PDO,NA,NA,Pacific Decadal Oscillation,NA
01-NOV-2008 00:00,2008,11,-1.384,NA,PDO,NA,NA,Pacific Decadal Oscillation,NA
01-DEC-2008 00:00,2008,12,-1.266,NA,PDO,NA,NA,Pacific Decadal Oscillation,NA
01-JAN-2009 00:00,2009,1,-1.619,NA,PDO,NA,NA,Pacific Decadal Oscillation,NA
01-FEB-2009 00:00,2009,2,-1.464,NA,PDO,NA,NA,Pacific Decadal Oscillation,NA
01-MAR-2009 00:00,2009,3,-1.742,NA,PDO,NA,NA,Pacific Decadal Oscillation,NA
01-APR-2009 00:00,2009,4,-1.872,NA,PDO,NA,NA,Pacific Decadal Oscillation,NA
01-MAY-2009 00:00,2009,5,-1.008,NA,PDO,NA,NA,Pacific Decadal Oscillation,NA
01-JUN-2009 00:00,2009,6,-0.665,NA,PDO,NA,NA,Pacific Decadal Oscillation,NA
01-JUL-2009 00:00,2009,7,-0.523,NA,PDO,NA,NA,Pacific Decadal Oscillation,NA
01-AUG-2009 00:00,2009,8,-0.25,NA,PDO,NA,NA,Pacific Decadal Oscillation,NA
01-SEP-2009 00:00,2009,9,0.454,NA,PDO,NA,NA,Pacific Decadal Oscillation,NA
01-OCT-2009 00:00,2009,10,0.078,NA,PDO,NA,NA,Pacific Decadal Oscillation,NA
01-NOV-2009 00:00,2009,11,-0.759,NA,PDO,NA,NA,Pacific Decadal Oscillation,NA
01-DEC-2009 00:00,2009,12,-0.429,NA,PDO,NA,NA,Pacific Decadal Oscillation,NA
01-JAN-2010 00:00,2010,1,0.134,NA,PDO,NA,NA,Pacific Decadal Oscillation,NA
01-FEB-2010 00:00,2010,2,0.361,NA,PDO,NA,NA,Pacific Decadal Oscillation,NA
01-MAR-2010 00:00,2010,3,0.036,NA,PDO,NA,NA,Pacific Decadal Oscillation,NA
01-APR-2010 00:00,2010,4,0.043,NA,PDO,NA,NA,Pacific Decadal Oscillation,NA
01-MAY-2010 00:00,2010,5,-0.132,NA,PDO,NA,NA,Pacific Decadal Oscillation,NA
01-JUN-2010 00:00,2010,6,-0.699,NA,PDO,NA,NA,Pacific Decadal Oscillation,NA
01-JUL-2010 00:00,2010,7,-1.579,NA,PDO,NA,NA,Pacific Decadal Oscillation,NA
01-AUG-2010 00:00,2010,8,-1.499,NA,PDO,NA,NA,Pacific Decadal Oscillation,NA
01-SEP-2010 00:00,2010,9,-1.639,NA,PDO,NA,NA,Pacific Decadal Oscillation,NA
01-OCT-2010 00:00,2010,10,-1.083,NA,PDO,NA,NA,Pacific Decadal Oscillation,NA
01-NOV-2010 00:00,2010,11,-1.183,NA,PDO,NA,NA,Pacific Decadal Oscillation,NA
01-DEC-2010 00:00,2010,12,-1.677,NA,PDO,NA,NA,Pacific Decadal Oscillation,NA
01-JAN-2011 00:00,2011,1,-1.469,NA,PDO,NA,NA,Pacific Decadal Oscillation,NA
01-FEB-2011 00:00,2011,2,-1.069,NA,PDO,NA,NA,Pacific Decadal Oscillation,NA
01-MAR-2011 00:00,2011,3,-0.931,NA,PDO,NA,NA,Pacific Decadal Oscillation,NA
01-APR-2011 00:00,2011,4,-0.823,NA,PDO,NA,NA,Pacific Decadal Oscillation,NA
01-MAY-2011 00:00,2011,5,-0.898,NA,PDO,NA,NA,Pacific Decadal Oscillation,NA
01-JUN-2011 00:00,2011,6,-1.445,NA,PDO,NA,NA,Pacific Decadal Oscillation,NA
01-JUL-2011 00:00,2011,7,-2.137,NA,PDO,NA,NA,Pacific Decadal Oscillation,NA
01-AUG-2011 00:00,2011,8,-1.997,NA,PDO,NA,NA,Pacific Decadal Oscillation,NA
01-SEP-2011 00:00,2011,9,-1.867,NA,PDO,NA,NA,Pacific Decadal Oscillation,NA
01-OCT-2011 00:00,2011,10,-1.553,NA,PDO,NA,NA,Pacific Decadal Oscillation,NA
01-NOV-2011 00:00,2011,11,-2.48,NA,PDO,NA,NA,Pacific Decadal Oscillation,NA
01-DEC-2011 00:00,2011,12,-2.184,NA,PDO,NA,NA,Pacific Decadal Oscillation,NA
01-JAN-2012 00:00,2012,1,-1.669,NA,PDO,NA,NA,Pacific Decadal Oscillation,NA
01-FEB-2012 00:00,2012,2,-1.148,NA,PDO,NA,NA,Pacific Decadal Oscillation,NA
01-MAR-2012 00:00,2012,3,-1.348,NA,PDO,NA,NA,Pacific Decadal Oscillation,NA
01-APR-2012 00:00,2012,4,-0.761,NA,PDO,NA,NA,Pacific Decadal Oscillation,NA
01-MAY-2012 00:00,2012,5,-1.626,NA,PDO,NA,NA,Pacific Decadal Oscillation,NA
01-JUN-2012 00:00,2012,6,-1.426,NA,PDO,NA,NA,Pacific Decadal Oscillation,NA
01-JUL-2012 00:00,2012,7,-1.953,NA,PDO,NA,NA,Pacific Decadal Oscillation,NA
01-AUG-2012 00:00,2012,8,-1.936,NA,PDO,NA,NA,Pacific Decadal Oscillation,NA
01-SEP-2012 00:00,2012,9,-2.309,NA,PDO,NA,NA,Pacific Decadal Oscillation,NA
01-OCT-2012 00:00,2012,10,-0.918,NA,PDO,NA,NA,Pacific Decadal Oscillation,NA
01-NOV-2012 00:00,2012,11,-0.577,NA,PDO,NA,NA,Pacific Decadal Oscillation,NA
01-DEC-2012 00:00,2012,12,-1.301,NA,PDO,NA,NA,Pacific Decadal Oscillation,NA
01-JAN-2013 00:00,2013,1,-1,NA,PDO,NA,NA,Pacific Decadal Oscillation,NA
01-FEB-2013 00:00,2013,2,-1.109,NA,PDO,NA,NA,Pacific Decadal Oscillation,NA
01-MAR-2013 00:00,2013,3,-1.109,NA,PDO,NA,NA,Pacific Decadal Oscillation,NA
01-APR-2013 00:00,2013,4,-0.556,NA,PDO,NA,NA,Pacific Decadal Oscillation,NA
01-MAY-2013 00:00,2013,5,-0.294,NA,PDO,NA,NA,Pacific Decadal Oscillation,NA
01-JUN-2013 00:00,2013,6,-1.069,NA,PDO,NA,NA,Pacific Decadal Oscillation,NA
01-JUL-2013 00:00,2013,7,-1.139,NA,PDO,NA,NA,Pacific Decadal Oscillation,NA
01-AUG-2013 00:00,2013,8,-1.088,NA,PDO,NA,NA,Pacific Decadal Oscillation,NA
01-SEP-2013 00:00,2013,9,-0.658,NA,PDO,NA,NA,Pacific Decadal Oscillation,NA
01-OCT-2013 00:00,2013,10,-1.267,NA,PDO,NA,NA,Pacific Decadal Oscillation,NA
01-NOV-2013 00:00,2013,11,-0.895,NA,PDO,NA,NA,Pacific Decadal Oscillation,NA
01-DEC-2013 00:00,2013,12,-0.928,NA,PDO,NA,NA,Pacific Decadal Oscillation,NA
01-JAN-2014 00:00,2014,1,-0.496,NA,PDO,NA,NA,Pacific Decadal Oscillation,NA
01-FEB-2014 00:00,2014,2,-0.227,NA,PDO,NA,NA,Pacific Decadal Oscillation,NA
01-MAR-2014 00:00,2014,3,0.464,NA,PDO,NA,NA,Pacific Decadal Oscillation,NA
01-APR-2014 00:00,2014,4,0.526,NA,PDO,NA,NA,Pacific Decadal Oscillation,NA
01-MAY-2014 00:00,2014,5,1.153,NA,PDO,NA,NA,Pacific Decadal Oscillation,NA
01-JUN-2014 00:00,2014,6,-0.324,NA,PDO,NA,NA,Pacific Decadal Oscillation,NA
01-JUL-2014 00:00,2014,7,0.4,NA,PDO,NA,NA,Pacific Decadal Oscillation,NA
01-AUG-2014 00:00,2014,8,0.361,NA,PDO,NA,NA,Pacific Decadal Oscillation,NA
01-SEP-2014 00:00,2014,9,0.621,NA,PDO,NA,NA,Pacific Decadal Oscillation,NA
01-OCT-2014 00:00,2014,10,1.202,NA,PDO,NA,NA,Pacific Decadal Oscillation,NA
01-NOV-2014 00:00,2014,11,1.132,NA,PDO,NA,NA,Pacific Decadal Oscillation,NA
01-DEC-2014 00:00,2014,12,1.567,NA,PDO,NA,NA,Pacific Decadal Oscillation,NA
01-JAN-2015 00:00,2015,1,1.336,NA,PDO,NA,NA,Pacific Decadal Oscillation,NA
01-FEB-2015 00:00,2015,2,1.426,NA,PDO,NA,NA,Pacific Decadal Oscillation,NA
01-MAR-2015 00:00,2015,3,1.26,NA,PDO,NA,NA,Pacific Decadal Oscillation,NA
01-APR-2015 00:00,2015,4,0.83,NA,PDO,NA,NA,Pacific Decadal Oscillation,NA
01-MAY-2015 00:00,2015,5,0.389,NA,PDO,NA,NA,Pacific Decadal Oscillation,NA
01-JUN-2015 00:00,2015,6,0.657,NA,PDO,NA,NA,Pacific Decadal Oscillation,NA
01-JUL-2015 00:00,2015,7,1.144,NA,PDO,NA,NA,Pacific Decadal Oscillation,NA
01-AUG-2015 00:00,2015,8,0.889,NA,PDO,NA,NA,Pacific Decadal Oscillation,NA
01-SEP-2015 00:00,2015,9,0.936,NA,PDO,NA,NA,Pacific Decadal Oscillation,NA
01-OCT-2015 00:00,2015,10,0.72,NA,PDO,NA,NA,Pacific Decadal Oscillation,NA
01-NOV-2015 00:00,2015,11,0.067,NA,PDO,NA,NA,Pacific Decadal Oscillation,NA
01-DEC-2015 00:00,2015,12,0.01,NA,PDO,NA,NA,Pacific Decadal Oscillation,NA
01-JAN-2016 00:00,2016,1,0.521,NA,PDO,NA,NA,Pacific Decadal Oscillation,NA
01-FEB-2016 00:00,2016,2,1.113,NA,PDO,NA,NA,Pacific Decadal Oscillation,NA
01-MAR-2016 00:00,2016,3,1.447,NA,PDO,NA,NA,Pacific Decadal Oscillation,NA
01-APR-2016 00:00,2016,4,1.619,NA,PDO,NA,NA,Pacific Decadal Oscillation,NA
01-MAY-2016 00:00,2016,5,1.498,NA,PDO,NA,NA,Pacific Decadal Oscillation,NA
01-JUN-2016 00:00,2016,6,0.676,NA,PDO,NA,NA,Pacific Decadal Oscillation,NA
01-JUL-2016 00:00,2016,7,0.478,NA,PDO,NA,NA,Pacific Decadal Oscillation,NA
01-AUG-2016 00:00,2016,8,-0.124,NA,PDO,NA,NA,Pacific Decadal Oscillation,NA
01-SEP-2016 00:00,2016,9,-0.327,NA,PDO,NA,NA,Pacific Decadal Oscillation,NA
01-OCT-2016 00:00,2016,10,-0.296,NA,PDO,NA,NA,Pacific Decadal Oscillation,NA
01-NOV-2016 00:00,2016,11,0.66,NA,PDO,NA,NA,Pacific Decadal Oscillation,NA
01-DEC-2016 00:00,2016,12,0.315,NA,PDO,NA,NA,Pacific Decadal Oscillation,NA
01-JAN-2017 00:00,2017,1,-0.091,NA,PDO,NA,NA,Pacific Decadal Oscillation,NA
01-FEB-2017 00:00,2017,2,0.108,NA,PDO,NA,NA,Pacific Decadal Oscillation,NA
01-MAR-2017 00:00,2017,3,0.196,NA,PDO,NA,NA,Pacific Decadal Oscillation,NA
01-APR-2017 00:00,2017,4,0.492,NA,PDO,NA,NA,Pacific Decadal Oscillation,NA
01-MAY-2017 00:00,2017,5,0.397,NA,PDO,NA,NA,Pacific Decadal Oscillation,NA
01-JUN-2017 00:00,2017,6,0.122,NA,PDO,NA,NA,Pacific Decadal Oscillation,NA
01-JUL-2017 00:00,2017,7,-0.445,NA,PDO,NA,NA,Pacific Decadal Oscillation,NA
01-AUG-2017 00:00,2017,8,-0.334,NA,PDO,NA,NA,Pacific Decadal Oscillation,NA
01-SEP-2017 00:00,2017,9,0.038,NA,PDO,NA,NA,Pacific Decadal Oscillation,NA
01-OCT-2017 00:00,2017,10,-0.46,NA,PDO,NA,NA,Pacific Decadal Oscillation,NA
01-NOV-2017 00:00,2017,11,-0.547,NA,PDO,NA,NA,Pacific Decadal Oscillation,NA
01-DEC-2017 00:00,2017,12,-0.23,NA,PDO,NA,NA,Pacific Decadal Oscillation,NA
01-JAN-2018 00:00,2018,1,0.174,NA,PDO,NA,NA,Pacific Decadal Oscillation,NA
01-FEB-2018 00:00,2018,2,-0.193,NA,PDO,NA,NA,Pacific Decadal Oscillation,NA
01-MAR-2018 00:00,2018,3,-0.549,NA,PDO,NA,NA,Pacific Decadal Oscillation,NA
01-APR-2018 00:00,2018,4,-0.511,NA,PDO,NA,NA,Pacific Decadal Oscillation,NA
01-MAY-2018 00:00,2018,5,-0.312,NA,PDO,NA,NA,Pacific Decadal Oscillation,NA
01-JUN-2018 00:00,2018,6,-0.713,NA,PDO,NA,NA,Pacific Decadal Oscillation,NA
01-JUL-2018 00:00,2018,7,-0.083,NA,PDO,NA,NA,Pacific Decadal Oscillation,NA
01-AUG-2018 00:00,2018,8,-0.123,NA,PDO,NA,NA,Pacific Decadal Oscillation,NA
01-SEP-2018 00:00,2018,9,-0.138,NA,PDO,NA,NA,Pacific Decadal Oscillation,NA
01-OCT-2018 00:00,2018,10,-0.428,NA,PDO,NA,NA,Pacific Decadal Oscillation,NA
01-NOV-2018 00:00,2018,11,-0.529,NA,PDO,NA,NA,Pacific Decadal Oscillation,NA
01-DEC-2018 00:00,2018,12,-0.23,NA,PDO,NA,NA,Pacific Decadal Oscillation,NA
01-JAN-2019 00:00,2019,1,-0.306,NA,PDO,NA,NA,Pacific Decadal Oscillation,NA
01-FEB-2019 00:00,2019,2,-0.51,NA,PDO,NA,NA,Pacific Decadal Oscillation,NA
01-MAR-2019 00:00,2019,3,-0.216,NA,PDO,NA,NA,Pacific Decadal Oscillation,NA
01-APR-2019 00:00,2019,4,0.202,NA,PDO,NA,NA,Pacific Decadal Oscillation,NA
01-MAY-2019 00:00,2019,5,0.436,NA,PDO,NA,NA,Pacific Decadal Oscillation,NA
01-JUN-2019 00:00,2019,6,0.033,NA,PDO,NA,NA,Pacific Decadal Oscillation,NA
01-JUL-2019 00:00,2019,7,0.53,NA,PDO,NA,NA,Pacific Decadal Oscillation,NA
01-AUG-2019 00:00,2019,8,0.232,NA,PDO,NA,NA,Pacific Decadal Oscillation,NA
01-SEP-2019 00:00,2019,9,0.171,NA,PDO,NA,NA,Pacific Decadal Oscillation,NA
01-OCT-2019 00:00,2019,10,-0.705,NA,PDO,NA,NA,Pacific Decadal Oscillation,NA
01-NOV-2019 00:00,2019,11,-0.353,NA,PDO,NA,NA,Pacific Decadal Oscillation,NA
01-DEC-2019 00:00,2019,12,0.01,NA,PDO,NA,NA,Pacific Decadal Oscillation,NA
01-JAN-2020 00:00,2020,1,-1.21,NA,PDO,NA,NA,Pacific Decadal Oscillation,NA
01-FEB-2020 00:00,2020,2,-1.14,NA,PDO,NA,NA,Pacific Decadal Oscillation,NA
01-MAR-2020 00:00,2020,3,-1.426,NA,PDO,NA,NA,Pacific Decadal Oscillation,NA
01-APR-2020 00:00,2020,4,-1.082,NA,PDO,NA,NA,Pacific Decadal Oscillation,NA
01-MAY-2020 00:00,2020,5,-0.456,NA,PDO,NA,NA,Pacific Decadal Oscillation,NA
01-JUN-2020 00:00,2020,6,-0.813,NA,PDO,NA,NA,Pacific Decadal Oscillation,NA
01-JUL-2020 00:00,2020,7,-0.938,NA,PDO,NA,NA,Pacific Decadal Oscillation,NA
01-AUG-2020 00:00,2020,8,-1.24,NA,PDO,NA,NA,Pacific Decadal Oscillation,NA
01-SEP-2020 00:00,2020,9,-1.053,NA,PDO,NA,NA,Pacific Decadal Oscillation,NA
01-OCT-2020 00:00,2020,10,-0.686,NA,PDO,NA,NA,Pacific Decadal Oscillation,NA
01-NOV-2020 00:00,2020,11,-1.497,NA,PDO,NA,NA,Pacific Decadal Oscillation,NA
01-DEC-2020 00:00,2020,12,-0.955,NA,PDO,NA,NA,Pacific Decadal Oscillation,NA
01-JAN-2021 00:00,2021,1,-0.56,NA,PDO,NA,NA,Pacific Decadal Oscillation,NA
01-FEB-2021 00:00,2021,2,-0.87,NA,PDO,NA,NA,Pacific Decadal Oscillation,NA
01-MAR-2021 00:00,2021,3,-1.331,NA,PDO,NA,NA,Pacific Decadal Oscillation,NA
01-APR-2021 00:00,2021,4,-1.438,NA,PDO,NA,NA,Pacific Decadal Oscillation,NA
01-MAY-2021 00:00,2021,5,-1.616,NA,PDO,NA,NA,Pacific Decadal Oscillation,NA
01-JUN-2021 00:00,2021,6,-1.655,NA,PDO,NA,NA,Pacific Decadal Oscillation,NA
01-JUL-2021 00:00,2021,7,-1.572,NA,PDO,NA,NA,Pacific Decadal Oscillation,NA
01-AUG-2021 00:00,2021,8,-0.776,NA,PDO,NA,NA,Pacific Decadal Oscillation,NA
01-SEP-2021 00:00,2021,9,-1.626,NA,PDO,NA,NA,Pacific Decadal Oscillation,NA
01-OCT-2021 00:00,2021,10,-2.686,NA,PDO,NA,NA,Pacific Decadal Oscillation,NA
01-NOV-2021 00:00,2021,11,-2.468,NA,PDO,NA,NA,Pacific Decadal Oscillation,NA
01-DEC-2021 00:00,2021,12,-2.417,NA,PDO,NA,NA,Pacific Decadal Oscillation,NA
01-JAN-2022 00:00,2022,1,-2.05,NA,PDO,NA,NA,Pacific Decadal Oscillation,NA
01-FEB-2022 00:00,2022,2,-1.583,NA,PDO,NA,NA,Pacific Decadal Oscillation,NA
01-MAR-2022 00:00,2022,3,-1.361,NA,PDO,NA,NA,Pacific Decadal Oscillation,NA
01-APR-2022 00:00,2022,4,-1.805,NA,PDO,NA,NA,Pacific Decadal Oscillation,NA
01-MAY-2022 00:00,2022,5,-2.033,NA,PDO,NA,NA,Pacific Decadal Oscillation,NA
01-JUN-2022 00:00,2022,6,-1.405,NA,PDO,NA,NA,Pacific Decadal Oscillation,NA
01-JUL-2022 00:00,2022,7,-2.262,NA,PDO,NA,NA,Pacific Decadal Oscillation,NA
01-AUG-2022 00:00,2022,8,-1.947,NA,PDO,NA,NA,Pacific Decadal Oscillation,NA
01-SEP-2022 00:00,2022,9,-1.723,NA,PDO,NA,NA,Pacific Decadal Oscillation,NA
01-OCT-2022 00:00,2022,10,-1.364,NA,PDO,NA,NA,Pacific Decadal Oscillation,NA
01-NOV-2022 00:00,2022,11,-1.986,NA,PDO,NA,NA,Pacific Decadal Oscillation,NA
01-DEC-2022 00:00,2022,12,-1.836,NA,PDO,NA,NA,Pacific Decadal Oscillation,NA
01-JAN-2023 00:00,2023,1,-0.947,NA,PDO,NA,NA,Pacific Decadal Oscillation,NA
01-FEB-2023 00:00,2023,2,-1.273,NA,PDO,NA,NA,Pacific Decadal Oscillation,NA
01-MAR-2023 00:00,2023,3,-1.892,NA,PDO,NA,NA,Pacific Decadal Oscillation,NA
01-APR-2023 00:00,2023,4,-2.484,NA,PDO,NA,NA,Pacific Decadal Oscillation,NA
01-MAY-2023 00:00,2023,5,-1.949,NA,PDO,NA,NA,Pacific Decadal Oscillation,NA
01-JUN-2023 00:00,2023,6,-2.16,NA,PDO,NA,NA,Pacific Decadal Oscillation,NA
01-JUL-2023 00:00,2023,7,-2.148,NA,PDO,NA,NA,Pacific Decadal Oscillation,NA
01-AUG-2023 00:00,2023,8,-1.971,NA,PDO,NA,NA,Pacific Decadal Oscillation,NA
01-SEP-2023 00:00,2023,9,-2.39,NA,PDO,NA,NA,Pacific Decadal Oscillation,NA
01-OCT-2023 00:00,2023,10,-2.021,NA,PDO,NA,NA,Pacific Decadal Oscillation,NA
01-NOV-2023 00:00,2023,11,-1.621,NA,PDO,NA,NA,Pacific Decadal Oscillation,NA
01-DEC-2023 00:00,2023,12,-1.68,NA,PDO,NA,NA,Pacific Decadal Oscillation,NA
01-JAN-2024 00:00,2024,1,-1.4,NA,PDO,NA,NA,Pacific Decadal Oscillation,NA
01-FEB-2024 00:00,2024,2,-1.077,NA,PDO,NA,NA,Pacific Decadal Oscillation,NA
01-MAR-2024 00:00,2024,3,-1.274,NA,PDO,NA,NA,Pacific Decadal Oscillation,NA
01-APR-2024 00:00,2024,4,-1.69,NA,PDO,NA,NA,Pacific Decadal Oscillation,NA
01-MAY-2024 00:00,2024,5,-2.607,NA,PDO,NA,NA,Pacific Decadal Oscillation,NA
01-JUN-2024 00:00,2024,6,-2.744,NA,PDO,NA,NA,Pacific Decadal Oscillation,NA
01-JUL-2024 00:00,2024,7,-2.315,NA,PDO,NA,NA,Pacific Decadal Oscillation,NA
01-AUG-2024 00:00,2024,8,-2.079,NA,PDO,NA,NA,Pacific Decadal Oscillation,NA
01-SEP-2024 00:00,2024,9,-2.652,NA,PDO,NA,NA,Pacific Decadal Oscillation,NA
01-OCT-2024 00:00,2024,10,-3.043,NA,PDO,NA,NA,Pacific Decadal Oscillation,NA
01-NOV-2024 00:00,2024,11,-2.628,NA,PDO,NA,NA,Pacific Decadal Oscillation,NA
01-DEC-2024 00:00,2024,12,-1.788,NA,PDO,NA,NA,Pacific Decadal Oscillation,NA
01-JAN-2025 00:00,2025,1,-1.086,NA,PDO,NA,NA,Pacific Decadal Oscillation,NA
01-FEB-2025 00:00,2025,2,-1.11,NA,PDO,NA,NA,Pacific Decadal Oscillation,NA
01-MAR-2025 00:00,2025,3,-0.892,NA,PDO,NA,NA,Pacific Decadal Oscillation,NA
01-APR-2025 00:00,2025,4,-1.017,NA,PDO,NA,NA,Pacific Decadal Oscillation,NA
01-MAY-2025 00:00,2025,5,-1.595,NA,PDO,NA,NA,Pacific Decadal Oscillation,NA
01-JUN-2025 00:00,2025,6,-2.666,NA,PDO,NA,NA,Pacific Decadal Oscillation,NA
01-JUL-2025 00:00,2025,7,-3.59,NA,PDO,NA,NA,Pacific Decadal Oscillation,NA
01-AUG-2025 00:00,2025,8,-2.691,NA,PDO,NA,NA,Pacific Decadal Oscillation,NA
01-SEP-2025 00:00,2025,9,-1.976,NA,PDO,NA,NA,Pacific Decadal Oscillation,NA
01-OCT-2025 00:00,2025,10,-2.125,NA,PDO,NA,NA,Pacific Decadal Oscillation,NA
01-NOV-2025 00:00,2025,11,-1.489,NA,PDO,NA,NA,Pacific Decadal Oscillation,NA
01-DEC-2025 00:00,2025,12,-1.08,NA,PDO,NA,NA,Pacific Decadal Oscillation,NA
01-Jan-1985 00:00,1985,1,26.9122767479959,-0.70226105510141,SST,28.0039649292161,-0.109505243743912,Deg C,1
01-Feb-1985 00:00,1985,2,26.7069211224284,-0.756316800701089,SST,28.0044571003322,-0.109059193871228,Deg C,2
01-Mar-1985 00:00,1985,3,26.60798746843,-0.945547575534537,SST,28.0049492714484,-0.108613143998544,Deg C,3
01-Apr-1985 00:00,1985,4,26.6736233992373,-1.19605643327071,SST,28.0054414425646,-0.10816709412586,Deg C,4
01-May-1985 00:00,1985,5,27.5026676886722,-0.736206213377873,SST,28.0059336136808,-0.107721044253176,Deg C,5
01-Jun-1985 00:00,1985,6,27.2769915798935,-1.16344242573943,SST,28.006425784797,-0.107274994380493,Deg C,6
01-Jul-1985 00:00,1985,7,27.8504079012431,-0.675087715497742,SST,28.0069179559132,-0.106828944507809,Deg C,7
01-Aug-1985 00:00,1985,8,28.1286938580879,-0.382783269902362,SST,28.0074101270294,-0.106382894635125,Deg C,8
01-Sep-1985 00:00,1985,9,28.2957365199538,-0.210109495354054,SST,28.0079022981455,-0.105936844762441,Deg C,9
01-Oct-1985 00:00,1985,10,28.153531977046,-0.3000587244297,SST,28.0083944692617,-0.105490794889757,Deg C,10
01-Nov-1985 00:00,1985,11,28.1676720115562,-0.16003883273639,SST,28.0088866403779,-0.105044745017073,Deg C,11
01-Dec-1985 00:00,1985,12,28.329347807919,0.336251365233796,SST,28.0093788114941,-0.104598695144389,Deg C,12
01-Jan-1986 00:00,1986,1,27.2758845439549,-0.33865325914239,SST,28.0098709826103,-0.104152645271705,Deg C,13
01-Feb-1986 00:00,1986,2,26.9174107561449,-0.545827166984576,SST,28.0103631537265,-0.103706595399021,Deg C,14
01-Mar-1986 00:00,1986,3,26.8674315346205,-0.686103509344029,SST,28.0108553248427,-0.103260545526337,Deg C,15
01-Apr-1986 00:00,1986,4,27.5357133230718,-0.333966509436141,SST,28.0113474959588,-0.102814495653653,Deg C,16
01-May-1986 00:00,1986,5,27.7770824804873,-0.461791421562786,SST,28.011839667075,-0.102368445780969,Deg C,17
01-Jun-1986 00:00,1986,6,28.4197723325003,-0.0206616731326577,SST,28.0123318381912,-0.101922395908285,Deg C,18
01-Jul-1986 00:00,1986,7,28.6300268371355,0.104531220394705,SST,28.0128240093074,-0.101476346035601,Deg C,19
01-Aug-1986 00:00,1986,8,28.76070969656,0.24923256856972,SST,28.0133161804236,-0.101030296162917,Deg C,20
01-Sep-1986 00:00,1986,9,29.2231881200346,0.717342104726807,SST,28.0138083515398,-0.100584246290233,Deg C,21
01-Oct-1986 00:00,1986,10,29.2163942712771,0.762803569801388,SST,28.0143005226559,-0.100138196417549,Deg C,22
01-Nov-1986 00:00,1986,11,29.0738486296549,0.746137785362375,SST,28.0147926937721,-0.0996921465448652,Deg C,23
01-Dec-1986 00:00,1986,12,28.6522576796299,0.659161236944755,SST,28.0152848648883,-0.0992460966721812,Deg C,24
01-Jan-1987 00:00,1987,1,28.3912325506084,0.776694747511076,SST,28.0157770360045,-0.0988000467994973,Deg C,25
01-Feb-1987 00:00,1987,2,28.1338278724448,0.670589949315271,SST,28.0162692071207,-0.0983539969268133,Deg C,26
01-Mar-1987 00:00,1987,3,28.2983058595381,0.744770815573574,SST,28.0167613782369,-0.0979079470541294,Deg C,27
01-Apr-1987 00:00,1987,4,28.5039698422018,0.634290009693775,SST,28.0172535493531,-0.0974618971814454,Deg C,28
01-May-1987 00:00,1987,5,28.7740823757679,0.535208473717869,SST,28.0177457204692,-0.0970158473087614,Deg C,29
01-Jun-1987 00:00,1987,6,29.0921366691029,0.651702663469944,SST,28.0182378915854,-0.0965697974360775,Deg C,30
01-Jul-1987 00:00,1987,7,29.2346913046342,0.709195687893391,SST,28.0187300627016,-0.0961237475633935,Deg C,31
01-Aug-1987 00:00,1987,8,29.2806234721674,0.769146344177184,SST,28.0192222338178,-0.0956776976907096,Deg C,32
01-Sep-1987 00:00,1987,9,29.1870180794629,0.681172064155021,SST,28.019714404934,-0.0952316478180256,Deg C,33
01-Oct-1987 00:00,1987,10,29.6443194132391,1.19072871176344,SST,28.0202065760502,-0.0947855979453417,Deg C,34
01-Nov-1987 00:00,1987,11,29.4340500002556,1.10633915596306,SST,28.0206987471664,-0.0943395480726577,Deg C,35
01-Dec-1987 00:00,1987,12,28.7485712871289,0.755474844443771,SST,28.0211909182825,-0.0938934981999737,Deg C,36
01-Jan-1988 00:00,1988,1,28.6806020047502,1.06606420165289,SST,28.0216830893987,-0.0934474483272898,Deg C,37
01-Feb-1988 00:00,1988,2,28.0246120119214,0.56137408879195,SST,28.0221752605149,-0.0930013984546058,Deg C,38
01-Mar-1988 00:00,1988,3,27.4753057528136,-0.078229291150933,SST,28.0226674316311,-0.0925553485819219,Deg C,39
01-Apr-1988 00:00,1988,4,27.4313184302648,-0.438361402243171,SST,28.0231596027473,-0.0921092987092379,Deg C,40
01-May-1988 00:00,1988,5,27.5847925803822,-0.654081321667825,SST,28.0236517738635,-0.0916632488365539,Deg C,41
01-Jun-1988 00:00,1988,6,27.5059778590689,-0.934456146563988,SST,28.0241439449797,-0.09121719896387,Deg C,42
01-Jul-1988 00:00,1988,7,27.3930612176596,-1.13243439908128,SST,28.0246361160958,-0.090771149091186,Deg C,43
01-Aug-1988 00:00,1988,8,27.5473820114284,-0.964095116561868,SST,28.025128287212,-0.090325099218502,Deg C,44
01-Sep-1988 00:00,1988,9,28.0994399087678,-0.406406106540061,SST,28.0256204583282,-0.0898790493458181,Deg C,45
01-Oct-1988 00:00,1988,10,26.5463650061885,-1.90722569528718,SST,28.0261126294444,-0.0894329994731341,Deg C,46
01-Nov-1988 00:00,1988,11,26.1131024297082,-2.2146084145843,SST,28.0266048005606,-0.0889869496004502,Deg C,47
01-Dec-1988 00:00,1988,12,26.0365358943315,-1.95656054835363,SST,28.0270969716768,-0.0885408997277662,Deg C,48
01-Jan-1989 00:00,1989,1,25.8938803342066,-1.72065746889071,SST,28.027589142793,-0.0880948498550823,Deg C,49
01-Feb-1989 00:00,1989,2,26.0001849059541,-1.46305301717541,SST,28.0280813139091,-0.0876487999823983,Deg C,50
01-Mar-1989 00:00,1989,3,26.4534185640973,-1.10011647986727,SST,28.0285734850253,-0.0872027501097143,Deg C,51
01-Apr-1989 00:00,1989,4,26.5891095530011,-1.28057027950686,SST,28.0290656561415,-0.0867567002370304,Deg C,52
01-May-1989 00:00,1989,5,28.0023738679525,-0.236500034097602,SST,28.0295578272577,-0.0863106503643464,Deg C,53
01-Jun-1989 00:00,1989,6,27.5450782759697,-0.89535572966323,SST,28.0300499983739,-0.0858646004916624,Deg C,54
01-Jul-1989 00:00,1989,7,27.71582949725,-0.80966611949086,SST,28.0305421694901,-0.0854185506189785,Deg C,55
01-Aug-1989 00:00,1989,8,27.5356783462185,-0.975798781771726,SST,28.0310343406063,-0.0849725007462945,Deg C,56
01-Sep-1989 00:00,1989,9,28.1085041101552,-0.397341905152658,SST,28.0315265117224,-0.0845264508736106,Deg C,57
01-Oct-1989 00:00,1989,10,28.2828714592046,-0.17071924227104401,SST,28.0320186828386,-0.0840804010009266,Deg C,58
01-Nov-1989 00:00,1989,11,27.9199162120322,-0.407794632260362,SST,28.0325108539548,-0.0836343511282427,Deg C,59
01-Dec-1989 00:00,1989,12,27.9576590161661,-0.035437426519031603,SST,28.033003025071,-0.0831883012555587,Deg C,60
01-Jan-1990 00:00,1990,1,27.8735269592542,0.258989156156911,SST,28.0334951961872,-0.082742251382874707,Deg C,61
01-Feb-1990 00:00,1990,2,28.2756928869543,0.812454963824834,SST,28.0339873673034,-0.0822962015101908,Deg C,62
01-Mar-1990 00:00,1990,3,27.8814378967121,0.327902852747584,SST,28.0344795384196,-0.0818501516375068,Deg C,63
01-Apr-1990 00:00,1990,4,28.1379950805493,0.268315248041318,SST,28.0349717095357,-0.0814041017648229,Deg C,64
01-May-1990 00:00,1990,5,28.2786500643419,0.0397761622918189,SST,28.0354638806519,-0.0809580518921389,Deg C,65
01-Jun-1990 00:00,1990,6,28.1859683459137,-0.254465659719187,SST,28.0359560517681,-0.0805120020194549,Deg C,66
01-Jul-1990 00:00,1990,7,28.4792790623755,-0.0462165543653121,SST,28.0364482228843,-0.080065952146771,Deg C,67
01-Aug-1990 00:00,1990,8,28.8892124060378,0.377735278047503,SST,28.0369403940005,-0.079619902274087,Deg C,68
01-Sep-1990 00:00,1990,9,28.7609032550971,0.255057239789242,SST,28.0374325651167,-0.0791738524014031,Deg C,69
01-Oct-1990 00:00,1990,10,29.1736021028991,0.720011401423388,SST,28.0379247362329,-0.0787278025287191,Deg C,70
01-Nov-1990 00:00,1990,11,29.045248965675,0.717538121382415,SST,28.038416907349,-0.0782817526560351,Deg C,71
01-Dec-1990 00:00,1990,12,29.0927263720757,1.09962992939055,SST,28.0389090784652,-0.0778357027833512,Deg C,72
01-Jan-1991 00:00,1991,1,28.2735583110423,0.659020507944959,SST,28.0394012495814,-0.0773896529106672,Deg C,73
01-Feb-1991 00:00,1991,2,28.1609333809684,0.697695457838936,SST,28.0398934206976,-0.0769436030379833,Deg C,74
01-Mar-1991 00:00,1991,3,28.1387705606264,0.585235516661864,SST,28.0403855918138,-0.0764975531652993,Deg C,75
01-Apr-1991 00:00,1991,4,28.3676422372692,0.497962404761267,SST,28.04087776293,-0.0760515032926153,Deg C,76
01-May-1991 00:00,1991,5,28.789543958676,0.550670056625979,SST,28.0413699340462,-0.0756054534199314,Deg C,77
01-Jun-1991 00:00,1991,6,28.7058646387248,0.265430633091842,SST,28.0418621051623,-0.0751594035472474,Deg C,78
01-Jul-1991 00:00,1991,7,28.874475926358,0.348980309617165,SST,28.0423542762785,-0.0747133536745635,Deg C,79
01-Aug-1991 00:00,1991,8,28.9748033135999,0.463326185609681,SST,28.0428464473947,-0.0742673038018795,Deg C,80
01-Sep-1991 00:00,1991,9,29.1264166028023,0.620570587494452,SST,28.0433386185109,-0.0738212539291955,Deg C,81
01-Oct-1991 00:00,1991,10,29.5989907671654,1.14540006568975,SST,28.0438307896271,-0.0733752040565116,Deg C,82
01-Nov-1991 00:00,1991,11,29.4648826153904,1.13717177109783,SST,28.0443229607433,-0.0729291541838276,Deg C,83
01-Dec-1991 00:00,1991,12,29.1066719683803,1.11357552569517,SST,28.0448151318595,-0.0724831043111437,Deg C,84
01-Jan-1992 00:00,1992,1,28.7621065497941,1.14756874669676,SST,28.0453073029756,-0.0720370544384597,Deg C,85
01-Feb-1992 00:00,1992,2,28.5252915473234,1.06205362419389,SST,28.0457994740918,-0.0715910045657757,Deg C,86
01-Mar-1992 00:00,1992,3,28.353033681314,0.799498637349458,SST,28.046291645208,-0.0711449546930918,Deg C,87
01-Apr-1992 00:00,1992,4,28.73814709825,0.868467265742026,SST,28.0467838163242,-0.0706989048204078,Deg C,88
01-May-1992 00:00,1992,5,29.1050401696405,0.866166267590465,SST,28.0472759874404,-0.0702528549477239,Deg C,89
01-Jun-1992 00:00,1992,6,28.9313182503553,0.490884244722363,SST,28.0477681585566,-0.0698068050750399,Deg C,90
01-Jul-1992 00:00,1992,7,29.0838212888654,0.558325672124607,SST,28.0482603296727,-0.069360755202356,Deg C,91
01-Aug-1992 00:00,1992,8,28.7129007237633,0.201423595773036,SST,28.0487525007889,-0.068914705329672,Deg C,92
01-Sep-1992 00:00,1992,9,28.5804562144486,0.0746101991407855,SST,28.0492446719051,-0.068468655456988,Deg C,93
01-Oct-1992 00:00,1992,10,28.1943173179158,-0.259273383559822,SST,28.0497368430213,-0.0680226055843041,Deg C,94
01-Nov-1992 00:00,1992,11,28.2202023940721,-0.107508450220482,SST,28.0502290141375,-0.0675765557116201,Deg C,95
01-Dec-1992 00:00,1992,12,28.4773946481918,0.484298205506605,SST,28.0507211852537,-0.0671305058389361,Deg C,96
01-Jan-1993 00:00,1993,1,28.3648526665163,0.75031486341895,SST,28.0512133563699,-0.0666844559662522,Deg C,97
01-Feb-1993 00:00,1993,2,28.0080653877856,0.544827464656112,SST,28.051705527486,-0.0662384060935682,Deg C,98
01-Mar-1993 00:00,1993,3,27.8270184119209,0.273483367956381,SST,28.0521976986022,-0.0657923562208843,Deg C,99
01-Apr-1993 00:00,1993,4,28.0350599052167,0.165380072708672,SST,28.0526898697184,-0.0653463063482003,Deg C,100
01-May-1993 00:00,1993,5,28.4480738527718,0.209199950721743,SST,28.0531820408346,-0.0649002564755163,Deg C,101
01-Jun-1993 00:00,1993,6,28.6115770925136,0.171143086880665,SST,28.0536742119508,-0.0644542066028324,Deg C,102
01-Jul-1993 00:00,1993,7,29.0267722268089,0.501276610068054,SST,28.054166383067,-0.0640081567301484,Deg C,103
01-Aug-1993 00:00,1993,8,28.8381862185653,0.326709090575083,SST,28.0546585541832,-0.0635621068574645,Deg C,104
01-Sep-1993 00:00,1993,9,29.0546613399198,0.548815324611976,SST,28.0551507252993,-0.0631160569847805,Deg C,105
01-Oct-1993 00:00,1993,10,28.6075823142338,0.15399161275813,SST,28.0556428964155,-0.0626700071120966,Deg C,106
01-Nov-1993 00:00,1993,11,28.7682289791064,0.440518134813871,SST,28.0561350675317,-0.0622239572394126,Deg C,107
01-Dec-1993 00:00,1993,12,28.3241104300803,0.33101398739511,SST,28.0566272386479,-0.0617779073667286,Deg C,108
01-Jan-1994 00:00,1994,1,27.5337482295069,-0.080789573590387,SST,28.0571194097641,-0.0613318574940447,Deg C,109
01-Feb-1994 00:00,1994,2,27.514959141713,0.0517212185834701,SST,28.0576115808803,-0.0608858076213607,Deg C,110
01-Mar-1994 00:00,1994,3,27.4816146719022,-0.0719203720623476,SST,28.0581037519965,-0.0604397577486767,Deg C,111
01-Apr-1994 00:00,1994,4,27.7468291710006,-0.122850661507428,SST,28.0585959231126,-0.0599937078759928,Deg C,112
01-May-1994 00:00,1994,5,28.2665938971433,0.0277199950932321,SST,28.0590880942288,-0.0595476580033088,Deg C,113
01-Jun-1994 00:00,1994,6,28.6825627611261,0.242128755493226,SST,28.059580265345,-0.0591016081306249,Deg C,114
01-Jul-1994 00:00,1994,7,29.135576362561,0.610080745820113,SST,28.0600724364612,-0.0586555582579409,Deg C,115
01-Aug-1994 00:00,1994,8,29.5637298614564,1.0522527334661,SST,28.0605646075774,-0.058209508385257,Deg C,116
01-Sep-1994 00:00,1994,9,29.3892730020198,0.883426986711978,SST,28.0610567786936,-0.057763458512573,Deg C,117
01-Oct-1994 00:00,1994,10,29.5192686620398,1.06567796056414,SST,28.0615489498098,-0.057317408639889,Deg C,118
01-Nov-1994 00:00,1994,11,29.4496203057013,1.1219094614087,SST,28.0620411209259,-0.0568713587672051,Deg C,119
01-Dec-1994 00:00,1994,12,29.1581735823303,1.16507713964509,SST,28.0625332920421,-0.0564253088945211,Deg C,120
01-Jan-1995 00:00,1995,1,28.8260665218099,1.21152871871258,SST,28.0630254631583,-0.0559792590218372,Deg C,121
01-Feb-1995 00:00,1995,2,28.6359136393783,1.17267571624885,SST,28.0635176342745,-0.0555332091491532,Deg C,122
01-Mar-1995 00:00,1995,3,28.3250084779299,0.771473433965348,SST,28.0640098053907,-0.0550871592764692,Deg C,123
01-Apr-1995 00:00,1995,4,28.2296983988076,0.360018566299605,SST,28.0645019765069,-0.0546411094037853,Deg C,124
01-May-1995 00:00,1995,5,28.4546028255297,0.215728923479599,SST,28.0649941476231,-0.0541950595311013,Deg C,125
01-Jun-1995 00:00,1995,6,28.4303679025883,-0.0100661030446076,SST,28.0654863187392,-0.0537490096584174,Deg C,126
01-Jul-1995 00:00,1995,7,28.2582253558454,-0.267270260895433,SST,28.0659784898554,-0.0533029597857334,Deg C,127
01-Aug-1995 00:00,1995,8,27.970134175762,-0.541342952228266,SST,28.0664706609716,-0.0528569099130494,Deg C,128
01-Sep-1995 00:00,1995,9,27.5548933546908,-0.950952660617002,SST,28.0669628320878,-0.0524108600403655,Deg C,129
01-Oct-1995 00:00,1995,10,27.39263097244,-1.06095972903562,SST,28.067455003204,-0.0519648101676815,Deg C,130
01-Nov-1995 00:00,1995,11,27.2461984503556,-1.08151239393696,SST,28.0679471743202,-0.0515187602949976,Deg C,131
01-Dec-1995 00:00,1995,12,27.1052780491508,-0.887818393534413,SST,28.0684393454364,-0.0510727104223136,Deg C,132
01-Jan-1996 00:00,1996,1,26.8855718653748,-0.728965937722535,SST,28.0689315165525,-0.0506266605496296,Deg C,133
01-Feb-1996 00:00,1996,2,26.7080352550653,-0.755202668064207,SST,28.0694236876687,-0.0501806106769457,Deg C,134
01-Mar-1996 00:00,1996,3,27.0655549148217,-0.487980129142816,SST,28.0699158587849,-0.0497345608042617,Deg C,135
01-Apr-1996 00:00,1996,4,27.4124806905175,-0.457199141990483,SST,28.0704080299011,-0.0492885109315778,Deg C,136
01-May-1996 00:00,1996,5,27.7351218808774,-0.503752021172708,SST,28.0709002010173,-0.0488424610588938,Deg C,137
01-Jun-1996 00:00,1996,6,27.9867244357733,-0.453709569859615,SST,28.0713923721335,-0.0483964111862098,Deg C,138
01-Jul-1996 00:00,1996,7,28.0186001913604,-0.506895425380421,SST,28.0718845432497,-0.0479503613135259,Deg C,139
01-Aug-1996 00:00,1996,8,27.9926486435868,-0.518828484403439,SST,28.0723767143658,-0.0475043114408419,Deg C,140
01-Sep-1996 00:00,1996,9,27.9360261721818,-0.56981984312608,SST,28.072868885482,-0.047058261568158,Deg C,141
01-Oct-1996 00:00,1996,10,27.8239537386387,-0.629636962837019,SST,28.0733610565982,-0.046612211695474,Deg C,142
01-Nov-1996 00:00,1996,11,27.6321217848235,-0.695589059469071,SST,28.0738532277144,-0.04616616182279,Deg C,143
01-Dec-1996 00:00,1996,12,27.603495102658002,-0.389601340027163,SST,28.0743453988306,-0.0457201119501061,Deg C,144
01-Jan-1997 00:00,1997,1,27.6044946080942,-0.0100431950030746,SST,28.0748375699468,-0.0452740620774221,Deg C,145
01-Feb-1997 00:00,1997,2,27.3562213077146,-0.107016615414896,SST,28.075329741063,-0.0448280122047382,Deg C,146
01-Mar-1997 00:00,1997,3,27.6386642542572,0.0851292102927133,SST,28.0758219121791,-0.0443819623320542,Deg C,147
01-Apr-1997 00:00,1997,4,28.6377156469076,0.768035814399621,SST,28.0763140832953,-0.0439359124593702,Deg C,148
01-May-1997 00:00,1997,5,29.016740367338,0.777866465287982,SST,28.0768062544115,-0.0434898625866863,Deg C,149
01-Jun-1997 00:00,1997,6,29.0682014627606,0.627767457127721,SST,28.0772984255277,-0.0430438127140023,Deg C,150
01-Jul-1997 00:00,1997,7,29.1176933022541,0.592197685513224,SST,28.0777905966439,-0.0425977628413184,Deg C,151
01-Aug-1997 00:00,1997,8,29.1240886269631,0.612611498972893,SST,28.0782827677601,-0.0421517129686344,Deg C,152
01-Sep-1997 00:00,1997,9,29.1788947114885,0.673048696180608,SST,28.0787749388763,-0.0417056630959504,Deg C,153
01-Oct-1997 00:00,1997,10,29.0000223553558,0.546431653880084,SST,28.0792671099924,-0.0412596132232665,Deg C,154
01-Nov-1997 00:00,1997,11,28.9616136322714,0.633902787978894,SST,28.0797592811086,-0.0408135633505825,Deg C,155
01-Dec-1997 00:00,1997,12,28.2585430515125,0.265446608827322,SST,28.0802514522248,-0.0403675134778986,Deg C,156
01-Jan-1998 00:00,1998,1,28.3881032916914,0.773565488594077,SST,28.080743623341,-0.0399214636052146,Deg C,157
01-Feb-1998 00:00,1998,2,28.1928704288958,0.72963250576635,SST,28.0812357944572,-0.0394754137325306,Deg C,158
01-Mar-1998 00:00,1998,3,27.8756035438159,0.322068499851355,SST,28.0817279655734,-0.0390293638598467,Deg C,159
01-Apr-1998 00:00,1998,4,27.751597525740902,-0.118082306767093,SST,28.0822201366895,-0.0385833139871627,Deg C,160
01-May-1998 00:00,1998,5,27.9721643640797,-0.266709537970357,SST,28.0827123078057,-0.0381372641144788,Deg C,161
01-Jun-1998 00:00,1998,6,28.0723046113869,-0.368129394245969,SST,28.0832044789219,-0.0376912142417948,Deg C,162
01-Jul-1998 00:00,1998,7,27.3803545729832,-1.1451410437576,SST,28.0836966500381,-0.0372451643691109,Deg C,163
01-Aug-1998 00:00,1998,8,26.9756033748234,-1.53587375316689,SST,28.0841888211543,-0.0367991144964269,Deg C,164
01-Sep-1998 00:00,1998,9,27.1604854748924,-1.34536054041541,SST,28.0846809922705,-0.0363530646237429,Deg C,165
01-Oct-1998 00:00,1998,10,26.6736850278852,-1.77990567359048,SST,28.0851731633867,-0.035907014751059,Deg C,166
01-Nov-1998 00:00,1998,11,26.3691537078971,-1.95855713639543,SST,28.0856653345028,-0.035460964878375,Deg C,167
01-Dec-1998 00:00,1998,12,26.1262110812479,-1.86688536143722,SST,28.086157505619,-0.035014915005691,Deg C,168
01-Jan-1999 00:00,1999,1,25.7168468439805,-1.89769095911681,SST,28.0866496767352,-0.0345688651330071,Deg C,169
01-Feb-1999 00:00,1999,2,25.6992955145574,-1.76394240857208,SST,28.0871418478514,-0.0341228152603231,Deg C,170
01-Mar-1999 00:00,1999,3,26.0261513578818,-1.5273836860827401,SST,28.0876340189676,-0.0336767653876392,Deg C,171
01-Apr-1999 00:00,1999,4,26.5590458468075,-1.3106339857005,SST,28.0881261900838,-0.0332307155149552,Deg C,172
01-May-1999 00:00,1999,5,27.0837816414879,-1.15509226056213,SST,28.088618361200002,-0.0327846656422713,Deg C,173
01-Jun-1999 00:00,1999,6,27.3668790564831,-1.0735549491498,SST,28.0891105323161,-0.0323386157695873,Deg C,174
01-Jul-1999 00:00,1999,7,27.5817715471698,-0.943724069571036,SST,28.0896027034323,-0.0318925658969033,Deg C,175
01-Aug-1999 00:00,1999,8,27.410475952349,-1.10100117564121,SST,28.0900948745485,-0.0314465160242194,Deg C,176
01-Sep-1999 00:00,1999,9,27.4721209125388,-1.03372510276907,SST,28.0905870456647,-0.0310004661515354,Deg C,177
01-Oct-1999 00:00,1999,10,27.5134597982604,-0.940130903215302,SST,28.0910792167809,-0.0305544162788514,Deg C,178
01-Nov-1999 00:00,1999,11,26.9548879797977,-1.37282286449485,SST,28.0915713878971,-0.0301083664061675,Deg C,179
01-Dec-1999 00:00,1999,12,26.5080414882036,-1.48505495448161,SST,28.0920635590133,-0.0296623165334835,Deg C,180
01-Jan-2000 00:00,2000,1,26.2166610663154,-1.39787673678196,SST,28.0925557301294,-0.0292162666607996,Deg C,181
01-Feb-2000 00:00,2000,2,25.9676335667747,-1.49560435635478,SST,28.0930479012456,-0.0287702167881156,Deg C,182
01-Mar-2000 00:00,2000,3,26.0518359287591,-1.50169911520537,SST,28.0935400723618,-0.0283241669154316,Deg C,183
01-Apr-2000 00:00,2000,4,26.5303473076814,-1.33933252482657,SST,28.094032243478,-0.0278781170427477,Deg C,184
01-May-2000 00:00,2000,5,27.0502958941681,-1.18857800788199,SST,28.0945244145942,-0.0274320671700637,Deg C,185
01-Jun-2000 00:00,2000,6,27.5945650702587,-0.845868935374252,SST,28.0950165857104,-0.0269860172973798,Deg C,186
01-Jul-2000 00:00,2000,7,27.8524806954458,-0.673014921295032,SST,28.0955087568266,-0.0265399674246958,Deg C,187
01-Aug-2000 00:00,2000,8,28.0367123160551,-0.474764811935135,SST,28.0960009279427,-0.0260939175520118,Deg C,188
01-Sep-2000 00:00,2000,9,28.0543732408168,-0.451472774491091,SST,28.0964930990589,-0.0256478676793279,Deg C,189
01-Oct-2000 00:00,2000,10,27.8436859027756,-0.609904798700022,SST,28.0969852701751,-0.0252018178066439,Deg C,190
01-Nov-2000 00:00,2000,11,27.6698653107104,-0.657845533582165,SST,28.0974774412913,-0.02475576793396,Deg C,191
01-Dec-2000 00:00,2000,12,26.9202224765195,-1.07287396616567,SST,28.0979696124075,-0.024309718061276,Deg C,192
01-Jan-2001 00:00,2001,1,26.5610251363461,-1.05351266675125,SST,28.0984617835237,-0.023863668188592,Deg C,193
01-Feb-2001 00:00,2001,2,26.3658393723607,-1.09739855076882,SST,28.0989539546399,-0.0234176183159081,Deg C,194
01-Mar-2001 00:00,2001,3,26.7542091125787,-0.799325931385816,SST,28.099446125756,-0.0229715684432241,Deg C,195
01-Apr-2001 00:00,2001,4,27.3093696016862,-0.560310230821795,SST,28.0999382968722,-0.0225255185705402,Deg C,196
01-May-2001 00:00,2001,5,27.7242086040267,-0.514665298023381,SST,28.1004304679884,-0.0220794686978562,Deg C,197
01-Jun-2001 00:00,2001,6,28.245838512323,-0.194595493309894,SST,28.1009226391046,-0.0216334188251723,Deg C,198
01-Jul-2001 00:00,2001,7,28.6550718392233,0.129576222482456,SST,28.1014148102208,-0.0211873689524883,Deg C,199
01-Aug-2001 00:00,2001,8,28.530469899561,0.0189927715707086,SST,28.101906981337,-0.0207413190798043,Deg C,200
01-Sep-2001 00:00,2001,9,28.6698170034191,0.163970988111263,SST,28.1023991524532,-0.0202952692071204,Deg C,201
01-Oct-2001 00:00,2001,10,28.427535227071,-0.0260554744046644,SST,28.1028913235693,-0.0198492193344364,Deg C,202
01-Nov-2001 00:00,2001,11,28.396613789883,0.0689029455904304,SST,28.1033834946855,-0.0194031694617525,Deg C,203
01-Dec-2001 00:00,2001,12,27.8576827499524,-0.135413692732765,SST,28.1038756658017,-0.0189571195890685,Deg C,204
01-Jan-2002 00:00,2002,1,28.171990206988,0.557452403890675,SST,28.1043678369179,-0.0185110697163845,Deg C,205
01-Feb-2002 00:00,2002,2,27.7979692788809,0.334731355751451,SST,28.1048600080341,-0.0180650198437006,Deg C,206
01-Mar-2002 00:00,2002,3,27.6825286470674,0.128993603102856,SST,28.1053521791503,-0.0176189699710166,Deg C,207
01-Apr-2002 00:00,2002,4,28.1105090418393,0.240829209331331,SST,28.1058443502665,-0.0171729200983327,Deg C,208
01-May-2002 00:00,2002,5,28.5838751364433,0.345001234393187,SST,28.1063365213826,-0.0167268702256487,Deg C,209
01-Jun-2002 00:00,2002,6,29.0555801924595,0.615146186826575,SST,28.1068286924988,-0.0162808203529647,Deg C,210
01-Jul-2002 00:00,2002,7,29.283729030599,0.758233413858147,SST,28.107320863615,-0.0158347704802808,Deg C,211
01-Aug-2002 00:00,2002,8,29.6160658195023,1.10458869151205,SST,28.1078130347312,-0.0153887206075968,Deg C,212
01-Sep-2002 00:00,2002,9,29.5438818769271,1.03803586161925,SST,28.1083052058474,-0.0149426707349129,Deg C,213
01-Oct-2002 00:00,2002,10,29.7701814740586,1.31659077258293,SST,28.1087973769636,-0.0144966208622289,Deg C,214
01-Nov-2002 00:00,2002,11,29.6120159930891,1.28430514879657,SST,28.1092895480798,-0.0140505709895449,Deg C,215
01-Dec-2002 00:00,2002,12,29.2023269492231,1.20923050653795,SST,28.1097817191959,-0.013604521116861,Deg C,216
01-Jan-2003 00:00,2003,1,28.7717575119276,1.15721970883024,SST,28.1102738903121,-0.013158471244177,Deg C,217
01-Feb-2003 00:00,2003,2,28.3286007141414,0.865362791011876,SST,28.1107660614283,-0.0127124213714931,Deg C,218
01-Mar-2003 00:00,2003,3,28.1364415296331,0.582906485668552,SST,28.1112582325445,-0.0122663714988091,Deg C,219
01-Apr-2003 00:00,2003,4,28.2003438578009,0.330664025292947,SST,28.1117504036607,-0.0118203216261251,Deg C,220
01-May-2003 00:00,2003,5,28.2607115924167,0.0218376903666062,SST,28.1122425747769,-0.0113742717534412,Deg C,221
01-Jun-2003 00:00,2003,6,28.6210831340616,0.180649128428708,SST,28.112734745893,-0.0109282218807572,Deg C,222
01-Jul-2003 00:00,2003,7,28.6951783278086,0.169682711067729,SST,28.1132269170092,-0.0104821720080733,Deg C,223
01-Aug-2003 00:00,2003,8,28.5830873902298,0.071610262239556,SST,28.1137190881254,-0.0100361221353893,Deg C,224
01-Sep-2003 00:00,2003,9,28.7827807323126,0.276934717004764,SST,28.1142112592416,-0.00959007226270535,Deg C,225
01-Oct-2003 00:00,2003,10,28.7843161184058,0.330725416930171,SST,28.1147034303578,-0.00914402239002138,Deg C,226
01-Nov-2003 00:00,2003,11,28.7429116235976,0.415200779305046,SST,28.115195601474,-0.00869797251733742,Deg C,227
01-Dec-2003 00:00,2003,12,28.3144712356976,0.321374793012421,SST,28.1156877725902,-0.00825192264465346,Deg C,228
01-Jan-2004 00:00,2004,1,28.0337141207979,0.4191763177006,SST,28.1161799437063,-0.00780587277196951,Deg C,229
01-Feb-2004 00:00,2004,2,27.7493640704556,0.286126147326115,SST,28.1166721148225,-0.00735982289928554,Deg C,230
01-Mar-2004 00:00,2004,3,27.6817403504579,0.128205306493427,SST,28.1171642859387,-0.00691377302660158,Deg C,231
01-Apr-2004 00:00,2004,4,27.9687352283018,0.0990553957937834,SST,28.1176564570549,-0.00646772315391762,Deg C,232
01-May-2004 00:00,2004,5,28.4391152824968,0.200241380446712,SST,28.1181486281711,-0.00602167328123367,Deg C,233
01-Jun-2004 00:00,2004,6,28.6411027047413,0.200668699108423,SST,28.1186407992873,-0.00557562340854971,Deg C,234
01-Jul-2004 00:00,2004,7,29.0946614995814,0.569165882840537,SST,28.1191329704035,-0.00512957353586574,Deg C,235
01-Aug-2004 00:00,2004,8,29.1156857906729,0.60420866268267,SST,28.1196251415196,-0.00468352366318178,Deg C,236
01-Sep-2004 00:00,2004,9,29.3777725970079,0.871926581700027,SST,28.1201173126358,-0.00423747379049783,Deg C,237
01-Oct-2004 00:00,2004,10,29.1902589980262,0.736668296550533,SST,28.120609483752,-0.00379142391781387,Deg C,238
01-Nov-2004 00:00,2004,11,29.1060892114216,0.778378367129058,SST,28.1211016548682,-0.00334537404512991,Deg C,239
01-Dec-2004 00:00,2004,12,28.7975477002129,0.804451257527695,SST,28.1215938259844,-0.00289932417244594,Deg C,240
01-Jan-2005 00:00,2005,1,28.4604073922107,0.845869589113391,SST,28.1220859971006,-0.00245327429976198,Deg C,241
01-Feb-2005 00:00,2005,2,28.1198592442731,0.656621321143639,SST,28.1225781682168,-0.00200722442707803,Deg C,242
01-Mar-2005 00:00,2005,3,28.331523444069,0.777988400104519,SST,28.1230703393329,-0.00156117455439407,Deg C,243
01-Apr-2005 00:00,2005,4,28.2576846547386,0.388004822230616,SST,28.1235625104491,-0.00111512468171011,Deg C,244
01-May-2005 00:00,2005,5,28.3979097291899,0.159035827139817,SST,28.1240546815653,-6.6907480902614e-4,Deg C,245
01-Jun-2005 00:00,2005,6,28.6743948922692,0.233960886636275,SST,28.1245468526815,-2.2302493634218e-4,Deg C,246
01-Jul-2005 00:00,2005,7,28.595514905672,0.0700192889311637,SST,28.1250390237977,2.2302493634177e-4,Deg C,247
01-Aug-2005 00:00,2005,8,28.4435716297016,-0.0679054982886669,SST,28.1255311949139,6.6907480902572e-4,Deg C,248
01-Sep-2005 00:00,2005,9,28.4445586892236,-0.0612873260842584,SST,28.1260233660301,0.0011151246817097,Deg C,249
01-Oct-2005 00:00,2005,10,28.5217545699649,0.0681638684892611,SST,28.1265155371462,0.00156117455439365,Deg C,250
01-Nov-2005 00:00,2005,11,28.1020923619986,-0.225618482293932,SST,28.1270077082624,0.00200722442707761,Deg C,251
01-Dec-2005 00:00,2005,12,27.6349352564797,-0.358161186205422,SST,28.1274998793786,0.00245327429976157,Deg C,252
01-Jan-2006 00:00,2006,1,26.8730020133393,-0.741535789758021,SST,28.1279920504948,0.00289932417244552,Deg C,253
01-Feb-2006 00:00,2006,2,26.6165282779698,-0.846709645159713,SST,28.128484221611,0.0033453740451295,Deg C,254
01-Mar-2006 00:00,2006,3,27.3092044423609,-0.244330601603654,SST,28.1289763927272,0.00379142391781345,Deg C,255
01-Apr-2006 00:00,2006,4,27.7445565879568,-0.125123244551208,SST,28.1294685638434,0.00423747379049741,Deg C,256
01-May-2006 00:00,2006,5,28.1476796224608,-0.0911942795892209,SST,28.1299607349595,0.00468352366318137,Deg C,257
01-Jun-2006 00:00,2006,6,28.547652626249,0.107218620616049,SST,28.1304529060757,0.00512957353586532,Deg C,258
01-Jul-2006 00:00,2006,7,28.6747269553984,0.149231338657593,SST,28.1309450771919,0.00557562340854929,Deg C,259
01-Aug-2006 00:00,2006,8,28.9708902548959,0.459413126905613,SST,28.1314372483081,0.00602167328123325,Deg C,260
01-Sep-2006 00:00,2006,9,29.2152642139402,0.709418198632328,SST,28.1319294194243,0.00646772315391721,Deg C,261
01-Oct-2006 00:00,2006,10,29.2357479494906,0.782157248014911,SST,28.1324215905405,0.00691377302660116,Deg C,262
01-Nov-2006 00:00,2006,11,29.5426950546516,1.21498421035905,SST,28.1329137616567,0.00735982289928512,Deg C,263
01-Dec-2006 00:00,2006,12,29.1076581550687,1.11456171238352,SST,28.1334059327728,0.00780587277196909,Deg C,264
01-Jan-2007 00:00,2007,1,28.1504221146463,0.535884311549005,SST,28.133898103889,0.00825192264465305,Deg C,265
01-Feb-2007 00:00,2007,2,27.7021612509938,0.238923327864359,SST,28.1343902750052,0.008697972517337,Deg C,266
01-Mar-2007 00:00,2007,3,27.6572351917682,0.103700147803675,SST,28.1348824461214,0.00914402239002096,Deg C,267
01-Apr-2007 00:00,2007,4,27.7639017951815,-0.105778037326473,SST,28.1353746172376,0.00959007226270493,Deg C,268
01-May-2007 00:00,2007,5,27.9386306755298,-0.30024322652023,SST,28.1358667883538,0.0100361221353889,Deg C,269
01-Jun-2007 00:00,2007,6,28.2540733770401,-0.186360628592816,SST,28.13635895947,0.0104821720080728,Deg C,270
01-Jul-2007 00:00,2007,7,28.2617465988818,-0.263749017859002,SST,28.1368511305861,0.0109282218807568,Deg C,271
01-Aug-2007 00:00,2007,8,28.0791853938377,-0.432291734152578,SST,28.1373433017023,0.0113742717534408,Deg C,272
01-Sep-2007 00:00,2007,9,27.5734313836852,-0.932414631622642,SST,28.1378354728185,0.0118203216261247,Deg C,273
01-Oct-2007 00:00,2007,10,27.2886640771013,-1.16492662437435,SST,28.1383276439347,0.0122663714988087,Deg C,274
01-Nov-2007 00:00,2007,11,26.8212786137903,-1.50643223050229,SST,28.1388198150509,0.0127124213714926,Deg C,275
01-Dec-2007 00:00,2007,12,26.5266692002285,-1.46642724245669,SST,28.1393119861671,0.0131584712441766,Deg C,276
01-Jan-2008 00:00,2008,1,25.9807183385797,-1.63381946451763,SST,28.1398041572833,0.0136045211168606,Deg C,277
01-Feb-2008 00:00,2008,2,25.9549833825643,-1.50825454056514,SST,28.1402963283994,0.0140505709895445,Deg C,278
01-Mar-2008 00:00,2008,3,26.2155039910562,-1.33803105290831,SST,28.1407884995156,0.0144966208622285,Deg C,279
01-Apr-2008 00:00,2008,4,26.822282294107,-1.04739753840103,SST,28.1412806706318,0.0149426707349124,Deg C,280
01-May-2008 00:00,2008,5,27.1738579820169,-1.06501592003314,SST,28.141772841748,0.0153887206075964,Deg C,281
01-Jun-2008 00:00,2008,6,27.5163563467087,-0.924077658924197,SST,28.1422650128642,0.0158347704802804,Deg C,282
01-Jul-2008 00:00,2008,7,27.8467654753574,-0.678730141383394,SST,28.1427571839804,0.0162808203529643,Deg C,283
01-Aug-2008 00:00,2008,8,27.9166015097095,-0.594875618280771,SST,28.1432493550966,0.0167268702256483,Deg C,284
01-Sep-2008 00:00,2008,9,27.8345495031015,-0.671296512206322,SST,28.1437415262127,0.0171729200983322,Deg C,285
01-Oct-2008 00:00,2008,10,28.0668876884334,-0.386703013042258,SST,28.1442336973289,0.0176189699710162,Deg C,286
01-Nov-2008 00:00,2008,11,27.7615932023873,-0.566117641905215,SST,28.1447258684451,0.0180650198437002,Deg C,287
01-Dec-2008 00:00,2008,12,27.143217565429,-0.849878877256131,SST,28.1452180395613,0.0185110697163841,Deg C,288
01-Jan-2009 00:00,2009,1,26.7225728068495,-0.891964996247818,SST,28.1457102106775,0.0189571195890681,Deg C,289
01-Feb-2009 00:00,2009,2,26.6544116847202,-0.808826238409324,SST,28.1462023817937,0.019403169461752,Deg C,290
01-Mar-2009 00:00,2009,3,27.1468444276892,-0.406690616275355,SST,28.1466945529098,0.019849219334436,Deg C,291
01-Apr-2009 00:00,2009,4,27.797346854863,-0.0723329776449333,SST,28.147186724026,0.02029526920712,Deg C,292
01-May-2009 00:00,2009,5,28.2735475551191,0.0346736530690315,SST,28.1476788951422,0.0207413190798039,Deg C,293
01-Jun-2009 00:00,2009,6,28.7534883493466,0.313054343713663,SST,28.1481710662584,0.0211873689524879,Deg C,294
01-Jul-2009 00:00,2009,7,28.8687328179253,0.343237201184447,SST,28.1486632373746,0.0216334188251718,Deg C,295
01-Aug-2009 00:00,2009,8,29.0670850882509,0.555607960260691,SST,28.1491554084908,0.0220794686978558,Deg C,296
01-Sep-2009 00:00,2009,9,29.0100540181407,0.504208002832893,SST,28.149647579607,0.0225255185705397,Deg C,297
01-Oct-2009 00:00,2009,10,29.616310810109,1.16272010863335,SST,28.1501397507231,0.0229715684432237,Deg C,298
01-Nov-2009 00:00,2009,11,29.7184639325444,1.39075308825183,SST,28.1506319218393,0.0234176183159077,Deg C,299
01-Dec-2009 00:00,2009,12,29.4412680637838,1.44817162109864,SST,28.1511240929555,0.0238636681885916,Deg C,300
01-Jan-2010 00:00,2010,1,29.2237345435507,1.60919674045335,SST,28.1516162640717,0.0243097180612756,Deg C,301
01-Feb-2010 00:00,2010,2,28.8231126397655,1.35987471663602,SST,28.1521084351879,0.0247557679339596,Deg C,302
01-Mar-2010 00:00,2010,3,28.5920992907761,1.03856424681157,SST,28.1526006063041,0.0252018178066435,Deg C,303
01-Apr-2010 00:00,2010,4,28.5534618561557,0.683782023647701,SST,28.1530927774203,0.0256478676793275,Deg C,304
01-May-2010 00:00,2010,5,28.2332944366722,-0.00557946537782783,SST,28.1535849485364,0.0260939175520114,Deg C,305
01-Jun-2010 00:00,2010,6,28.1081756572447,-0.332258348388251,SST,28.1540771196526,0.0265399674246954,Deg C,306
01-Jul-2010 00:00,2010,7,27.7114768524104,-0.814018764330431,SST,28.1545692907688,0.0269860172973793,Deg C,307
01-Aug-2010 00:00,2010,8,27.0395981524357,-1.47187897555452,SST,28.155061461885,0.0274320671700633,Deg C,308
01-Sep-2010 00:00,2010,9,26.8323773382086,-1.67346867709923,SST,28.1555536330012,0.0278781170427473,Deg C,309
01-Oct-2010 00:00,2010,10,26.7750275284393,-1.67856317303636,SST,28.1560458041174,0.0283241669154312,Deg C,310
01-Nov-2010 00:00,2010,11,26.5887232990844,-1.73898754520814,SST,28.1565379752336,0.0287702167881152,Deg C,311
01-Dec-2010 00:00,2010,12,26.2917588894838,-1.70133755320133,SST,28.1570301463497,0.0292162666607992,Deg C,312
01-Jan-2011 00:00,2011,1,26.0447562277913,-1.56978157530598,SST,28.1575223174659,0.0296623165334831,Deg C,313
01-Feb-2011 00:00,2011,2,26.3491788125603,-1.11405911056915,SST,28.1580144885821,0.0301083664061671,Deg C,314
01-Mar-2011 00:00,2011,3,26.8977012663665,-0.655833777598033,SST,28.1585066596983,0.030554416278851,Deg C,315
01-Apr-2011 00:00,2011,4,27.3243105645747,-0.545369267933271,SST,28.1589988308145,0.031000466151535,Deg C,316
01-May-2011 00:00,2011,5,27.6743791357559,-0.5644947662942,SST,28.1594910019307,0.0314465160242189,Deg C,317
01-Jun-2011 00:00,2011,6,27.934894199339,-0.505539806293921,SST,28.1599831730469,0.0318925658969029,Deg C,318
01-Jul-2011 00:00,2011,7,28.013299805268,-0.512195811472829,SST,28.160475344163,0.0323386157695869,Deg C,319
01-Aug-2011 00:00,2011,8,27.918384999564,-0.593092128426257,SST,28.1609675152792,0.0327846656422708,Deg C,320
01-Sep-2011 00:00,2011,9,27.8134062869497,-0.692439728358192,SST,28.1614596863954,0.0332307155149548,Deg C,321
01-Oct-2011 00:00,2011,10,27.7164342713085,-0.737156430167172,SST,28.1619518575116,0.0336767653876388,Deg C,322
01-Nov-2011 00:00,2011,11,27.5263578996515,-0.801352944641067,SST,28.1624440286278,0.0341228152603227,Deg C,323
01-Dec-2011 00:00,2011,12,26.998865426951,-0.994231015734176,SST,28.162936199744,0.0345688651330067,Deg C,324
01-Jan-2012 00:00,2012,1,26.5418688262157,-1.07266897688165,SST,28.1634283708602,0.0350149150056906,Deg C,325
01-Feb-2012 00:00,2012,2,26.5485221044879,-0.914715818641579,SST,28.1639205419763,0.0354609648783746,Deg C,326
01-Mar-2012 00:00,2012,3,26.8893058937281,-0.664229150236441,SST,28.1644127130925,0.0359070147510585,Deg C,327
01-Apr-2012 00:00,2012,4,27.4877724504367,-0.381907382071319,SST,28.1649048842087,0.0363530646237425,Deg C,328
01-May-2012 00:00,2012,5,27.7172885094163,-0.52158539263375,SST,28.1653970553249,0.0367991144964265,Deg C,329
01-Jun-2012 00:00,2012,6,28.0131597490851,-0.427274256547769,SST,28.1658892264411,0.0372451643691104,Deg C,330
01-Jul-2012 00:00,2012,7,28.2596958082399,-0.265799808500898,SST,28.1663813975573,0.0376912142417944,Deg C,331
01-Aug-2012 00:00,2012,8,28.8747292209222,0.363252092931937,SST,28.1668735686735,0.0381372641144783,Deg C,332
01-Sep-2012 00:00,2012,9,28.8198576822204,0.314011666912524,SST,28.1673657397896,0.0385833139871623,Deg C,333
01-Oct-2012 00:00,2012,10,28.8431263102725,0.389535608796876,SST,28.1678579109058,0.0390293638598463,Deg C,334
01-Nov-2012 00:00,2012,11,28.6349852739715,0.307274429678927,SST,28.168350082022,0.0394754137325302,Deg C,335
01-Dec-2012 00:00,2012,12,28.2872222073295,0.294125764644331,SST,28.1688422531382,0.0399214636052142,Deg C,336
01-Jan-2013 00:00,2013,1,27.6512192194434,0.0366814163460667,SST,28.1693344242544,0.0403675134778982,Deg C,337
01-Feb-2013 00:00,2013,2,27.3502874236679,-0.112950499461586,SST,28.1698265953706,0.0408135633505821,Deg C,338
01-Mar-2013 00:00,2013,3,27.3221657504757,-0.231369293488839,SST,28.1703187664868,0.0412596132232661,Deg C,339
01-Apr-2013 00:00,2013,4,27.6914657623287,-0.17821407017933,SST,28.1708109376029,0.04170566309595,Deg C,340
01-May-2013 00:00,2013,5,28.0788418910746,-0.160032010975502,SST,28.1713031087191,0.042151712968634,Deg C,341
01-Jun-2013 00:00,2013,6,28.2091438424625,-0.231290163170367,SST,28.1717952798353,0.0425977628413179,Deg C,342
01-Jul-2013 00:00,2013,7,28.3544030322434,-0.171092584497458,SST,28.1722874509515,0.0430438127140019,Deg C,343
01-Aug-2013 00:00,2013,8,28.4280087701079,-0.0834683578823174,SST,28.1727796220677,0.0434898625866859,Deg C,344
01-Sep-2013 00:00,2013,9,28.3831207736461,-0.122725241661737,SST,28.1732717931839,0.0439359124593698,Deg C,345
01-Oct-2013 00:00,2013,10,28.1700450211061,-0.283545680369599,SST,28.1737639643,0.0443819623320538,Deg C,346
01-Nov-2013 00:00,2013,11,28.4226519306834,0.0949410863908255,SST,28.1742561354162,0.0448280122047378,Deg C,347
01-Dec-2013 00:00,2013,12,27.9695508765972,-0.0235455660879502,SST,28.1747483065324,0.0452740620774217,Deg C,348
01-Jan-2014 00:00,2014,1,27.3020719355293,-0.312465867568033,SST,28.1752404776486,0.0457201119501057,Deg C,349
01-Feb-2014 00:00,2014,2,27.6348194199719,0.171581496842371,SST,28.1757326487648,0.0461661618227896,Deg C,350
01-Mar-2014 00:00,2014,3,28.0573402950856,0.503805251121069,SST,28.176224819881,0.0466122116954736,Deg C,351
01-Apr-2014 00:00,2014,4,28.3578108904405,0.488131057932488,SST,28.1767169909972,0.0470582615681575,Deg C,352
01-May-2014 00:00,2014,5,29.0615677477074,0.822693845657302,SST,28.1772091621133,0.0475043114408415,Deg C,353
01-Jun-2014 00:00,2014,6,28.8871735468759,0.446739541242973,SST,28.1777013332295,0.0479503613135255,Deg C,354
01-Jul-2014 00:00,2014,7,28.6684092327129,0.142913615972041,SST,28.1781935043457,0.0483964111862094,Deg C,355
01-Aug-2014 00:00,2014,8,28.860854430387,0.349377302396707,SST,28.1786856754619,0.0488424610588934,Deg C,356
01-Sep-2014 00:00,2014,9,28.9590730253006,0.45322700999272,SST,28.1791778465781,0.0492885109315774,Deg C,357
01-Oct-2014 00:00,2014,10,29.007456452518,0.553865751042355,SST,28.1796700176943,0.0497345608042613,Deg C,358
01-Nov-2014 00:00,2014,11,29.1130752416526,0.785364397360024,SST,28.1801621888105,0.0501806106769453,Deg C,359
01-Dec-2014 00:00,2014,12,28.7155263204564,0.722429877771233,SST,28.1806543599266,0.0506266605496292,Deg C,360
01-Jan-2015 00:00,2015,1,28.3624619856085,0.747924182511209,SST,28.1811465310428,0.0510727104223132,Deg C,361
01-Feb-2015 00:00,2015,2,28.3722199681038,0.908982044974284,SST,28.181638702159,0.0515187602949971,Deg C,362
01-Mar-2015 00:00,2015,3,28.5549158592452,1.00138081528073,SST,28.1821308732752,0.0519648101676811,Deg C,363
01-Apr-2015 00:00,2015,4,29.2185131047439,1.34883327223591,SST,28.1826230443914,0.052410860040365,Deg C,364
01-May-2015 00:00,2015,5,29.5039776291822,1.26510372713216,SST,28.1831152155076,0.052856909913049,Deg C,365
01-Jun-2015 00:00,2015,6,29.6176394522654,1.17720544663246,SST,28.1836073866238,0.053302959785733,Deg C,366
01-Jul-2015 00:00,2015,7,29.6972182157063,1.17172259896548,SST,28.1840995577399,0.0537490096584169,Deg C,367
01-Aug-2015 00:00,2015,8,29.9555140450091,1.4440369170189,SST,28.1845917288561,0.0541950595311009,Deg C,368
01-Sep-2015 00:00,2015,9,29.890445831182902,1.38459981587508,SST,28.1850838999723,0.0546411094037849,Deg C,369
01-Oct-2015 00:00,2015,10,29.698275559034,1.24468485755834,SST,28.1855760710885,0.0550871592764688,Deg C,370
01-Nov-2015 00:00,2015,11,30.0949615690985,1.76725072480592,SST,28.1860682422047,0.0555332091491528,Deg C,371
01-Dec-2015 00:00,2015,12,29.4989404079632,1.50584396527803,SST,28.1865604133209,0.0559792590218367,Deg C,372
01-Jan-2016 00:00,2016,1,28.8389615234546,1.22442372035729,SST,28.1870525844371,0.0564253088945207,Deg C,373
01-Feb-2016 00:00,2016,2,28.6114548608827,1.14821693775326,SST,28.1875447555532,0.0568713587672046,Deg C,374
01-Mar-2016 00:00,2016,3,28.7343219974507,1.1807869534862,SST,28.1880369266694,0.0573174086398886,Deg C,375
01-Apr-2016 00:00,2016,4,28.5438282087968,0.674148376288837,SST,28.1885290977856,0.0577634585125726,Deg C,376
01-May-2016 00:00,2016,5,28.7766408034278,0.537766901377758,SST,28.1890212689018,0.0582095083852565,Deg C,377
01-Jun-2016 00:00,2016,6,28.793851592591,0.353417586958063,SST,28.189513440018,0.0586555582579405,Deg C,378
01-Jul-2016 00:00,2016,7,28.6263158243696,0.100820207628725,SST,28.1900056111342,0.0591016081306245,Deg C,379
01-Aug-2016 00:00,2016,8,28.2420949536331,-0.269382174357105,SST,28.1904977822504,0.0595476580033084,Deg C,380
01-Sep-2016 00:00,2016,9,27.9477615313846,-0.558084483923203,SST,28.1909899533665,0.0599937078759924,Deg C,381
01-Oct-2016 00:00,2016,10,27.8221460241228,-0.631444677352885,SST,28.1914821244827,0.0604397577486763,Deg C,382
01-Nov-2016 00:00,2016,11,27.7905181861777,-0.537192658114847,SST,28.1919742955989,0.0608858076213603,Deg C,383
01-Dec-2016 00:00,2016,12,27.7238410361695,-0.269255406515676,SST,28.1924664667151,0.0613318574940442,Deg C,384
01-Jan-2017 00:00,2017,1,27.3521768423718,-0.262360960725513,SST,28.1929586378313,0.0617779073667282,Deg C,385
01-Feb-2017 00:00,2017,2,27.317931359567,-0.145306563562485,SST,28.1934508089475,0.0622239572394122,Deg C,386
01-Mar-2017 00:00,2017,3,27.5185065313553,-0.0350285126092125,SST,28.1939429800637,0.0626700071120961,Deg C,387
01-Apr-2017 00:00,2017,4,27.850083266365,-0.0195965661430044,SST,28.1944351511798,0.0631160569847801,Deg C,388
01-May-2017 00:00,2017,5,28.4254375148205,0.186563612770456,SST,28.194927322296,0.063562106857464,Deg C,389
01-Jun-2017 00:00,2017,6,28.8339997935879,0.393565787954937,SST,28.1954194934122,0.064008156730148,Deg C,390
01-Jul-2017 00:00,2017,7,28.8888063886504,0.363310771909575,SST,28.1959116645284,0.064454206602832,Deg C,391
01-Aug-2017 00:00,2017,8,28.5334796749981,0.022002547007844,SST,28.1964038356446,0.0649002564755159,Deg C,392
01-Sep-2017 00:00,2017,9,28.4309671389694,-0.0748788763384667,SST,28.1968960067608,0.0653463063481999,Deg C,393
01-Oct-2017 00:00,2017,10,28.3771969254865,-0.0763937759891746,SST,28.197388177877,0.0657923562208839,Deg C,394
01-Nov-2017 00:00,2017,11,27.9589417963266,-0.368769047965987,SST,28.1978803489931,0.0662384060935678,Deg C,395
01-Dec-2017 00:00,2017,12,27.354841406728,-0.63825503595713,SST,28.1983725201093,0.0666844559662518,Deg C,396
01-Jan-2018 00:00,2018,1,27.0903422850236,-0.524195518073679,SST,28.1988646912255,0.0671305058389357,Deg C,397
01-Feb-2018 00:00,2018,2,27.2126063932325,-0.250631529896975,SST,28.1993568623417,0.0675765557116197,Deg C,398
01-Mar-2018 00:00,2018,3,27.5403944018342,-0.0131406421303382,SST,28.1998490334579,0.0680226055843036,Deg C,399
01-Apr-2018 00:00,2018,4,28.1374133541425,0.267733521634504,SST,28.2003412045741,0.0684686554569876,Deg C,400
01-May-2018 00:00,2018,5,28.6300844966698,0.391210594619718,SST,28.2008333756903,0.0689147053296716,Deg C,401
01-Jun-2018 00:00,2018,6,28.8208206624155,0.380386656782541,SST,28.2013255468064,0.0693607552023555,Deg C,402
01-Jul-2018 00:00,2018,7,28.8498230483082,0.324327431567372,SST,28.2018177179226,0.0698068050750395,Deg C,403
01-Aug-2018 00:00,2018,8,28.9926380749706,0.481160946980342,SST,28.2023098890388,0.0702528549477235,Deg C,404
01-Sep-2018 00:00,2018,9,29.0352266213168,0.529380606008971,SST,28.202802060155,0.0706989048204074,Deg C,405
01-Oct-2018 00:00,2018,10,29.3037030390994,0.850112337623713,SST,28.2032942312712,0.0711449546930914,Deg C,406
01-Nov-2018 00:00,2018,11,29.1650599085345,0.837349064241945,SST,28.2037864023874,0.0715910045657753,Deg C,407
01-Dec-2018 00:00,2018,12,28.940482887759,0.947386445073818,SST,28.2042785735036,0.0720370544384593,Deg C,408
01-Jan-2019 00:00,2019,1,28.4374590518422,0.822921248744905,SST,28.2047707446197,0.0724831043111432,Deg C,409
01-Feb-2019 00:00,2019,2,28.4800829425892,1.01684501945968,SST,28.2052629157359,0.0729291541838272,Deg C,410
01-Mar-2019 00:00,2019,3,28.4307895199265,0.877254475961983,SST,28.2057550868521,0.0733752040565112,Deg C,411
01-Apr-2019 00:00,2019,4,28.4546026462474,0.584922813739436,SST,28.2062472579683,0.0738212539291951,Deg C,412
01-May-2019 00:00,2019,5,29.0448928434285,0.806018941378444,SST,28.2067394290845,0.0742673038018791,Deg C,413
01-Jun-2019 00:00,2019,6,29.2933565907426,0.852922585109731,SST,28.2072316002007,0.074713353674563,Deg C,414
01-Jul-2019 00:00,2019,7,29.4276465552637,0.902150938522819,SST,28.2077237713169,0.075159403547247,Deg C,415
01-Aug-2019 00:00,2019,8,28.9793658118662,0.467888683875966,SST,28.208215942433,0.075605453419931,Deg C,416
01-Sep-2019 00:00,2019,9,28.9595777150058,0.453731699697958,SST,28.2087081135492,0.0760515032926149,Deg C,417
01-Oct-2019 00:00,2019,10,29.33866806097,0.885077359494382,SST,28.2092002846654,0.0764975531652989,Deg C,418
01-Nov-2019 00:00,2019,11,29.0133297597034,0.685618915410835,SST,28.2096924557816,0.0769436030379828,Deg C,419
01-Dec-2019 00:00,2019,12,28.9394037087598,0.946307266074612,SST,28.2101846268978,0.0773896529106668,Deg C,420
01-Jan-2020 00:00,2020,1,28.6956792120634,1.08114140896609,SST,28.210676798014,0.0778357027833508,Deg C,421
01-Feb-2020 00:00,2020,2,28.5399463374786,1.07670841434907,SST,28.2111689691301,0.0782817526560347,Deg C,422
01-Mar-2020 00:00,2020,3,28.3829253178652,0.829390273900678,SST,28.2116611402463,0.0787278025287187,Deg C,423
01-Apr-2020 00:00,2020,4,28.4579680726248,0.588288240116807,SST,28.2121533113625,0.0791738524014027,Deg C,424
01-May-2020 00:00,2020,5,28.270803195708,0.0319292936579529,SST,28.2126454824787,0.079619902274086607,Deg C,425
01-Jun-2020 00:00,2020,6,28.5052823831493,0.0648483775164301,SST,28.2131376535949,0.0800659521467706,Deg C,426
01-Jul-2020 00:00,2020,7,28.5592974091778,0.0338017924369893,SST,28.2136298247111,0.0805120020194545,Deg C,427
01-Aug-2020 00:00,2020,8,28.0697832339041,-0.441693894086157,SST,28.2141219958273,0.0809580518921385,Deg C,428
01-Sep-2020 00:00,2020,9,27.8735740469034,-0.632271968404474,SST,28.2146141669434,0.0814041017648224,Deg C,429
01-Oct-2020 00:00,2020,10,27.4945195524103,-0.959071149065373,SST,28.2151063380596,0.0818501516375064,Deg C,430
01-Nov-2020 00:00,2020,11,27.463918773721,-0.863792070571513,SST,28.2155985091758,0.0822962015101903,Deg C,431
01-Dec-2020 00:00,2020,12,27.0260024550727,-0.967093987612447,SST,28.216090680292,0.0827422513828743,Deg C,432
01-Jan-2021 00:00,2021,1,26.6111593230941,-1.00337848000326,SST,28.2165828514082,0.0831883012555583,Deg C,433
01-Feb-2021 00:00,2021,2,26.6754712762911,-0.787766646838421,SST,28.2170750225244,0.0836343511282422,Deg C,434
01-Mar-2021 00:00,2021,3,27.1828849730992,-0.370650070865363,SST,28.2175671936406,0.0840804010009262,Deg C,435
01-Apr-2021 00:00,2021,4,27.6836263398772,-0.186053492630826,SST,28.2180593647567,0.0845264508736102,Deg C,436
01-May-2021 00:00,2021,5,28.1461681644483,-0.092705737601726,SST,28.2185515358729,0.0849725007462941,Deg C,437
01-Jun-2021 00:00,2021,6,28.4274839814826,-0.0129500241502818,SST,28.2190437069891,0.0854185506189781,Deg C,438
01-Jul-2021 00:00,2021,7,28.4468322995506,-0.0786633171902764,SST,28.2195358781053,0.085864600491662,Deg C,439
01-Aug-2021 00:00,2021,8,28.2486427934829,-0.262834334507389,SST,28.2200280492215,0.086310650364346,Deg C,440
01-Sep-2021 00:00,2021,9,28.0307294231745,-0.475116592133347,SST,28.2205202203377,0.08675670023703,Deg C,441
01-Oct-2021 00:00,2021,10,27.8837312609993,-0.569859440476378,SST,28.2210123914539,0.0872027501097139,Deg C,442
01-Nov-2021 00:00,2021,11,27.7138720140589,-0.61383883023365,SST,28.22150456257,0.0876487999823979,Deg C,443
01-Dec-2021 00:00,2021,12,27.2639679448569,-0.729128497828228,SST,28.2219967336862,0.0880948498550818,Deg C,444
01-Jan-2022 00:00,2022,1,27.3839362469849,-0.230601556112415,SST,28.2224889048024,0.0885408997277658,Deg C,445
01-Feb-2022 00:00,2022,2,27.1675639767915,-0.295673946337992,SST,28.2229810759186,0.0889869496004498,Deg C,446
01-Mar-2022 00:00,2022,3,26.9024618208177,-0.651073223146785,SST,28.2234732470348,0.0894329994731337,Deg C,447
01-Apr-2022 00:00,2022,4,27.285011241936,-0.584668590571958,SST,28.223965418151,0.0898790493458177,Deg C,448
01-May-2022 00:00,2022,5,27.661938606502,-0.576935295548079,SST,28.2244575892672,0.0903250992185016,Deg C,449
01-Jun-2022 00:00,2022,6,28.0583226719309,-0.382111333702049,SST,28.2249497603833,0.0907711490911856,Deg C,450
01-Jul-2022 00:00,2022,7,27.7331535139629,-0.792342102777972,SST,28.2254419314995,0.0912171989638696,Deg C,451
01-Aug-2022 00:00,2022,8,27.639387454298,-0.872089673692223,SST,28.2259341026157,0.0916632488365535,Deg C,452
01-Sep-2022 00:00,2022,9,27.5426224907981,-0.96322352450979,SST,28.2264262737319,0.0921092987092375,Deg C,453
01-Oct-2022 00:00,2022,10,27.4534528489841,-1.00013785249159,SST,28.2269184448481,0.0925553485819214,Deg C,454
01-Nov-2022 00:00,2022,11,27.5343230412713,-0.7933878030213,SST,28.2274106159643,0.0930013984546054,Deg C,455
01-Dec-2022 00:00,2022,12,27.3323046201369,-0.660791822548237,SST,28.2279027870805,0.0934474483272894,Deg C,456
01-Jan-2023 00:00,2023,1,27.0974952369898,-0.517042566107559,SST,28.2283949581966,0.0938934981999733,Deg C,457
01-Feb-2023 00:00,2023,2,27.1015111307733,-0.361726792356219,SST,28.2288871293128,0.0943395480726573,Deg C,458
01-Mar-2023 00:00,2023,3,27.5929152619383,0.039380217973811,SST,28.229379300429,0.0947855979453412,Deg C,459
01-Apr-2023 00:00,2023,4,28.2194656837168,0.349785851208807,SST,28.2298714715452,0.0952316478180252,Deg C,460
01-May-2023 00:00,2023,5,28.5840622969845,0.345188394934453,SST,28.2303636426614,0.0956776976907092,Deg C,461
01-Jun-2023 00:00,2023,6,29.0160673823342,0.575633376701244,SST,28.2308558137776,0.0961237475633931,Deg C,462
01-Jul-2023 00:00,2023,7,29.2158996181526,0.690404001411792,SST,28.2313479848938,0.0965697974360771,Deg C,463
01-Aug-2023 00:00,2023,8,29.656192716698,1.14471558870775,SST,28.2318401560099,0.097015847308761,Deg C,464
01-Sep-2023 00:00,2023,9,29.8070281199245,1.30118210461667,SST,28.2323323271261,0.097461897181445,Deg C,465
01-Oct-2023 00:00,2023,10,29.9852681888298,1.53167748735418,SST,28.2328244982423,0.097907947054129,Deg C,466
01-Nov-2023 00:00,2023,11,30.1525000875984,1.82478924330581,SST,28.2333166693585,0.0983539969268129,Deg C,467
01-Dec-2023 00:00,2023,12,29.8557998834956,1.86270344081043,SST,28.2338088404747,0.0988000467994969,Deg C,468
01-Jan-2024 00:00,2024,1,29.3583292258224,1.74379142272509,SST,28.2343010115909,0.0992460966721808,Deg C,469
01-Feb-2024 00:00,2024,2,28.8841187440357,1.42088082090621,SST,28.234793182707,0.0996921465448648,Deg C,470
01-Mar-2024 00:00,2024,3,28.6800669873164,1.12653194335187,SST,28.2352853538232,0.100138196417549,Deg C,471
01-Apr-2024 00:00,2024,4,28.7809629661232,0.911283133615246,SST,28.2357775249394,0.100584246290233,Deg C,472
01-May-2024 00:00,2024,5,29.0440176227028,0.805143720652747,SST,28.2362696960556,0.101030296162917,Deg C,473
01-Jun-2024 00:00,2024,6,29.2478936290249,0.807459623391949,SST,28.2367618671718,0.101476346035601,Deg C,474
01-Jul-2024 00:00,2024,7,29.0390207352799,0.513525118539107,SST,28.237254038288,0.101922395908285,Deg C,475
01-Aug-2024 00:00,2024,8,29.0539710546051,0.542493926614856,SST,28.2377462094042,0.102368445780969,Deg C,476
01-Sep-2024 00:00,2024,9,28.5888725359229,0.0830265206150536,SST,28.2382383805204,0.102814495653652,Deg C,477
01-Oct-2024 00:00,2024,10,28.4045328799204,-0.0490578215553015,SST,28.2387305516365,0.103260545526336,Deg C,478
01-Nov-2024 00:00,2024,11,28.2726529689161,-0.0550578753764057,SST,28.2392227227527,0.10370659539902,Deg C,479
01-Dec-2024 00:00,2024,12,27.4679111084243,-0.525185334260843,SST,28.2397148938689,0.104152645271704,Deg C,480
01-Jan-2025 00:00,2025,1,26.8793755046233,-0.735162298474027,SST,28.2402070649851,0.104598695144388,Deg C,481
01-Feb-2025 00:00,2025,2,26.8063414557259,-0.656896467403598,SST,28.2406992361013,0.105044745017072,Deg C,482
01-Mar-2025 00:00,2025,3,27.1337676191435,-0.419767424821057,SST,28.2411914072175,0.105490794889756,Deg C,483
01-Apr-2025 00:00,2025,4,27.7555533513174,-0.114126481190567,SST,28.2416835783336,0.10593684476244,Deg C,484
01-May-2025 00:00,2025,5,28.1592910005353,-0.0795829015147369,SST,28.2421757494498,0.106382894635124,Deg C,485
01-Jun-2025 00:00,2025,6,28.5046686167994,0.0642346111665333,SST,28.242667920566,0.106828944507808,Deg C,486
01-Jul-2025 00:00,2025,7,28.4448272066806,-0.0806684100602553,SST,28.2431600916822,0.107274994380492,Deg C,487
01-Aug-2025 00:00,2025,8,28.4136910869323,-0.097786041057951,SST,28.2436522627984,0.107721044253176,Deg C,488
01-Sep-2025 00:00,2025,9,28.1905450296845,-0.315300985623313,SST,28.2441444339146,0.10816709412586,Deg C,489
01-Oct-2025 00:00,2025,10,28.2372968377756,-0.216293863700059,SST,28.2446366050308,0.108613143998544,Deg C,490
01-Nov-2025 00:00,2025,11,27.6959056731735,-0.631805171119012,SST,28.245128776147,0.109059193871228,Deg C,491
01-Dec-2025 00:00,2025,12,27.6195181583061,-0.373578284379082,SST,28.2456209472631,0.109505243743912,Deg C,492
01-Jan-1998 00:00,1998,1,0.110201103830355,-0.069967569540824,Chl,0.186427581846172,0.00715421699279775,mg chl per m3,1
01-Feb-1998 00:00,1998,2,0.141790756857599,-0.0408996026787983,Chl,0.186381895604675,0.00711150524955716,mg chl per m3,2
01-Mar-1998 00:00,1998,3,0.172044486699217,-0.0126890254526183,Chl,0.186336209363178,0.00706879350631658,mg chl per m3,3
01-Apr-1998 00:00,1998,4,0.212734073040054,0.0233272808067299,Chl,0.18629052312168,0.007026081763076,mg chl per m3,4
01-May-1998 00:00,1998,5,0.215501605410544,0.0210324803451186,Chl,0.186244836880183,0.00698337001983541,mg chl per m3,5
01-Jun-1998 00:00,1998,6,0.242918492206304,0.0480502368463644,Chl,0.186199150638686,0.00694065827659483,mg chl per m3,6
01-Jul-1998 00:00,1998,7,0.25840251008353,0.0692249796491499,Chl,0.186153464397188,0.00689794653335425,mg chl per m3,7
01-Aug-1998 00:00,1998,8,0.228276138410145,0.0515135817401606,Chl,0.186107778155691,0.00685523479011366,mg chl per m3,8
01-Sep-1998 00:00,1998,9,0.184359600520643,0.0211751763827681,Chl,0.186062091914194,0.00681252304687308,mg chl per m3,9
01-Oct-1998 00:00,1998,10,0.200903667766976,0.0431806116447792,Chl,0.186016405672696,0.0067698113036325,mg chl per m3,10
01-Nov-1998 00:00,1998,11,0.206849906011332,0.0469305440321064,Chl,0.185970719431199,0.00672709956039191,mg chl per m3,11
01-Dec-1998 00:00,1998,12,0.204152651967284,0.0319546622845517,Chl,0.185925033189702,0.00668438781715133,mg chl per m3,12
01-Jan-1999 00:00,1999,1,0.194235075497499,0.0140664021263201,Chl,0.185879346948205,0.00664167607391074,mg chl per m3,13
01-Feb-1999 00:00,1999,2,0.177607970042261,-0.00508238949413675,Chl,0.185833660706707,0.00659896433067016,mg chl per m3,14
01-Mar-1999 00:00,1999,3,0.198111495217335,0.0133779830655006,Chl,0.18578797446521,0.00655625258742958,mg chl per m3,15
01-Apr-1999 00:00,1999,4,0.198409390147067,0.00900259791374342,Chl,0.185742288223713,0.00651354084418899,mg chl per m3,16
01-May-1999 00:00,1999,5,0.193333204742696,-0.00113592032272861,Chl,0.185696601982215,0.00647082910094841,mg chl per m3,17
01-Jun-1999 00:00,1999,6,0.193266196605079,-0.00160205875486069,Chl,0.185650915740718,0.00642811735770783,mg chl per m3,18
01-Jul-1999 00:00,1999,7,0.19944586439234,0.0102683339579606,Chl,0.185605229499221,0.00638540561446724,mg chl per m3,19
01-Aug-1999 00:00,1999,8,0.199577280074974,0.0228147234049903,Chl,0.185559543257723,0.00634269387122666,mg chl per m3,20
01-Sep-1999 00:00,1999,9,0.176268885548986,0.0130844614111112,Chl,0.185513857016226,0.00629998212798608,mg chl per m3,21
01-Oct-1999 00:00,1999,10,0.18015340965653,0.022430353534334,Chl,0.185468170774729,0.00625727038474549,mg chl per m3,22
01-Nov-1999 00:00,1999,11,0.199653426054131,0.0397340640749057,Chl,0.185422484533232,0.00621455864150491,mg chl per m3,23
01-Dec-1999 00:00,1999,12,0.206784208056218,0.0345862183734852,Chl,0.185376798291734,0.00617184689826433,mg chl per m3,24
01-Jan-2000 00:00,2000,1,0.213347449753301,0.0331787763821222,Chl,0.185331112050237,0.00612913515502374,mg chl per m3,25
01-Feb-2000 00:00,2000,2,0.215665661673046,0.0329753021366486,Chl,0.18528542580874,0.00608642341178316,mg chl per m3,26
01-Mar-2000 00:00,2000,3,0.192437701403623,0.00770418925178804,Chl,0.185239739567242,0.00604371166854257,mg chl per m3,27
01-Apr-2000 00:00,2000,4,0.208546548246815,0.0191397560134909,Chl,0.185194053325745,0.00600099992530199,mg chl per m3,28
01-May-2000 00:00,2000,5,0.213440295016776,0.0189711699513511,Chl,0.185148367084248,0.00595828818206141,mg chl per m3,29
01-Jun-2000 00:00,2000,6,0.201030417666222,0.00616216230628228,Chl,0.18510268084275,0.00591557643882082,mg chl per m3,30
01-Jul-2000 00:00,2000,7,0.19289370767435501,0.00371617723997555,Chl,0.185056994601253,0.00587286469558024,mg chl per m3,31
01-Aug-2000 00:00,2000,8,0.190034504954565,0.0132719482845809,Chl,0.185011308359756,0.00583015295233966,mg chl per m3,32
01-Sep-2000 00:00,2000,9,0.186781883806727,0.0235974596688519,Chl,0.184965622118259,0.00578744120909907,mg chl per m3,33
01-Oct-2000 00:00,2000,10,0.186377495097887,0.0286544389756901,Chl,0.184919935876761,0.00574472946585849,mg chl per m3,34
01-Nov-2000 00:00,2000,11,0.176172368262946,0.0162530062837203,Chl,0.184874249635264,0.00570201772261791,mg chl per m3,35
01-Dec-2000 00:00,2000,12,0.190877874873868,0.0186798851911356,Chl,0.184828563393767,0.00565930597937732,mg chl per m3,36
01-Jan-2001 00:00,2001,1,0.207659485353095,0.0274908119819161,Chl,0.184782877152269,0.00561659423613674,mg chl per m3,37
01-Feb-2001 00:00,2001,2,0.2053524219115,0.0226620623751028,Chl,0.184737190910772,0.00557388249289615,mg chl per m3,38
01-Mar-2001 00:00,2001,3,0.208931218742669,0.0241977065908339,Chl,0.184691504669275,0.00553117074965557,mg chl per m3,39
01-Apr-2001 00:00,2001,4,0.194636700657093,0.00522990842376903,Chl,0.184645818427777,0.00548845900641499,mg chl per m3,40
01-May-2001 00:00,2001,5,0.203388183314465,0.00891905824904021,Chl,0.18460013218628,0.0054457472631744,mg chl per m3,41
01-Jun-2001 00:00,2001,6,0.198754962487873,0.00388670712793351,Chl,0.184554445944783,0.0054030355199338204,mg chl per m3,42
01-Jul-2001 00:00,2001,7,0.178637651073455,-0.010539879360925,Chl,0.184508759703286,0.00536032377669324,mg chl per m3,43
01-Aug-2001 00:00,2001,8,0.176138474338351,-6.2408233163299e-4,Chl,0.184463073461788,0.00531761203345265,mg chl per m3,44
01-Sep-2001 00:00,2001,9,0.151626953647461,-0.0115574704904134,Chl,0.184417387220291,0.00527490029021207,mg chl per m3,45
01-Oct-2001 00:00,2001,10,0.16379062954575,0.00606757342355391,Chl,0.184371700978794,0.00523218854697149,mg chl per m3,46
01-Nov-2001 00:00,2001,11,0.17715414647811,0.017234784498885,Chl,0.184326014737296,0.0051894768037309,mg chl per m3,47
01-Dec-2001 00:00,2001,12,0.185807942268349,0.0136099525856161,Chl,0.184280328495799,0.00514676506049032,mg chl per m3,48
01-Jan-2002 00:00,2002,1,0.204583066384947,0.0244143930137684,Chl,0.184234642254302,0.00510405331724974,mg chl per m3,49
01-Feb-2002 00:00,2002,2,0.203221498025939,0.0205311384895414,Chl,0.184188956012804,0.00506134157400915,mg chl per m3,50
01-Mar-2002 00:00,2002,3,0.209504933262309,0.0247714211104739,Chl,0.184143269771307,0.00501862983076857,mg chl per m3,51
01-Apr-2002 00:00,2002,4,0.18505633200093,-0.00435046023239366,Chl,0.18409758352981,0.00497591808752798,mg chl per m3,52
01-May-2002 00:00,2002,5,0.168437065629782,-0.0260320594356434,Chl,0.184051897288313,0.0049332063442874,mg chl per m3,53
01-Jun-2002 00:00,2002,6,0.166473368178961,-0.0283948871809785,Chl,0.184006211046815,0.00489049460104682,mg chl per m3,54
01-Jul-2002 00:00,2002,7,0.123997236213473,-0.0651802942209066,Chl,0.183960524805318,0.00484778285780623,mg chl per m3,55
01-Aug-2002 00:00,2002,8,0.107737858299113,-0.0690246983708713,Chl,0.183914838563821,0.00480507111456565,mg chl per m3,56
01-Sep-2002 00:00,2002,9,0.0861968716915564,-0.0769875524463184,Chl,0.183869152322323,0.00476235937132507,mg chl per m3,57
01-Oct-2002 00:00,2002,10,0.0718694430100665,-0.08585361311213,Chl,0.183823466080826,0.00471964762808448,mg chl per m3,58
01-Nov-2002 00:00,2002,11,0.0756728318147156,-0.0842465301645099,Chl,0.183777779839329,0.0046769358848439,mg chl per m3,59
01-Dec-2002 00:00,2002,12,0.100837381763935,-0.0713606079187974,Chl,0.183732093597831,0.00463422414160332,mg chl per m3,60
01-Jan-2003 00:00,2003,1,0.133121749775969,-0.0470469235952101,Chl,0.18368640735633401,0.00459151239836273,mg chl per m3,61
01-Feb-2003 00:00,2003,2,0.179896459239356,-0.00279390029704191,Chl,0.183640721114837,0.00454880065512215,mg chl per m3,62
01-Mar-2003 00:00,2003,3,0.189937976264002,0.00520446411216713,Chl,0.18359503487334,0.00450608891188157,mg chl per m3,63
01-Apr-2003 00:00,2003,4,0.19705692479231,0.00765013255898644,Chl,0.183549348631842,0.00446337716864098,mg chl per m3,64
01-May-2003 00:00,2003,5,0.200419152560863,0.00595002749543783,Chl,0.183503662390345,0.0044206654254004,mg chl per m3,65
01-Jun-2003 00:00,2003,6,0.206338766038835,0.011470510678895,Chl,0.183457976148848,0.00437795368215981,mg chl per m3,66
01-Jul-2003 00:00,2003,7,0.193852104375899,0.00467457394151946,Chl,0.18341228990735,0.00433524193891923,mg chl per m3,67
01-Aug-2003 00:00,2003,8,0.169297906651635,-0.00746465001834867,Chl,0.183366603665853,0.00429253019567865,mg chl per m3,68
01-Sep-2003 00:00,2003,9,0.148998335457711,-0.0141860886801639,Chl,0.183320917424356,0.00424981845243806,mg chl per m3,69
01-Oct-2003 00:00,2003,10,0.145691241721231,-0.0120318144009657,Chl,0.183275231182858,0.00420710670919748,mg chl per m3,70
01-Nov-2003 00:00,2003,11,0.155064674776707,-0.00485468720251883,Chl,0.183229544941361,0.0041643949659569,mg chl per m3,71
01-Dec-2003 00:00,2003,12,0.179126466766157,0.00692847708342428,Chl,0.183183858699864,0.00412168322271631,mg chl per m3,72
01-Jan-2004 00:00,2004,1,0.178481179495603,-0.0016874938755764,Chl,0.183138172458367,0.00407897147947573,mg chl per m3,73
01-Feb-2004 00:00,2004,2,0.188938614458557,0.00624825492215955,Chl,0.183092486216869,0.00403625973623514,mg chl per m3,74
01-Mar-2004 00:00,2004,3,0.196821538552004,0.0120880264001688,Chl,0.183046799975372,0.00399354799299456,mg chl per m3,75
01-Apr-2004 00:00,2004,4,0.217977139972416,0.0285703477390924,Chl,0.183001113733875,0.00395083624975398,mg chl per m3,76
01-May-2004 00:00,2004,5,0.202037544864254,0.00756841979882944,Chl,0.182955427492377,0.00390812450651339,mg chl per m3,77
01-Jun-2004 00:00,2004,6,0.202690963890222,0.00782270853028211,Chl,0.18290974125088,0.00386541276327281,mg chl per m3,78
01-Jul-2004 00:00,2004,7,0.183926114165979,-0.00525141626840103,Chl,0.182864055009383,0.00382270102003223,mg chl per m3,79
01-Aug-2004 00:00,2004,8,0.157856887788714,-0.0189056688812701,Chl,0.182818368767885,0.00377998927679164,mg chl per m3,80
01-Sep-2004 00:00,2004,9,0.135925507024333,-0.0272589171135416,Chl,0.182772682526388,0.00373727753355106,mg chl per m3,81
01-Oct-2004 00:00,2004,10,0.143408248472725,-0.0143148076494715,Chl,0.182726996284891,0.00369456579031048,mg chl per m3,82
01-Nov-2004 00:00,2004,11,0.149351094513215,-0.0105682674660103,Chl,0.182681310043394,0.00365185404706989,mg chl per m3,83
01-Dec-2004 00:00,2004,12,0.162097327517587,-0.010100662165146,Chl,0.182635623801896,0.00360914230382931,mg chl per m3,84
01-Jan-2005 00:00,2005,1,0.175256323051236,-0.00491235031994303,Chl,0.182589937560399,0.00356643056058873,mg chl per m3,85
01-Feb-2005 00:00,2005,2,0.179495236777387,-0.0031951227590101,Chl,0.182544251318902,0.00352371881734814,mg chl per m3,86
01-Mar-2005 00:00,2005,3,0.186231192993534,0.0014976808416991,Chl,0.182498565077404,0.00348100707410756,mg chl per m3,87
01-Apr-2005 00:00,2005,4,0.194367728904657,0.00496093667133329,Chl,0.182452878835907,0.00343829533086697,mg chl per m3,88
01-May-2005 00:00,2005,5,0.205473916030641,0.0110047909652164,Chl,0.18240719259441,0.00339558358762639,mg chl per m3,89
01-Jun-2005 00:00,2005,6,0.215440689413255,0.0205724340533149,Chl,0.182361506352912,0.00335287184438581,mg chl per m3,90
01-Jul-2005 00:00,2005,7,0.215923646397468,0.026746115963088,Chl,0.182315820111415,0.00331016010114522,mg chl per m3,91
01-Aug-2005 00:00,2005,8,0.212816782370573,0.0360542257005894,Chl,0.182270133869918,0.00326744835790464,mg chl per m3,92
01-Sep-2005 00:00,2005,9,0.176302717672886,0.0131182935350116,Chl,0.182224447628421,0.00322473661466406,mg chl per m3,93
01-Oct-2005 00:00,2005,10,0.166326698291235,0.00860364216903883,Chl,0.182178761386923,0.00318202487142347,mg chl per m3,94
01-Nov-2005 00:00,2005,11,0.185802179805369,0.0258828178261437,Chl,0.182133075145426,0.00313931312818289,mg chl per m3,95
01-Dec-2005 00:00,2005,12,0.202854049822427,0.0306560601396948,Chl,0.182087388903929,0.00309660138494231,mg chl per m3,96
01-Jan-2006 00:00,2006,1,0.217311142497326,0.0371424691261472,Chl,0.182041702662431,0.00305388964170172,mg chl per m3,97
01-Feb-2006 00:00,2006,2,0.220106389100626,0.0374160295642284,Chl,0.181996016420934,0.00301117789846114,mg chl per m3,98
01-Mar-2006 00:00,2006,3,0.193043527281949,0.00831001513011453,Chl,0.181950330179437,0.00296846615522055,mg chl per m3,99
01-Apr-2006 00:00,2006,4,0.198969034715717,0.00956224248239315,Chl,0.181904643937939,0.00292575441197997,mg chl per m3,100
01-May-2006 00:00,2006,5,0.204460544594981,0.00999141952955651,Chl,0.181858957696442,0.00288304266873939,mg chl per m3,101
01-Jun-2006 00:00,2006,6,0.192726078399864,-0.00214217696007529,Chl,0.181813271454945,0.0028403309254988,mg chl per m3,102
01-Jul-2006 00:00,2006,7,0.163027334963299,-0.0261501954710808,Chl,0.181767585213448,0.00279761918225822,mg chl per m3,103
01-Aug-2006 00:00,2006,8,0.136287430186359,-0.0404751264836251,Chl,0.18172189897195,0.00275490743901764,mg chl per m3,104
01-Sep-2006 00:00,2006,9,0.123649023601336,-0.0395354005365387,Chl,0.181676212730453,0.00271219569577705,mg chl per m3,105
01-Oct-2006 00:00,2006,10,0.11975895440282,-0.0379641017193761,Chl,0.181630526488956,0.00266948395253647,mg chl per m3,106
01-Nov-2006 00:00,2006,11,0.112298074883715,-0.0476212870955108,Chl,0.181584840247458,0.00262677220929589,mg chl per m3,107
01-Dec-2006 00:00,2006,12,0.13324727813105,-0.0389507115516829,Chl,0.181539154005961,0.0025840604660553,mg chl per m3,108
01-Jan-2007 00:00,2007,1,0.172379432540656,-0.0077892408305235096,Chl,0.181493467764464,0.00254134872281472,mg chl per m3,109
01-Feb-2007 00:00,2007,2,0.182851534280605,1.6117474420748e-4,Chl,0.181447781522966,0.00249863697957414,mg chl per m3,110
01-Mar-2007 00:00,2007,3,0.197036257953257,0.0123027458014223,Chl,0.181402095281469,0.00245592523633355,mg chl per m3,111
01-Apr-2007 00:00,2007,4,0.212472018670304,0.0230652264369805,Chl,0.181356409039972,0.00241321349309297,mg chl per m3,112
01-May-2007 00:00,2007,5,0.218348311442845,0.0238791863774197,Chl,0.181310722798475,0.00237050174985238,mg chl per m3,113
01-Jun-2007 00:00,2007,6,0.21990031910916,0.02503206374922,Chl,0.181265036556977,0.0023277900066118,mg chl per m3,114
01-Jul-2007 00:00,2007,7,0.191032597537338,0.00185506710295835,Chl,0.18121935031548,0.00228507826337122,mg chl per m3,115
01-Aug-2007 00:00,2007,8,0.202301425705779,0.0255388690357947,Chl,0.181173664073983,0.00224236652013063,mg chl per m3,116
01-Sep-2007 00:00,2007,9,0.206226601591418,0.043042177453543,Chl,0.181127977832485,0.00219965477689005,mg chl per m3,117
01-Oct-2007 00:00,2007,10,0.205439751852681,0.0477166957304845,Chl,0.181082291590988,0.00215694303364947,mg chl per m3,118
01-Nov-2007 00:00,2007,11,0.199709370659239,0.0397900086800133,Chl,0.181036605349491,0.00211423129040888,mg chl per m3,119
01-Dec-2007 00:00,2007,12,0.193855520534643,0.0216575308519106,Chl,0.180990919107993,0.0020715195471683002,mg chl per m3,120
01-Jan-2008 00:00,2008,1,0.19820812255203,0.0180394491808514,Chl,0.180945232866496,0.00202880780392772,mg chl per m3,121
01-Feb-2008 00:00,2008,2,0.191792171890162,0.00910181235376475,Chl,0.180899546624999,0.00198609606068713,mg chl per m3,122
01-Mar-2008 00:00,2008,3,0.191090535996972,0.00635702384513695,Chl,0.180853860383502,0.00194338431744655,mg chl per m3,123
01-Apr-2008 00:00,2008,4,0.189595053523052,1.8826128972762e-4,Chl,0.180808174142004,0.00190067257420596,mg chl per m3,124
01-May-2008 00:00,2008,5,0.213118796581671,0.0186496715162457,Chl,0.180762487900507,0.00185796083096538,mg chl per m3,125
01-Jun-2008 00:00,2008,6,0.216499344266035,0.0216310889060958,Chl,0.18071680165901,0.0018152490877248,mg chl per m3,126
01-Jul-2008 00:00,2008,7,0.193094507154181,0.00391697671980085,Chl,0.180671115417512,0.00177253734448421,mg chl per m3,127
01-Aug-2008 00:00,2008,8,0.19070949916461,0.0139469424946256,Chl,0.180625429176015,0.00172982560124363,mg chl per m3,128
01-Sep-2008 00:00,2008,9,0.19080126813817,0.0276168440002955,Chl,0.180579742934518,0.00168711385800305,mg chl per m3,129
01-Oct-2008 00:00,2008,10,0.170595433501514,0.0128723773793177,Chl,0.18053405669302,0.00164440211476246,mg chl per m3,130
01-Nov-2008 00:00,2008,11,0.182030433651134,0.0221110716719091,Chl,0.180488370451523,0.00160169037152188,mg chl per m3,131
01-Dec-2008 00:00,2008,12,0.202977210883584,0.0307792212008514,Chl,0.180442684210026,0.0015589786282813,mg chl per m3,132
01-Jan-2009 00:00,2009,1,0.203717632302616,0.0235489589314368,Chl,0.180396997968529,0.00151626688504071,mg chl per m3,133
01-Feb-2009 00:00,2009,2,0.198117056903558,0.0154266973671602,Chl,0.180351311727031,0.00147355514180013,mg chl per m3,134
01-Mar-2009 00:00,2009,3,0.186476862552057,0.00174335040022169,Chl,0.180305625485534,0.00143084339855954,mg chl per m3,135
01-Apr-2009 00:00,2009,4,0.191520422218464,0.00211362998513984,Chl,0.180259939244037,0.00138813165531896,mg chl per m3,136
01-May-2009 00:00,2009,5,0.20166546107435,0.00719633600892494,Chl,0.180214253002539,0.00134541991207838,mg chl per m3,137
01-Jun-2009 00:00,2009,6,0.19578060503521,9.123496752704e-4,Chl,0.180168566761042,0.00130270816883779,mg chl per m3,138
01-Jul-2009 00:00,2009,7,0.189755968258519,5.7843782413907e-4,Chl,0.180122880519545,0.00125999642559721,mg chl per m3,139
01-Aug-2009 00:00,2009,8,0.160600848439801,-0.0161617082301827,Chl,0.180077194278047,0.00121728468235663,mg chl per m3,140
01-Sep-2009 00:00,2009,9,0.156979761107769,-0.00620466303010578,Chl,0.18003150803655,0.00117457293911604,mg chl per m3,141
01-Oct-2009 00:00,2009,10,0.129655744156141,-0.0280673119660552,Chl,0.179985821795053,0.00113186119587546,mg chl per m3,142
01-Nov-2009 00:00,2009,11,0.131139516573551,-0.0287798454056746,Chl,0.179940135553556,0.00108914945263488,mg chl per m3,143
01-Dec-2009 00:00,2009,12,0.132676812263675,-0.0395211774190579,Chl,0.179894449312058,0.00104643770939429,mg chl per m3,144
01-Jan-2010 00:00,2010,1,0.137368188144606,-0.0428004852265733,Chl,0.179848763070561,0.00100372596615371,mg chl per m3,145
01-Feb-2010 00:00,2010,2,0.187844359113826,0.00515399957742826,Chl,0.179803076829064,9.6101422291312e-4,mg chl per m3,146
01-Mar-2010 00:00,2010,3,0.20105185182476,0.0163183396729248,Chl,0.179757390587566,9.1830247967254e-4,mg chl per m3,147
01-Apr-2010 00:00,2010,4,0.234978452408862,0.0455716601755385,Chl,0.179711704346069,8.7559073643195e-4,mg chl per m3,148
01-May-2010 00:00,2010,5,0.259685469748142,0.0652163446827171,Chl,0.179666018104572,8.3287899319137e-4,mg chl per m3,149
01-Jun-2010 00:00,2010,6,0.26058632472177,0.0657180693618299,Chl,0.179620331863074,7.9016724995079e-4,mg chl per m3,150
01-Jul-2010 00:00,2010,7,0.267650956574633,0.0784734261402534,Chl,0.179574645621577,7.474555067102e-4,mg chl per m3,151
01-Aug-2010 00:00,2010,8,0.254346298313449,0.0775837416434649,Chl,0.17952895938008,7.0474376346962e-4,mg chl per m3,152
01-Sep-2010 00:00,2010,9,0.246531868518852,0.0833474443809769,Chl,0.179483273138583,6.6203202022904e-4,mg chl per m3,153
01-Oct-2010 00:00,2010,10,0.210387306063064,0.0526642499408676,Chl,0.179437586897085,6.1932027698845e-4,mg chl per m3,154
01-Nov-2010 00:00,2010,11,0.190012412239785,0.0300930502605598,Chl,0.179391900655588,5.7660853374787e-4,mg chl per m3,155
01-Dec-2010 00:00,2010,12,0.198189975545072,0.0259919858623392,Chl,0.179346214414091,5.3389679050729e-4,mg chl per m3,156
01-Jan-2011 00:00,2011,1,0.199738944066899,0.0195702706957202,Chl,0.179300528172593,4.911850472667e-4,mg chl per m3,157
01-Feb-2011 00:00,2011,2,0.185375618105273,0.00268525856887536,Chl,0.179254841931096,4.4847330402612e-4,mg chl per m3,158
01-Mar-2011 00:00,2011,3,0.175146020588881,-0.00958749156295427,Chl,0.179209155689599,4.0576156078553e-4,mg chl per m3,159
01-Apr-2011 00:00,2011,4,0.184725186942123,-0.0046816052912006,Chl,0.179163469448101,3.6304981754495e-4,mg chl per m3,160
01-May-2011 00:00,2011,5,0.198814510648341,0.00434538558291578,Chl,0.179117783206604,3.2033807430437e-4,mg chl per m3,161
01-Jun-2011 00:00,2011,6,0.201913190006062,0.00704493464612241,Chl,0.179072096965107,2.7762633106378e-4,mg chl per m3,162
01-Jul-2011 00:00,2011,7,0.201978600334747,0.0128010699003674,Chl,0.17902641072361,2.349145878232e-4,mg chl per m3,163
01-Aug-2011 00:00,2011,8,0.19598268352699,0.0192201268570056,Chl,0.178980724482112,1.9220284458262e-4,mg chl per m3,164
01-Sep-2011 00:00,2011,9,0.182542648264474,0.0193582241265989,Chl,0.178935038240615,1.4949110134203e-4,mg chl per m3,165
01-Oct-2011 00:00,2011,10,0.169140593988394,0.0114175378661978,Chl,0.178889351999118,1.0677935810145e-4,mg chl per m3,166
01-Nov-2011 00:00,2011,11,0.175404304981261,0.0154849430020353,Chl,0.17884366575762,6.40676148608698e-5,mg chl per m3,167
01-Dec-2011 00:00,2011,12,0.190844597118032,0.0186466074352993,Chl,0.178797979516123,2.13558716202862e-5,mg chl per m3,168
01-Jan-2012 00:00,2012,1,0.19287270503189,0.0127040316607113,Chl,0.178752293274626,-2.13558716202975e-5,mg chl per m3,169
01-Feb-2012 00:00,2012,2,0.186175605739137,0.00348524620273941,Chl,0.178706607033128,-6.40676148608811e-5,mg chl per m3,170
01-Mar-2012 00:00,2012,3,0.184873395512719,1.3988336088421e-4,Chl,0.178660920791631,-1.0677935810146e-4,mg chl per m3,171
01-Apr-2012 00:00,2012,4,0.185008071721898,-0.00439872051142615,Chl,0.178615234550134,-1.4949110134204e-4,mg chl per m3,172
01-May-2012 00:00,2012,5,0.19817771937717,0.0037085943117447,Chl,0.178569548308637,-1.9220284458263e-4,mg chl per m3,173
01-Jun-2012 00:00,2012,6,0.208240737991768,0.0133724826318284,Chl,0.178523862067139,-2.3491458782321e-4,mg chl per m3,174
01-Jul-2012 00:00,2012,7,0.196261698600332,0.00708416816595228,Chl,0.178478175825642,-2.7762633106379e-4,mg chl per m3,175
01-Aug-2012 00:00,2012,8,0.181335900724828,0.00457334405484416,Chl,0.178432489584145,-3.2033807430438e-4,mg chl per m3,176
01-Sep-2012 00:00,2012,9,0.18788809000424,0.0247036658663657,Chl,0.178386803342647,-3.6304981754496e-4,mg chl per m3,177
01-Oct-2012 00:00,2012,10,0.171364217624174,0.0136411615019776,Chl,0.17834111710115,-4.0576156078555e-4,mg chl per m3,178
01-Nov-2012 00:00,2012,11,0.176213527211052,0.0162941652318268,Chl,0.178295430859653,-4.4847330402613e-4,mg chl per m3,179
01-Dec-2012 00:00,2012,12,0.181683272589689,0.00948528290695635,Chl,0.178249744618155,-4.9118504726671e-4,mg chl per m3,180
01-Jan-2013 00:00,2013,1,0.194712892223539,0.0145442188523601,Chl,0.178204058376658,-5.338967905073e-4,mg chl per m3,181
01-Feb-2013 00:00,2013,2,0.199697636796284,0.0170072772598865,Chl,0.178158372135161,-5.7660853374788e-4,mg chl per m3,182
01-Mar-2013 00:00,2013,3,0.194718976261783,0.00998546410994797,Chl,0.178112685893664,-6.1932027698846e-4,mg chl per m3,183
01-Apr-2013 00:00,2013,4,0.18619777997217,-0.00320901226115367,Chl,0.178066999652166,-6.6203202022905e-4,mg chl per m3,184
01-May-2013 00:00,2013,5,0.183854383814089,-0.0106147412513363,Chl,0.178021313410669,-7.0474376346963e-4,mg chl per m3,185
01-Jun-2013 00:00,2013,6,0.186905874278913,-0.00796238108102659,Chl,0.177975627169172,-7.4745550671021e-4,mg chl per m3,186
01-Jul-2013 00:00,2013,7,0.192160193267273,0.00298266283289342,Chl,0.177929940927674,-7.901672499508e-4,mg chl per m3,187
01-Aug-2013 00:00,2013,8,0.187540218896261,0.010777662226277,Chl,0.177884254686177,-8.3287899319138e-4,mg chl per m3,188
01-Sep-2013 00:00,2013,9,0.17282162696089,0.00963720282301475,Chl,0.17783856844468,-8.7559073643196e-4,mg chl per m3,189
01-Oct-2013 00:00,2013,10,0.178382017789855,0.0206589616676582,Chl,0.177792882203182,-9.1830247967255e-4,mg chl per m3,190
01-Nov-2013 00:00,2013,11,0.164867012587025,0.00494765060780006,Chl,0.177747195961685,-9.6101422291313e-4,mg chl per m3,191
01-Dec-2013 00:00,2013,12,0.174667035333725,0.00246904565099215,Chl,0.177701509720188,-0.00100372596615372,mg chl per m3,192
01-Jan-2014 00:00,2014,1,0.189266668347227,0.00909799497604755,Chl,0.177655823478691,-0.0010464377093943,mg chl per m3,193
01-Feb-2014 00:00,2014,2,0.17109018433819,-0.0116001751982076,Chl,0.177610137237193,-0.00108914945263489,mg chl per m3,194
01-Mar-2014 00:00,2014,3,0.165097014898916,-0.0196364972529187,Chl,0.177564450995696,-0.00113186119587547,mg chl per m3,195
01-Apr-2014 00:00,2014,4,0.174162222308966,-0.0152445699243578,Chl,0.177518764754199,-0.00117457293911606,mg chl per m3,196
01-May-2014 00:00,2014,5,0.147569620917361,-0.0468995041480638,Chl,0.177473078512701,-0.00121728468235664,mg chl per m3,197
01-Jun-2014 00:00,2014,6,0.154862519810218,-0.0400057355497221,Chl,0.177427392271204,-0.00125999642559722,mg chl per m3,198
01-Jul-2014 00:00,2014,7,0.160134998672049,-0.0290425317623306,Chl,0.177381706029707,-0.00130270816883781,mg chl per m3,199
01-Aug-2014 00:00,2014,8,0.151585694734327,-0.0251768619356571,Chl,0.177336019788209,-0.00134541991207839,mg chl per m3,200
01-Sep-2014 00:00,2014,9,0.151273340702351,-0.011911083435524,Chl,0.177290333546712,-0.00138813165531897,mg chl per m3,201
01-Oct-2014 00:00,2014,10,0.141060509635542,-0.0166625464866549,Chl,0.177244647305215,-0.00143084339855956,mg chl per m3,202
01-Nov-2014 00:00,2014,11,0.142613999943739,-0.0173053620354866,Chl,0.177198961063718,-0.00147355514180014,mg chl per m3,203
01-Dec-2014 00:00,2014,12,0.162693628950746,-0.00950436073198627,Chl,0.17715327482222,-0.00151626688504072,mg chl per m3,204
01-Jan-2015 00:00,2015,1,0.174278168519967,-0.00589050485121187,Chl,0.177107588580723,-0.00155897862828131,mg chl per m3,205
01-Feb-2015 00:00,2015,2,0.173802253226923,-0.0088881063094742,Chl,0.177061902339226,-0.00160169037152189,mg chl per m3,206
01-Mar-2015 00:00,2015,3,0.167301288341041,-0.0174322238107937,Chl,0.177016216097728,-0.00164440211476247,mg chl per m3,207
01-Apr-2015 00:00,2015,4,0.153050650484632,-0.0363561417486923,Chl,0.176970529856231,-0.00168711385800306,mg chl per m3,208
01-May-2015 00:00,2015,5,0.126151867214636,-0.0683172578507887,Chl,0.176924843614734,-0.00172982560124364,mg chl per m3,209
01-Jun-2015 00:00,2015,6,0.0909938616059496,-0.10387439375399,Chl,0.176879157373236,-0.00177253734448423,mg chl per m3,210
01-Jul-2015 00:00,2015,7,0.0841897576024699,-0.10498777283191,Chl,0.176833471131739,-0.00181524908772481,mg chl per m3,211
01-Aug-2015 00:00,2015,8,0.0692650027784923,-0.107497553891492,Chl,0.176787784890242,-0.00185796083096539,mg chl per m3,212
01-Sep-2015 00:00,2015,9,0.0723263300045502,-0.0908580941333245,Chl,0.176742098648745,-0.00190067257420598,mg chl per m3,213
01-Oct-2015 00:00,2015,10,0.0714580901497262,-0.0862649659724702,Chl,0.176696412407247,-0.00194338431744656,mg chl per m3,214
01-Nov-2015 00:00,2015,11,0.0626307867149734,-0.0972885752642521,Chl,0.17665072616575,-0.00198609606068714,mg chl per m3,215
01-Dec-2015 00:00,2015,12,0.0721262259227,-0.100071763760033,Chl,0.176605039924253,-0.00202880780392773,mg chl per m3,216
01-Jan-2016 00:00,2016,1,0.0986625699318587,-0.0815061034393203,Chl,0.176559353682755,-0.00207151954716831,mg chl per m3,217
01-Feb-2016 00:00,2016,2,0.111683505261185,-0.071006854275212,Chl,0.176513667441258,-0.00211423129040889,mg chl per m3,218
01-Mar-2016 00:00,2016,3,0.140509608623257,-0.0442239035285784,Chl,0.176467981199761,-0.00215694303364948,mg chl per m3,219
01-Apr-2016 00:00,2016,4,0.16442579465692,-0.0249809975764043,Chl,0.176422294958263,-0.00219965477689006,mg chl per m3,220
01-May-2016 00:00,2016,5,0.165089186333132,-0.0293799387322926,Chl,0.176376608716766,-0.00224236652013065,mg chl per m3,221
01-Jun-2016 00:00,2016,6,0.174727960117948,-0.0201402952419917,Chl,0.176330922475269,-0.00228507826337123,mg chl per m3,222
01-Jul-2016 00:00,2016,7,0.173655676538435,-0.0155218538959451,Chl,0.176285236233772,-0.00232779000661181,mg chl per m3,223
01-Aug-2016 00:00,2016,8,0.175932560910914,-8.2999575907019e-4,Chl,0.176239549992274,-0.0023705017498524,mg chl per m3,224
01-Sep-2016 00:00,2016,9,0.160305114748837,-0.00287930938903733,Chl,0.176193863750777,-0.00241321349309298,mg chl per m3,225
01-Oct-2016 00:00,2016,10,0.15900212760443,0.00127907148223363,Chl,0.17614817750928,-0.00245592523633356,mg chl per m3,226
01-Nov-2016 00:00,2016,11,0.146208689305312,-0.0137106726739132,Chl,0.176102491267782,-0.00249863697957415,mg chl per m3,227
01-Dec-2016 00:00,2016,12,0.158523363546531,-0.0136746261362016,Chl,0.176056805026285,-0.00254134872281473,mg chl per m3,228
01-Jan-2017 00:00,2017,1,0.172208340323836,-0.00796033304734325,Chl,0.176011118784788,-0.00258406046605531,mg chl per m3,229
01-Feb-2017 00:00,2017,2,0.163574004561174,-0.0191163549752238,Chl,0.17596543254329,-0.0026267722092959,mg chl per m3,230
01-Mar-2017 00:00,2017,3,0.158956687967863,-0.0257768241839716,Chl,0.175919746301793,-0.00266948395253648,mg chl per m3,231
01-Apr-2017 00:00,2017,4,0.167397419035788,-0.022009373197536,Chl,0.175874060060296,-0.00271219569577706,mg chl per m3,232
01-May-2017 00:00,2017,5,0.186779274087303,-0.00768985097812203,Chl,0.175828373818799,-0.00275490743901765,mg chl per m3,233
01-Jun-2017 00:00,2017,6,0.180639363774869,-0.0142288915850707,Chl,0.175782687577301,-0.00279761918225823,mg chl per m3,234
01-Jul-2017 00:00,2017,7,0.210189625572508,0.0210120951381284,Chl,0.175737001335804,-0.00284033092549882,mg chl per m3,235
01-Aug-2017 00:00,2017,8,0.194023133902286,0.0172605772323017,Chl,0.175691315094307,-0.0028830426687394,mg chl per m3,236
01-Sep-2017 00:00,2017,9,0.172018303769216,0.00883387963134172,Chl,0.175645628852809,-0.00292575441197998,mg chl per m3,237
01-Oct-2017 00:00,2017,10,0.162619973527122,0.0048969174049257,Chl,0.175599942611312,-0.00296846615522057,mg chl per m3,238
01-Nov-2017 00:00,2017,11,0.172142901094194,0.0122235391149688,Chl,0.175554256369815,-0.00301117789846115,mg chl per m3,239
01-Dec-2017 00:00,2017,12,0.188970122979663,0.0167721332969305,Chl,0.175508570128317,-0.00305388964170173,mg chl per m3,240
01-Jan-2018 00:00,2018,1,0.189554503303147,0.00938582993196752,Chl,0.17546288388682,-0.00309660138494232,mg chl per m3,241
01-Feb-2018 00:00,2018,2,0.184276959679156,0.00158660014275905,Chl,0.175417197645323,-0.0031393131281829,mg chl per m3,242
01-Mar-2018 00:00,2018,3,0.181638385386146,-0.00309512676568852,Chl,0.175371511403826,-0.00318202487142348,mg chl per m3,243
01-Apr-2018 00:00,2018,4,0.161968252417921,-0.0274385398154028,Chl,0.175325825162328,-0.00322473661466407,mg chl per m3,244
01-May-2018 00:00,2018,5,0.151968651817217,-0.0425004732482079,Chl,0.175280138920831,-0.00326744835790465,mg chl per m3,245
01-Jun-2018 00:00,2018,6,0.151044162402425,-0.0438240929575145,Chl,0.175234452679334,-0.00331016010114523,mg chl per m3,246
01-Jul-2018 00:00,2018,7,0.153324117879414,-0.0358534125549657,Chl,0.175188766437836,-0.00335287184438582,mg chl per m3,247
01-Aug-2018 00:00,2018,8,0.148983728674438,-0.0277788279955459,Chl,0.175143080196339,-0.0033955835876264,mg chl per m3,248
01-Sep-2018 00:00,2018,9,0.140809511545647,-0.022374912592228,Chl,0.175097393954842,-0.00343829533086699,mg chl per m3,249
01-Oct-2018 00:00,2018,10,0.131481656652231,-0.0262413994699658,Chl,0.175051707713344,-0.00348100707410757,mg chl per m3,250
01-Nov-2018 00:00,2018,11,0.142695120895782,-0.0172242410834437,Chl,0.175006021471847,-0.00352371881734815,mg chl per m3,251
01-Dec-2018 00:00,2018,12,0.158693095006955,-0.0135048946757776,Chl,0.17496033523035,-0.00356643056058874,mg chl per m3,252
01-Jan-2019 00:00,2019,1,0.183459256027831,0.00329058265665177,Chl,0.174914648988853,-0.00360914230382932,mg chl per m3,253
01-Feb-2019 00:00,2019,2,0.187123536965981,0.00443317742958346,Chl,0.174868962747355,-0.0036518540470699,mg chl per m3,254
01-Mar-2019 00:00,2019,3,0.198665892510813,0.0139323803589777,Chl,0.174823276505858,-0.00369456579031049,mg chl per m3,255
01-Apr-2019 00:00,2019,4,0.210085766938192,0.0206789747048681,Chl,0.174777590264361,-0.00373727753355107,mg chl per m3,256
01-May-2019 00:00,2019,5,0.199350838539481,0.0048817134740558,Chl,0.174731904022863,-0.00377998927679165,mg chl per m3,257
01-Jun-2019 00:00,2019,6,0.215551310576355,0.020683055216415,Chl,0.174686217781366,-0.00382270102003224,mg chl per m3,258
01-Jul-2019 00:00,2019,7,0.175066372675559,-0.0141111577588205,Chl,0.174640531539869,-0.00386541276327282,mg chl per m3,259
01-Aug-2019 00:00,2019,8,0.167744439133166,-0.00901811753681844,Chl,0.174594845298371,-0.00390812450651341,mg chl per m3,260
01-Sep-2019 00:00,2019,9,0.153825219163587,-0.00935920497428802,Chl,0.174549159056874,-0.00395083624975399,mg chl per m3,261
01-Oct-2019 00:00,2019,10,0.13541771681985,-0.0223053393023465,Chl,0.174503472815377,-0.00399354799299457,mg chl per m3,262
01-Nov-2019 00:00,2019,11,0.151673061626088,-0.00824630035313764,Chl,0.17445778657388,-0.00403625973623516,mg chl per m3,263
01-Dec-2019 00:00,2019,12,0.159295669420335,-0.0129023202623978,Chl,0.174412100332382,-0.00407897147947574,mg chl per m3,264
01-Jan-2020 00:00,2020,1,0.169503698693342,-0.0106649746778373,Chl,0.174366414090885,-0.00412168322271632,mg chl per m3,265
01-Feb-2020 00:00,2020,2,0.16198392453864,-0.0207064349977579,Chl,0.174320727849388,-0.00416439496595691,mg chl per m3,266
01-Mar-2020 00:00,2020,3,0.162844309300881,-0.0218892028509539,Chl,0.17427504160789,-0.00420710670919749,mg chl per m3,267
01-Apr-2020 00:00,2020,4,0.163192716898382,-0.0262140753349414,Chl,0.174229355366393,-0.00424981845243807,mg chl per m3,268
01-May-2020 00:00,2020,5,0.207206684501679,0.0127375594362537,Chl,0.174183669124896,-0.00429253019567866,mg chl per m3,269
01-Jun-2020 00:00,2020,6,0.1937874148838,-0.00108084047613938,Chl,0.174137982883398,-0.00433524193891924,mg chl per m3,270
01-Jul-2020 00:00,2020,7,0.197899313150316,0.00872178271593643,Chl,0.174092296641901,-0.00437795368215982,mg chl per m3,271
01-Aug-2020 00:00,2020,8,0.202448508681192,0.0256859520112079,Chl,0.174046610400404,-0.00442066542540041,mg chl per m3,272
01-Sep-2020 00:00,2020,9,0.175777690480232,0.0125932663423573,Chl,0.174000924158907,-0.00446337716864099,mg chl per m3,273
01-Oct-2020 00:00,2020,10,0.18072279694348,0.0229997408212837,Chl,0.173955237917409,-0.00450608891188158,mg chl per m3,274
01-Nov-2020 00:00,2020,11,0.175211231359916,0.0152918693806902,Chl,0.173909551675912,-0.00454880065512216,mg chl per m3,275
01-Dec-2020 00:00,2020,12,0.188349459393932,0.0161514697111995,Chl,0.173863865434415,-0.00459151239836274,mg chl per m3,276
01-Jan-2021 00:00,2021,1,0.195076990162848,0.0149083167916689,Chl,0.173818179192917,-0.00463422414160333,mg chl per m3,277
01-Feb-2021 00:00,2021,2,0.189184691057444,0.00649433152104703,Chl,0.17377249295142,-0.00467693588484391,mg chl per m3,278
01-Mar-2021 00:00,2021,3,0.176090433225293,-0.00864307892654226,Chl,0.173726806709923,-0.00471964762808449,mg chl per m3,279
01-Apr-2021 00:00,2021,4,0.179130910090868,-0.0102758821424561,Chl,0.173681120468425,-0.00476235937132508,mg chl per m3,280
01-May-2021 00:00,2021,5,0.186974594705534,-0.00749453035989117,Chl,0.173635434226928,-0.00480507111456566,mg chl per m3,281
01-Jun-2021 00:00,2021,6,0.18630591358173,-0.00856234177820955,Chl,0.173589747985431,-0.00484778285780625,mg chl per m3,282
01-Jul-2021 00:00,2021,7,0.187566580868572,-0.00161094956580773,Chl,0.173544061743934,-0.00489049460104683,mg chl per m3,283
01-Aug-2021 00:00,2021,8,0.17660665653201,-1.5590013797448e-4,Chl,0.173498375502436,-0.00493320634428741,mg chl per m3,284
01-Sep-2021 00:00,2021,9,0.170753583983532,0.00756915984565704,Chl,0.173452689260939,-0.004975918087528,mg chl per m3,285
01-Oct-2021 00:00,2021,10,0.17575129584968,0.0180282397274834,Chl,0.173407003019442,-0.00501862983076858,mg chl per m3,286
01-Nov-2021 00:00,2021,11,0.173549358719283,0.0136299967400574,Chl,0.173361316777944,-0.00506134157400916,mg chl per m3,287
01-Dec-2021 00:00,2021,12,0.196327508893113,0.02412951921038,Chl,0.173315630536447,-0.00510405331724975,mg chl per m3,288
01-Jan-2022 00:00,2022,1,0.190130586906916,0.00996191353573711,Chl,0.17326994429495,-0.00514676506049033,mg chl per m3,289
01-Feb-2022 00:00,2022,2,0.187572732935218,0.00488237339882097,Chl,0.173224258053452,-0.00518947680373091,mg chl per m3,290
01-Mar-2022 00:00,2022,3,0.189615481254972,0.00488196910313751,Chl,0.173178571811955,-0.0052321885469715,mg chl per m3,291
01-Apr-2022 00:00,2022,4,0.195025031767529,0.00561823953420493,Chl,0.173132885570458,-0.00527490029021208,mg chl per m3,292
01-May-2022 00:00,2022,5,0.207431216426084,0.0129620913606596,Chl,0.173087199328961,-0.00531761203345266,mg chl per m3,293
01-Jun-2022 00:00,2022,6,0.204776661944321,0.00990840658438116,Chl,0.173041513087463,-0.00536032377669325,mg chl per m3,294
01-Jul-2022 00:00,2022,7,0.199587020632449,0.0104094901980688,Chl,0.172995826845966,-0.00540303551993383,mg chl per m3,295
01-Aug-2022 00:00,2022,8,0.189355449067246,0.0125928923972618,Chl,0.172950140604469,-0.00544574726317442,mg chl per m3,296
01-Sep-2022 00:00,2022,9,0.182198522875431,0.0190140987375559,Chl,0.172904454362971,-0.005488459006415,mg chl per m3,297
01-Oct-2022 00:00,2022,10,0.18234782313837,0.0246247670161737,Chl,0.172858768121474,-0.00553117074965558,mg chl per m3,298
01-Nov-2022 00:00,2022,11,0.183185576953212,0.0232662149739866,Chl,0.172813081879977,-0.00557388249289617,mg chl per m3,299
01-Dec-2022 00:00,2022,12,0.189152659895824,0.0169546702130918,Chl,0.172767395638479,-0.00561659423613675,mg chl per m3,300
01-Jan-2023 00:00,2023,1,0.198328298502198,0.0181596251310185,Chl,0.172721709396982,-0.00565930597937733,mg chl per m3,301
01-Feb-2023 00:00,2023,2,0.19731722472026,0.0146268651838625,Chl,0.172676023155485,-0.00570201772261792,mg chl per m3,302
01-Mar-2023 00:00,2023,3,0.186679714637781,0.00194620248594574,Chl,0.172630336913988,-0.0057447294658585,mg chl per m3,303
01-Apr-2023 00:00,2023,4,0.180734078527869,-0.00867271370545528,Chl,0.17258465067249,-0.00578744120909908,mg chl per m3,304
01-May-2023 00:00,2023,5,0.201321740525271,0.00685261545984589,Chl,0.172538964430993,-0.00583015295233967,mg chl per m3,305
01-Jun-2023 00:00,2023,6,0.208076027353527,0.0132077719935871,Chl,0.172493278189496,-0.00587286469558025,mg chl per m3,306
01-Jul-2023 00:00,2023,7,0.211195133735328,0.0220176033009487,Chl,0.172447591947998,-0.00591557643882084,mg chl per m3,307
01-Aug-2023 00:00,2023,8,0.153708503423018,-0.0230540532469659,Chl,0.172401905706501,-0.00595828818206142,mg chl per m3,308
01-Sep-2023 00:00,2023,9,0.124482692851601,-0.0387017312862736,Chl,0.172356219465004,-0.006000999925302,mg chl per m3,309
01-Oct-2023 00:00,2023,10,0.131367430991959,-0.0263556251302379,Chl,0.172310533223506,-0.0060437116685425904,mg chl per m3,310
01-Nov-2023 00:00,2023,11,0.121596877529744,-0.0383224844494814,Chl,0.172264846982009,-0.00608642341178317,mg chl per m3,311
01-Dec-2023 00:00,2023,12,0.133157058962033,-0.0390409307206994,Chl,0.172219160740512,-0.00612913515502375,mg chl per m3,312
01-Jan-2024 00:00,2024,1,0.164630768705655,-0.0155379046655237,Chl,0.172173474499015,-0.00617184689826434,mg chl per m3,313
01-Feb-2024 00:00,2024,2,0.169694052788501,-0.0129963067478959,Chl,0.172127788257517,-0.00621455864150492,mg chl per m3,314
01-Mar-2024 00:00,2024,3,0.191968945511641,0.0072354333598057,Chl,0.17208210201602,-0.0062572703847455,mg chl per m3,315
01-Apr-2024 00:00,2024,4,0.18790879145688,-0.00149800077644419,Chl,0.172036415774523,-0.00629998212798609,mg chl per m3,316
01-May-2024 00:00,2024,5,0.201025644384446,0.00655651931902104,Chl,0.171990729533025,-0.00634269387122667,mg chl per m3,317
01-Jun-2024 00:00,2024,6,0.198748240137542,0.00387998477760207,Chl,0.171945043291528,-0.00638540561446725,mg chl per m3,318
01-Jul-2024 00:00,2024,7,0.211837585308666,0.022660054874286,Chl,0.171899357050031,-0.00642811735770784,mg chl per m3,319
01-Aug-2024 00:00,2024,8,0.190321900621396,0.0135593439514119,Chl,0.171853670808533,-0.00647082910094842,mg chl per m3,320
01-Sep-2024 00:00,2024,9,0.184009092501794,0.0208246683639189,Chl,0.171807984567036,-0.00651354084418901,mg chl per m3,321
01-Oct-2024 00:00,2024,10,0.171647966885275,0.0139249107630781,Chl,0.171762298325539,-0.00655625258742959,mg chl per m3,322
01-Nov-2024 00:00,2024,11,0.163038965900899,0.00311960392167313,Chl,0.171716612084042,-0.00659896433067017,mg chl per m3,323
01-Dec-2024 00:00,2024,12,0.185805026760935,0.0136070370782026,Chl,0.171670925842544,-0.00664167607391076,mg chl per m3,324
01-Jan-2025 00:00,2025,1,0.186428512466621,0.00625983909544184,Chl,0.171625239601047,-0.00668438781715134,mg chl per m3,325
01-Feb-2025 00:00,2025,2,0.17409800603134,-0.00859235350505727,Chl,0.17157955335955,-0.00672709956039192,mg chl per m3,326
01-Mar-2025 00:00,2025,3,0.175712607485704,-0.00902090466613117,Chl,0.171533867118052,-0.00676981130363251,mg chl per m3,327
01-Apr-2025 00:00,2025,4,0.17405769001519,-0.0153491022181341,Chl,0.171488180876555,-0.00681252304687309,mg chl per m3,328
01-May-2025 00:00,2025,5,0.184110017528145,-0.0103591075372795,Chl,0.171442494635058,-0.00685523479011367,mg chl per m3,329
01-Jun-2025 00:00,2025,6,0.187331383594094,-0.00753687176584558,Chl,0.17139680839356,-0.00689794653335426,mg chl per m3,330
01-Jul-2025 00:00,2025,7,0.190283978460046,0.00110644802566659,Chl,0.171351122152063,-0.00694065827659484,mg chl per m3,331
01-Aug-2025 00:00,2025,8,0.178535870454922,0.00177331378493789,Chl,0.171305435910566,-0.00698337001983542,mg chl per m3,332
01-Sep-2025 00:00,2025,9,0.167482829676263,0.00429840553838864,Chl,0.171259749669069,-0.00702608176307601,mg chl per m3,333
01-Oct-2025 00:00,2025,10,0.160123330282793,0.0024002741605966,Chl,0.171214063427571,-0.00706879350631659,mg chl per m3,334
01-Nov-2025 00:00,2025,11,0.185800284871884,0.0258809228926581,Chl,0.171168377186074,-0.00711150524955718,mg chl per m3,335
01-Dec-2025 00:00,2025,12,0.187770285948451,0.015572296265718,Chl,0.171122690944577,-0.00715421699279776,mg chl per m3,336
01-Jan-1979 00:00,1979,1,6.752197265625,1.77556723736702,Rainfall,5.70349472908772,0.666792848127707,mm per day,1
01-Feb-1979 00:00,1979,2,8.15966796875,3.61497465093085,Rainfall,5.70109510915364,0.664424134635247,mm per day,2
01-Mar-1979 00:00,1979,3,7.6943359375,2.45377431017287,Rainfall,5.69869548921955,0.662055421142786,mm per day,3
01-Apr-1979 00:00,1979,4,6.1591796875,0.160130277593085,Rainfall,5.69629586928546,0.659686707650325,mm per day,4
01-May-1979 00:00,1979,5,6.8203125,0.783852435172872,Rainfall,5.69389624935137,0.657317994157864,mm per day,5
01-Jun-1979 00:00,1979,6,7.298583984375,1.50287254820479,Rainfall,5.69149662941728,0.654949280665403,mm per day,6
01-Jul-1979 00:00,1979,7,4.19287109375,-1.24691447805851,Rainfall,5.68909700948319,0.652580567172943,mm per day,7
01-Aug-1979 00:00,1979,8,4.716796875,0.271349318484043,Rainfall,5.6866973895491,0.650211853680482,mm per day,8
01-Sep-1979 00:00,1979,9,5.353271484375,1.49860787898936,Rainfall,5.68429776961502,0.647843140188021,mm per day,9
01-Oct-1979 00:00,1979,10,5.44775390625,1.49421334773936,Rainfall,5.68189814968093,0.64547442669556,mm per day,10
01-Nov-1979 00:00,1979,11,4.885498046875,0.0347926363031918,Rainfall,5.67949852974684,0.6431057132031,mm per day,11
01-Dec-1979 00:00,1979,12,4.96142578125,-0.237346243351064,Rainfall,5.67709890981275,0.640736999710639,mm per day,12
01-Jan-1980 00:00,1980,1,3.834716796875,-1.14191323138298,Rainfall,5.67469928987866,0.638368286218178,mm per day,13
01-Feb-1980 00:00,1980,2,4.49267578125,-0.0520175365691493,Rainfall,5.67229966994458,0.635999572725717,mm per day,14
01-Mar-1980 00:00,1980,3,7.026123046875,1.78556141954787,Rainfall,5.66990005001049,0.633630859233257,mm per day,15
01-Apr-1980 00:00,1980,4,7.51416015625,1.51511074634309,Rainfall,5.6675004300764,0.631262145740796,mm per day,16
01-May-1980 00:00,1980,5,7.132080078125,1.09562001329787,Rainfall,5.66510081014231,0.628893432248335,mm per day,17
01-Jun-1980 00:00,1980,6,6.848388671875,1.05267723570479,Rainfall,5.66270119020822,0.626524718755874,mm per day,18
01-Jul-1980 00:00,1980,7,7.22119140625,1.78140583444149,Rainfall,5.66030157027413,0.624156005263414,mm per day,19
01-Aug-1980 00:00,1980,8,5.614990234375,1.16954267785904,Rainfall,5.65790195034004,0.621787291770953,mm per day,20
01-Sep-1980 00:00,1980,9,3.81640625,-0.038257355385638,Rainfall,5.65550233040596,0.619418578278492,mm per day,21
01-Oct-1980 00:00,1980,10,5.341796875,1.38825631648936,Rainfall,5.65310271047187,0.617049864786031,mm per day,22
01-Nov-1980 00:00,1980,11,5.53466796875,0.683962558178192,Rainfall,5.65070309053778,0.61468115129357,mm per day,23
01-Dec-1980 00:00,1980,12,4.935791015625,-0.262981008976064,Rainfall,5.64830347060369,0.61231243780111,mm per day,24
01-Jan-1981 00:00,1981,1,3.94677734375,-1.02985268450798,Rainfall,5.6459038506696,0.609943724308649,mm per day,25
01-Feb-1981 00:00,1981,2,4.37255859375,-0.172134724069149,Rainfall,5.64350423073551,0.607575010816188,mm per day,26
01-Mar-1981 00:00,1981,3,7.4716796875,2.23111806017287,Rainfall,5.64110461080143,0.605206297323727,mm per day,27
01-Apr-1981 00:00,1981,4,9.154052734375,3.15500332446809,Rainfall,5.63870499086734,0.602837583831267,mm per day,28
01-May-1981 00:00,1981,5,7.3232421875,1.28678212267287,Rainfall,5.63630537093325,0.600468870338806,mm per day,29
01-Jun-1981 00:00,1981,6,5.932861328125,0.137149891954787,Rainfall,5.63390575099916,0.598100156846345,mm per day,30
01-Jul-1981 00:00,1981,7,5.10302734375,-0.33675822805851,Rainfall,5.63150613106507,0.595731443353884,mm per day,31
01-Aug-1981 00:00,1981,8,4.1669921875,-0.278455369015957,Rainfall,5.62910651113098,0.593362729861423,mm per day,32
01-Sep-1981 00:00,1981,9,4.054931640625,0.200268035239362,Rainfall,5.6267068911969,0.590994016368963,mm per day,33
01-Oct-1981 00:00,1981,10,3.040283203125,-0.913257355385638,Rainfall,5.62430727126281,0.588625302876502,mm per day,34
01-Nov-1981 00:00,1981,11,5.61669921875,0.765993808178192,Rainfall,5.62190765132872,0.586256589384041,mm per day,35
01-Dec-1981 00:00,1981,12,3.9189453125,-1.27982671210106,Rainfall,5.61950803139463,0.58388787589158,mm per day,36
01-Jan-1982 00:00,1982,1,2.745849609375,-2.23078041888298,Rainfall,5.61710841146054,0.58151916239912,mm per day,37
01-Feb-1982 00:00,1982,2,3.7138671875,-0.830826130319149,Rainfall,5.61470879152645,0.579150448906659,mm per day,38
01-Mar-1982 00:00,1982,3,5.37646484375,0.135903216422872,Rainfall,5.61230917159236,0.576781735414198,mm per day,39
01-Apr-1982 00:00,1982,4,7.202880859375,1.20383144946809,Rainfall,5.60990955165828,0.574413021921737,mm per day,40
01-May-1982 00:00,1982,5,5.50537109375,-0.531088971077128,Rainfall,5.60750993172419,0.572044308429276,mm per day,41
01-Jun-1982 00:00,1982,6,6.623046875,0.827335438829787,Rainfall,5.6051103117901,0.569675594936816,mm per day,42
01-Jul-1982 00:00,1982,7,7.830322265625,2.39053669381649,Rainfall,5.60271069185601,0.567306881444355,mm per day,43
01-Aug-1982 00:00,1982,8,7.1748046875,2.72935713098404,Rainfall,5.60031107192192,0.564938167951894,mm per day,44
01-Sep-1982 00:00,1982,9,8.08154296875,4.22687936336436,Rainfall,5.59791145198783,0.562569454459433,mm per day,45
01-Oct-1982 00:00,1982,10,8.23486328125,4.28132272273936,Rainfall,5.59551183205375,0.560200740966973,mm per day,46
01-Nov-1982 00:00,1982,11,10.8408203125,5.99011490192819,Rainfall,5.59311221211966,0.557832027474512,mm per day,47
01-Dec-1982 00:00,1982,12,8.370361328125,3.17158930352394,Rainfall,5.59071259218557,0.555463313982051,mm per day,48
01-Jan-1983 00:00,1983,1,6.975341796875,1.99871176861702,Rainfall,5.58831297225148,0.55309460048959,mm per day,49
01-Feb-1983 00:00,1983,2,6.76025390625,2.21556058843085,Rainfall,5.58591335231739,0.55072588699713,mm per day,50
01-Mar-1983 00:00,1983,3,4.17236328125,-1.06819834607713,Rainfall,5.5835137323833,0.548357173504669,mm per day,51
01-Apr-1983 00:00,1983,4,5.84912109375,-0.149928316156915,Rainfall,5.58111411244922,0.545988460012208,mm per day,52
01-May-1983 00:00,1983,5,7.778564453125,1.74210438829787,Rainfall,5.57871449251513,0.543619746519747,mm per day,53
01-Jun-1983 00:00,1983,6,8.097900390625,2.30218895445479,Rainfall,5.57631487258104,0.541251033027286,mm per day,54
01-Jul-1983 00:00,1983,7,8.88916015625,3.44937458444149,Rainfall,5.57391525264695,0.538882319534826,mm per day,55
01-Aug-1983 00:00,1983,8,4.4619140625,0.0164665059840425,Rainfall,5.57151563271286,0.536513606042365,mm per day,56
01-Sep-1983 00:00,1983,9,3.242919921875,-0.611743683510638,Rainfall,5.56911601277877,0.534144892549904,mm per day,57
01-Oct-1983 00:00,1983,10,2.807373046875,-1.14616751163564,Rainfall,5.56671639284469,0.531776179057443,mm per day,58
01-Nov-1983 00:00,1983,11,4.293701171875,-0.557004238696808,Rainfall,5.5643167729106,0.529407465564983,mm per day,59
01-Dec-1983 00:00,1983,12,1.5205078125,-3.67826421210106,Rainfall,5.56191715297651,0.527038752072522,mm per day,60
01-Jan-1984 00:00,1984,1,2.519775390625,-2.45685463763298,Rainfall,5.55951753304242,0.524670038580061,mm per day,61
01-Feb-1984 00:00,1984,2,2.28125,-2.26344331781915,Rainfall,5.55711791310833,0.5223013250876,mm per day,62
01-Mar-1984 00:00,1984,3,1.568115234375,-3.67244639295213,Rainfall,5.55471829317424,0.51993261159514,mm per day,63
01-Apr-1984 00:00,1984,4,3.132080078125,-2.86696933178191,Rainfall,5.55231867324016,0.517563898102679,mm per day,64
01-May-1984 00:00,1984,5,3.51953125,-2.51692881482713,Rainfall,5.54991905330607,0.515195184610218,mm per day,65
01-Jun-1984 00:00,1984,6,4.158203125,-1.63750831117021,Rainfall,5.54751943337198,0.512826471117757,mm per day,66
01-Jul-1984 00:00,1984,7,3.412353515625,-2.02743205618351,Rainfall,5.54511981343789,0.510457757625296,mm per day,67
01-Aug-1984 00:00,1984,8,3.39013671875,-1.05531083776596,Rainfall,5.5427201935038,0.508089044132836,mm per day,68
01-Sep-1984 00:00,1984,9,2.948486328125,-0.906177277260638,Rainfall,5.54032057356971,0.505720330640375,mm per day,69
01-Oct-1984 00:00,1984,10,3.391845703125,-0.561694855385638,Rainfall,5.53792095363563,0.503351617147914,mm per day,70
01-Nov-1984 00:00,1984,11,4.253662109375,-0.597043301196808,Rainfall,5.53552133370154,0.500982903655453,mm per day,71
01-Dec-1984 00:00,1984,12,4.4033203125,-0.795451712101064,Rainfall,5.53312171376745,0.498614190162993,mm per day,72
01-Jan-1985 00:00,1985,1,3.202392578125,-1.77423745013298,Rainfall,5.53072209383336,0.496245476670532,mm per day,73
01-Feb-1985 00:00,1985,2,2.435302734375,-2.10939058344415,Rainfall,5.52832247389927,0.493876763178071,mm per day,74
01-Mar-1985 00:00,1985,3,5.104736328125,-0.135825299202128,Rainfall,5.52592285396518,0.49150804968561,mm per day,75
01-Apr-1985 00:00,1985,4,5.394287109375,-0.604762300531915,Rainfall,5.5235232340311,0.489139336193149,mm per day,76
01-May-1985 00:00,1985,5,5.16552734375,-0.870932721077128,Rainfall,5.52112361409701,0.486770622700689,mm per day,77
01-Jun-1985 00:00,1985,6,5.8154296875,0.0197182513297873,Rainfall,5.51872399416292,0.484401909208228,mm per day,78
01-Jul-1985 00:00,1985,7,4.5927734375,-0.84701213430851,Rainfall,5.51632437422883,0.482033195715767,mm per day,79
01-Aug-1985 00:00,1985,8,4.453125,0.00767744348404253,Rainfall,5.51392475429474,0.479664482223306,mm per day,80
01-Sep-1985 00:00,1985,9,3.7138671875,-0.140796417885638,Rainfall,5.51152513436065,0.477295768730846,mm per day,81
01-Oct-1985 00:00,1985,10,3.714599609375,-0.238940949135638,Rainfall,5.50912551442656,0.474927055238385,mm per day,82
01-Nov-1985 00:00,1985,11,4.354248046875,-0.496457363696808,Rainfall,5.50672589449248,0.472558341745924,mm per day,83
01-Dec-1985 00:00,1985,12,5.2021484375,0.00337641289893575,Rainfall,5.50432627455839,0.470189628253463,mm per day,84
01-Jan-1986 00:00,1986,1,4.201416015625,-0.775214012632978,Rainfall,5.5019266546243,0.467820914761003,mm per day,85
01-Feb-1986 00:00,1986,2,3.010009765625,-1.53468355219415,Rainfall,5.49952703469021,0.465452201268542,mm per day,86
01-Mar-1986 00:00,1986,3,5.543212890625,0.302651263297872,Rainfall,5.49712741475612,0.463083487776081,mm per day,87
01-Apr-1986 00:00,1986,4,4.30224609375,-1.69680331615691,Rainfall,5.49472779482203,0.46071477428362,mm per day,88
01-May-1986 00:00,1986,5,4.83203125,-1.20442881482713,Rainfall,5.49232817488795,0.458346060791159,mm per day,89
01-Jun-1986 00:00,1986,6,7.360107421875,1.56439598570479,Rainfall,5.48992855495386,0.455977347298699,mm per day,90
01-Jul-1986 00:00,1986,7,6.565673828125,1.12588825631649,Rainfall,5.48752893501977,0.453608633806238,mm per day,91
01-Aug-1986 00:00,1986,8,3.514892578125,-0.930554978390957,Rainfall,5.48512931508568,0.451239920313777,mm per day,92
01-Sep-1986 00:00,1986,9,4.963623046875,1.10895944148936,Rainfall,5.48272969515159,0.448871206821316,mm per day,93
01-Oct-1986 00:00,1986,10,5.196044921875,1.24250436336436,Rainfall,5.4803300752175,0.446502493328856,mm per day,94
01-Nov-1986 00:00,1986,11,6.3525390625,1.50183365192819,Rainfall,5.47793045528342,0.444133779836395,mm per day,95
01-Dec-1986 00:00,1986,12,9.543701171875,4.34492914727394,Rainfall,5.47553083534933,0.441765066343934,mm per day,96
01-Jan-1987 00:00,1987,1,13.896484375,8.91985434674202,Rainfall,5.47313121541524,0.439396352851473,mm per day,97
01-Feb-1987 00:00,1987,2,9.335693359375,4.79100004155585,Rainfall,5.47073159548115,0.437027639359012,mm per day,98
01-Mar-1987 00:00,1987,3,10.00830078125,4.76773915392287,Rainfall,5.46833197554706,0.434658925866552,mm per day,99
01-Apr-1987 00:00,1987,4,11.21875,5.21970059009309,Rainfall,5.46593235561297,0.432290212374091,mm per day,100
01-May-1987 00:00,1987,5,12.77099609375,6.73453602892287,Rainfall,5.46353273567889,0.42992149888163,mm per day,101
01-Jun-1987 00:00,1987,6,7.403076171875,1.60736473570479,Rainfall,5.4611331157448,0.427552785389169,mm per day,102
01-Jul-1987 00:00,1987,7,10.451904296875,5.01211872506649,Rainfall,5.45873349581071,0.425184071896709,mm per day,103
01-Aug-1987 00:00,1987,8,7.171875,2.72642744348404,Rainfall,5.45633387587662,0.422815358404248,mm per day,104
01-Sep-1987 00:00,1987,9,5.414306640625,1.55964303523936,Rainfall,5.45393425594253,0.420446644911787,mm per day,105
01-Oct-1987 00:00,1987,10,4.8896484375,0.936107878989362,Rainfall,5.45153463600844,0.418077931419326,mm per day,106
01-Nov-1987 00:00,1987,11,7.695068359375,2.84436294880319,Rainfall,5.44913501607436,0.415709217926865,mm per day,107
01-Dec-1987 00:00,1987,12,5.64306640625,0.444294381648936,Rainfall,5.44673539614027,0.413340504434405,mm per day,108
01-Jan-1988 00:00,1988,1,7.08935546875,2.11272544049202,Rainfall,5.44433577620618,0.410971790941944,mm per day,109
01-Feb-1988 00:00,1988,2,4.963134765625,0.418441447805851,Rainfall,5.44193615627209,0.408603077449483,mm per day,110
01-Mar-1988 00:00,1988,3,3.646728515625,-1.59383311170213,Rainfall,5.439536536338,0.406234363957022,mm per day,111
01-Apr-1988 00:00,1988,4,4.046875,-1.95217440990691,Rainfall,5.43713691640391,0.403865650464562,mm per day,112
01-May-1988 00:00,1988,5,4.785400390625,-1.25105967420213,Rainfall,5.43473729646982,0.401496936972101,mm per day,113
01-Jun-1988 00:00,1988,6,3.237060546875,-2.55865088929521,Rainfall,5.43233767653574,0.39912822347964,mm per day,114
01-Jul-1988 00:00,1988,7,2.78955078125,-2.65023479055851,Rainfall,5.42993805660165,0.396759509987179,mm per day,115
01-Aug-1988 00:00,1988,8,1.58251953125,-2.86292802526596,Rainfall,5.42753843666756,0.394390796494719,mm per day,116
01-Sep-1988 00:00,1988,9,1.919189453125,-1.93547415226064,Rainfall,5.42513881673347,0.392022083002258,mm per day,117
01-Oct-1988 00:00,1988,10,1.763427734375,-2.19011282413564,Rainfall,5.42273919679938,0.389653369509797,mm per day,118
01-Nov-1988 00:00,1988,11,1.483154296875,-3.36755111369681,Rainfall,5.42033957686529,0.387284656017336,mm per day,119
01-Dec-1988 00:00,1988,12,0.901611328125,-4.29716069647606,Rainfall,5.41793995693121,0.384915942524875,mm per day,120
01-Jan-1989 00:00,1989,1,1.57568359375,-3.40094643450798,Rainfall,5.41554033699712,0.382547229032415,mm per day,121
01-Feb-1989 00:00,1989,2,1.447509765625,-3.09718355219415,Rainfall,5.41314071706303,0.380178515539954,mm per day,122
01-Mar-1989 00:00,1989,3,1.975341796875,-3.26521983045213,Rainfall,5.41074109712894,0.377809802047493,mm per day,123
01-Apr-1989 00:00,1989,4,4.964111328125,-1.03493808178191,Rainfall,5.40834147719485,0.375441088555032,mm per day,124
01-May-1989 00:00,1989,5,4.509033203125,-1.52742686170213,Rainfall,5.40594185726076,0.373072375062572,mm per day,125
01-Jun-1989 00:00,1989,6,4.645751953125,-1.14995948304521,Rainfall,5.40354223732668,0.370703661570111,mm per day,126
01-Jul-1989 00:00,1989,7,6.063232421875,0.62344685006649,Rainfall,5.40114261739259,0.36833494807765,mm per day,127
01-Aug-1989 00:00,1989,8,5.1337890625,0.688341505984043,Rainfall,5.3987429974585,0.365966234585189,mm per day,128
01-Sep-1989 00:00,1989,9,3.414794921875,-0.439868683510638,Rainfall,5.39634337752441,0.363597521092729,mm per day,129
01-Oct-1989 00:00,1989,10,3.661865234375,-0.291675324135638,Rainfall,5.39394375759032,0.361228807600268,mm per day,130
01-Nov-1989 00:00,1989,11,3.448974609375,-1.40173080119681,Rainfall,5.39154413765623,0.358860094107807,mm per day,131
01-Dec-1989 00:00,1989,12,3.15673828125,-2.04203374335106,Rainfall,5.38914451772215,0.356491380615346,mm per day,132
01-Jan-1990 00:00,1990,1,5.5888671875,0.612237159242022,Rainfall,5.38674489778806,0.354122667122885,mm per day,133
01-Feb-1990 00:00,1990,2,6.05712890625,1.51243558843085,Rainfall,5.38434527785397,0.351753953630425,mm per day,134
01-Mar-1990 00:00,1990,3,7.12939453125,1.88883290392287,Rainfall,5.38194565791988,0.349385240137964,mm per day,135
01-Apr-1990 00:00,1990,4,8.118896484375,2.11984707446809,Rainfall,5.37954603798579,0.347016526645503,mm per day,136
01-May-1990 00:00,1990,5,7.384033203125,1.34757313829787,Rainfall,5.3771464180517,0.344647813153042,mm per day,137
01-Jun-1990 00:00,1990,6,6.814453125,1.01874168882979,Rainfall,5.37474679811762,0.342279099660582,mm per day,138
01-Jul-1990 00:00,1990,7,5.9404296875,0.50064411569149,Rainfall,5.37234717818353,0.339910386168121,mm per day,139
01-Aug-1990 00:00,1990,8,4.494384765625,0.0489372091090425,Rainfall,5.36994755824944,0.33754167267566,mm per day,140
01-Sep-1990 00:00,1990,9,4.69384765625,0.839184050864362,Rainfall,5.36754793831535,0.335172959183199,mm per day,141
01-Oct-1990 00:00,1990,10,5.495361328125,1.54182076961436,Rainfall,5.36514831838126,0.332804245690738,mm per day,142
01-Nov-1990 00:00,1990,11,4.75830078125,-0.0924046293218082,Rainfall,5.36274869844717,0.330435532198278,mm per day,143
01-Dec-1990 00:00,1990,12,4.86865234375,-0.330119680851064,Rainfall,5.36034907851309,0.328066818705817,mm per day,144
01-Jan-1991 00:00,1991,1,6.5732421875,1.59661215924202,Rainfall,5.357949458579,0.325698105213356,mm per day,145
01-Feb-1991 00:00,1991,2,5.528076171875,0.983382854055851,Rainfall,5.35554983864491,0.323329391720895,mm per day,146
01-Mar-1991 00:00,1991,3,7.3349609375,2.09439931017287,Rainfall,5.35315021871082,0.320960678228435,mm per day,147
01-Apr-1991 00:00,1991,4,8.07861328125,2.07956387134309,Rainfall,5.35075059877673,0.318591964735974,mm per day,148
01-May-1991 00:00,1991,5,8.745849609375,2.70938954454787,Rainfall,5.34835097884264,0.316223251243513,mm per day,149
01-Jun-1991 00:00,1991,6,7.94189453125,2.14618309507979,Rainfall,5.34595135890855,0.313854537751052,mm per day,150
01-Jul-1991 00:00,1991,7,8.134521484375,2.69473591256649,Rainfall,5.34355173897447,0.311485824258592,mm per day,151
01-Aug-1991 00:00,1991,8,5.54638671875,1.10093916223404,Rainfall,5.34115211904038,0.309117110766131,mm per day,152
01-Sep-1991 00:00,1991,9,4.280029296875,0.425365691489362,Rainfall,5.33875249910629,0.30674839727367,mm per day,153
01-Oct-1991 00:00,1991,10,3.678466796875,-0.275073761635638,Rainfall,5.3363528791722,0.304379683781209,mm per day,154
01-Nov-1991 00:00,1991,11,10.208251953125,5.35754654255319,Rainfall,5.33395325923811,0.302010970288748,mm per day,155
01-Dec-1991 00:00,1991,12,7.830810546875,2.63203852227394,Rainfall,5.33155363930402,0.299642256796288,mm per day,156
01-Jan-1992 00:00,1992,1,11.100830078125,6.12420004986702,Rainfall,5.32915401936994,0.297273543303827,mm per day,157
01-Feb-1992 00:00,1992,2,9.9765625,5.43186918218085,Rainfall,5.32675439943585,0.294904829811366,mm per day,158
01-Mar-1992 00:00,1992,3,18.90478515625,13.6642235289229,Rainfall,5.32435477950176,0.292536116318905,mm per day,159
01-Apr-1992 00:00,1992,4,14.034423828125,8.03537441821809,Rainfall,5.32195515956767,0.290167402826445,mm per day,160
01-May-1992 00:00,1992,5,10.345458984375,4.30899891954787,Rainfall,5.31955553963358,0.287798689333984,mm per day,161
01-Jun-1992 00:00,1992,6,8.240234375,2.44452293882979,Rainfall,5.31715591969949,0.285429975841523,mm per day,162
01-Jul-1992 00:00,1992,7,4.56005859375,-0.87972697805851,Rainfall,5.31475629976541,0.283061262349062,mm per day,163
01-Aug-1992 00:00,1992,8,3.514404296875,-0.931043259640957,Rainfall,5.31235667983132,0.280692548856601,mm per day,164
01-Sep-1992 00:00,1992,9,2.800537109375,-1.05412649601064,Rainfall,5.30995705989723,0.278323835364141,mm per day,165
01-Oct-1992 00:00,1992,10,3.806884765625,-0.146655792885638,Rainfall,5.30755743996314,0.27595512187168,mm per day,166
01-Nov-1992 00:00,1992,11,3.32763671875,-1.52306869182181,Rainfall,5.30515782002905,0.273586408379219,mm per day,167
01-Dec-1992 00:00,1992,12,5.344482421875,0.145710397273936,Rainfall,5.30275820009496,0.271217694886758,mm per day,168
01-Jan-1993 00:00,1993,1,6.13037109375,1.15374106549202,Rainfall,5.30035858016088,0.268848981394298,mm per day,169
01-Feb-1993 00:00,1993,2,6.19091796875,1.64622465093085,Rainfall,5.29795896022679,0.266480267901837,mm per day,170
01-Mar-1993 00:00,1993,3,7.295654296875,2.05509266954787,Rainfall,5.2955593402927,0.264111554409376,mm per day,171
01-Apr-1993 00:00,1993,4,11.531982421875,5.53293301196809,Rainfall,5.29315972035861,0.261742840916915,mm per day,172
01-May-1993 00:00,1993,5,6.3798828125,0.343422747672872,Rainfall,5.29076010042452,0.259374127424455,mm per day,173
01-Jun-1993 00:00,1993,6,5.342529296875,-0.453182139295213,Rainfall,5.28836048049043,0.257005413931994,mm per day,174
01-Jul-1993 00:00,1993,7,6.15087890625,0.71109333444149,Rainfall,5.28596086055635,0.254636700439533,mm per day,175
01-Aug-1993 00:00,1993,8,4.234619140625,-0.210828415890957,Rainfall,5.28356124062226,0.252267986947072,mm per day,176
01-Sep-1993 00:00,1993,9,4.252685546875,0.398021941489362,Rainfall,5.28116162068817,0.249899273454611,mm per day,177
01-Oct-1993 00:00,1993,10,4.3935546875,0.440014128989362,Rainfall,5.27876200075408,0.247530559962151,mm per day,178
01-Nov-1993 00:00,1993,11,5.746337890625,0.895632480053192,Rainfall,5.27636238081999,0.24516184646969,mm per day,179
01-Dec-1993 00:00,1993,12,6.689697265625,1.49092524102394,Rainfall,5.2739627608859,0.242793132977229,mm per day,180
01-Jan-1994 00:00,1994,1,4.56884765625,-0.407782372007978,Rainfall,5.27156314095182,0.240424419484768,mm per day,181
01-Feb-1994 00:00,1994,2,4.25,-0.294693317819149,Rainfall,5.26916352101773,0.238055705992308,mm per day,182
01-Mar-1994 00:00,1994,3,4.82421875,-0.416342877327128,Rainfall,5.26676390108364,0.235686992499847,mm per day,183
01-Apr-1994 00:00,1994,4,7.381103515625,1.38205410571809,Rainfall,5.26436428114955,0.233318279007386,mm per day,184
01-May-1994 00:00,1994,5,5.6806640625,-0.355796002327128,Rainfall,5.26196466121546,0.230949565514925,mm per day,185
01-Jun-1994 00:00,1994,6,5.784423828125,-0.0112876080452127,Rainfall,5.25956504128137,0.228580852022464,mm per day,186
01-Jul-1994 00:00,1994,7,4.042236328125,-1.39754924368351,Rainfall,5.25716542134728,0.226212138530004,mm per day,187
01-Aug-1994 00:00,1994,8,4.130859375,-0.314588181515957,Rainfall,5.2547658014132,0.223843425037543,mm per day,188
01-Sep-1994 00:00,1994,9,3.527587890625,-0.327075714760638,Rainfall,5.25236618147911,0.221474711545082,mm per day,189
01-Oct-1994 00:00,1994,10,4.047119140625,0.093578582114362,Rainfall,5.24996656154502,0.219105998052621,mm per day,190
01-Nov-1994 00:00,1994,11,6.95849609375,2.10779068317819,Rainfall,5.24756694161093,0.216737284560161,mm per day,191
01-Dec-1994 00:00,1994,12,13.491455078125,8.29268305352394,Rainfall,5.24516732167684,0.2143685710677,mm per day,192
01-Jan-1995 00:00,1995,1,12.281494140625,7.30486411236702,Rainfall,5.24276770174275,0.211999857575239,mm per day,193
01-Feb-1995 00:00,1995,2,5.816162109375,1.27146879155585,Rainfall,5.24036808180867,0.209631144082778,mm per day,194
01-Mar-1995 00:00,1995,3,5.090087890625,-0.150473736702128,Rainfall,5.23796846187458,0.207262430590318,mm per day,195
01-Apr-1995 00:00,1995,4,5.90478515625,-0.0942642536569149,Rainfall,5.23556884194049,0.204893717097857,mm per day,196
01-May-1995 00:00,1995,5,5.3173828125,-0.719077252327128,Rainfall,5.2331692220064,0.202525003605396,mm per day,197
01-Jun-1995 00:00,1995,6,5.14404296875,-0.651668467420213,Rainfall,5.23076960207231,0.200156290112935,mm per day,198
01-Jul-1995 00:00,1995,7,4.298828125,-1.14095744680851,Rainfall,5.22836998213822,0.197787576620474,mm per day,199
01-Aug-1995 00:00,1995,8,3.6318359375,-0.813611619015957,Rainfall,5.22597036220414,0.195418863128014,mm per day,200
01-Sep-1995 00:00,1995,9,2.94091796875,-0.913745636635638,Rainfall,5.22357074227005,0.193050149635553,mm per day,201
01-Oct-1995 00:00,1995,10,1.95068359375,-2.00285696476064,Rainfall,5.22117112233596,0.190681436143092,mm per day,202
01-Nov-1995 00:00,1995,11,2.72314453125,-2.12756087932181,Rainfall,5.21877150240187,0.188312722650631,mm per day,203
01-Dec-1995 00:00,1995,12,2.296142578125,-2.90262944647606,Rainfall,5.21637188246778,0.185944009158171,mm per day,204
01-Jan-1996 00:00,1996,1,1.947021484375,-3.02960854388298,Rainfall,5.21397226253369,0.18357529566571,mm per day,205
01-Feb-1996 00:00,1996,2,2.7666015625,-1.77809175531915,Rainfall,5.21157264259961,0.181206582173249,mm per day,206
01-Mar-1996 00:00,1996,3,2.0185546875,-3.22200693982713,Rainfall,5.20917302266552,0.178837868680788,mm per day,207
01-Apr-1996 00:00,1996,4,5.763427734375,-0.235621675531915,Rainfall,5.20677340273143,0.176469155188328,mm per day,208
01-May-1996 00:00,1996,5,4.758544921875,-1.27791514295213,Rainfall,5.20437378279734,0.174100441695867,mm per day,209
01-Jun-1996 00:00,1996,6,5.45751953125,-0.338191904920213,Rainfall,5.20197416286325,0.171731728203406,mm per day,210
01-Jul-1996 00:00,1996,7,4.642822265625,-0.79696330618351,Rainfall,5.19957454292916,0.169363014710945,mm per day,211
01-Aug-1996 00:00,1996,8,4.83642578125,0.390978224734043,Rainfall,5.19717492299508,0.166994301218484,mm per day,212
01-Sep-1996 00:00,1996,9,2.991943359375,-0.862720246010638,Rainfall,5.19477530306099,0.164625587726024,mm per day,213
01-Oct-1996 00:00,1996,10,3.718505859375,-0.235034699135638,Rainfall,5.1923756831269,0.162256874233563,mm per day,214
01-Nov-1996 00:00,1996,11,2.57080078125,-2.27990462932181,Rainfall,5.18997606319281,0.159888160741102,mm per day,215
01-Dec-1996 00:00,1996,12,3.0712890625,-2.12748296210106,Rainfall,5.18757644325872,0.157519447248641,mm per day,216
01-Jan-1997 00:00,1997,1,2.377685546875,-2.59894448138298,Rainfall,5.18517682332463,0.15515073375618,mm per day,217
01-Feb-1997 00:00,1997,2,3.18017578125,-1.36451753656915,Rainfall,5.18277720339055,0.15278202026372,mm per day,218
01-Mar-1997 00:00,1997,3,3.9140625,-1.32649912732713,Rainfall,5.18037758345646,0.150413306771259,mm per day,219
01-Apr-1997 00:00,1997,4,9.14306640625,3.14401699634309,Rainfall,5.17797796352237,0.148044593278798,mm per day,220
01-May-1997 00:00,1997,5,12.060546875,6.02408681017287,Rainfall,5.17557834358828,0.145675879786337,mm per day,221
01-Jun-1997 00:00,1997,6,10.476806640625,4.68109520445479,Rainfall,5.17317872365419,0.143307166293877,mm per day,222
01-Jul-1997 00:00,1997,7,9.192626953125,3.75284138131649,Rainfall,5.1707791037201,0.140938452801416,mm per day,223
01-Aug-1997 00:00,1997,8,11.046142578125,6.60069502160904,Rainfall,5.16837948378601,0.138569739308955,mm per day,224
01-Sep-1997 00:00,1997,9,7.24853515625,3.39387155086436,Rainfall,5.16597986385193,0.136201025816494,mm per day,225
01-Oct-1997 00:00,1997,10,10.600830078125,6.64728951961436,Rainfall,5.16358024391784,0.133832312324034,mm per day,226
01-Nov-1997 00:00,1997,11,6.694091796875,1.84338638630319,Rainfall,5.16118062398375,0.131463598831573,mm per day,227
01-Dec-1997 00:00,1997,12,7.579345703125,2.38057367852394,Rainfall,5.15878100404966,0.129094885339112,mm per day,228
01-Jan-1998 00:00,1998,1,5.76708984375,0.790459815492022,Rainfall,5.15638138411557,0.126726171846651,mm per day,229
01-Feb-1998 00:00,1998,2,6.1396484375,1.59495511968085,Rainfall,5.15398176418148,0.124357458354191,mm per day,230
01-Mar-1998 00:00,1998,3,3.63232421875,-1.60823740857713,Rainfall,5.1515821442474,0.12198874486173,mm per day,231
01-Apr-1998 00:00,1998,4,1.264892578125,-4.73415683178191,Rainfall,5.14918252431331,0.119620031369269,mm per day,232
01-May-1998 00:00,1998,5,5.0498046875,-0.986655377327128,Rainfall,5.14678290437922,0.117251317876808,mm per day,233
01-Jun-1998 00:00,1998,6,4.00732421875,-1.78838721742021,Rainfall,5.14438328444513,0.114882604384347,mm per day,234
01-Jul-1998 00:00,1998,7,3.074462890625,-2.36532268118351,Rainfall,5.14198366451104,0.112513890891887,mm per day,235
01-Aug-1998 00:00,1998,8,2.179443359375,-2.26600419714096,Rainfall,5.13958404457695,0.110145177399426,mm per day,236
01-Sep-1998 00:00,1998,9,1.33203125,-2.52263235538564,Rainfall,5.13718442464287,0.107776463906965,mm per day,237
01-Oct-1998 00:00,1998,10,2.1435546875,-1.80998587101064,Rainfall,5.13478480470878,0.105407750414504,mm per day,238
01-Nov-1998 00:00,1998,11,3.290771484375,-1.55993392619681,Rainfall,5.13238518477469,0.103039036922044,mm per day,239
01-Dec-1998 00:00,1998,12,2.02392578125,-3.17484624335106,Rainfall,5.1299855648406,0.100670323429583,mm per day,240
01-Jan-1999 00:00,1999,1,1.006103515625,-3.97052651263298,Rainfall,5.12758594490651,0.098301609937122,mm per day,241
01-Feb-1999 00:00,1999,2,1.041748046875,-3.50294527094415,Rainfall,5.12518632497242,0.0959328964446612,mm per day,242
01-Mar-1999 00:00,1999,3,1.8701171875,-3.37044443982713,Rainfall,5.12278670503834,0.0935641829522005,mm per day,243
01-Apr-1999 00:00,1999,4,1.309814453125,-4.68923495678191,Rainfall,5.12038708510425,0.0911954694597397,mm per day,244
01-May-1999 00:00,1999,5,3.026123046875,-3.01033701795213,Rainfall,5.11798746517016,0.088826755967279,mm per day,245
01-Jun-1999 00:00,1999,6,4.291259765625,-1.50445167054521,Rainfall,5.11558784523607,0.0864580424748181,mm per day,246
01-Jul-1999 00:00,1999,7,4.283203125,-1.15658244680851,Rainfall,5.11318822530198,0.0840893289823573,mm per day,247
01-Aug-1999 00:00,1999,8,2.4345703125,-2.01087724401596,Rainfall,5.11078860536789,0.0817206154898966,mm per day,248
01-Sep-1999 00:00,1999,9,2.406982421875,-1.44768118351064,Rainfall,5.10838898543381,0.0793519019974358,mm per day,249
01-Oct-1999 00:00,1999,10,2.853271484375,-1.10026907413564,Rainfall,5.10598936549972,0.0769831885049751,mm per day,250
01-Nov-1999 00:00,1999,11,3.483642578125,-1.36706283244681,Rainfall,5.10358974556563,0.0746144750125143,mm per day,251
01-Dec-1999 00:00,1999,12,1.6171875,-3.58158452460106,Rainfall,5.10119012563154,0.0722457615200535,mm per day,252
01-Jan-2000 00:00,2000,1,1.21826171875,-3.75836830950798,Rainfall,5.09879050569745,0.0698770480275928,mm per day,253
01-Feb-2000 00:00,2000,2,1.425048828125,-3.11964448969415,Rainfall,5.09639088576336,0.0675083345351319,mm per day,254
01-Mar-2000 00:00,2000,3,0.8056640625,-4.43489756482713,Rainfall,5.09399126582927,0.0651396210426712,mm per day,255
01-Apr-2000 00:00,2000,4,2.29443359375,-3.70461581615691,Rainfall,5.09159164589519,0.0627709075502104,mm per day,256
01-May-2000 00:00,2000,5,2.7841796875,-3.25228037732713,Rainfall,5.0891920259611,0.0604021940577496,mm per day,257
01-Jun-2000 00:00,2000,6,2.01953125,-3.77618018617021,Rainfall,5.08679240602701,0.0580334805652889,mm per day,258
01-Jul-2000 00:00,2000,7,3.971435546875,-1.46835002493351,Rainfall,5.08439278609292,0.0556647670728281,mm per day,259
01-Aug-2000 00:00,2000,8,3.47119140625,-0.974256150265957,Rainfall,5.08199316615883,0.0532960535803674,mm per day,260
01-Sep-2000 00:00,2000,9,3.302001953125,-0.552661652260638,Rainfall,5.07959354622474,0.0509273400879066,mm per day,261
01-Oct-2000 00:00,2000,10,3.4453125,-0.508228058510638,Rainfall,5.07719392629066,0.0485586265954457,mm per day,262
01-Nov-2000 00:00,2000,11,3.022705078125,-1.82800033244681,Rainfall,5.07479430635657,0.046189913102985,mm per day,263
01-Dec-2000 00:00,2000,12,3.144775390625,-2.05399663397606,Rainfall,5.07239468642248,0.0438211996105242,mm per day,264
01-Jan-2001 00:00,2001,1,2.27783203125,-2.69879799700798,Rainfall,5.06999506648839,0.0414524861180635,mm per day,265
01-Feb-2001 00:00,2001,2,2.78662109375,-1.75807222406915,Rainfall,5.0675954465543,0.0390837726256027,mm per day,266
01-Mar-2001 00:00,2001,3,2.3095703125,-2.93099131482713,Rainfall,5.06519582662021,0.0367150591331419,mm per day,267
01-Apr-2001 00:00,2001,4,5.052734375,-0.946315034906915,Rainfall,5.06279620668613,0.0343463456406812,mm per day,268
01-May-2001 00:00,2001,5,5.84228515625,-0.194174908577128,Rainfall,5.06039658675204,0.0319776321482204,mm per day,269
01-Jun-2001 00:00,2001,6,4.369384765625,-1.42632667054521,Rainfall,5.05799696681795,0.0296089186557597,mm per day,270
01-Jul-2001 00:00,2001,7,4.641845703125,-0.79793986868351,Rainfall,5.05559734688386,0.0272402051632988,mm per day,271
01-Aug-2001 00:00,2001,8,4.648193359375,0.202745802859043,Rainfall,5.05319772694977,0.024871491670838,mm per day,272
01-Sep-2001 00:00,2001,9,4.72998046875,0.875316863364362,Rainfall,5.05079810701568,0.0225027781783773,mm per day,273
01-Oct-2001 00:00,2001,10,4.193115234375,0.239574675864362,Rainfall,5.0483984870816,0.0201340646859165,mm per day,274
01-Nov-2001 00:00,2001,11,4.9609375,0.110232089428192,Rainfall,5.04599886714751,0.0177653511934558,mm per day,275
01-Dec-2001 00:00,2001,12,5.982177734375,0.783405709773936,Rainfall,5.04359924721342,0.015396637700995,mm per day,276
01-Jan-2002 00:00,2002,1,5.263671875,0.287041846742022,Rainfall,5.04119962727933,0.0130279242085342,mm per day,277
01-Feb-2002 00:00,2002,2,7.160400390625,2.61570707280585,Rainfall,5.03880000734524,0.0106592107160735,mm per day,278
01-Mar-2002 00:00,2002,3,8.3642578125,3.12369618517287,Rainfall,5.03640038741115,0.00829049722361264,mm per day,279
01-Apr-2002 00:00,2002,4,5.095458984375,-0.903590425531915,Rainfall,5.03400076747707,0.00592178373115193,mm per day,280
01-May-2002 00:00,2002,5,5.00244140625,-1.03401865857713,Rainfall,5.03160114754298,0.00355307023869111,mm per day,281
01-Jun-2002 00:00,2002,6,7.767578125,1.97186668882979,Rainfall,5.02920152760889,0.0011843567462303,mm per day,282
01-Jul-2002 00:00,2002,7,4.90869140625,-0.53109416555851,Rainfall,5.0268019076748,-0.00118435674623041,mm per day,283
01-Aug-2002 00:00,2002,8,7.711669921875,3.26622236535904,Rainfall,5.02440228774071,-0.00355307023869122,mm per day,284
01-Sep-2002 00:00,2002,9,7.824951171875,3.97028756648936,Rainfall,5.02200266780662,-0.00592178373115193,mm per day,285
01-Oct-2002 00:00,2002,10,5.841796875,1.88825631648936,Rainfall,5.01960304787254,-0.00829049722361275,mm per day,286
01-Nov-2002 00:00,2002,11,10.347900390625,5.49719498005319,Rainfall,5.01720342793845,-0.0106592107160736,mm per day,287
01-Dec-2002 00:00,2002,12,13.19384765625,7.99507563164894,Rainfall,5.01480380800436,-0.0130279242085343,mm per day,288
01-Jan-2003 00:00,2003,1,10.3193359375,5.34270590924202,Rainfall,5.01240418807027,-0.0153966377009951,mm per day,289
01-Feb-2003 00:00,2003,2,6.92236328125,2.37766996343085,Rainfall,5.01000456813618,-0.0177653511934558,mm per day,290
01-Mar-2003 00:00,2003,3,6.74365234375,1.50309071642287,Rainfall,5.00760494820209,-0.0201340646859166,mm per day,291
01-Apr-2003 00:00,2003,4,5.25,-0.749049409906915,Rainfall,5.005205328268,-0.0225027781783774,mm per day,292
01-May-2003 00:00,2003,5,6.550048828125,0.513588763297872,Rainfall,5.00280570833392,-0.0248714916708381,mm per day,293
01-Jun-2003 00:00,2003,6,4.42333984375,-1.37237159242021,Rainfall,5.00040608839983,-0.0272402051632989,mm per day,294
01-Jul-2003 00:00,2003,7,5.292236328125,-0.14754924368351,Rainfall,4.99800646846574,-0.0296089186557597,mm per day,295
01-Aug-2003 00:00,2003,8,4.08349609375,-0.361951462765957,Rainfall,4.99560684853165,-0.0319776321482205,mm per day,296
01-Sep-2003 00:00,2003,9,2.850341796875,-1.00432180851064,Rainfall,4.99320722859756,-0.0343463456406813,mm per day,297
01-Oct-2003 00:00,2003,10,5.23828125,1.28474069148936,Rainfall,4.99080760866347,-0.036715059133142,mm per day,298
01-Nov-2003 00:00,2003,11,4.350341796875,-0.500363613696808,Rainfall,4.98840798872939,-0.0390837726256028,mm per day,299
01-Dec-2003 00:00,2003,12,6.68359375,1.48482172539894,Rainfall,4.9860083687953,-0.0414524861180635,mm per day,300
01-Jan-2004 00:00,2004,1,4.001708984375,-0.974921043882978,Rainfall,4.98360874886121,-0.0438211996105243,mm per day,301
01-Feb-2004 00:00,2004,2,4.099853515625,-0.444839802194149,Rainfall,4.98120912892712,-0.0461899131029851,mm per day,302
01-Mar-2004 00:00,2004,3,5.61083984375,0.370278216422872,Rainfall,4.97880950899303,-0.0485586265954459,mm per day,303
01-Apr-2004 00:00,2004,4,6.317626953125,0.318577543218085,Rainfall,4.97640988905894,-0.0509273400879067,mm per day,304
01-May-2004 00:00,2004,5,5.015380859375,-1.02107920545213,Rainfall,4.97401026912486,-0.0532960535803674,mm per day,305
01-Jun-2004 00:00,2004,6,6.337158203125,0.541446766954787,Rainfall,4.97161064919077,-0.0556647670728282,mm per day,306
01-Jul-2004 00:00,2004,7,5.34423828125,-0.0955472905585104,Rainfall,4.96921102925668,-0.058033480565289,mm per day,307
01-Aug-2004 00:00,2004,8,5.685302734375,1.23985517785904,Rainfall,4.96681140932259,-0.0604021940577497,mm per day,308
01-Sep-2004 00:00,2004,9,3.6884765625,-0.166187042885638,Rainfall,4.9644117893885,-0.0627709075502105,mm per day,309
01-Oct-2004 00:00,2004,10,5.290283203125,1.33674264461436,Rainfall,4.96201216945441,-0.0651396210426712,mm per day,310
01-Nov-2004 00:00,2004,11,5.32421875,0.473513339428192,Rainfall,4.95961254952033,-0.067508334535132,mm per day,311
01-Dec-2004 00:00,2004,12,5.762451171875,0.563679147273936,Rainfall,4.95721292958624,-0.0698770480275929,mm per day,312
01-Jan-2005 00:00,2005,1,4.06103515625,-0.915594872007978,Rainfall,4.95481330965215,-0.0722457615200536,mm per day,313
01-Feb-2005 00:00,2005,2,7.735107421875,3.19041410405585,Rainfall,4.95241368971806,-0.0746144750125144,mm per day,314
01-Mar-2005 00:00,2005,3,6.34033203125,1.09977040392287,Rainfall,4.95001406978397,-0.0769831885049751,mm per day,315
01-Apr-2005 00:00,2005,4,7.453125,1.45407559009309,Rainfall,4.94761444984988,-0.0793519019974359,mm per day,316
01-May-2005 00:00,2005,5,7.793701171875,1.75724110704787,Rainfall,4.9452148299158,-0.0817206154898967,mm per day,317
01-Jun-2005 00:00,2005,6,6.33837890625,0.542667470079787,Rainfall,4.94281520998171,-0.0840893289823574,mm per day,318
01-Jul-2005 00:00,2005,7,6.12255859375,0.68277302194149,Rainfall,4.94041559004762,-0.0864580424748183,mm per day,319
01-Aug-2005 00:00,2005,8,4.42822265625,-0.0172249002659575,Rainfall,4.93801597011353,-0.088826755967279,mm per day,320
01-Sep-2005 00:00,2005,9,3.3564453125,-0.498218292885638,Rainfall,4.93561635017944,-0.0911954694597398,mm per day,321
01-Oct-2005 00:00,2005,10,3.806396484375,-0.147144074135638,Rainfall,4.93321673024535,-0.0935641829522006,mm per day,322
01-Nov-2005 00:00,2005,11,3.539794921875,-1.31091048869681,Rainfall,4.93081711031127,-0.0959328964446613,mm per day,323
01-Dec-2005 00:00,2005,12,3.031005859375,-2.16776616522606,Rainfall,4.92841749037718,-0.0983016099371221,mm per day,324
01-Jan-2006 00:00,2006,1,3.043212890625,-1.93341713763298,Rainfall,4.92601787044309,-0.100670323429583,mm per day,325
01-Feb-2006 00:00,2006,2,2.014404296875,-2.53028902094415,Rainfall,4.923618250509,-0.103039036922044,mm per day,326
01-Mar-2006 00:00,2006,3,2.59326171875,-2.64729990857713,Rainfall,4.92121863057491,-0.105407750414504,mm per day,327
01-Apr-2006 00:00,2006,4,6.112060546875,0.113011136968085,Rainfall,4.91881901064082,-0.107776463906965,mm per day,328
01-May-2006 00:00,2006,5,5.493896484375,-0.542563580452128,Rainfall,4.91641939070673,-0.110145177399426,mm per day,329
01-Jun-2006 00:00,2006,6,5.218994140625,-0.576717295545213,Rainfall,4.91401977077265,-0.112513890891887,mm per day,330
01-Jul-2006 00:00,2006,7,4.750244140625,-0.68954143118351,Rainfall,4.91162015083856,-0.114882604384347,mm per day,331
01-Aug-2006 00:00,2006,8,5.451904296875,1.00645674035904,Rainfall,4.90922053090447,-0.117251317876808,mm per day,332
01-Sep-2006 00:00,2006,9,4.07177734375,0.217113738364362,Rainfall,4.90682091097038,-0.119620031369269,mm per day,333
01-Oct-2006 00:00,2006,10,4.876708984375,0.923168425864362,Rainfall,4.90442129103629,-0.12198874486173,mm per day,334
01-Nov-2006 00:00,2006,11,5.9775390625,1.12683365192819,Rainfall,4.9020216711022,-0.124357458354191,mm per day,335
01-Dec-2006 00:00,2006,12,9.19287109375,3.99409906914894,Rainfall,4.89962205116812,-0.126726171846651,mm per day,336
01-Jan-2007 00:00,2007,1,7.386962890625,2.41033286236702,Rainfall,4.89722243123403,-0.129094885339112,mm per day,337
01-Feb-2007 00:00,2007,2,4.1689453125,-0.375748005319149,Rainfall,4.89482281129994,-0.131463598831573,mm per day,338
01-Mar-2007 00:00,2007,3,3.84814453125,-1.39241709607713,Rainfall,4.89242319136585,-0.133832312324034,mm per day,339
01-Apr-2007 00:00,2007,4,5.717041015625,-0.282008394281915,Rainfall,4.89002357143176,-0.13620102581649501,mm per day,340
01-May-2007 00:00,2007,5,6.244384765625,0.207924700797872,Rainfall,4.88762395149767,-0.138569739308955,mm per day,341
01-Jun-2007 00:00,2007,6,5.123046875,-0.672664561170213,Rainfall,4.88522433156359,-0.140938452801416,mm per day,342
01-Jul-2007 00:00,2007,7,4.093017578125,-1.34676799368351,Rainfall,4.8828247116295,-0.143307166293877,mm per day,343
01-Aug-2007 00:00,2007,8,3.88671875,-0.558728806515957,Rainfall,4.88042509169541,-0.145675879786338,mm per day,344
01-Sep-2007 00:00,2007,9,1.8408203125,-2.01384329288564,Rainfall,4.87802547176132,-0.148044593278798,mm per day,345
01-Oct-2007 00:00,2007,10,1.8818359375,-2.07170462101064,Rainfall,4.87562585182723,-0.150413306771259,mm per day,346
01-Nov-2007 00:00,2007,11,2.91552734375,-1.93517806682181,Rainfall,4.87322623189314,-0.15278202026372,mm per day,347
01-Dec-2007 00:00,2007,12,1.996337890625,-3.20243413397606,Rainfall,4.87082661195906,-0.155150733756181,mm per day,348
01-Jan-2008 00:00,2008,1,2.57177734375,-2.40485268450798,Rainfall,4.86842699202497,-0.157519447248641,mm per day,349
01-Feb-2008 00:00,2008,2,2.22119140625,-2.32350191156915,Rainfall,4.86602737209088,-0.159888160741102,mm per day,350
01-Mar-2008 00:00,2008,3,2.776123046875,-2.46443858045213,Rainfall,4.86362775215679,-0.162256874233563,mm per day,351
01-Apr-2008 00:00,2008,4,3.512939453125,-2.48610995678191,Rainfall,4.8612281322227,-0.164625587726024,mm per day,352
01-May-2008 00:00,2008,5,4.048828125,-1.98763193982713,Rainfall,4.85882851228861,-0.166994301218484,mm per day,353
01-Jun-2008 00:00,2008,6,4.388671875,-1.40703956117021,Rainfall,4.85642889235453,-0.169363014710945,mm per day,354
01-Jul-2008 00:00,2008,7,3.980224609375,-1.45956096243351,Rainfall,4.85402927242044,-0.171731728203406,mm per day,355
01-Aug-2008 00:00,2008,8,4.17822265625,-0.267224900265957,Rainfall,4.85162965248635,-0.174100441695867,mm per day,356
01-Sep-2008 00:00,2008,9,3.71337890625,-0.141284699135638,Rainfall,4.84923003255226,-0.176469155188328,mm per day,357
01-Oct-2008 00:00,2008,10,3.2666015625,-0.686938996010638,Rainfall,4.84683041261817,-0.178837868680788,mm per day,358
01-Nov-2008 00:00,2008,11,5.006591796875,0.155886386303192,Rainfall,4.84443079268408,-0.181206582173249,mm per day,359
01-Dec-2008 00:00,2008,12,2.471435546875,-2.72733647772606,Rainfall,4.84203117275,-0.18357529566571,mm per day,360
01-Jan-2009 00:00,2009,1,2.43505859375,-2.54157143450798,Rainfall,4.83963155281591,-0.185944009158171,mm per day,361
01-Feb-2009 00:00,2009,2,3.44970703125,-1.09498628656915,Rainfall,4.83723193288182,-0.188312722650631,mm per day,362
01-Mar-2009 00:00,2009,3,3.759765625,-1.48079600232713,Rainfall,4.83483231294773,-0.190681436143092,mm per day,363
01-Apr-2009 00:00,2009,4,3.5615234375,-2.43752597240691,Rainfall,4.83243269301364,-0.193050149635553,mm per day,364
01-May-2009 00:00,2009,5,5.095458984375,-0.941001080452128,Rainfall,4.83003307307955,-0.195418863128014,mm per day,365
01-Jun-2009 00:00,2009,6,4.988525390625,-0.807186045545213,Rainfall,4.82763345314546,-0.197787576620475,mm per day,366
01-Jul-2009 00:00,2009,7,7.552734375,2.11294880319149,Rainfall,4.82523383321138,-0.200156290112935,mm per day,367
01-Aug-2009 00:00,2009,8,3.89990234375,-0.545545212765957,Rainfall,4.82283421327729,-0.202525003605396,mm per day,368
01-Sep-2009 00:00,2009,9,4.310302734375,0.455639128989362,Rainfall,4.8204345933432,-0.204893717097857,mm per day,369
01-Oct-2009 00:00,2009,10,3.51171875,-0.441821808510638,Rainfall,4.81803497340911,-0.207262430590318,mm per day,370
01-Nov-2009 00:00,2009,11,6.480712890625,1.63000748005319,Rainfall,4.81563535347502,-0.209631144082778,mm per day,371
01-Dec-2009 00:00,2009,12,9.662109375,4.46333735039894,Rainfall,4.81323573354093,-0.211999857575239,mm per day,372
01-Jan-2010 00:00,2010,1,13.19189453125,8.21526450299202,Rainfall,4.81083611360685,-0.2143685710677,mm per day,373
01-Feb-2010 00:00,2010,2,13.512939453125,8.96824613530585,Rainfall,4.80843649367276,-0.216737284560161,mm per day,374
01-Mar-2010 00:00,2010,3,11.17578125,5.93521962267287,Rainfall,4.80603687373867,-0.219105998052622,mm per day,375
01-Apr-2010 00:00,2010,4,9.5341796875,3.53513027759309,Rainfall,4.80363725380458,-0.221474711545082,mm per day,376
01-May-2010 00:00,2010,5,6.580078125,0.543618060172872,Rainfall,4.80123763387049,-0.223843425037543,mm per day,377
01-Jun-2010 00:00,2010,6,4.9990234375,-0.796687998670213,Rainfall,4.7988380139364,-0.226212138530004,mm per day,378
01-Jul-2010 00:00,2010,7,4.1474609375,-1.29232463430851,Rainfall,4.79643839400232,-0.228580852022465,mm per day,379
01-Aug-2010 00:00,2010,8,2.388671875,-2.05677568151596,Rainfall,4.79403877406823,-0.230949565514925,mm per day,380
01-Sep-2010 00:00,2010,9,1.534912109375,-2.31975149601064,Rainfall,4.79163915413414,-0.233318279007386,mm per day,381
01-Oct-2010 00:00,2010,10,2.037353515625,-1.91618704288564,Rainfall,4.78923953420005,-0.235686992499847,mm per day,382
01-Nov-2010 00:00,2010,11,1.71337890625,-3.13732650432181,Rainfall,4.78683991426596,-0.238055705992308,mm per day,383
01-Dec-2010 00:00,2010,12,1.052978515625,-4.14579350897606,Rainfall,4.78444029433187,-0.240424419484768,mm per day,384
01-Jan-2011 00:00,2011,1,0.993896484375,-3.98273354388298,Rainfall,4.78204067439779,-0.242793132977229,mm per day,385
01-Feb-2011 00:00,2011,2,1.005859375,-3.53883394281915,Rainfall,4.7796410544637,-0.24516184646969,mm per day,386
01-Mar-2011 00:00,2011,3,4.20068359375,-1.03987803357713,Rainfall,4.77724143452961,-0.247530559962151,mm per day,387
01-Apr-2011 00:00,2011,4,2.894775390625,-3.10427401928191,Rainfall,4.77484181459552,-0.249899273454611,mm per day,388
01-May-2011 00:00,2011,5,4.96142578125,-1.07503428357713,Rainfall,4.77244219466143,-0.252267986947072,mm per day,389
01-Jun-2011 00:00,2011,6,4.279052734375,-1.51665870179521,Rainfall,4.77004257472734,-0.254636700439533,mm per day,390
01-Jul-2011 00:00,2011,7,5.510009765625,0.0702241938164896,Rainfall,4.76764295479325,-0.257005413931994,mm per day,391
01-Aug-2011 00:00,2011,8,4.2802734375,-0.165174119015957,Rainfall,4.76524333485917,-0.259374127424455,mm per day,392
01-Sep-2011 00:00,2011,9,2.5380859375,-1.31657766788564,Rainfall,4.76284371492508,-0.261742840916915,mm per day,393
01-Oct-2011 00:00,2011,10,2.685546875,-1.26799368351064,Rainfall,4.76044409499099,-0.264111554409376,mm per day,394
01-Nov-2011 00:00,2011,11,4.033935546875,-0.816769863696808,Rainfall,4.7580444750569,-0.266480267901837,mm per day,395
01-Dec-2011 00:00,2011,12,2.756591796875,-2.44218022772606,Rainfall,4.75564485512281,-0.268848981394298,mm per day,396
01-Jan-2012 00:00,2012,1,1.019775390625,-3.95685463763298,Rainfall,4.75324523518873,-0.271217694886759,mm per day,397
01-Feb-2012 00:00,2012,2,1.104736328125,-3.43995698969415,Rainfall,4.75084561525464,-0.273586408379219,mm per day,398
01-Mar-2012 00:00,2012,3,2.54931640625,-2.69124522107713,Rainfall,4.74844599532055,-0.27595512187168,mm per day,399
01-Apr-2012 00:00,2012,4,4.058349609375,-1.94069980053191,Rainfall,4.74604637538646,-0.278323835364141,mm per day,400
01-May-2012 00:00,2012,5,4.191162109375,-1.84529795545213,Rainfall,4.74364675545237,-0.280692548856602,mm per day,401
01-Jun-2012 00:00,2012,6,3.34912109375,-2.44659034242021,Rainfall,4.74124713551828,-0.283061262349062,mm per day,402
01-Jul-2012 00:00,2012,7,5.216064453125,-0.22372111868351,Rainfall,4.7388475155842,-0.285429975841523,mm per day,403
01-Aug-2012 00:00,2012,8,4.398193359375,-0.0472541971409575,Rainfall,4.73644789565011,-0.287798689333984,mm per day,404
01-Sep-2012 00:00,2012,9,5.2529296875,1.39826608211436,Rainfall,4.73404827571602,-0.290167402826445,mm per day,405
01-Oct-2012 00:00,2012,10,4.53515625,0.581615691489362,Rainfall,4.73164865578193,-0.292536116318905,mm per day,406
01-Nov-2012 00:00,2012,11,4.939697265625,0.0889918550531918,Rainfall,4.72924903584784,-0.294904829811366,mm per day,407
01-Dec-2012 00:00,2012,12,3.671142578125,-1.52762944647606,Rainfall,4.72684941591375,-0.297273543303827,mm per day,408
01-Jan-2013 00:00,2013,1,3.942626953125,-1.03400307513298,Rainfall,4.72444979597966,-0.299642256796288,mm per day,409
01-Feb-2013 00:00,2013,2,3.78125,-0.763443317819149,Rainfall,4.72205017604558,-0.302010970288749,mm per day,410
01-Mar-2013 00:00,2013,3,4.232666015625,-1.00789561170213,Rainfall,4.71965055611149,-0.304379683781209,mm per day,411
01-Apr-2013 00:00,2013,4,2.9345703125,-3.06447909740691,Rainfall,4.7172509361774,-0.30674839727367,mm per day,412
01-May-2013 00:00,2013,5,3.97412109375,-2.06233897107713,Rainfall,4.71485131624331,-0.309117110766131,mm per day,413
01-Jun-2013 00:00,2013,6,4.9921875,-0.803523936170213,Rainfall,4.71245169630922,-0.311485824258592,mm per day,414
01-Jul-2013 00:00,2013,7,4.110595703125,-1.32918986868351,Rainfall,4.71005207637513,-0.313854537751052,mm per day,415
01-Aug-2013 00:00,2013,8,3.381103515625,-1.06434404089096,Rainfall,4.70765245644105,-0.316223251243513,mm per day,416
01-Sep-2013 00:00,2013,9,3.12451171875,-0.730151886635638,Rainfall,4.70525283650696,-0.318591964735974,mm per day,417
01-Oct-2013 00:00,2013,10,3.32958984375,-0.623950714760638,Rainfall,4.70285321657287,-0.320960678228435,mm per day,418
01-Nov-2013 00:00,2013,11,5.3388671875,0.488161776928192,Rainfall,4.70045359663878,-0.323329391720895,mm per day,419
01-Dec-2013 00:00,2013,12,2.601806640625,-2.59696538397606,Rainfall,4.69805397670469,-0.325698105213356,mm per day,420
01-Jan-2014 00:00,2014,1,3.505126953125,-1.47150307513298,Rainfall,4.6956543567706,-0.328066818705817,mm per day,421
01-Feb-2014 00:00,2014,2,3.878662109375,-0.666031208444149,Rainfall,4.69325473683651,-0.330435532198278,mm per day,422
01-Mar-2014 00:00,2014,3,6.351318359375,1.11075673204787,Rainfall,4.69085511690243,-0.332804245690739,mm per day,423
01-Apr-2014 00:00,2014,4,9.309814453125,3.31076504321809,Rainfall,4.68845549696834,-0.335172959183199,mm per day,424
01-May-2014 00:00,2014,5,6.251708984375,0.215248919547872,Rainfall,4.68605587703425,-0.33754167267566,mm per day,425
01-Jun-2014 00:00,2014,6,9.8681640625,4.07245262632979,Rainfall,4.68365625710016,-0.339910386168121,mm per day,426
01-Jul-2014 00:00,2014,7,6.833251953125,1.39346638131649,Rainfall,4.68125663716607,-0.342279099660582,mm per day,427
01-Aug-2014 00:00,2014,8,4.297607421875,-0.147840134640957,Rainfall,4.67885701723199,-0.344647813153042,mm per day,428
01-Sep-2014 00:00,2014,9,6.074462890625,2.21979928523936,Rainfall,4.6764573972979004,-0.347016526645503,mm per day,429
01-Oct-2014 00:00,2014,10,4.778564453125,0.825023894614362,Rainfall,4.67405777736381,-0.349385240137964,mm per day,430
01-Nov-2014 00:00,2014,11,5.7724609375,0.921755526928192,Rainfall,4.67165815742972,-0.351753953630425,mm per day,431
01-Dec-2014 00:00,2014,12,6.783935546875,1.58516352227394,Rainfall,4.66925853749563,-0.354122667122886,mm per day,432
01-Jan-2015 00:00,2015,1,4.328857421875,-0.647772606382978,Rainfall,4.66685891756154,-0.356491380615346,mm per day,433
01-Feb-2015 00:00,2015,2,4.7314453125,0.186751994680851,Rainfall,4.66445929762745,-0.358860094107807,mm per day,434
01-Mar-2015 00:00,2015,3,7.3798828125,2.13932118517287,Rainfall,4.66205967769337,-0.361228807600268,mm per day,435
01-Apr-2015 00:00,2015,4,10.630615234375,4.63156582446809,Rainfall,4.65966005775928,-0.363597521092729,mm per day,436
01-May-2015 00:00,2015,5,9.294189453125,3.25772938829787,Rainfall,4.65726043782519,-0.365966234585189,mm per day,437
01-Jun-2015 00:00,2015,6,11.188232421875,5.39252098570479,Rainfall,4.6548608178911,-0.36833494807765,mm per day,438
01-Jul-2015 00:00,2015,7,8.83642578125,3.39664020944149,Rainfall,4.65246119795701,-0.370703661570111,mm per day,439
01-Aug-2015 00:00,2015,8,7.0048828125,2.55943525598404,Rainfall,4.65006157802292,-0.373072375062572,mm per day,440
01-Sep-2015 00:00,2015,9,7.382080078125,3.52741647273936,Rainfall,4.64766195808884,-0.375441088555032,mm per day,441
01-Oct-2015 00:00,2015,10,6.928955078125,2.97541451961436,Rainfall,4.64526233815475,-0.377809802047493,mm per day,442
01-Nov-2015 00:00,2015,11,6.954833984375,2.10412857380319,Rainfall,4.64286271822066,-0.380178515539954,mm per day,443
01-Dec-2015 00:00,2015,12,16.649169921875,11.4503978972739,Rainfall,4.6404630982865704,-0.382547229032415,mm per day,444
01-Jan-2016 00:00,2016,1,17.691162109375,12.714532081117,Rainfall,4.63806347835248,-0.384915942524875,mm per day,445
01-Feb-2016 00:00,2016,2,13.860107421875,9.31541410405585,Rainfall,4.63566385841839,-0.387284656017336,mm per day,446
01-Mar-2016 00:00,2016,3,9.59228515625,4.35172352892287,Rainfall,4.63326423848431,-0.389653369509797,mm per day,447
01-Apr-2016 00:00,2016,4,8.195068359375,2.19601894946809,Rainfall,4.63086461855022,-0.392022083002258,mm per day,448
01-May-2016 00:00,2016,5,5.6650390625,-0.371421002327128,Rainfall,4.62846499861613,-0.394390796494719,mm per day,449
01-Jun-2016 00:00,2016,6,5.0810546875,-0.714656748670213,Rainfall,4.62606537868204,-0.396759509987179,mm per day,450
01-Jul-2016 00:00,2016,7,2.720703125,-2.71908244680851,Rainfall,4.62366575874795,-0.39912822347964,mm per day,451
01-Aug-2016 00:00,2016,8,2.055419921875,-2.39002763464096,Rainfall,4.62126613881386,-0.401496936972101,mm per day,452
01-Sep-2016 00:00,2016,9,1.968994140625,-1.88566946476064,Rainfall,4.61886651887978,-0.403865650464562,mm per day,453
01-Oct-2016 00:00,2016,10,2.30615234375,-1.64738821476064,Rainfall,4.61646689894569,-0.406234363957023,mm per day,454
01-Nov-2016 00:00,2016,11,2.969970703125,-1.88073470744681,Rainfall,4.6140672790116,-0.408603077449483,mm per day,455
01-Dec-2016 00:00,2016,12,2.859619140625,-2.33915288397606,Rainfall,4.61166765907751,-0.410971790941944,mm per day,456
01-Jan-2017 00:00,2017,1,2.787353515625,-2.18927651263298,Rainfall,4.60926803914342,-0.413340504434405,mm per day,457
01-Feb-2017 00:00,2017,2,1.106201171875,-3.43849214594415,Rainfall,4.60686841920933,-0.415709217926866,mm per day,458
01-Mar-2017 00:00,2017,3,1.93603515625,-3.30452647107713,Rainfall,4.6044687992752404,-0.418077931419326,mm per day,459
01-Apr-2017 00:00,2017,4,3.8291015625,-2.16994784740691,Rainfall,4.60206917934116,-0.420446644911787,mm per day,460
01-May-2017 00:00,2017,5,4.26123046875,-1.77522959607713,Rainfall,4.59966955940707,-0.422815358404248,mm per day,461
01-Jun-2017 00:00,2017,6,4.085205078125,-1.71050635804521,Rainfall,4.59726993947298,-0.425184071896709,mm per day,462
01-Jul-2017 00:00,2017,7,4.52294921875,-0.91683635305851,Rainfall,4.59487031953889,-0.42755278538917,mm per day,463
01-Aug-2017 00:00,2017,8,3.323974609375,-1.12147294714096,Rainfall,4.5924706996048,-0.42992149888163,mm per day,464
01-Sep-2017 00:00,2017,9,2.434326171875,-1.42033743351064,Rainfall,4.59007107967071,-0.432290212374091,mm per day,465
01-Oct-2017 00:00,2017,10,2.383056640625,-1.57048391788564,Rainfall,4.58767145973663,-0.434658925866552,mm per day,466
01-Nov-2017 00:00,2017,11,1.501220703125,-3.34948470744681,Rainfall,4.58527183980254,-0.437027639359013,mm per day,467
01-Dec-2017 00:00,2017,12,2.24560546875,-2.95316655585106,Rainfall,4.58287221986845,-0.439396352851473,mm per day,468
01-Jan-2018 00:00,2018,1,3.446044921875,-1.53058510638298,Rainfall,4.58047259993436,-0.441765066343934,mm per day,469
01-Feb-2018 00:00,2018,2,1.786376953125,-2.75831636469415,Rainfall,4.57807298000027,-0.444133779836395,mm per day,470
01-Mar-2018 00:00,2018,3,2.8154296875,-2.42513193982713,Rainfall,4.57567336006618,-0.446502493328856,mm per day,471
01-Apr-2018 00:00,2018,4,3.15869140625,-2.84035800365691,Rainfall,4.5732737401321,-0.448871206821316,mm per day,472
01-May-2018 00:00,2018,5,5.086181640625,-0.950278424202128,Rainfall,4.57087412019801,-0.451239920313777,mm per day,473
01-Jun-2018 00:00,2018,6,5.879638671875,0.0839272357047873,Rainfall,4.56847450026392,-0.453608633806238,mm per day,474
01-Jul-2018 00:00,2018,7,5.219970703125,-0.21981486868351,Rainfall,4.56607488032983,-0.455977347298699,mm per day,475
01-Aug-2018 00:00,2018,8,4.538818359375,0.0933708028590425,Rainfall,4.56367526039574,-0.45834606079116,mm per day,476
01-Sep-2018 00:00,2018,9,4.025146484375,0.170482878989362,Rainfall,4.56127564046165,-0.46071477428362,mm per day,477
01-Oct-2018 00:00,2018,10,3.340087890625,-0.613452667885638,Rainfall,4.55887602052757,-0.463083487776081,mm per day,478
01-Nov-2018 00:00,2018,11,5.907470703125,1.05676529255319,Rainfall,4.55647640059348,-0.465452201268542,mm per day,479
01-Dec-2018 00:00,2018,12,8.012939453125,2.81416742852394,Rainfall,4.55407678065939,-0.467820914761003,mm per day,480
01-Jan-2019 00:00,2019,1,5.20068359375,0.224053565492022,Rainfall,4.5516771607253,-0.470189628253463,mm per day,481
01-Feb-2019 00:00,2019,2,5.21630859375,0.671615275930851,Rainfall,4.54927754079121,-0.472558341745924,mm per day,482
01-Mar-2019 00:00,2019,3,11.16015625,5.91959462267287,Rainfall,4.54687792085712,-0.474927055238385,mm per day,483
01-Apr-2019 00:00,2019,4,6.575927734375,0.576878324468085,Rainfall,4.54447830092304,-0.477295768730846,mm per day,484
01-May-2019 00:00,2019,5,6.741943359375,0.705483294547872,Rainfall,4.54207868098895,-0.479664482223306,mm per day,485
01-Jun-2019 00:00,2019,6,6.9091796875,1.11346825132979,Rainfall,4.53967906105486,-0.482033195715767,mm per day,486
01-Jul-2019 00:00,2019,7,6.812255859375,1.37247028756649,Rainfall,4.53727944112077,-0.484401909208228,mm per day,487
01-Aug-2019 00:00,2019,8,5.941650390625,1.49620283410904,Rainfall,4.53487982118668,-0.486770622700689,mm per day,488
01-Sep-2019 00:00,2019,9,2.697265625,-1.15739798038564,Rainfall,4.53248020125259,-0.48913933619315,mm per day,489
01-Oct-2019 00:00,2019,10,4.00732421875,0.053783660239362,Rainfall,4.5300805813185,-0.49150804968561,mm per day,490
01-Nov-2019 00:00,2019,11,3.5458984375,-1.30480697307181,Rainfall,4.52768096138442,-0.493876763178071,mm per day,491
01-Dec-2019 00:00,2019,12,2.95458984375,-2.24418218085106,Rainfall,4.52528134145033,-0.496245476670532,mm per day,492
01-Jan-2020 00:00,2020,1,5.64111328125,0.664483252992022,Rainfall,4.52288172151624,-0.498614190162993,mm per day,493
01-Feb-2020 00:00,2020,2,7.055908203125,2.51121488530585,Rainfall,4.52048210158215,-0.500982903655454,mm per day,494
01-Mar-2020 00:00,2020,3,5.622802734375,0.382241107047872,Rainfall,4.51808248164806,-0.503351617147914,mm per day,495
01-Apr-2020 00:00,2020,4,4.880126953125,-1.11892245678191,Rainfall,4.51568286171397,-0.505720330640375,mm per day,496
01-May-2020 00:00,2020,5,6.168701171875,0.132241107047872,Rainfall,4.51328324177989,-0.508089044132836,mm per day,497
01-Jun-2020 00:00,2020,6,4.5,-1.29571143617021,Rainfall,4.5108836218458,-0.510457757625297,mm per day,498
01-Jul-2020 00:00,2020,7,3.3701171875,-2.06966838430851,Rainfall,4.50848400191171,-0.512826471117757,mm per day,499
01-Aug-2020 00:00,2020,8,3.06103515625,-1.38441240026596,Rainfall,4.50608438197762,-0.515195184610218,mm per day,500
01-Sep-2020 00:00,2020,9,2.745361328125,-1.10930227726064,Rainfall,4.50368476204353,-0.517563898102679,mm per day,501
01-Oct-2020 00:00,2020,10,2.884765625,-1.06877493351064,Rainfall,4.50128514210944,-0.51993261159514,mm per day,502
01-Nov-2020 00:00,2020,11,2.181884765625,-2.66882064494681,Rainfall,4.49888552217536,-0.5223013250876,mm per day,503
01-Dec-2020 00:00,2020,12,1.745849609375,-3.45292241522606,Rainfall,4.49648590224127,-0.524670038580061,mm per day,504
01-Jan-2021 00:00,2021,1,1.59130859375,-3.38532143450798,Rainfall,4.49408628230718,-0.527038752072522,mm per day,505
01-Feb-2021 00:00,2021,2,1.81298828125,-2.73170503656915,Rainfall,4.49168666237309,-0.529407465564983,mm per day,506
01-Mar-2021 00:00,2021,3,4.093017578125,-1.14754404920213,Rainfall,4.489287042439,-0.531776179057443,mm per day,507
01-Apr-2021 00:00,2021,4,6.040771484375,0.0417220744680851,Rainfall,4.48688742250491,-0.534144892549904,mm per day,508
01-May-2021 00:00,2021,5,5.401123046875,-0.635337017952128,Rainfall,4.48448780257083,-0.536513606042365,mm per day,509
01-Jun-2021 00:00,2021,6,4.610107421875,-1.18560401429521,Rainfall,4.48208818263674,-0.538882319534826,mm per day,510
01-Jul-2021 00:00,2021,7,5.350830078125,-0.0889554936835104,Rainfall,4.47968856270265,-0.541251033027286,mm per day,511
01-Aug-2021 00:00,2021,8,3.916748046875,-0.528699509640957,Rainfall,4.47728894276856,-0.543619746519747,mm per day,512
01-Sep-2021 00:00,2021,9,3.86669921875,0.012035613364362,Rainfall,4.47488932283447,-0.545988460012208,mm per day,513
01-Oct-2021 00:00,2021,10,2.14306640625,-1.81047415226064,Rainfall,4.47248970290038,-0.548357173504669,mm per day,514
01-Nov-2021 00:00,2021,11,2.382080078125,-2.46862533244681,Rainfall,4.4700900829663,-0.55072588699713,mm per day,515
01-Dec-2021 00:00,2021,12,2.406494140625,-2.79227788397606,Rainfall,4.46769046303221,-0.55309460048959,mm per day,516
01-Jan-2022 00:00,2022,1,2.333740234375,-2.64288979388298,Rainfall,4.46529084309812,-0.555463313982051,mm per day,517
01-Feb-2022 00:00,2022,2,1.781982421875,-2.76271089594415,Rainfall,4.46289122316403,-0.557832027474512,mm per day,518
01-Mar-2022 00:00,2022,3,2.851806640625,-2.38875498670213,Rainfall,4.46049160322994,-0.560200740966973,mm per day,519
01-Apr-2022 00:00,2022,4,4.57080078125,-1.42824862865691,Rainfall,4.45809198329585,-0.562569454459433,mm per day,520
01-May-2022 00:00,2022,5,4.35888671875,-1.67757334607713,Rainfall,4.45569236336177,-0.564938167951894,mm per day,521
01-Jun-2022 00:00,2022,6,5.047119140625,-0.748592295545213,Rainfall,4.45329274342768,-0.567306881444355,mm per day,522
01-Jul-2022 00:00,2022,7,4.691650390625,-0.74813518118351,Rainfall,4.45089312349359,-0.569675594936816,mm per day,523
01-Aug-2022 00:00,2022,8,2.462890625,-1.98255693151596,Rainfall,4.4484935035595,-0.572044308429277,mm per day,524
01-Sep-2022 00:00,2022,9,1.96435546875,-1.89030813663564,Rainfall,4.44609388362541,-0.574413021921737,mm per day,525
01-Oct-2022 00:00,2022,10,2.0361328125,-1.91740774601064,Rainfall,4.44369426369132,-0.576781735414198,mm per day,526
01-Nov-2022 00:00,2022,11,3.176025390625,-1.67468001994681,Rainfall,4.44129464375724,-0.579150448906659,mm per day,527
01-Dec-2022 00:00,2022,12,2.947265625,-2.25150639960106,Rainfall,4.43889502382315,-0.58151916239912,mm per day,528
01-Jan-2023 00:00,2023,1,2.791259765625,-2.18537026263298,Rainfall,4.43649540388906,-0.58388787589158,mm per day,529
01-Feb-2023 00:00,2023,2,2.910400390625,-1.63429292719415,Rainfall,4.43409578395497,-0.586256589384041,mm per day,530
01-Mar-2023 00:00,2023,3,2.303955078125,-2.93660654920213,Rainfall,4.43169616402088,-0.588625302876502,mm per day,531
01-Apr-2023 00:00,2023,4,4.747314453125,-1.25173495678191,Rainfall,4.42929654408679,-0.590994016368963,mm per day,532
01-May-2023 00:00,2023,5,6.775146484375,0.738686419547872,Rainfall,4.4268969241527,-0.593362729861424,mm per day,533
01-Jun-2023 00:00,2023,6,6.9677734375,1.17206200132979,Rainfall,4.42449730421862,-0.595731443353884,mm per day,534
01-Jul-2023 00:00,2023,7,6.2939453125,0.85415974069149,Rainfall,4.42209768428453,-0.598100156846345,mm per day,535
01-Aug-2023 00:00,2023,8,6.48291015625,2.03746259973404,Rainfall,4.41969806435044,-0.600468870338806,mm per day,536
01-Sep-2023 00:00,2023,9,7.4619140625,3.60725045711436,Rainfall,4.41729844441635,-0.602837583831267,mm per day,537
01-Oct-2023 00:00,2023,10,5.1044921875,1.15095162898936,Rainfall,4.41489882448226,-0.605206297323727,mm per day,538
01-Nov-2023 00:00,2023,11,8.087890625,3.23718521442819,Rainfall,4.41249920454817,-0.607575010816188,mm per day,539
01-Dec-2023 00:00,2023,12,12.192138671875,6.99336664727394,Rainfall,4.41009958461409,-0.609943724308649,mm per day,540
01-Jan-2024 00:00,2024,1,6.986328125,2.00969809674202,Rainfall,4.40769996468,-0.61231243780111,mm per day,541
01-Feb-2024 00:00,2024,2,5.3056640625,0.760970744680851,Rainfall,4.40530034474591,-0.61468115129357,mm per day,542
01-Mar-2024 00:00,2024,3,3.9453125,-1.29524912732713,Rainfall,4.40290072481182,-0.617049864786031,mm per day,543
01-Apr-2024 00:00,2024,4,5.895751953125,-0.103297456781915,Rainfall,4.40050110487773,-0.619418578278492,mm per day,544
01-May-2024 00:00,2024,5,4.90771484375,-1.12874522107713,Rainfall,4.39810148494364,-0.621787291770953,mm per day,545
01-Jun-2024 00:00,2024,6,4.798828125,-0.996883311170213,Rainfall,4.39570186500956,-0.624156005263414,mm per day,546
01-Jul-2024 00:00,2024,7,5.177734375,-0.26205119680851,Rainfall,4.39330224507547,-0.626524718755874,mm per day,547
01-Aug-2024 00:00,2024,8,3.17626953125,-1.26917802526596,Rainfall,4.39090262514138,-0.628893432248335,mm per day,548
01-Sep-2024 00:00,2024,9,2.95751953125,-0.897144074135638,Rainfall,4.38850300520729,-0.631262145740796,mm per day,549
01-Oct-2024 00:00,2024,10,3.343505859375,-0.610034699135638,Rainfall,4.3861033852732,-0.633630859233257,mm per day,550
01-Nov-2024 00:00,2024,11,4.69970703125,-0.150998379321808,Rainfall,4.38370376533911,-0.635999572725717,mm per day,551
01-Dec-2024 00:00,2024,12,3.884521484375,-1.31425054022606,Rainfall,4.38130414540503,-0.638368286218178,mm per day,552
01-Jan-2025 00:00,2025,1,1.7900390625,-3.18659096575798,Rainfall,4.37890452547094,-0.640736999710639,mm per day,553
01-Feb-2025 00:00,2025,2,0.84716796875,-3.69752534906915,Rainfall,4.37650490553685,-0.6431057132031,mm per day,554
01-Mar-2025 00:00,2025,3,1.3427734375,-3.89778818982713,Rainfall,4.37410528560276,-0.64547442669556,mm per day,555
01-Apr-2025 00:00,2025,4,2.86376953125,-3.13527987865691,Rainfall,4.37170566566867,-0.647843140188021,mm per day,556
01-May-2025 00:00,2025,5,6.333984375,0.297524310172872,Rainfall,4.36930604573458,-0.650211853680482,mm per day,557
01-Jun-2025 00:00,2025,6,3.9482421875,-1.84746924867021,Rainfall,4.3669064258005,-0.652580567172943,mm per day,558
01-Jul-2025 00:00,2025,7,4.7666015625,-0.67318400930851,Rainfall,4.36450680586641,-0.654949280665404,mm per day,559
01-Aug-2025 00:00,2025,8,3.349853515625,-1.09559404089096,Rainfall,4.36210718593232,-0.657317994157864,mm per day,560
01-Sep-2025 00:00,2025,9,2.0537109375,-1.80095266788564,Rainfall,4.35970756599823,-0.659686707650325,mm per day,561
01-Oct-2025 00:00,2025,10,2.44287109375,-1.51066946476064,Rainfall,4.35730794606414,-0.662055421142786,mm per day,562
01-Nov-2025 00:00,2025,11,4.3310546875,-0.519650723071808,Rainfall,4.35490832613005,-0.664424134635247,mm per day,563
01-Dec-2025 00:00,2025,12,3.08642578125,-2.11234624335106,Rainfall,4.35250870619597,-0.666792848127708,mm per day,564
