Date_Time,Year,Month,Value,Anom,ID,Value_lm,Anom_lm,Units,...1
15-MAR-1958 23:39,1958,3,315.71,314.44,CO2,NA,NA,ppm,NA
16-APR-1958 00:15,1958,4,317.45,315.16,CO2,NA,NA,ppm,NA
16-MAY-1958 00:19,1958,5,317.51,314.69,CO2,NA,NA,ppm,NA
16-JUN-1958 00:02,1958,6,317.27,315.15,CO2,NA,NA,ppm,NA
16-JUL-1958 00:07,1958,7,315.87,315.2,CO2,NA,NA,ppm,NA
15-AUG-1958 23:50,1958,8,314.93,316.21,CO2,NA,NA,ppm,NA
15-SEP-1958 23:34,1958,9,313.21,316.11,CO2,NA,NA,ppm,NA
15-OCT-1958 23:38,1958,10,312.42,315.41,CO2,NA,NA,ppm,NA
16-NOV-1958 00:14,1958,11,313.33,315.21,CO2,NA,NA,ppm,NA
16-DEC-1958 00:18,1958,12,314.67,315.43,CO2,NA,NA,ppm,NA
16-JAN-1959 00:02,1959,1,315.58,315.52,CO2,NA,NA,ppm,NA
15-FEB-1959 23:45,1959,2,316.49,315.84,CO2,NA,NA,ppm,NA
15-MAR-1959 23:39,1959,3,316.65,315.37,CO2,NA,NA,ppm,NA
16-APR-1959 00:15,1959,4,317.72,315.42,CO2,NA,NA,ppm,NA
16-MAY-1959 00:19,1959,5,318.29,315.46,CO2,NA,NA,ppm,NA
16-JUN-1959 00:02,1959,6,318.15,316,CO2,NA,NA,ppm,NA
16-JUL-1959 00:07,1959,7,316.54,315.87,CO2,NA,NA,ppm,NA
15-AUG-1959 23:50,1959,8,314.8,316.09,CO2,NA,NA,ppm,NA
15-SEP-1959 23:34,1959,9,313.84,316.75,CO2,NA,NA,ppm,NA
15-OCT-1959 23:38,1959,10,313.33,316.34,CO2,NA,NA,ppm,NA
16-NOV-1959 00:14,1959,11,314.81,316.69,CO2,NA,NA,ppm,NA
16-DEC-1959 00:18,1959,12,315.58,316.35,CO2,NA,NA,ppm,NA
16-JAN-1960 00:08,1960,1,316.43,316.38,CO2,NA,NA,ppm,NA
16-FEB-1960 00:08,1960,2,316.98,316.33,CO2,NA,NA,ppm,NA
15-MAR-1960 23:50,1960,3,317.58,316.27,CO2,NA,NA,ppm,NA
15-APR-1960 23:50,1960,4,319.03,316.7,CO2,NA,NA,ppm,NA
16-MAY-1960 00:08,1960,5,320.03,317.19,CO2,NA,NA,ppm,NA
16-JUN-1960 00:08,1960,6,319.58,317.45,CO2,NA,NA,ppm,NA
16-JUL-1960 00:25,1960,7,318.18,317.54,CO2,NA,NA,ppm,NA
16-AUG-1960 00:25,1960,8,315.9,317.22,CO2,NA,NA,ppm,NA
16-SEP-1960 00:26,1960,9,314.17,317.1,CO2,NA,NA,ppm,NA
15-OCT-1960 23:50,1960,10,313.83,316.85,CO2,NA,NA,ppm,NA
15-NOV-1960 23:51,1960,11,315,316.89,CO2,NA,NA,ppm,NA
16-DEC-1960 00:08,1960,12,316.19,316.96,CO2,NA,NA,ppm,NA
16-JAN-1961 00:02,1961,1,316.89,316.84,CO2,NA,NA,ppm,NA
15-FEB-1961 23:45,1961,2,317.7,317.05,CO2,NA,NA,ppm,NA
15-MAR-1961 23:39,1961,3,318.54,317.25,CO2,NA,NA,ppm,NA
16-APR-1961 00:15,1961,4,319.48,317.16,CO2,NA,NA,ppm,NA
16-MAY-1961 00:19,1961,5,320.58,317.73,CO2,NA,NA,ppm,NA
16-JUN-1961 00:02,1961,6,319.77,317.61,CO2,NA,NA,ppm,NA
16-JUL-1961 00:07,1961,7,318.56,317.89,CO2,NA,NA,ppm,NA
15-AUG-1961 23:50,1961,8,316.79,318.09,CO2,NA,NA,ppm,NA
15-SEP-1961 23:34,1961,9,314.99,317.92,CO2,NA,NA,ppm,NA
15-OCT-1961 23:38,1961,10,315.31,318.34,CO2,NA,NA,ppm,NA
16-NOV-1961 00:14,1961,11,316.1,318,CO2,NA,NA,ppm,NA
16-DEC-1961 00:18,1961,12,317.01,317.78,CO2,NA,NA,ppm,NA
16-JAN-1962 00:02,1962,1,317.94,317.89,CO2,NA,NA,ppm,NA
15-FEB-1962 23:45,1962,2,318.55,317.89,CO2,NA,NA,ppm,NA
15-MAR-1962 23:39,1962,3,319.68,318.39,CO2,NA,NA,ppm,NA
16-APR-1962 00:15,1962,4,320.57,318.24,CO2,NA,NA,ppm,NA
16-MAY-1962 00:19,1962,5,321.02,318.16,CO2,NA,NA,ppm,NA
16-JUN-1962 00:02,1962,6,320.62,318.45,CO2,NA,NA,ppm,NA
16-JUL-1962 00:07,1962,7,319.61,318.94,CO2,NA,NA,ppm,NA
15-AUG-1962 23:50,1962,8,317.4,318.71,CO2,NA,NA,ppm,NA
15-SEP-1962 23:34,1962,9,316.24,319.18,CO2,NA,NA,ppm,NA
15-OCT-1962 23:38,1962,10,315.42,318.46,CO2,NA,NA,ppm,NA
16-NOV-1962 00:14,1962,11,316.69,318.59,CO2,NA,NA,ppm,NA
16-DEC-1962 00:18,1962,12,317.7,318.47,CO2,NA,NA,ppm,NA
16-JAN-1963 00:02,1963,1,318.74,318.69,CO2,NA,NA,ppm,NA
15-FEB-1963 23:45,1963,2,319.07,318.41,CO2,NA,NA,ppm,NA
15-MAR-1963 23:39,1963,3,319.86,318.57,CO2,NA,NA,ppm,NA
16-APR-1963 00:15,1963,4,321.38,319.05,CO2,NA,NA,ppm,NA
16-MAY-1963 00:19,1963,5,322.24,319.38,CO2,NA,NA,ppm,NA
16-JUN-1963 00:02,1963,6,321.49,319.31,CO2,NA,NA,ppm,NA
16-JUL-1963 00:07,1963,7,319.74,319.07,CO2,NA,NA,ppm,NA
15-AUG-1963 23:50,1963,8,317.77,319.07,CO2,NA,NA,ppm,NA
15-SEP-1963 23:34,1963,9,316.21,319.16,CO2,NA,NA,ppm,NA
15-OCT-1963 23:38,1963,10,315.99,319.03,CO2,NA,NA,ppm,NA
16-NOV-1963 00:14,1963,11,317.07,318.98,CO2,NA,NA,ppm,NA
16-DEC-1963 00:18,1963,12,318.35,319.13,CO2,NA,NA,ppm,NA
16-JAN-1964 00:08,1964,1,319.57,319.52,CO2,NA,NA,ppm,NA
16-FEB-1964 00:08,1964,2,320.04,319.37,CO2,NA,NA,ppm,NA
15-MAR-1964 23:50,1964,3,320.75,319.41,CO2,NA,NA,ppm,NA
15-APR-1964 23:50,1964,4,321.84,319.46,CO2,NA,NA,ppm,NA
16-MAY-1964 00:08,1964,5,322.25,319.37,CO2,NA,NA,ppm,NA
16-JUN-1964 00:08,1964,6,321.89,319.73,CO2,NA,NA,ppm,NA
16-JUL-1964 00:25,1964,7,320.44,319.79,CO2,NA,NA,ppm,NA
16-AUG-1964 00:25,1964,8,318.69,320.03,CO2,NA,NA,ppm,NA
16-SEP-1964 00:26,1964,9,316.71,319.67,CO2,NA,NA,ppm,NA
15-OCT-1964 23:50,1964,10,316.87,319.93,CO2,NA,NA,ppm,NA
15-NOV-1964 23:51,1964,11,317.68,319.59,CO2,NA,NA,ppm,NA
16-DEC-1964 00:08,1964,12,318.71,319.49,CO2,NA,NA,ppm,NA
16-JAN-1965 00:02,1965,1,319.44,319.38,CO2,NA,NA,ppm,NA
15-FEB-1965 23:45,1965,2,320.44,319.79,CO2,NA,NA,ppm,NA
15-MAR-1965 23:39,1965,3,320.89,319.59,CO2,NA,NA,ppm,NA
16-APR-1965 00:15,1965,4,322.14,319.79,CO2,NA,NA,ppm,NA
16-MAY-1965 00:19,1965,5,322.17,319.28,CO2,NA,NA,ppm,NA
16-JUN-1965 00:02,1965,6,321.87,319.68,CO2,NA,NA,ppm,NA
16-JUL-1965 00:07,1965,7,321.21,320.53,CO2,NA,NA,ppm,NA
15-AUG-1965 23:50,1965,8,318.87,320.18,CO2,NA,NA,ppm,NA
15-SEP-1965 23:34,1965,9,317.82,320.78,CO2,NA,NA,ppm,NA
15-OCT-1965 23:38,1965,10,317.3,320.37,CO2,NA,NA,ppm,NA
16-NOV-1965 00:14,1965,11,318.87,320.79,CO2,NA,NA,ppm,NA
16-DEC-1965 00:18,1965,12,319.42,320.2,CO2,NA,NA,ppm,NA
16-JAN-1966 00:02,1966,1,320.62,320.57,CO2,NA,NA,ppm,NA
15-FEB-1966 23:45,1966,2,321.6,320.94,CO2,NA,NA,ppm,NA
15-MAR-1966 23:39,1966,3,322.39,321.08,CO2,NA,NA,ppm,NA
16-APR-1966 00:15,1966,4,323.7,321.34,CO2,NA,NA,ppm,NA
16-MAY-1966 00:19,1966,5,324.08,321.18,CO2,NA,NA,ppm,NA
16-JUN-1966 00:02,1966,6,323.75,321.55,CO2,NA,NA,ppm,NA
16-JUL-1966 00:07,1966,7,322.37,321.69,CO2,NA,NA,ppm,NA
15-AUG-1966 23:50,1966,8,320.36,321.68,CO2,NA,NA,ppm,NA
15-SEP-1966 23:34,1966,9,318.64,321.61,CO2,NA,NA,ppm,NA
15-OCT-1966 23:38,1966,10,318.1,321.18,CO2,NA,NA,ppm,NA
16-NOV-1966 00:14,1966,11,319.78,321.71,CO2,NA,NA,ppm,NA
16-DEC-1966 00:18,1966,12,321.02,321.81,CO2,NA,NA,ppm,NA
16-JAN-1967 00:02,1967,1,322.33,322.28,CO2,NA,NA,ppm,NA
15-FEB-1967 23:45,1967,2,322.5,321.83,CO2,NA,NA,ppm,NA
15-MAR-1967 23:39,1967,3,323.03,321.72,CO2,NA,NA,ppm,NA
16-APR-1967 00:15,1967,4,324.41,322.05,CO2,NA,NA,ppm,NA
16-MAY-1967 00:19,1967,5,325,322.09,CO2,NA,NA,ppm,NA
16-JUN-1967 00:02,1967,6,324.09,321.89,CO2,NA,NA,ppm,NA
16-JUL-1967 00:07,1967,7,322.54,321.86,CO2,NA,NA,ppm,NA
15-AUG-1967 23:50,1967,8,320.92,322.24,CO2,NA,NA,ppm,NA
15-SEP-1967 23:34,1967,9,319.25,322.24,CO2,NA,NA,ppm,NA
15-OCT-1967 23:38,1967,10,319.39,322.48,CO2,NA,NA,ppm,NA
16-NOV-1967 00:14,1967,11,320.73,322.66,CO2,NA,NA,ppm,NA
16-DEC-1967 00:18,1967,12,321.96,322.74,CO2,NA,NA,ppm,NA
16-JAN-1968 00:08,1968,1,322.57,322.51,CO2,NA,NA,ppm,NA
16-FEB-1968 00:08,1968,2,323.15,322.48,CO2,NA,NA,ppm,NA
15-MAR-1968 23:50,1968,3,323.89,322.55,CO2,NA,NA,ppm,NA
15-APR-1968 23:50,1968,4,325.02,322.63,CO2,NA,NA,ppm,NA
16-MAY-1968 00:08,1968,5,325.57,322.66,CO2,NA,NA,ppm,NA
16-JUN-1968 00:08,1968,6,325.36,323.17,CO2,NA,NA,ppm,NA
16-JUL-1968 00:25,1968,7,324.14,323.48,CO2,NA,NA,ppm,NA
16-AUG-1968 00:25,1968,8,322.11,323.46,CO2,NA,NA,ppm,NA
16-SEP-1968 00:26,1968,9,320.33,323.33,CO2,NA,NA,ppm,NA
15-OCT-1968 23:50,1968,10,320.25,323.34,CO2,NA,NA,ppm,NA
15-NOV-1968 23:51,1968,11,321.32,323.26,CO2,NA,NA,ppm,NA
16-DEC-1968 00:08,1968,12,322.89,323.68,CO2,NA,NA,ppm,NA
16-JAN-1969 00:02,1969,1,324,323.95,CO2,NA,NA,ppm,NA
15-FEB-1969 23:45,1969,2,324.41,323.75,CO2,NA,NA,ppm,NA
15-MAR-1969 23:39,1969,3,325.63,324.31,CO2,NA,NA,ppm,NA
16-APR-1969 00:15,1969,4,326.66,324.28,CO2,NA,NA,ppm,NA
16-MAY-1969 00:19,1969,5,327.38,324.46,CO2,NA,NA,ppm,NA
16-JUN-1969 00:02,1969,6,326.71,324.49,CO2,NA,NA,ppm,NA
16-JUL-1969 00:07,1969,7,325.88,325.19,CO2,NA,NA,ppm,NA
15-AUG-1969 23:50,1969,8,323.66,324.99,CO2,NA,NA,ppm,NA
15-SEP-1969 23:34,1969,9,322.38,325.38,CO2,NA,NA,ppm,NA
15-OCT-1969 23:38,1969,10,321.78,324.89,CO2,NA,NA,ppm,NA
16-NOV-1969 00:14,1969,11,322.85,324.8,CO2,NA,NA,ppm,NA
16-DEC-1969 00:18,1969,12,324.11,324.91,CO2,NA,NA,ppm,NA
16-JAN-1970 00:02,1970,1,325.06,325.01,CO2,NA,NA,ppm,NA
15-FEB-1970 23:45,1970,2,325.99,325.31,CO2,NA,NA,ppm,NA
15-MAR-1970 23:39,1970,3,326.93,325.61,CO2,NA,NA,ppm,NA
16-APR-1970 00:15,1970,4,328.13,325.75,CO2,NA,NA,ppm,NA
16-MAY-1970 00:19,1970,5,328.08,325.15,CO2,NA,NA,ppm,NA
16-JUN-1970 00:02,1970,6,327.67,325.44,CO2,NA,NA,ppm,NA
16-JUL-1970 00:07,1970,7,326.34,325.65,CO2,NA,NA,ppm,NA
15-AUG-1970 23:50,1970,8,324.68,326.02,CO2,NA,NA,ppm,NA
15-SEP-1970 23:34,1970,9,323.1,326.11,CO2,NA,NA,ppm,NA
15-OCT-1970 23:38,1970,10,323.06,326.18,CO2,NA,NA,ppm,NA
16-NOV-1970 00:14,1970,11,324.01,325.96,CO2,NA,NA,ppm,NA
16-DEC-1970 00:18,1970,12,325.13,325.93,CO2,NA,NA,ppm,NA
16-JAN-1971 00:02,1971,1,326.17,326.12,CO2,NA,NA,ppm,NA
15-FEB-1971 23:45,1971,2,326.69,326.01,CO2,NA,NA,ppm,NA
15-MAR-1971 23:39,1971,3,327.18,325.85,CO2,NA,NA,ppm,NA
16-APR-1971 00:15,1971,4,327.78,325.39,CO2,NA,NA,ppm,NA
16-MAY-1971 00:19,1971,5,328.93,325.99,CO2,NA,NA,ppm,NA
16-JUN-1971 00:02,1971,6,328.57,326.34,CO2,NA,NA,ppm,NA
16-JUL-1971 00:07,1971,7,327.36,326.67,CO2,NA,NA,ppm,NA
15-AUG-1971 23:50,1971,8,325.43,326.77,CO2,NA,NA,ppm,NA
15-SEP-1971 23:34,1971,9,323.36,326.38,CO2,NA,NA,ppm,NA
15-OCT-1971 23:38,1971,10,323.56,326.69,CO2,NA,NA,ppm,NA
16-NOV-1971 00:14,1971,11,324.8,326.75,CO2,NA,NA,ppm,NA
16-DEC-1971 00:18,1971,12,326.01,326.81,CO2,NA,NA,ppm,NA
16-JAN-1972 00:08,1972,1,326.77,326.71,CO2,NA,NA,ppm,NA
16-FEB-1972 00:08,1972,2,327.63,326.96,CO2,NA,NA,ppm,NA
15-MAR-1972 23:50,1972,3,327.75,326.39,CO2,NA,NA,ppm,NA
15-APR-1972 23:50,1972,4,329.72,327.3,CO2,NA,NA,ppm,NA
16-MAY-1972 00:08,1972,5,330.07,327.12,CO2,NA,NA,ppm,NA
16-JUN-1972 00:08,1972,6,329.09,326.87,CO2,NA,NA,ppm,NA
16-JUL-1972 00:25,1972,7,328.04,327.38,CO2,NA,NA,ppm,NA
16-AUG-1972 00:25,1972,8,326.32,327.69,CO2,NA,NA,ppm,NA
16-SEP-1972 00:26,1972,9,324.84,327.88,CO2,NA,NA,ppm,NA
15-OCT-1972 23:50,1972,10,325.2,328.33,CO2,NA,NA,ppm,NA
15-NOV-1972 23:51,1972,11,326.5,328.46,CO2,NA,NA,ppm,NA
16-DEC-1972 00:08,1972,12,327.55,328.35,CO2,NA,NA,ppm,NA
16-JAN-1973 00:02,1973,1,328.55,328.49,CO2,NA,NA,ppm,NA
15-FEB-1973 23:45,1973,2,329.57,328.89,CO2,NA,NA,ppm,NA
15-MAR-1973 23:39,1973,3,330.3,328.97,CO2,NA,NA,ppm,NA
16-APR-1973 00:15,1973,4,331.5,329.1,CO2,NA,NA,ppm,NA
16-MAY-1973 00:19,1973,5,332.48,329.52,CO2,NA,NA,ppm,NA
16-JUN-1973 00:02,1973,6,332.07,329.83,CO2,NA,NA,ppm,NA
16-JUL-1973 00:07,1973,7,330.87,330.18,CO2,NA,NA,ppm,NA
15-AUG-1973 23:50,1973,8,329.31,330.66,CO2,NA,NA,ppm,NA
15-SEP-1973 23:34,1973,9,327.52,330.56,CO2,NA,NA,ppm,NA
15-OCT-1973 23:38,1973,10,327.19,330.33,CO2,NA,NA,ppm,NA
16-NOV-1973 00:14,1973,11,328.17,330.13,CO2,NA,NA,ppm,NA
16-DEC-1973 00:18,1973,12,328.65,329.45,CO2,NA,NA,ppm,NA
16-JAN-1974 00:02,1974,1,329.36,329.3,CO2,NA,NA,ppm,NA
15-FEB-1974 23:45,1974,2,330.71,330.03,CO2,NA,NA,ppm,NA
15-MAR-1974 23:39,1974,3,331.49,330.15,CO2,NA,NA,ppm,NA
16-APR-1974 00:15,1974,4,332.65,330.24,CO2,NA,NA,ppm,NA
17-MAY-1974 21:00,1974,5,333.19,330.22,CO2,NA,NA,ppm,NA
17-JUN-1974 06:42,1974,6,332.2,329.79,CO2,NA,NA,ppm,NA
17-JUL-1974 17:17,1974,7,331.07,330.21,CO2,NA,NA,ppm,NA
17-AUG-1974 03:00,1974,8,329.15,330.54,CO2,NA,NA,ppm,NA
16-SEP-1974 12:42,1974,9,327.33,330.44,CO2,NA,NA,ppm,NA
16-OCT-1974 23:17,1974,10,327.28,330.53,CO2,NA,NA,ppm,NA
16-NOV-1974 09:00,1974,11,328.31,330.5,CO2,NA,NA,ppm,NA
16-DEC-1974 18:42,1974,12,329.58,330.55,CO2,NA,NA,ppm,NA
16-JAN-1975 05:17,1975,1,330.73,330.84,CO2,NA,NA,ppm,NA
15-FEB-1975 15:00,1975,2,331.46,330.85,CO2,NA,NA,ppm,NA
18-MAR-1975 00:42,1975,3,331.94,330.37,CO2,NA,NA,ppm,NA
17-APR-1975 11:17,1975,4,333.11,330.53,CO2,NA,NA,ppm,NA
17-MAY-1975 21:00,1975,5,333.95,330.98,CO2,NA,NA,ppm,NA
17-JUN-1975 06:42,1975,6,333.42,331.01,CO2,NA,NA,ppm,NA
17-JUL-1975 17:17,1975,7,331.97,331.12,CO2,NA,NA,ppm,NA
17-AUG-1975 03:00,1975,8,329.95,331.33,CO2,NA,NA,ppm,NA
16-SEP-1975 12:42,1975,9,328.49,331.6,CO2,NA,NA,ppm,NA
16-OCT-1975 23:17,1975,10,328.36,331.61,CO2,NA,NA,ppm,NA
16-NOV-1975 09:00,1975,11,329.38,331.57,CO2,NA,NA,ppm,NA
16-DEC-1975 18:42,1975,12,330.77,331.74,CO2,NA,NA,ppm,NA
16-JAN-1976 06:17,1976,1,331.56,331.67,CO2,NA,NA,ppm,NA
15-FEB-1976 18:00,1976,2,332.74,332.14,CO2,NA,NA,ppm,NA
17-MAR-1976 05:42,1976,3,333.36,331.79,CO2,NA,NA,ppm,NA
16-APR-1976 18:17,1976,4,334.74,332.16,CO2,NA,NA,ppm,NA
17-MAY-1976 06:00,1976,5,334.72,331.75,CO2,NA,NA,ppm,NA
16-JUN-1976 17:42,1976,6,333.97,331.56,CO2,NA,NA,ppm,NA
17-JUL-1976 06:17,1976,7,333.08,332.23,CO2,NA,NA,ppm,NA
16-AUG-1976 18:00,1976,8,330.68,332.07,CO2,NA,NA,ppm,NA
16-SEP-1976 05:42,1976,9,328.96,332.07,CO2,NA,NA,ppm,NA
16-OCT-1976 18:17,1976,10,328.72,331.98,CO2,NA,NA,ppm,NA
16-NOV-1976 06:00,1976,11,330.16,332.35,CO2,NA,NA,ppm,NA
16-DEC-1976 17:42,1976,12,331.62,332.59,CO2,NA,NA,ppm,NA
16-JAN-1977 05:17,1977,1,332.68,332.77,CO2,NA,NA,ppm,NA
15-FEB-1977 15:00,1977,2,333.17,332.58,CO2,NA,NA,ppm,NA
18-MAR-1977 00:42,1977,3,334.96,333.4,CO2,NA,NA,ppm,NA
17-APR-1977 11:17,1977,4,336.14,333.54,CO2,NA,NA,ppm,NA
17-MAY-1977 21:00,1977,5,336.93,334,CO2,NA,NA,ppm,NA
17-JUN-1977 06:42,1977,6,336.17,333.79,CO2,NA,NA,ppm,NA
17-JUL-1977 17:17,1977,7,334.89,334.01,CO2,NA,NA,ppm,NA
17-AUG-1977 03:00,1977,8,332.56,333.91,CO2,NA,NA,ppm,NA
16-SEP-1977 12:42,1977,9,331.29,334.36,CO2,NA,NA,ppm,NA
16-OCT-1977 23:17,1977,10,331.28,334.51,CO2,NA,NA,ppm,NA
16-NOV-1977 09:00,1977,11,332.46,334.68,CO2,NA,NA,ppm,NA
16-DEC-1977 18:42,1977,12,333.6,334.58,CO2,NA,NA,ppm,NA
16-JAN-1978 05:17,1978,1,334.94,335.01,CO2,NA,NA,ppm,NA
15-FEB-1978 15:00,1978,2,335.26,334.6,CO2,NA,NA,ppm,NA
18-MAR-1978 00:42,1978,3,336.66,335,CO2,NA,NA,ppm,NA
17-APR-1978 11:17,1978,4,337.69,335.07,CO2,NA,NA,ppm,NA
17-MAY-1978 21:00,1978,5,338.02,335.08,CO2,NA,NA,ppm,NA
17-JUN-1978 06:42,1978,6,338.01,335.6,CO2,NA,NA,ppm,NA
17-JUL-1978 17:17,1978,7,336.5,335.65,CO2,NA,NA,ppm,NA
17-AUG-1978 03:00,1978,8,334.42,335.87,CO2,NA,NA,ppm,NA
16-SEP-1978 12:42,1978,9,332.36,335.51,CO2,NA,NA,ppm,NA
16-OCT-1978 23:17,1978,10,332.45,335.72,CO2,NA,NA,ppm,NA
16-NOV-1978 09:00,1978,11,333.76,335.99,CO2,NA,NA,ppm,NA
16-DEC-1978 18:42,1978,12,334.91,335.87,CO2,NA,NA,ppm,NA
16-JAN-1979 05:17,1979,1,336.14,336.22,CO2,NA,NA,ppm,NA
15-FEB-1979 15:00,1979,2,336.69,336,CO2,NA,NA,ppm,NA
18-MAR-1979 00:42,1979,3,338.27,336.56,CO2,NA,NA,ppm,NA
17-APR-1979 11:17,1979,4,338.82,336.11,CO2,NA,NA,ppm,NA
17-MAY-1979 21:00,1979,5,339.24,336.24,CO2,NA,NA,ppm,NA
17-JUN-1979 06:42,1979,6,339.26,336.83,CO2,NA,NA,ppm,NA
17-JUL-1979 17:17,1979,7,337.54,336.69,CO2,NA,NA,ppm,NA
17-AUG-1979 03:00,1979,8,335.72,337.2,CO2,NA,NA,ppm,NA
16-SEP-1979 12:42,1979,9,333.97,337.19,CO2,NA,NA,ppm,NA
16-OCT-1979 23:17,1979,10,334.24,337.57,CO2,NA,NA,ppm,NA
16-NOV-1979 09:00,1979,11,335.32,337.59,CO2,NA,NA,ppm,NA
16-DEC-1979 18:42,1979,12,336.81,337.83,CO2,NA,NA,ppm,NA
16-JAN-1980 06:17,1980,1,337.9,338.13,CO2,NA,NA,ppm,NA
15-FEB-1980 18:00,1980,2,338.34,337.85,CO2,NA,NA,ppm,NA
17-MAR-1980 05:42,1980,3,340.07,338.51,CO2,NA,NA,ppm,NA
16-APR-1980 18:17,1980,4,340.93,338.31,CO2,NA,NA,ppm,NA
17-MAY-1980 06:00,1980,5,341.45,338.4,CO2,NA,NA,ppm,NA
16-JUN-1980 17:42,1980,6,341.36,338.85,CO2,NA,NA,ppm,NA
17-JUL-1980 06:17,1980,7,339.45,338.56,CO2,NA,NA,ppm,NA
16-AUG-1980 18:00,1980,8,337.67,339.07,CO2,NA,NA,ppm,NA
16-SEP-1980 05:42,1980,9,336.25,339.38,CO2,NA,NA,ppm,NA
16-OCT-1980 18:17,1980,10,336.14,339.4,CO2,NA,NA,ppm,NA
16-NOV-1980 06:00,1980,11,337.3,339.46,CO2,NA,NA,ppm,NA
16-DEC-1980 17:42,1980,12,338.29,339.26,CO2,NA,NA,ppm,NA
16-JAN-1981 05:17,1981,1,339.29,339.42,CO2,NA,NA,ppm,NA
15-FEB-1981 15:00,1981,2,340.55,339.98,CO2,NA,NA,ppm,NA
18-MAR-1981 00:42,1981,3,341.63,340.08,CO2,NA,NA,ppm,NA
17-APR-1981 11:17,1981,4,342.6,339.98,CO2,NA,NA,ppm,NA
17-MAY-1981 21:00,1981,5,343.04,339.97,CO2,NA,NA,ppm,NA
17-JUN-1981 06:42,1981,6,342.54,340.06,CO2,NA,NA,ppm,NA
17-JUL-1981 17:17,1981,7,340.82,339.92,CO2,NA,NA,ppm,NA
17-AUG-1981 03:00,1981,8,338.48,339.87,CO2,NA,NA,ppm,NA
16-SEP-1981 12:42,1981,9,336.95,340.17,CO2,NA,NA,ppm,NA
16-OCT-1981 23:17,1981,10,337.05,340.39,CO2,NA,NA,ppm,NA
16-NOV-1981 09:00,1981,11,338.58,340.75,CO2,NA,NA,ppm,NA
16-DEC-1981 18:42,1981,12,339.91,340.85,CO2,NA,NA,ppm,NA
16-JAN-1982 05:17,1982,1,340.93,341.09,CO2,NA,NA,ppm,NA
15-FEB-1982 15:00,1982,2,341.76,341.16,CO2,NA,NA,ppm,NA
18-MAR-1982 00:42,1982,3,342.78,341.18,CO2,NA,NA,ppm,NA
17-APR-1982 11:17,1982,4,343.96,341.32,CO2,NA,NA,ppm,NA
17-MAY-1982 21:00,1982,5,344.77,341.67,CO2,NA,NA,ppm,NA
17-JUN-1982 06:42,1982,6,343.88,341.43,CO2,NA,NA,ppm,NA
17-JUL-1982 17:17,1982,7,342.42,341.61,CO2,NA,NA,ppm,NA
17-AUG-1982 03:00,1982,8,340.24,341.64,CO2,NA,NA,ppm,NA
16-SEP-1982 12:42,1982,9,338.37,341.56,CO2,NA,NA,ppm,NA
16-OCT-1982 23:17,1982,10,338.41,341.77,CO2,NA,NA,ppm,NA
16-NOV-1982 09:00,1982,11,339.44,341.59,CO2,NA,NA,ppm,NA
16-DEC-1982 18:42,1982,12,340.78,341.71,CO2,NA,NA,ppm,NA
16-JAN-1983 05:17,1983,1,341.57,341.75,CO2,NA,NA,ppm,NA
15-FEB-1983 15:00,1983,2,342.79,342.25,CO2,NA,NA,ppm,NA
18-MAR-1983 00:42,1983,3,343.37,341.85,CO2,NA,NA,ppm,NA
17-APR-1983 11:17,1983,4,345.4,342.76,CO2,NA,NA,ppm,NA
17-MAY-1983 21:00,1983,5,346.14,342.97,CO2,NA,NA,ppm,NA
17-JUN-1983 06:42,1983,6,345.76,343.3,CO2,NA,NA,ppm,NA
17-JUL-1983 17:17,1983,7,344.32,343.56,CO2,NA,NA,ppm,NA
17-AUG-1983 03:00,1983,8,342.51,343.89,CO2,NA,NA,ppm,NA
16-SEP-1983 12:42,1983,9,340.46,343.59,CO2,NA,NA,ppm,NA
16-OCT-1983 23:17,1983,10,340.53,343.86,CO2,NA,NA,ppm,NA
16-NOV-1983 09:00,1983,11,341.79,343.92,CO2,NA,NA,ppm,NA
16-DEC-1983 18:42,1983,12,343.2,344.12,CO2,NA,NA,ppm,NA
16-JAN-1984 06:17,1984,1,344.21,344.32,CO2,NA,NA,ppm,NA
15-FEB-1984 18:00,1984,2,344.92,344.39,CO2,NA,NA,ppm,NA
17-MAR-1984 05:42,1984,3,345.68,344.26,CO2,NA,NA,ppm,NA
16-APR-1984 18:17,1984,4,347.37,344.75,CO2,NA,NA,ppm,NA
17-MAY-1984 06:00,1984,5,347.77,344.59,CO2,NA,NA,ppm,NA
16-JUN-1984 17:42,1984,6,347.16,344.73,CO2,NA,NA,ppm,NA
17-JUL-1984 06:17,1984,7,345.79,345.02,CO2,NA,NA,ppm,NA
16-AUG-1984 18:00,1984,8,343.74,345.12,CO2,NA,NA,ppm,NA
16-SEP-1984 05:42,1984,9,341.59,344.76,CO2,NA,NA,ppm,NA
16-OCT-1984 18:17,1984,10,341.86,345.19,CO2,NA,NA,ppm,NA
16-NOV-1984 06:00,1984,11,343.31,345.41,CO2,NA,NA,ppm,NA
16-DEC-1984 17:42,1984,12,345,345.88,CO2,NA,NA,ppm,NA
16-JAN-1985 05:17,1985,1,345.48,345.59,CO2,NA,NA,ppm,NA
15-FEB-1985 15:00,1985,2,346.41,345.92,CO2,NA,NA,ppm,NA
18-MAR-1985 00:42,1985,3,347.91,346.56,CO2,NA,NA,ppm,NA
17-APR-1985 11:17,1985,4,348.66,346.08,CO2,NA,NA,ppm,NA
17-MAY-1985 21:00,1985,5,349.28,346.12,CO2,NA,NA,ppm,NA
17-JUN-1985 06:42,1985,6,348.65,346.23,CO2,NA,NA,ppm,NA
17-JUL-1985 17:17,1985,7,346.9,346.08,CO2,NA,NA,ppm,NA
17-AUG-1985 03:00,1985,8,345.26,346.57,CO2,NA,NA,ppm,NA
16-SEP-1985 12:42,1985,9,343.47,346.59,CO2,NA,NA,ppm,NA
16-OCT-1985 23:17,1985,10,343.35,346.6,CO2,NA,NA,ppm,NA
16-NOV-1985 09:00,1985,11,344.73,346.82,CO2,NA,NA,ppm,NA
16-DEC-1985 18:42,1985,12,346.12,347.04,CO2,NA,NA,ppm,NA
16-JAN-1986 05:17,1986,1,346.78,346.82,CO2,NA,NA,ppm,NA
15-FEB-1986 15:00,1986,2,347.48,346.98,CO2,NA,NA,ppm,NA
18-MAR-1986 00:42,1986,3,348.25,346.93,CO2,NA,NA,ppm,NA
17-APR-1986 11:17,1986,4,349.86,347.29,CO2,NA,NA,ppm,NA
17-MAY-1986 21:00,1986,5,350.52,347.42,CO2,NA,NA,ppm,NA
17-JUN-1986 06:42,1986,6,349.98,347.61,CO2,NA,NA,ppm,NA
17-JUL-1986 17:17,1986,7,348.25,347.43,CO2,NA,NA,ppm,NA
17-AUG-1986 03:00,1986,8,346.17,347.51,CO2,NA,NA,ppm,NA
16-SEP-1986 12:42,1986,9,345.48,348.61,CO2,NA,NA,ppm,NA
16-OCT-1986 23:17,1986,10,344.82,348.04,CO2,NA,NA,ppm,NA
16-NOV-1986 09:00,1986,11,346.22,348.28,CO2,NA,NA,ppm,NA
16-DEC-1986 18:42,1986,12,347.48,348.36,CO2,NA,NA,ppm,NA
16-JAN-1987 05:17,1987,1,348.73,348.66,CO2,NA,NA,ppm,NA
15-FEB-1987 15:00,1987,2,348.92,348.24,CO2,NA,NA,ppm,NA
18-MAR-1987 00:42,1987,3,349.81,348.39,CO2,NA,NA,ppm,NA
17-APR-1987 11:17,1987,4,351.4,348.84,CO2,NA,NA,ppm,NA
17-MAY-1987 21:00,1987,5,352.15,349.09,CO2,NA,NA,ppm,NA
17-JUN-1987 06:42,1987,6,351.58,349.29,CO2,NA,NA,ppm,NA
17-JUL-1987 17:17,1987,7,350.21,349.51,CO2,NA,NA,ppm,NA
17-AUG-1987 03:00,1987,8,348.2,349.65,CO2,NA,NA,ppm,NA
16-SEP-1987 12:42,1987,9,346.66,349.85,CO2,NA,NA,ppm,NA
16-OCT-1987 23:17,1987,10,346.72,349.96,CO2,NA,NA,ppm,NA
16-NOV-1987 09:00,1987,11,348.08,350.15,CO2,NA,NA,ppm,NA
16-DEC-1987 18:42,1987,12,349.28,350.14,CO2,NA,NA,ppm,NA
16-JAN-1988 06:17,1988,1,350.51,350.49,CO2,NA,NA,ppm,NA
15-FEB-1988 18:00,1988,2,351.7,350.99,CO2,NA,NA,ppm,NA
17-MAR-1988 05:42,1988,3,352.5,350.99,CO2,NA,NA,ppm,NA
16-APR-1988 18:17,1988,4,353.67,351.03,CO2,NA,NA,ppm,NA
17-MAY-1988 06:00,1988,5,354.35,351.22,CO2,NA,NA,ppm,NA
16-JUN-1988 17:42,1988,6,353.88,351.55,CO2,NA,NA,ppm,NA
17-JUL-1988 06:17,1988,7,352.8,352.16,CO2,NA,NA,ppm,NA
16-AUG-1988 18:00,1988,8,350.49,352.01,CO2,NA,NA,ppm,NA
16-SEP-1988 05:42,1988,9,348.97,352.18,CO2,NA,NA,ppm,NA
16-OCT-1988 18:17,1988,10,349.37,352.62,CO2,NA,NA,ppm,NA
16-NOV-1988 06:00,1988,11,350.42,352.53,CO2,NA,NA,ppm,NA
16-DEC-1988 17:42,1988,12,351.62,352.52,CO2,NA,NA,ppm,NA
16-JAN-1989 05:17,1989,1,353.07,352.99,CO2,NA,NA,ppm,NA
15-FEB-1989 15:00,1989,2,353.43,352.69,CO2,NA,NA,ppm,NA
18-MAR-1989 00:42,1989,3,354.08,352.6,CO2,NA,NA,ppm,NA
17-APR-1989 11:17,1989,4,355.72,353.07,CO2,NA,NA,ppm,NA
17-MAY-1989 21:00,1989,5,355.95,352.78,CO2,NA,NA,ppm,NA
17-JUN-1989 06:42,1989,6,355.44,353.06,CO2,NA,NA,ppm,NA
17-JUL-1989 17:17,1989,7,354.05,353.38,CO2,NA,NA,ppm,NA
17-AUG-1989 03:00,1989,8,351.84,353.43,CO2,NA,NA,ppm,NA
16-SEP-1989 12:42,1989,9,350.09,353.37,CO2,NA,NA,ppm,NA
16-OCT-1989 23:17,1989,10,350.33,353.57,CO2,NA,NA,ppm,NA
16-NOV-1989 09:00,1989,11,351.55,353.68,CO2,NA,NA,ppm,NA
16-DEC-1989 18:42,1989,12,352.91,353.84,CO2,NA,NA,ppm,NA
16-JAN-1990 05:17,1990,1,353.86,353.78,CO2,NA,NA,ppm,NA
15-FEB-1990 15:00,1990,2,355.1,354.37,CO2,NA,NA,ppm,NA
18-MAR-1990 00:42,1990,3,355.75,354.27,CO2,NA,NA,ppm,NA
17-APR-1990 11:17,1990,4,356.38,353.76,CO2,NA,NA,ppm,NA
17-MAY-1990 21:00,1990,5,357.38,354.23,CO2,NA,NA,ppm,NA
17-JUN-1990 06:42,1990,6,356.39,354.02,CO2,NA,NA,ppm,NA
17-JUL-1990 17:17,1990,7,354.89,354.24,CO2,NA,NA,ppm,NA
17-AUG-1990 03:00,1990,8,353.06,354.68,CO2,NA,NA,ppm,NA
16-SEP-1990 12:42,1990,9,351.38,354.69,CO2,NA,NA,ppm,NA
16-OCT-1990 23:17,1990,10,351.69,354.94,CO2,NA,NA,ppm,NA
16-NOV-1990 09:00,1990,11,353.14,355.18,CO2,NA,NA,ppm,NA
16-DEC-1990 18:42,1990,12,354.41,355.26,CO2,NA,NA,ppm,NA
16-JAN-1991 05:17,1991,1,354.93,354.91,CO2,NA,NA,ppm,NA
15-FEB-1991 15:00,1991,2,355.82,355.11,CO2,NA,NA,ppm,NA
18-MAR-1991 00:42,1991,3,357.33,355.79,CO2,NA,NA,ppm,NA
17-APR-1991 11:17,1991,4,358.77,356.13,CO2,NA,NA,ppm,NA
17-MAY-1991 21:00,1991,5,359.23,356.1,CO2,NA,NA,ppm,NA
17-JUN-1991 06:42,1991,6,358.23,355.88,CO2,NA,NA,ppm,NA
17-JUL-1991 17:17,1991,7,356.3,355.69,CO2,NA,NA,ppm,NA
17-AUG-1991 03:00,1991,8,353.97,355.59,CO2,NA,NA,ppm,NA
16-SEP-1991 12:42,1991,9,352.34,355.66,CO2,NA,NA,ppm,NA
16-OCT-1991 23:17,1991,10,352.43,355.69,CO2,NA,NA,ppm,NA
16-NOV-1991 09:00,1991,11,353.89,355.87,CO2,NA,NA,ppm,NA
16-DEC-1991 18:42,1991,12,355.21,356.02,CO2,NA,NA,ppm,NA
16-JAN-1992 06:17,1992,1,356.34,356.29,CO2,NA,NA,ppm,NA
15-FEB-1992 18:00,1992,2,357.21,356.47,CO2,NA,NA,ppm,NA
17-MAR-1992 05:42,1992,3,357.97,356.38,CO2,NA,NA,ppm,NA
16-APR-1992 18:17,1992,4,359.22,356.51,CO2,NA,NA,ppm,NA
17-MAY-1992 06:00,1992,5,359.71,356.52,CO2,NA,NA,ppm,NA
16-JUN-1992 17:42,1992,6,359.44,357.07,CO2,NA,NA,ppm,NA
17-JUL-1992 06:17,1992,7,357.15,356.58,CO2,NA,NA,ppm,NA
16-AUG-1992 18:00,1992,8,354.99,356.67,CO2,NA,NA,ppm,NA
16-SEP-1992 05:42,1992,9,353.01,356.36,CO2,NA,NA,ppm,NA
16-OCT-1992 18:17,1992,10,353.4,356.72,CO2,NA,NA,ppm,NA
16-NOV-1992 06:00,1992,11,354.42,356.48,CO2,NA,NA,ppm,NA
16-DEC-1992 17:42,1992,12,355.68,356.5,CO2,NA,NA,ppm,NA
16-JAN-1993 05:17,1993,1,357.1,357.06,CO2,NA,NA,ppm,NA
15-FEB-1993 15:00,1993,2,357.42,356.54,CO2,NA,NA,ppm,NA
18-MAR-1993 00:42,1993,3,358.59,356.88,CO2,NA,NA,ppm,NA
17-APR-1993 11:17,1993,4,359.39,356.71,CO2,NA,NA,ppm,NA
17-MAY-1993 21:00,1993,5,360.3,357.14,CO2,NA,NA,ppm,NA
17-JUN-1993 06:42,1993,6,359.64,357.24,CO2,NA,NA,ppm,NA
17-JUL-1993 17:17,1993,7,357.45,356.87,CO2,NA,NA,ppm,NA
17-AUG-1993 03:00,1993,8,355.76,357.44,CO2,NA,NA,ppm,NA
16-SEP-1993 12:42,1993,9,354.14,357.51,CO2,NA,NA,ppm,NA
16-OCT-1993 23:17,1993,10,354.23,357.6,CO2,NA,NA,ppm,NA
16-NOV-1993 09:00,1993,11,355.53,357.65,CO2,NA,NA,ppm,NA
16-DEC-1993 18:42,1993,12,357.03,357.92,CO2,NA,NA,ppm,NA
16-JAN-1994 05:17,1994,1,358.36,358.25,CO2,NA,NA,ppm,NA
15-FEB-1994 15:00,1994,2,359.04,358.21,CO2,NA,NA,ppm,NA
18-MAR-1994 00:42,1994,3,360.11,358.41,CO2,NA,NA,ppm,NA
17-APR-1994 11:17,1994,4,361.36,358.59,CO2,NA,NA,ppm,NA
17-MAY-1994 21:00,1994,5,361.78,358.59,CO2,NA,NA,ppm,NA
17-JUN-1994 06:42,1994,6,360.94,358.57,CO2,NA,NA,ppm,NA
17-JUL-1994 17:17,1994,7,359.51,358.91,CO2,NA,NA,ppm,NA
17-AUG-1994 03:00,1994,8,357.59,359.29,CO2,NA,NA,ppm,NA
16-SEP-1994 12:42,1994,9,355.86,359.31,CO2,NA,NA,ppm,NA
16-OCT-1994 23:17,1994,10,356.21,359.63,CO2,NA,NA,ppm,NA
16-NOV-1994 09:00,1994,11,357.65,359.8,CO2,NA,NA,ppm,NA
16-DEC-1994 18:42,1994,12,359.1,359.96,CO2,NA,NA,ppm,NA
16-JAN-1995 05:17,1995,1,360.04,359.91,CO2,NA,NA,ppm,NA
15-FEB-1995 15:00,1995,2,361,360.18,CO2,NA,NA,ppm,NA
18-MAR-1995 00:42,1995,3,361.98,360.37,CO2,NA,NA,ppm,NA
17-APR-1995 11:17,1995,4,363.44,360.76,CO2,NA,NA,ppm,NA
17-MAY-1995 21:00,1995,5,363.83,360.73,CO2,NA,NA,ppm,NA
17-JUN-1995 06:42,1995,6,363.33,360.98,CO2,NA,NA,ppm,NA
17-JUL-1995 17:17,1995,7,361.78,361.1,CO2,NA,NA,ppm,NA
17-AUG-1995 03:00,1995,8,359.33,360.93,CO2,NA,NA,ppm,NA
16-SEP-1995 12:42,1995,9,358.32,361.7,CO2,NA,NA,ppm,NA
16-OCT-1995 23:17,1995,10,358.14,361.52,CO2,NA,NA,ppm,NA
16-NOV-1995 09:00,1995,11,359.61,361.75,CO2,NA,NA,ppm,NA
16-DEC-1995 18:42,1995,12,360.82,361.67,CO2,NA,NA,ppm,NA
16-JAN-1996 06:17,1996,1,362.2,361.98,CO2,NA,NA,ppm,NA
15-FEB-1996 18:00,1996,2,363.36,362.47,CO2,NA,NA,ppm,NA
17-MAR-1996 05:42,1996,3,364.28,362.64,CO2,NA,NA,ppm,NA
16-APR-1996 18:17,1996,4,364.69,361.99,CO2,NA,NA,ppm,NA
17-MAY-1996 06:00,1996,5,365.25,362.23,CO2,NA,NA,ppm,NA
16-JUN-1996 17:42,1996,6,365.06,362.82,CO2,NA,NA,ppm,NA
17-JUL-1996 06:17,1996,7,363.69,362.98,CO2,NA,NA,ppm,NA
16-AUG-1996 18:00,1996,8,361.55,363.13,CO2,NA,NA,ppm,NA
16-SEP-1996 05:42,1996,9,359.69,363.14,CO2,NA,NA,ppm,NA
16-OCT-1996 18:17,1996,10,359.72,363.12,CO2,NA,NA,ppm,NA
16-NOV-1996 06:00,1996,11,361.04,363.18,CO2,NA,NA,ppm,NA
16-DEC-1996 17:42,1996,12,362.39,363.23,CO2,NA,NA,ppm,NA
16-JAN-1997 05:17,1997,1,363.24,363.03,CO2,NA,NA,ppm,NA
15-FEB-1997 15:00,1997,2,364.21,363.4,CO2,NA,NA,ppm,NA
18-MAR-1997 00:42,1997,3,364.65,363.02,CO2,NA,NA,ppm,NA
17-APR-1997 11:17,1997,4,366.49,363.82,CO2,NA,NA,ppm,NA
17-MAY-1997 21:00,1997,5,366.77,363.87,CO2,NA,NA,ppm,NA
17-JUN-1997 06:42,1997,6,365.73,363.56,CO2,NA,NA,ppm,NA
17-JUL-1997 17:17,1997,7,364.46,363.74,CO2,NA,NA,ppm,NA
17-AUG-1997 03:00,1997,8,362.4,363.98,CO2,NA,NA,ppm,NA
16-SEP-1997 12:42,1997,9,360.44,363.83,CO2,NA,NA,ppm,NA
16-OCT-1997 23:17,1997,10,360.97,364.28,CO2,NA,NA,ppm,NA
16-NOV-1997 09:00,1997,11,362.65,364.71,CO2,NA,NA,ppm,NA
16-DEC-1997 18:42,1997,12,364.51,365.28,CO2,NA,NA,ppm,NA
16-JAN-1998 05:17,1998,1,365.39,365.19,CO2,NA,NA,ppm,NA
15-FEB-1998 15:00,1998,2,366.1,365.29,CO2,NA,NA,ppm,NA
18-MAR-1998 00:42,1998,3,367.36,365.73,CO2,NA,NA,ppm,NA
17-APR-1998 11:17,1998,4,368.79,366.17,CO2,NA,NA,ppm,NA
17-MAY-1998 21:00,1998,5,369.56,366.68,CO2,NA,NA,ppm,NA
17-JUN-1998 06:42,1998,6,369.13,366.95,CO2,NA,NA,ppm,NA
17-JUL-1998 17:17,1998,7,367.98,367.29,CO2,NA,NA,ppm,NA
17-AUG-1998 03:00,1998,8,366.1,367.69,CO2,NA,NA,ppm,NA
16-SEP-1998 12:42,1998,9,364.16,367.51,CO2,NA,NA,ppm,NA
16-OCT-1998 23:17,1998,10,364.54,367.82,CO2,NA,NA,ppm,NA
16-NOV-1998 09:00,1998,11,365.67,367.7,CO2,NA,NA,ppm,NA
16-DEC-1998 18:42,1998,12,367.3,368.05,CO2,NA,NA,ppm,NA
16-JAN-1999 05:17,1999,1,368.35,368.13,CO2,NA,NA,ppm,NA
15-FEB-1999 15:00,1999,2,369.28,368.46,CO2,NA,NA,ppm,NA
18-MAR-1999 00:42,1999,3,369.84,368.24,CO2,NA,NA,ppm,NA
17-APR-1999 11:17,1999,4,371.15,368.62,CO2,NA,NA,ppm,NA
17-MAY-1999 21:00,1999,5,371.12,368.31,CO2,NA,NA,ppm,NA
17-JUN-1999 06:42,1999,6,370.46,368.29,CO2,NA,NA,ppm,NA
17-JUL-1999 17:17,1999,7,369.61,368.93,CO2,NA,NA,ppm,NA
17-AUG-1999 03:00,1999,8,367.06,368.63,CO2,NA,NA,ppm,NA
16-SEP-1999 12:42,1999,9,364.95,368.28,CO2,NA,NA,ppm,NA
16-OCT-1999 23:17,1999,10,365.52,368.8,CO2,NA,NA,ppm,NA
16-NOV-1999 09:00,1999,11,366.88,368.86,CO2,NA,NA,ppm,NA
16-DEC-1999 18:42,1999,12,368.26,368.93,CO2,NA,NA,ppm,NA
16-JAN-2000 06:17,2000,1,369.45,369.24,CO2,NA,NA,ppm,NA
15-FEB-2000 18:00,2000,2,369.71,368.99,CO2,NA,NA,ppm,NA
17-MAR-2000 05:42,2000,3,370.75,369.24,CO2,NA,NA,ppm,NA
16-APR-2000 18:17,2000,4,371.98,369.44,CO2,NA,NA,ppm,NA
17-MAY-2000 06:00,2000,5,371.75,368.87,CO2,NA,NA,ppm,NA
16-JUN-2000 17:42,2000,6,371.87,369.66,CO2,NA,NA,ppm,NA
17-JUL-2000 06:17,2000,7,370.02,369.36,CO2,NA,NA,ppm,NA
16-AUG-2000 18:00,2000,8,368.27,369.87,CO2,NA,NA,ppm,NA
16-SEP-2000 05:42,2000,9,367.15,370.46,CO2,NA,NA,ppm,NA
16-OCT-2000 18:17,2000,10,367.18,370.42,CO2,NA,NA,ppm,NA
16-NOV-2000 06:00,2000,11,368.53,370.48,CO2,NA,NA,ppm,NA
16-DEC-2000 17:42,2000,12,369.83,370.46,CO2,NA,NA,ppm,NA
16-JAN-2001 05:17,2001,1,370.76,370.6,CO2,NA,NA,ppm,NA
15-FEB-2001 15:00,2001,2,371.69,370.95,CO2,NA,NA,ppm,NA
18-MAR-2001 00:42,2001,3,372.63,371.06,CO2,NA,NA,ppm,NA
17-APR-2001 11:17,2001,4,373.55,370.99,CO2,NA,NA,ppm,NA
17-MAY-2001 21:00,2001,5,374.03,371.11,CO2,NA,NA,ppm,NA
17-JUN-2001 06:42,2001,6,373.4,371.18,CO2,NA,NA,ppm,NA
17-JUL-2001 17:17,2001,7,371.68,371.08,CO2,NA,NA,ppm,NA
17-AUG-2001 03:00,2001,8,369.78,371.39,CO2,NA,NA,ppm,NA
16-SEP-2001 12:42,2001,9,368.34,371.61,CO2,NA,NA,ppm,NA
16-OCT-2001 23:17,2001,10,368.61,371.85,CO2,NA,NA,ppm,NA
16-NOV-2001 09:00,2001,11,369.94,371.92,CO2,NA,NA,ppm,NA
16-DEC-2001 18:42,2001,12,371.42,372.09,CO2,NA,NA,ppm,NA
16-JAN-2002 05:17,2002,1,372.7,372.48,CO2,NA,NA,ppm,NA
15-FEB-2002 15:00,2002,2,373.37,372.49,CO2,NA,NA,ppm,NA
18-MAR-2002 00:42,2002,3,374.3,372.61,CO2,NA,NA,ppm,NA
17-APR-2002 11:17,2002,4,375.19,372.54,CO2,NA,NA,ppm,NA
17-MAY-2002 21:00,2002,5,375.93,372.98,CO2,NA,NA,ppm,NA
17-JUN-2002 06:42,2002,6,375.69,373.46,CO2,NA,NA,ppm,NA
17-JUL-2002 17:17,2002,7,374.16,373.58,CO2,NA,NA,ppm,NA
17-AUG-2002 03:00,2002,8,372.03,373.7,CO2,NA,NA,ppm,NA
16-SEP-2002 12:42,2002,9,370.92,374.28,CO2,NA,NA,ppm,NA
16-OCT-2002 23:17,2002,10,370.73,374.06,CO2,NA,NA,ppm,NA
16-NOV-2002 09:00,2002,11,372.43,374.52,CO2,NA,NA,ppm,NA
16-DEC-2002 18:42,2002,12,373.98,374.72,CO2,NA,NA,ppm,NA
16-JAN-2003 05:17,2003,1,375.07,374.82,CO2,NA,NA,ppm,NA
15-FEB-2003 15:00,2003,2,375.82,374.95,CO2,NA,NA,ppm,NA
18-MAR-2003 00:42,2003,3,376.64,374.99,CO2,NA,NA,ppm,NA
17-APR-2003 11:17,2003,4,377.92,375.24,CO2,NA,NA,ppm,NA
17-MAY-2003 21:00,2003,5,378.78,375.73,CO2,NA,NA,ppm,NA
17-JUN-2003 06:42,2003,6,378.46,376.22,CO2,NA,NA,ppm,NA
17-JUL-2003 17:17,2003,7,376.88,376.37,CO2,NA,NA,ppm,NA
17-AUG-2003 03:00,2003,8,374.57,376.27,CO2,NA,NA,ppm,NA
16-SEP-2003 12:42,2003,9,373.34,376.65,CO2,NA,NA,ppm,NA
16-OCT-2003 23:17,2003,10,373.31,376.65,CO2,NA,NA,ppm,NA
16-NOV-2003 09:00,2003,11,374.84,376.99,CO2,NA,NA,ppm,NA
16-DEC-2003 18:42,2003,12,376.17,376.93,CO2,NA,NA,ppm,NA
16-JAN-2004 06:17,2004,1,377.17,376.96,CO2,NA,NA,ppm,NA
15-FEB-2004 18:00,2004,2,378.05,377.19,CO2,NA,NA,ppm,NA
17-MAR-2004 05:42,2004,3,379.06,377.4,CO2,NA,NA,ppm,NA
16-APR-2004 18:17,2004,4,380.54,377.8,CO2,NA,NA,ppm,NA
17-MAY-2004 06:00,2004,5,380.8,377.66,CO2,NA,NA,ppm,NA
16-JUN-2004 17:42,2004,6,379.87,377.57,CO2,NA,NA,ppm,NA
17-JUL-2004 06:17,2004,7,377.65,377.12,CO2,NA,NA,ppm,NA
16-AUG-2004 18:00,2004,8,376.17,377.9,CO2,NA,NA,ppm,NA
16-SEP-2004 05:42,2004,9,374.43,377.8,CO2,NA,NA,ppm,NA
16-OCT-2004 18:17,2004,10,374.63,377.99,CO2,NA,NA,ppm,NA
16-NOV-2004 06:00,2004,11,376.33,378.49,CO2,NA,NA,ppm,NA
16-DEC-2004 17:42,2004,12,377.68,378.48,CO2,NA,NA,ppm,NA
16-JAN-2005 05:17,2005,1,378.63,378.37,CO2,NA,NA,ppm,NA
15-FEB-2005 15:00,2005,2,379.91,379.1,CO2,NA,NA,ppm,NA
18-MAR-2005 00:42,2005,3,380.95,379.45,CO2,NA,NA,ppm,NA
17-APR-2005 11:17,2005,4,382.48,379.84,CO2,NA,NA,ppm,NA
17-MAY-2005 21:00,2005,5,382.64,379.49,CO2,NA,NA,ppm,NA
17-JUN-2005 06:42,2005,6,382.4,380.07,CO2,NA,NA,ppm,NA
17-JUL-2005 17:17,2005,7,380.93,380.38,CO2,NA,NA,ppm,NA
17-AUG-2005 03:00,2005,8,378.93,380.61,CO2,NA,NA,ppm,NA
16-SEP-2005 12:42,2005,9,376.89,380.2,CO2,NA,NA,ppm,NA
16-OCT-2005 23:17,2005,10,377.19,380.5,CO2,NA,NA,ppm,NA
16-NOV-2005 09:00,2005,11,378.54,380.69,CO2,NA,NA,ppm,NA
16-DEC-2005 18:42,2005,12,380.31,381.09,CO2,NA,NA,ppm,NA
16-JAN-2006 05:17,2006,1,381.58,381.33,CO2,NA,NA,ppm,NA
15-FEB-2006 15:00,2006,2,382.4,381.58,CO2,NA,NA,ppm,NA
18-MAR-2006 00:42,2006,3,382.86,381.32,CO2,NA,NA,ppm,NA
17-APR-2006 11:17,2006,4,384.8,382.11,CO2,NA,NA,ppm,NA
17-MAY-2006 21:00,2006,5,385.22,382.06,CO2,NA,NA,ppm,NA
17-JUN-2006 06:42,2006,6,384.24,381.93,CO2,NA,NA,ppm,NA
17-JUL-2006 17:17,2006,7,382.65,382.1,CO2,NA,NA,ppm,NA
17-AUG-2006 03:00,2006,8,380.6,382.27,CO2,NA,NA,ppm,NA
16-SEP-2006 12:42,2006,9,379.04,382.35,CO2,NA,NA,ppm,NA
16-OCT-2006 23:17,2006,10,379.33,382.66,CO2,NA,NA,ppm,NA
16-NOV-2006 09:00,2006,11,380.35,382.52,CO2,NA,NA,ppm,NA
16-DEC-2006 18:42,2006,12,382.02,382.84,CO2,NA,NA,ppm,NA
16-JAN-2007 05:17,2007,1,383.1,382.88,CO2,NA,NA,ppm,NA
15-FEB-2007 15:00,2007,2,384.12,383.22,CO2,NA,NA,ppm,NA
18-MAR-2007 00:42,2007,3,384.81,383.17,CO2,NA,NA,ppm,NA
17-APR-2007 11:17,2007,4,386.73,383.95,CO2,NA,NA,ppm,NA
17-MAY-2007 21:00,2007,5,386.78,383.56,CO2,NA,NA,ppm,NA
17-JUN-2007 06:42,2007,6,386.33,384.06,CO2,NA,NA,ppm,NA
17-JUL-2007 17:17,2007,7,384.73,384.25,CO2,NA,NA,ppm,NA
17-AUG-2007 03:00,2007,8,382.24,383.95,CO2,NA,NA,ppm,NA
16-SEP-2007 12:42,2007,9,381.2,384.56,CO2,NA,NA,ppm,NA
16-OCT-2007 23:17,2007,10,381.37,384.72,CO2,NA,NA,ppm,NA
16-NOV-2007 09:00,2007,11,382.7,384.9,CO2,NA,NA,ppm,NA
16-DEC-2007 18:42,2007,12,384.19,385.07,CO2,NA,NA,ppm,NA
16-JAN-2008 06:17,2008,1,385.78,385.54,CO2,NA,NA,ppm,NA
15-FEB-2008 18:00,2008,2,386.06,385.2,CO2,NA,NA,ppm,NA
17-MAR-2008 05:42,2008,3,386.28,384.72,CO2,NA,NA,ppm,NA
16-APR-2008 18:17,2008,4,387.33,384.71,CO2,NA,NA,ppm,NA
17-MAY-2008 06:00,2008,5,388.78,385.69,CO2,NA,NA,ppm,NA
16-JUN-2008 17:42,2008,6,387.99,385.68,CO2,NA,NA,ppm,NA
17-JUL-2008 06:17,2008,7,386.61,386.05,CO2,NA,NA,ppm,NA
16-AUG-2008 18:00,2008,8,384.32,385.98,CO2,NA,NA,ppm,NA
16-SEP-2008 05:42,2008,9,383.41,386.69,CO2,NA,NA,ppm,NA
16-OCT-2008 18:17,2008,10,383.22,386.5,CO2,NA,NA,ppm,NA
16-NOV-2008 06:00,2008,11,384.41,386.58,CO2,NA,NA,ppm,NA
16-DEC-2008 17:42,2008,12,385.79,386.64,CO2,NA,NA,ppm,NA
16-JAN-2009 05:17,2009,1,387.17,386.86,CO2,NA,NA,ppm,NA
15-FEB-2009 15:00,2009,2,387.7,386.81,CO2,NA,NA,ppm,NA
18-MAR-2009 00:42,2009,3,389.04,387.54,CO2,NA,NA,ppm,NA
17-APR-2009 11:17,2009,4,389.76,387.15,CO2,NA,NA,ppm,NA
17-MAY-2009 21:00,2009,5,390.36,387.24,CO2,NA,NA,ppm,NA
17-JUN-2009 06:42,2009,6,389.7,387.46,CO2,NA,NA,ppm,NA
17-JUL-2009 17:17,2009,7,388.24,387.77,CO2,NA,NA,ppm,NA
17-AUG-2009 03:00,2009,8,386.29,387.99,CO2,NA,NA,ppm,NA
16-SEP-2009 12:42,2009,9,384.95,388.22,CO2,NA,NA,ppm,NA
16-OCT-2009 23:17,2009,10,384.64,387.88,CO2,NA,NA,ppm,NA
16-NOV-2009 09:00,2009,11,386.23,388.36,CO2,NA,NA,ppm,NA
16-DEC-2009 18:42,2009,12,387.63,388.43,CO2,NA,NA,ppm,NA
16-JAN-2010 05:17,2010,1,388.91,388.62,CO2,NA,NA,ppm,NA
15-FEB-2010 15:00,2010,2,390.41,389.47,CO2,NA,NA,ppm,NA
18-MAR-2010 00:42,2010,3,391.37,389.85,CO2,NA,NA,ppm,NA
17-APR-2010 11:17,2010,4,392.67,390.12,CO2,NA,NA,ppm,NA
17-MAY-2010 21:00,2010,5,393.21,390.09,CO2,NA,NA,ppm,NA
17-JUN-2010 06:42,2010,6,392.38,390.1,CO2,NA,NA,ppm,NA
17-JUL-2010 17:17,2010,7,390.41,389.93,CO2,NA,NA,ppm,NA
17-AUG-2010 03:00,2010,8,388.54,390.21,CO2,NA,NA,ppm,NA
16-SEP-2010 12:42,2010,9,387.03,390.32,CO2,NA,NA,ppm,NA
16-OCT-2010 23:17,2010,10,387.43,390.72,CO2,NA,NA,ppm,NA
16-NOV-2010 09:00,2010,11,388.87,390.99,CO2,NA,NA,ppm,NA
16-DEC-2010 18:42,2010,12,389.99,390.8,CO2,NA,NA,ppm,NA
16-JAN-2011 05:17,2011,1,391.5,391.19,CO2,NA,NA,ppm,NA
15-FEB-2011 15:00,2011,2,392.05,391.12,CO2,NA,NA,ppm,NA
18-MAR-2011 00:42,2011,3,392.8,391.27,CO2,NA,NA,ppm,NA
17-APR-2011 11:17,2011,4,393.44,390.83,CO2,NA,NA,ppm,NA
17-MAY-2011 21:00,2011,5,394.41,391.24,CO2,NA,NA,ppm,NA
17-JUN-2011 06:42,2011,6,393.95,391.64,CO2,NA,NA,ppm,NA
17-JUL-2011 17:17,2011,7,392.72,392.24,CO2,NA,NA,ppm,NA
17-AUG-2011 03:00,2011,8,390.33,392.04,CO2,NA,NA,ppm,NA
16-SEP-2011 12:42,2011,9,389.28,392.6,CO2,NA,NA,ppm,NA
16-OCT-2011 23:17,2011,10,389.19,392.53,CO2,NA,NA,ppm,NA
16-NOV-2011 09:00,2011,11,390.48,392.64,CO2,NA,NA,ppm,NA
16-DEC-2011 18:42,2011,12,392.06,392.86,CO2,NA,NA,ppm,NA
16-JAN-2012 06:17,2012,1,393.31,393.07,CO2,NA,NA,ppm,NA
15-FEB-2012 18:00,2012,2,394.04,393.2,CO2,NA,NA,ppm,NA
17-MAR-2012 05:42,2012,3,394.59,392.99,CO2,NA,NA,ppm,NA
16-APR-2012 18:17,2012,4,396.38,393.65,CO2,NA,NA,ppm,NA
17-MAY-2012 06:00,2012,5,396.93,393.73,CO2,NA,NA,ppm,NA
16-JUN-2012 17:42,2012,6,395.91,393.63,CO2,NA,NA,ppm,NA
17-JUL-2012 06:17,2012,7,394.56,394.12,CO2,NA,NA,ppm,NA
16-AUG-2012 18:00,2012,8,392.59,394.37,CO2,NA,NA,ppm,NA
16-SEP-2012 05:42,2012,9,391.32,394.75,CO2,NA,NA,ppm,NA
16-OCT-2012 18:17,2012,10,391.27,394.64,CO2,NA,NA,ppm,NA
16-NOV-2012 06:00,2012,11,393.2,395.25,CO2,NA,NA,ppm,NA
16-DEC-2012 17:42,2012,12,394.57,395.27,CO2,NA,NA,ppm,NA
16-JAN-2013 05:17,2013,1,395.78,395.62,CO2,NA,NA,ppm,NA
15-FEB-2013 15:00,2013,2,397.03,396.23,CO2,NA,NA,ppm,NA
18-MAR-2013 00:42,2013,3,397.66,396.07,CO2,NA,NA,ppm,NA
17-APR-2013 11:17,2013,4,398.64,395.79,CO2,NA,NA,ppm,NA
17-MAY-2013 21:00,2013,5,400.02,396.64,CO2,NA,NA,ppm,NA
17-JUN-2013 06:42,2013,6,398.81,396.48,CO2,NA,NA,ppm,NA
17-JUL-2013 17:17,2013,7,397.51,397.13,CO2,NA,NA,ppm,NA
17-AUG-2013 03:00,2013,8,395.39,397.27,CO2,NA,NA,ppm,NA
16-SEP-2013 12:42,2013,9,393.72,397.24,CO2,NA,NA,ppm,NA
16-OCT-2013 23:17,2013,10,393.9,397.25,CO2,NA,NA,ppm,NA
16-NOV-2013 09:00,2013,11,395.36,397.35,CO2,NA,NA,ppm,NA
16-DEC-2013 18:42,2013,12,397.03,397.78,CO2,NA,NA,ppm,NA
16-JAN-2014 05:17,2014,1,398.04,397.74,CO2,NA,NA,ppm,NA
15-FEB-2014 15:00,2014,2,398.27,397.45,CO2,NA,NA,ppm,NA
18-MAR-2014 00:42,2014,3,399.91,398.37,CO2,NA,NA,ppm,NA
17-APR-2014 11:17,2014,4,401.51,398.63,CO2,NA,NA,ppm,NA
17-MAY-2014 21:00,2014,5,401.96,398.56,CO2,NA,NA,ppm,NA
17-JUN-2014 06:42,2014,6,401.43,399.1,CO2,NA,NA,ppm,NA
17-JUL-2014 17:17,2014,7,399.27,398.85,CO2,NA,NA,ppm,NA
17-AUG-2014 03:00,2014,8,397.18,399.07,CO2,NA,NA,ppm,NA
16-SEP-2014 12:42,2014,9,395.54,399.11,CO2,NA,NA,ppm,NA
16-OCT-2014 23:17,2014,10,396.16,399.58,CO2,NA,NA,ppm,NA
16-NOV-2014 09:00,2014,11,397.4,399.49,CO2,NA,NA,ppm,NA
16-DEC-2014 18:42,2014,12,399.08,399.81,CO2,NA,NA,ppm,NA
16-JAN-2015 05:17,2015,1,400.18,399.92,CO2,NA,NA,ppm,NA
15-FEB-2015 15:00,2015,2,400.55,399.77,CO2,NA,NA,ppm,NA
18-MAR-2015 00:42,2015,3,401.74,400.22,CO2,NA,NA,ppm,NA
17-APR-2015 11:17,2015,4,403.35,400.46,CO2,NA,NA,ppm,NA
17-MAY-2015 21:00,2015,5,404.15,400.7,CO2,NA,NA,ppm,NA
17-JUN-2015 06:42,2015,6,402.97,400.65,CO2,NA,NA,ppm,NA
17-JUL-2015 17:17,2015,7,401.46,401.11,CO2,NA,NA,ppm,NA
17-AUG-2015 03:00,2015,8,399.11,401.04,CO2,NA,NA,ppm,NA
16-SEP-2015 12:42,2015,9,397.82,401.43,CO2,NA,NA,ppm,NA
16-OCT-2015 23:17,2015,10,398.49,401.89,CO2,NA,NA,ppm,NA
16-NOV-2015 09:00,2015,11,400.27,402.24,CO2,NA,NA,ppm,NA
16-DEC-2015 18:42,2015,12,402.06,402.72,CO2,NA,NA,ppm,NA
16-JAN-2016 06:17,2016,1,402.73,402.45,CO2,NA,NA,ppm,NA
15-FEB-2016 18:00,2016,2,404.25,403.4,CO2,NA,NA,ppm,NA
17-MAR-2016 05:42,2016,3,405.06,403.54,CO2,NA,NA,ppm,NA
16-APR-2016 18:17,2016,4,407.6,404.77,CO2,NA,NA,ppm,NA
17-MAY-2016 06:00,2016,5,407.9,404.41,CO2,NA,NA,ppm,NA
16-JUN-2016 17:42,2016,6,406.99,404.59,CO2,NA,NA,ppm,NA
17-JUL-2016 06:17,2016,7,404.59,404.24,CO2,NA,NA,ppm,NA
16-AUG-2016 18:00,2016,8,402.45,404.41,CO2,NA,NA,ppm,NA
16-SEP-2016 05:42,2016,9,401.23,404.85,CO2,NA,NA,ppm,NA
16-OCT-2016 18:17,2016,10,401.79,405.23,CO2,NA,NA,ppm,NA
16-NOV-2016 06:00,2016,11,403.72,405.74,CO2,NA,NA,ppm,NA
16-DEC-2016 17:42,2016,12,404.64,405.33,CO2,NA,NA,ppm,NA
16-JAN-2017 05:17,2017,1,406.36,406.04,CO2,NA,NA,ppm,NA
15-FEB-2017 15:00,2017,2,406.65,405.8,CO2,NA,NA,ppm,NA
18-MAR-2017 00:42,2017,3,407.54,406.05,CO2,NA,NA,ppm,NA
17-APR-2017 11:17,2017,4,409.22,406.37,CO2,NA,NA,ppm,NA
17-MAY-2017 21:00,2017,5,409.89,406.37,CO2,NA,NA,ppm,NA
17-JUN-2017 06:42,2017,6,409.08,406.68,CO2,NA,NA,ppm,NA
17-JUL-2017 17:17,2017,7,407.33,407.01,CO2,NA,NA,ppm,NA
17-AUG-2017 03:00,2017,8,405.32,407.31,CO2,NA,NA,ppm,NA
16-SEP-2017 12:42,2017,9,403.57,407.17,CO2,NA,NA,ppm,NA
16-OCT-2017 23:17,2017,10,403.82,407.23,CO2,NA,NA,ppm,NA
16-NOV-2017 09:00,2017,11,405.31,407.36,CO2,NA,NA,ppm,NA
16-DEC-2017 18:42,2017,12,407,407.71,CO2,NA,NA,ppm,NA
16-JAN-2018 05:17,2018,1,408.15,407.83,CO2,NA,NA,ppm,NA
15-FEB-2018 15:00,2018,2,408.52,407.61,CO2,NA,NA,ppm,NA
18-MAR-2018 00:42,2018,3,409.59,408.06,CO2,NA,NA,ppm,NA
17-APR-2018 11:17,2018,4,410.45,407.65,CO2,NA,NA,ppm,NA
17-MAY-2018 21:00,2018,5,411.44,407.98,CO2,NA,NA,ppm,NA
17-JUN-2018 06:42,2018,6,410.99,408.6,CO2,NA,NA,ppm,NA
17-JUL-2018 17:17,2018,7,408.9,408.6,CO2,NA,NA,ppm,NA
17-AUG-2018 03:00,2018,8,407.16,409.17,CO2,NA,NA,ppm,NA
16-SEP-2018 12:42,2018,9,405.71,409.3,CO2,NA,NA,ppm,NA
16-OCT-2018 23:17,2018,10,406.19,409.56,CO2,NA,NA,ppm,NA
16-NOV-2018 09:00,2018,11,408.21,410.24,CO2,NA,NA,ppm,NA
16-DEC-2018 18:42,2018,12,409.27,409.99,CO2,NA,NA,ppm,NA
16-JAN-2019 05:17,2019,1,411.03,410.69,CO2,NA,NA,ppm,NA
15-FEB-2019 15:00,2019,2,411.96,410.97,CO2,NA,NA,ppm,NA
18-MAR-2019 00:42,2019,3,412.18,410.71,CO2,NA,NA,ppm,NA
17-APR-2019 11:17,2019,4,413.54,410.92,CO2,NA,NA,ppm,NA
17-MAY-2019 21:00,2019,5,414.86,411.47,CO2,NA,NA,ppm,NA
17-JUN-2019 06:42,2019,6,414.15,411.74,CO2,NA,NA,ppm,NA
17-JUL-2019 17:17,2019,7,411.96,411.64,CO2,NA,NA,ppm,NA
17-AUG-2019 03:00,2019,8,410.17,412.1,CO2,NA,NA,ppm,NA
16-SEP-2019 12:42,2019,9,408.76,412.26,CO2,NA,NA,ppm,NA
16-OCT-2019 23:17,2019,10,408.74,412.09,CO2,NA,NA,ppm,NA
16-NOV-2019 09:00,2019,11,410.47,412.5,CO2,NA,NA,ppm,NA
16-DEC-2019 18:42,2019,12,411.97,412.71,CO2,NA,NA,ppm,NA
16-JAN-2020 06:17,2020,1,413.59,413.22,CO2,NA,NA,ppm,NA
15-FEB-2020 18:00,2020,2,414.32,413.4,CO2,NA,NA,ppm,NA
17-MAR-2020 05:42,2020,3,414.72,413.35,CO2,NA,NA,ppm,NA
16-APR-2020 18:17,2020,4,416.42,413.92,CO2,NA,NA,ppm,NA
17-MAY-2020 06:00,2020,5,417.28,413.98,CO2,NA,NA,ppm,NA
16-JUN-2020 17:42,2020,6,416.58,414.15,CO2,NA,NA,ppm,NA
17-JUL-2020 06:17,2020,7,414.58,414.19,CO2,NA,NA,ppm,NA
16-AUG-2020 18:00,2020,8,412.75,414.6,CO2,NA,NA,ppm,NA
16-SEP-2020 05:42,2020,9,411.5,414.9,CO2,NA,NA,ppm,NA
16-OCT-2020 18:17,2020,10,411.49,414.79,CO2,NA,NA,ppm,NA
16-NOV-2020 06:00,2020,11,413.1,415.11,CO2,NA,NA,ppm,NA
16-DEC-2020 17:42,2020,12,414.23,414.91,CO2,NA,NA,ppm,NA
16-JAN-2021 05:17,2021,1,415.49,415.23,CO2,NA,NA,ppm,NA
15-FEB-2021 15:00,2021,2,416.72,415.8,CO2,NA,NA,ppm,NA
18-MAR-2021 00:42,2021,3,417.61,416.17,CO2,NA,NA,ppm,NA
17-APR-2021 11:17,2021,4,419.01,416.59,CO2,NA,NA,ppm,NA
17-MAY-2021 21:00,2021,5,419.09,415.88,CO2,NA,NA,ppm,NA
17-JUN-2021 06:42,2021,6,418.93,416.48,CO2,NA,NA,ppm,NA
17-JUL-2021 17:17,2021,7,416.9,416.48,CO2,NA,NA,ppm,NA
17-AUG-2021 03:00,2021,8,414.42,416.27,CO2,NA,NA,ppm,NA
16-SEP-2021 12:42,2021,9,413.26,416.63,CO2,NA,NA,ppm,NA
16-OCT-2021 23:17,2021,10,413.9,417.14,CO2,NA,NA,ppm,NA
16-NOV-2021 09:00,2021,11,414.97,416.92,CO2,NA,NA,ppm,NA
16-DEC-2021 18:42,2021,12,416.67,417.37,CO2,NA,NA,ppm,NA
16-JAN-2022 05:17,2022,1,418.13,417.86,CO2,NA,NA,ppm,NA
15-FEB-2022 15:00,2022,2,419.24,418.32,CO2,NA,NA,ppm,NA
18-MAR-2022 00:42,2022,3,418.76,417.31,CO2,NA,NA,ppm,NA
17-APR-2022 11:17,2022,4,420.19,417.67,CO2,NA,NA,ppm,NA
17-MAY-2022 21:00,2022,5,420.97,417.7,CO2,NA,NA,ppm,NA
17-JUN-2022 06:42,2022,6,420.94,418.47,CO2,NA,NA,ppm,NA
17-JUL-2022 17:17,2022,7,418.85,418.41,CO2,NA,NA,ppm,NA
17-AUG-2022 03:00,2022,8,417.15,419.03,CO2,NA,NA,ppm,NA
16-SEP-2022 12:42,2022,9,415.91,419.3,CO2,NA,NA,ppm,NA
16-OCT-2022 23:17,2022,10,415.74,418.97,CO2,NA,NA,ppm,NA
16-NOV-2022 09:00,2022,11,417.47,419.51,CO2,NA,NA,ppm,NA
16-DEC-2022 18:42,2022,12,418.99,419.79,CO2,NA,NA,ppm,NA
16-JAN-2023 05:17,2023,1,419.47,419.21,CO2,NA,NA,ppm,NA
15-FEB-2023 15:00,2023,2,420.31,419.43,CO2,NA,NA,ppm,NA
18-MAR-2023 00:42,2023,3,420.99,419.54,CO2,NA,NA,ppm,NA
17-APR-2023 11:17,2023,4,423.31,420.8,CO2,NA,NA,ppm,NA
17-MAY-2023 21:00,2023,5,424,420.76,CO2,NA,NA,ppm,NA
17-JUN-2023 06:42,2023,6,423.68,421.23,CO2,NA,NA,ppm,NA
17-JUL-2023 17:17,2023,7,421.83,421.41,CO2,NA,NA,ppm,NA
17-AUG-2023 03:00,2023,8,419.68,421.57,CO2,NA,NA,ppm,NA
16-SEP-2023 12:42,2023,9,418.5,421.9,CO2,NA,NA,ppm,NA
16-OCT-2023 23:17,2023,10,418.82,422.05,CO2,NA,NA,ppm,NA
16-NOV-2023 09:00,2023,11,420.46,422.44,CO2,NA,NA,ppm,NA
16-DEC-2023 18:42,2023,12,421.86,422.58,CO2,NA,NA,ppm,NA
16-JAN-2024 06:17,2024,1,422.8,422.55,CO2,NA,NA,ppm,NA
15-FEB-2024 18:00,2024,2,424.55,423.67,CO2,NA,NA,ppm,NA
17-MAR-2024 05:42,2024,3,425.38,423.94,CO2,NA,NA,ppm,NA
16-APR-2024 18:17,2024,4,426.51,424,CO2,NA,NA,ppm,NA
17-MAY-2024 06:00,2024,5,426.9,423.65,CO2,NA,NA,ppm,NA
16-JUN-2024 17:42,2024,6,426.91,424.46,CO2,NA,NA,ppm,NA
17-JUL-2024 06:17,2024,7,425.55,425.13,CO2,NA,NA,ppm,NA
16-AUG-2024 18:00,2024,8,422.99,424.88,CO2,NA,NA,ppm,NA
16-SEP-2024 05:42,2024,9,422.03,425.43,CO2,NA,NA,ppm,NA
16-OCT-2024 18:17,2024,10,422.38,425.61,CO2,NA,NA,ppm,NA
16-NOV-2024 06:00,2024,11,423.85,425.83,CO2,NA,NA,ppm,NA
16-DEC-2024 17:42,2024,12,425.4,426.13,CO2,NA,NA,ppm,NA
16-JAN-2025 05:17,2025,1,426.65,426.4,CO2,NA,NA,ppm,NA
15-FEB-2025 15:00,2025,2,427.09,426.21,CO2,NA,NA,ppm,NA
18-MAR-2025 00:42,2025,3,428.15,426.7,CO2,NA,NA,ppm,NA
17-APR-2025 11:17,2025,4,429.64,427.13,CO2,NA,NA,ppm,NA
17-MAY-2025 21:00,2025,5,430.51,427.26,CO2,NA,NA,ppm,NA
17-JUN-2025 06:42,2025,6,429.61,427.16,CO2,NA,NA,ppm,NA
17-JUL-2025 17:17,2025,7,427.87,427.45,CO2,NA,NA,ppm,NA
17-AUG-2025 03:00,2025,8,425.48,427.37,CO2,NA,NA,ppm,NA
16-SEP-2025 12:42,2025,9,424.37,427.77,CO2,NA,NA,ppm,NA
16-OCT-2025 23:17,2025,10,424.87,428.1,CO2,NA,NA,ppm,NA
16-NOV-2025 09:00,2025,11,426.46,428.43,CO2,NA,NA,ppm,NA
16-DEC-2025 18:42,2025,12,427.49,428.21,CO2,NA,NA,ppm,NA
16-JAN-2026 05:17,2026,1,428.62,428.37,CO2,NA,NA,ppm,NA
15-FEB-2026 15:00,2026,2,429.35,428.47,CO2,NA,NA,ppm,NA
08-JAN-1989 00:00,1989,1,8.113187,NA,pH,8.107175675619125,NA,pH,NA
27-MAR-1989 00:00,1989,3,8.082849,NA,pH,8.107021817241007,NA,pH,NA
24-AUG-1989 00:00,1989,8,8.099902,NA,pH,8.106867958862887,NA,pH,NA
18-OCT-1989 00:00,1989,10,8.101292,NA,pH,8.106714100484767,NA,pH,NA
05-JAN-1990 00:00,1990,1,8.118504,NA,pH,8.106560242106648,NA,pH,NA
19-MAR-1990 00:00,1990,3,8.105358,NA,pH,8.10640638372853,NA,pH,NA
13-JUN-1990 00:00,1990,6,8.112278,NA,pH,8.10625252535041,NA,pH,NA
25-JUL-1990 00:00,1990,7,8.114807,NA,pH,8.10609866697229,NA,pH,NA
18-DEC-1990 00:00,1990,12,8.105256,NA,pH,8.105944808594172,NA,pH,NA
03-FEB-1991 00:00,1991,2,8.102791,NA,pH,8.105790950216052,NA,pH,NA
07-MAR-1991 00:00,1991,3,8.099092,NA,pH,8.105637091837933,NA,pH,NA
10-APR-1991 00:00,1991,4,8.097557,NA,pH,8.105483233459813,NA,pH,NA
08-MAY-1991 00:00,1991,5,8.102033,NA,pH,8.105329375081695,NA,pH,NA
05-JUN-1991 00:00,1991,6,8.10773,NA,pH,8.105175516703575,NA,pH,NA
10-JUL-1991 00:00,1991,7,8.115978,NA,pH,8.105021658325455,NA,pH,NA
10-AUG-1991 00:00,1991,8,8.109969,NA,pH,8.104867799947336,NA,pH,NA
18-SEP-1991 00:00,1991,9,8.112619,NA,pH,8.104713941569218,NA,pH,NA
21-OCT-1991 00:00,1991,10,8.116722,NA,pH,8.104560083191098,NA,pH,NA
07-DEC-1991 00:00,1991,12,8.118956,NA,pH,8.104406224812978,NA,pH,NA
05-JAN-1992 00:00,1992,1,8.108183,NA,pH,8.10425236643486,NA,pH,NA
15-FEB-1992 00:00,1992,2,8.09609,NA,pH,8.10409850805674,NA,pH,NA
06-MAR-1992 00:00,1992,3,8.098877,NA,pH,8.10394464967862,NA,pH,NA
17-APR-1992 00:00,1992,4,8.088698,NA,pH,8.1037907913005,NA,pH,NA
09-JUN-1992 00:00,1992,6,8.122269,NA,pH,8.103636932922383,NA,pH,NA
05-JUL-1992 00:00,1992,7,8.098472,NA,pH,8.103483074544263,NA,pH,NA
05-AUG-1992 00:00,1992,8,8.109684,NA,pH,8.103329216166143,NA,pH,NA
23-SEP-1992 00:00,1992,9,8.112724,NA,pH,8.103175357788025,NA,pH,NA
20-OCT-1992 00:00,1992,10,8.110711,NA,pH,8.103021499409905,NA,pH,NA
24-NOV-1992 00:00,1992,11,8.108982,NA,pH,8.102867641031786,NA,pH,NA
16-DEC-1992 00:00,1992,12,8.115047,NA,pH,8.102713782653666,NA,pH,NA
20-JAN-1993 00:00,1993,1,8.09721,NA,pH,8.102559924275548,NA,pH,NA
17-FEB-1993 00:00,1993,2,8.11283,NA,pH,8.102406065897428,NA,pH,NA
15-APR-1993 00:00,1993,4,8.085548,NA,pH,8.102252207519308,NA,pH,NA
21-MAY-1993 00:00,1993,5,8.093206,NA,pH,8.102098349141189,NA,pH,NA
15-SEP-1993 00:00,1993,9,8.10713,NA,pH,8.10194449076307,NA,pH,NA
30-OCT-1993 00:00,1993,10,8.11067,NA,pH,8.101790632384951,NA,pH,NA
20-JAN-1994 00:00,1994,1,8.126782,NA,pH,8.101636774006831,NA,pH,NA
17-FEB-1994 00:00,1994,2,8.096045,NA,pH,8.101482915628713,NA,pH,NA
09-MAR-1994 00:00,1994,3,8.093057,NA,pH,8.101329057250593,NA,pH,NA
19-JUN-1994 00:00,1994,6,8.094534,NA,pH,8.101175198872474,NA,pH,NA
25-JUL-1994 00:00,1994,7,8.094427,NA,pH,8.101021340494354,NA,pH,NA
30-AUG-1994 00:00,1994,8,8.099073,NA,pH,8.100867482116236,NA,pH,NA
23-SEP-1994 00:00,1994,9,8.106876,NA,pH,8.100713623738116,NA,pH,NA
15-OCT-1994 00:00,1994,10,8.09897,NA,pH,8.100559765359996,NA,pH,NA
19-NOV-1994 00:00,1994,11,8.1047,NA,pH,8.100405906981878,NA,pH,NA
06-FEB-1995 00:00,1995,2,8.079518,NA,pH,8.100252048603759,NA,pH,NA
04-MAR-1995 00:00,1995,3,8.081787,NA,pH,8.100098190225639,NA,pH,NA
06-APR-1995 00:00,1995,4,8.073113,NA,pH,8.099944331847519,NA,pH,NA
07-MAY-1995 00:00,1995,5,8.087092,NA,pH,8.099790473469401,NA,pH,NA
30-JUL-1995 00:00,1995,7,8.101405,NA,pH,8.099636615091281,NA,pH,NA
29-AUG-1995 00:00,1995,8,8.10764,NA,pH,8.099482756713162,NA,pH,NA
26-SEP-1995 00:00,1995,9,8.112848,NA,pH,8.099328898335044,NA,pH,NA
27-OCT-1995 00:00,1995,10,8.115718,NA,pH,8.099175039956924,NA,pH,NA
17-NOV-1995 00:00,1995,11,8.119383,NA,pH,8.099021181578804,NA,pH,NA
17-JAN-1996 00:00,1996,1,8.10773,NA,pH,8.098867323200684,NA,pH,NA
27-MAR-1996 00:00,1996,3,NA,NA,pH,8.098713464822566,NA,pH,NA
24-APR-1996 00:00,1996,4,NA,NA,pH,8.098559606444447,NA,pH,NA
22-MAY-1996 00:00,1996,5,8.095008,NA,pH,8.098405748066327,NA,pH,NA
26-JUN-1996 00:00,1996,6,8.10093,NA,pH,8.098251889688207,NA,pH,NA
27-JUL-1996 00:00,1996,7,8.106965,NA,pH,8.098098031310089,NA,pH,NA
21-AUG-1996 00:00,1996,8,8.107875,NA,pH,8.09794417293197,NA,pH,NA
02-OCT-1996 00:00,1996,10,8.113261,NA,pH,8.09779031455385,NA,pH,NA
30-OCT-1996 00:00,1996,10,8.113334,NA,pH,8.097636456175731,NA,pH,NA
11-DEC-1996 00:00,1996,12,8.090854,NA,pH,8.097482597797612,NA,pH,NA
08-JAN-1997 00:00,1997,1,8.078654,NA,pH,8.097328739419492,NA,pH,NA
18-FEB-1997 00:00,1997,2,8.072234,NA,pH,8.097174881041372,NA,pH,NA
12-MAR-1997 00:00,1997,3,8.087757,NA,pH,8.097021022663254,NA,pH,NA
09-APR-1997 00:00,1997,4,8.091284,NA,pH,8.096867164285134,NA,pH,NA
07-MAY-1997 00:00,1997,5,8.09199,NA,pH,8.096713305907015,NA,pH,NA
04-JUN-1997 00:00,1997,6,8.10604,NA,pH,8.096559447528897,NA,pH,NA
09-JUL-1997 00:00,1997,7,8.097534,NA,pH,8.096405589150777,NA,pH,NA
02-AUG-1997 00:00,1997,8,8.102995,NA,pH,8.096251730772657,NA,pH,NA
25-SEP-1997 00:00,1997,9,8.109314,NA,pH,8.096097872394537,NA,pH,NA
05-DEC-1997 00:00,1997,12,8.103076,NA,pH,8.09594401401642,NA,pH,NA
11-JAN-1998 00:00,1998,1,8.087714,NA,pH,8.0957901556383,NA,pH,NA
19-FEB-1998 00:00,1998,2,8.081908,NA,pH,8.09563629726018,NA,pH,NA
18-MAR-1998 00:00,1998,3,8.097822,NA,pH,8.095482438882062,NA,pH,NA
15-APR-1998 00:00,1998,4,8.080772,NA,pH,8.095328580503942,NA,pH,NA
13-MAY-1998 00:00,1998,5,8.081999,NA,pH,8.095174722125822,NA,pH,NA
17-JUN-1998 00:00,1998,6,8.085788,NA,pH,8.095020863747703,NA,pH,NA
15-JUL-1998 00:00,1998,7,8.069359,NA,pH,8.094867005369585,NA,pH,NA
10-AUG-1998 00:00,1998,8,8.088048,NA,pH,8.094713146991465,NA,pH,NA
28-SEP-1998 00:00,1998,9,8.085466,NA,pH,8.094559288613345,NA,pH,NA
19-OCT-1998 00:00,1998,10,8.097762,NA,pH,8.094405430235225,NA,pH,NA
11-NOV-1998 00:00,1998,11,8.089959,NA,pH,8.094251571857107,NA,pH,NA
09-DEC-1998 00:00,1998,12,8.076391,NA,pH,8.094097713478988,NA,pH,NA
13-JAN-1999 00:00,1999,1,8.070665,NA,pH,8.093943855100868,NA,pH,NA
18-FEB-1999 00:00,1999,2,8.065768,NA,pH,8.09378999672275,NA,pH,NA
17-MAR-1999 00:00,1999,3,8.115991,NA,pH,8.09363613834463,NA,pH,NA
14-APR-1999 00:00,1999,4,8.081927,NA,pH,8.09348227996651,NA,pH,NA
10-MAY-1999 00:00,1999,5,8.081931,NA,pH,8.09332842158839,NA,pH,NA
14-JUL-1999 00:00,1999,7,8.101191,NA,pH,8.093174563210273,NA,pH,NA
13-AUG-1999 00:00,1999,8,8.086422,NA,pH,8.093020704832153,NA,pH,NA
15-OCT-1999 00:00,1999,10,8.083195,NA,pH,8.092866846454033,NA,pH,NA
09-NOV-1999 00:00,1999,11,8.092519,NA,pH,8.092712988075915,NA,pH,NA
15-DEC-1999 00:00,1999,12,8.076716,NA,pH,8.092559129697795,NA,pH,NA
03-FEB-2000 00:00,2000,2,8.076358,NA,pH,8.092405271319675,NA,pH,NA
01-MAR-2000 00:00,2000,3,8.058449,NA,pH,8.092251412941556,NA,pH,NA
29-MAR-2000 00:00,2000,3,8.071017,NA,pH,8.092097554563438,NA,pH,NA
26-APR-2000 00:00,2000,4,8.079405,NA,pH,8.091943696185318,NA,pH,NA
25-MAY-2000 00:00,2000,5,8.061762,NA,pH,8.091789837807198,NA,pH,NA
21-JUN-2000 00:00,2000,6,8.089841,NA,pH,8.091635979429078,NA,pH,NA
26-JUL-2000 00:00,2000,7,8.102724,NA,pH,8.09148212105096,NA,pH,NA
23-AUG-2000 00:00,2000,8,8.103453,NA,pH,8.09132826267284,NA,pH,NA
18-OCT-2000 00:00,2000,10,8.079372,NA,pH,8.091174404294721,NA,pH,NA
30-NOV-2000 00:00,2000,11,8.094105,NA,pH,8.091020545916603,NA,pH,NA
20-DEC-2000 00:00,2000,12,8.090794,NA,pH,8.090866687538483,NA,pH,NA
17-JAN-2001 00:00,2001,1,8.080466,NA,pH,8.090712829160363,NA,pH,NA
14-FEB-2001 00:00,2001,2,8.069471,NA,pH,8.090558970782244,NA,pH,NA
21-MAR-2001 00:00,2001,3,8.073048,NA,pH,8.090405112404126,NA,pH,NA
18-APR-2001 00:00,2001,4,8.073583,NA,pH,8.090251254026006,NA,pH,NA
16-MAY-2001 00:00,2001,5,8.080251,NA,pH,8.090097395647886,NA,pH,NA
14-JUN-2001 00:00,2001,6,8.103863,NA,pH,8.089943537269768,NA,pH,NA
11-JUL-2001 00:00,2001,7,8.106446,NA,pH,8.089789678891648,NA,pH,NA
08-AUG-2001 00:00,2001,8,8.087791,NA,pH,8.089635820513529,NA,pH,NA
02-OCT-2001 00:00,2001,10,8.089172,NA,pH,8.089481962135409,NA,pH,NA
23-OCT-2001 00:00,2001,10,8.099814,NA,pH,8.08932810375729,NA,pH,NA
17-NOV-2001 00:00,2001,11,8.091858,NA,pH,8.089174245379171,NA,pH,NA
14-DEC-2001 00:00,2001,12,8.088475,NA,pH,8.089020387001051,NA,pH,NA
16-JAN-2002 00:00,2002,1,8.078155,NA,pH,8.088866528622933,NA,pH,NA
21-FEB-2002 00:00,2002,2,8.087096,NA,pH,8.088712670244814,NA,pH,NA
13-MAR-2002 00:00,2002,3,8.071004,NA,pH,8.088558811866694,NA,pH,NA
21-MAY-2002 00:00,2002,5,8.074996,NA,pH,8.088404953488574,NA,pH,NA
29-JUN-2002 00:00,2002,6,8.081175,NA,pH,8.088251095110456,NA,pH,NA
28-AUG-2002 00:00,2002,8,8.089032,NA,pH,8.088097236732336,NA,pH,NA
07-OCT-2002 00:00,2002,10,8.105983,NA,pH,8.087943378354217,NA,pH,NA
04-NOV-2002 00:00,2002,11,8.104322,NA,pH,8.087789519976097,NA,pH,NA
25-NOV-2002 00:00,2002,11,8.095959,NA,pH,8.087635661597979,NA,pH,NA
19-DEC-2002 00:00,2002,12,8.089011,NA,pH,8.087481803219859,NA,pH,NA
17-JAN-2003 00:00,2003,1,8.089097,NA,pH,8.08732794484174,NA,pH,NA
26-FEB-2003 00:00,2003,2,8.083023,NA,pH,8.087174086463621,NA,pH,NA
29-MAR-2003 00:00,2003,3,8.08611,NA,pH,8.087020228085501,NA,pH,NA
24-APR-2003 00:00,2003,4,8.089208,NA,pH,8.086866369707382,NA,pH,NA
21-MAY-2003 00:00,2003,5,8.090824,NA,pH,8.086712511329262,NA,pH,NA
20-JUN-2003 00:00,2003,6,8.096236,NA,pH,8.086558652951144,NA,pH,NA
20-JUL-2003 00:00,2003,7,8.100253,NA,pH,8.086404794573024,NA,pH,NA
21-AUG-2003 00:00,2003,8,8.102939,NA,pH,8.086250936194904,NA,pH,NA
15-OCT-2003 00:00,2003,10,8.115604,NA,pH,8.086097077816786,NA,pH,NA
10-NOV-2003 00:00,2003,11,8.114032,NA,pH,8.085943219438667,NA,pH,NA
20-DEC-2003 00:00,2003,12,8.095248,NA,pH,8.085789361060547,NA,pH,NA
22-JAN-2004 00:00,2004,1,8.087091,NA,pH,8.085635502682427,NA,pH,NA
25-FEB-2004 00:00,2004,2,8.099055,NA,pH,8.08548164430431,NA,pH,NA
20-MAR-2004 00:00,2004,3,8.097146,NA,pH,8.08532778592619,NA,pH,NA
21-APR-2004 00:00,2004,4,8.08381,NA,pH,8.08517392754807,NA,pH,NA
19-MAY-2004 00:00,2004,5,8.088046,NA,pH,8.08502006916995,NA,pH,NA
16-JUN-2004 00:00,2004,6,8.089665,NA,pH,8.084866210791832,NA,pH,NA
13-JUL-2004 00:00,2004,7,8.089991,NA,pH,8.084712352413712,NA,pH,NA
16-AUG-2004 00:00,2004,8,8.094845,NA,pH,8.084558494035592,NA,pH,NA
29-SEP-2004 00:00,2004,9,8.104304,NA,pH,8.084404635657474,NA,pH,NA
31-OCT-2004 00:00,2004,10,8.100355,NA,pH,8.084250777279355,NA,pH,NA
28-NOV-2004 00:00,2004,11,8.110317,NA,pH,8.084096918901235,NA,pH,NA
21-DEC-2004 00:00,2004,12,8.102627,NA,pH,8.083943060523115,NA,pH,NA
02-FEB-2005 00:00,2005,2,8.081234,NA,pH,8.083789202144997,NA,pH,NA
05-MAR-2005 00:00,2005,3,8.088101,NA,pH,8.083635343766877,NA,pH,NA
18-MAY-2005 00:00,2005,5,8.0887,NA,pH,8.083481485388758,NA,pH,NA
15-JUN-2005 00:00,2005,6,8.085773,NA,pH,8.08332762701064,NA,pH,NA
17-JUL-2005 00:00,2005,7,8.078964,NA,pH,8.08317376863252,NA,pH,NA
14-AUG-2005 00:00,2005,8,8.094795,NA,pH,8.0830199102544,NA,pH,NA
10-SEP-2005 00:00,2005,9,8.088696,NA,pH,8.08286605187628,NA,pH,NA
09-OCT-2005 00:00,2005,10,8.09463,NA,pH,8.082712193498162,NA,pH,NA
12-NOV-2005 00:00,2005,11,8.08727,NA,pH,8.082558335120043,NA,pH,NA
13-DEC-2005 00:00,2005,12,8.087402,NA,pH,8.082404476741923,NA,pH,NA
25-JAN-2006 00:00,2006,1,8.094604,NA,pH,8.082250618363805,NA,pH,NA
15-FEB-2006 00:00,2006,2,8.069681,NA,pH,8.082096759985685,NA,pH,NA
10-MAR-2006 00:00,2006,3,8.083368,NA,pH,8.081942901607565,NA,pH,NA
02-APR-2006 00:00,2006,4,8.081378,NA,pH,8.081789043229445,NA,pH,NA
27-MAY-2006 00:00,2006,5,8.069025,NA,pH,8.081635184851327,NA,pH,NA
14-JUN-2006 00:00,2006,6,8.074162,NA,pH,8.081481326473208,NA,pH,NA
13-JUL-2006 00:00,2006,7,8.082702,NA,pH,8.081327468095088,NA,pH,NA
09-AUG-2006 00:00,2006,8,8.089359,NA,pH,8.081173609716968,NA,pH,NA
16-SEP-2006 00:00,2006,9,8.098929,NA,pH,8.08101975133885,NA,pH,NA
21-OCT-2006 00:00,2006,10,8.086596,NA,pH,8.08086589296073,NA,pH,NA
09-NOV-2006 00:00,2006,11,8.090949,NA,pH,8.08071203458261,NA,pH,NA
10-DEC-2006 00:00,2006,12,8.090459,NA,pH,8.080558176204493,NA,pH,NA
07-FEB-2007 00:00,2007,2,8.085236,NA,pH,8.080404317826373,NA,pH,NA
21-MAR-2007 00:00,2007,3,8.073533,NA,pH,8.080250459448253,NA,pH,NA
05-MAY-2007 00:00,2007,5,8.072873,NA,pH,8.080096601070133,NA,pH,NA
10-JUN-2007 00:00,2007,6,NA,NA,pH,8.079942742692015,NA,pH,NA
08-JUL-2007 00:00,2007,7,8.072419,NA,pH,8.079788884313896,NA,pH,NA
04-AUG-2007 00:00,2007,8,8.084817,NA,pH,8.079635025935776,NA,pH,NA
03-SEP-2007 00:00,2007,9,8.084494,NA,pH,8.079481167557658,NA,pH,NA
03-OCT-2007 00:00,2007,10,8.080436,NA,pH,8.079327309179538,NA,pH,NA
02-DEC-2007 00:00,2007,12,8.068093,NA,pH,8.079173450801418,NA,pH,NA
21-DEC-2007 00:00,2007,12,8.0793,NA,pH,8.079019592423299,NA,pH,NA
30-JAN-2008 00:00,2008,1,8.068538,NA,pH,8.07886573404518,NA,pH,NA
24-FEB-2008 00:00,2008,2,8.072966,NA,pH,8.07871187566706,NA,pH,NA
28-MAY-2008 00:00,2008,5,8.060955,NA,pH,8.078558017288941,NA,pH,NA
26-JUN-2008 00:00,2008,6,8.082226,NA,pH,8.078404158910823,NA,pH,NA
27-JUL-2008 00:00,2008,7,8.073559,NA,pH,8.078250300532703,NA,pH,NA
17-AUG-2008 00:00,2008,8,8.086436,NA,pH,8.078096442154584,NA,pH,NA
11-OCT-2008 00:00,2008,10,8.104114,NA,pH,8.077942583776464,NA,pH,NA
01-DEC-2008 00:00,2008,12,8.082076,NA,pH,8.077788725398346,NA,pH,NA
21-JAN-2009 00:00,2009,1,8.080628,NA,pH,8.077634867020226,NA,pH,NA
18-FEB-2009 00:00,2009,2,8.069724,NA,pH,8.077481008642106,NA,pH,NA
29-APR-2009 00:00,2009,4,8.058364,NA,pH,8.077327150263987,NA,pH,NA
28-MAY-2009 00:00,2009,5,8.06516,NA,pH,8.077173291885869,NA,pH,NA
04-JUL-2009 00:00,2009,7,8.076406,NA,pH,8.077019433507749,NA,pH,NA
25-JUL-2009 00:00,2009,7,8.068872,NA,pH,8.076865575129629,NA,pH,NA
19-AUG-2009 00:00,2009,8,8.081758,NA,pH,8.076711716751511,NA,pH,NA
25-SEP-2009 00:00,2009,9,8.08097,NA,pH,8.076557858373391,NA,pH,NA
04-NOV-2009 00:00,2009,11,8.088485,NA,pH,8.076403999995271,NA,pH,NA
10-DEC-2009 00:00,2009,12,8.073699,NA,pH,8.076250141617152,NA,pH,NA
10-MAR-2010 00:00,2010,3,8.076083,NA,pH,8.076096283239034,NA,pH,NA
07-APR-2010 00:00,2010,4,8.079739,NA,pH,8.075942424860914,NA,pH,NA
19-MAY-2010 00:00,2010,5,8.075632,NA,pH,8.075788566482794,NA,pH,NA
09-JUN-2010 00:00,2010,6,8.073037,NA,pH,8.075634708104676,NA,pH,NA
09-JUL-2010 00:00,2010,7,8.092683,NA,pH,8.075480849726556,NA,pH,NA
08-AUG-2010 00:00,2010,8,8.086592,NA,pH,8.075326991348437,NA,pH,NA
04-SEP-2010 00:00,2010,9,8.07835,NA,pH,8.075173132970317,NA,pH,NA
04-OCT-2010 00:00,2010,10,8.083693,NA,pH,8.075019274592199,NA,pH,NA
21-NOV-2010 00:00,2010,11,8.072299,NA,pH,8.07486541621408,NA,pH,NA
29-JAN-2011 00:00,2011,1,8.072945,NA,pH,8.07471155783596,NA,pH,NA
01-MAR-2011 00:00,2011,3,8.081753,NA,pH,8.07455769945784,NA,pH,NA
12-APR-2011 00:00,2011,4,8.072117,NA,pH,8.074403841079722,NA,pH,NA
10-MAY-2011 00:00,2011,5,8.073146,NA,pH,8.074249982701602,NA,pH,NA
20-JUL-2011 00:00,2011,7,8.070421,NA,pH,8.074096124323482,NA,pH,NA
30-AUG-2011 00:00,2011,8,8.087722,NA,pH,8.073942265945364,NA,pH,NA
27-SEP-2011 00:00,2011,9,8.086433,NA,pH,8.073788407567244,NA,pH,NA
05-NOV-2011 00:00,2011,11,8.084011,NA,pH,8.073634549189125,NA,pH,NA
29-NOV-2011 00:00,2011,11,8.07753,NA,pH,8.073480690811005,NA,pH,NA
20-DEC-2011 00:00,2011,12,8.072506,NA,pH,8.073326832432887,NA,pH,NA
19-JAN-2012 00:00,2012,1,8.070388,NA,pH,8.073172974054767,NA,pH,NA
25-MAR-2012 00:00,2012,3,8.062975,NA,pH,8.073019115676647,NA,pH,NA
02-MAY-2012 00:00,2012,5,8.056483,NA,pH,8.07286525729853,NA,pH,NA
31-MAY-2012 00:00,2012,5,8.059978,NA,pH,8.07271139892041,NA,pH,NA
27-JUN-2012 00:00,2012,6,8.060028,NA,pH,8.07255754054229,NA,pH,NA
01-AUG-2012 00:00,2012,8,8.058476,NA,pH,8.07240368216417,NA,pH,NA
18-AUG-2012 00:00,2012,8,8.055382,NA,pH,8.072249823786052,NA,pH,NA
15-SEP-2012 00:00,2012,9,8.058376,NA,pH,8.072095965407932,NA,pH,NA
08-OCT-2012 00:00,2012,10,8.068051,NA,pH,8.071942107029813,NA,pH,NA
04-DEC-2012 00:00,2012,12,8.069613,NA,pH,8.071788248651695,NA,pH,NA
13-FEB-2013 00:00,2013,2,8.058428,NA,pH,8.071634390273575,NA,pH,NA
07-MAR-2013 00:00,2013,3,8.053147,NA,pH,8.071480531895455,NA,pH,NA
06-APR-2013 00:00,2013,4,8.051696,NA,pH,8.071326673517335,NA,pH,NA
18-MAY-2013 00:00,2013,5,8.053134,NA,pH,8.071172815139217,NA,pH,NA
26-JUN-2013 00:00,2013,6,8.062803,NA,pH,8.071018956761097,NA,pH,NA
12-SEP-2013 00:00,2013,9,8.082416,NA,pH,8.070865098382978,NA,pH,NA
02-OCT-2013 00:00,2013,10,8.080138,NA,pH,8.070711240004858,NA,pH,NA
28-OCT-2013 00:00,2013,10,8.080138,NA,pH,8.07055738162674,NA,pH,NA
27-NOV-2013 00:00,2013,11,8.086108,NA,pH,8.07040352324862,NA,pH,NA
21-DEC-2013 00:00,2013,12,8.084826,NA,pH,8.0702496648705,NA,pH,NA
16-JAN-2014 00:00,2014,1,8.067006,NA,pH,8.070095806492382,NA,pH,NA
15-FEB-2014 00:00,2014,2,8.068155,NA,pH,8.069941948114263,NA,pH,NA
06-MAR-2014 00:00,2014,3,8.070035,NA,pH,8.069788089736143,NA,pH,NA
11-APR-2014 00:00,2014,4,8.063851,NA,pH,8.069634231358023,NA,pH,NA
01-JUN-2014 00:00,2014,6,8.077234,NA,pH,8.069480372979905,NA,pH,NA
01-JUL-2014 00:00,2014,7,8.073313,NA,pH,8.069326514601785,NA,pH,NA
15-SEP-2014 00:00,2014,9,8.07568,NA,pH,8.069172656223666,NA,pH,NA
14-OCT-2014 00:00,2014,10,8.089985,NA,pH,8.069018797845548,NA,pH,NA
22-NOV-2014 00:00,2014,11,8.088038,NA,pH,8.068864939467428,NA,pH,NA
17-DEC-2014 00:00,2014,12,8.071536,NA,pH,8.068711081089308,NA,pH,NA
25-FEB-2015 00:00,2015,2,8.065917,NA,pH,8.068557222711188,NA,pH,NA
29-MAR-2015 00:00,2015,3,8.059535,NA,pH,8.06840336433307,NA,pH,NA
22-APR-2015 00:00,2015,4,8.075902,NA,pH,8.06824950595495,NA,pH,NA
24-MAY-2015 00:00,2015,5,8.069743,NA,pH,8.06809564757683,NA,pH,NA
20-JUN-2015 00:00,2015,6,8.06718,NA,pH,8.067941789198711,NA,pH,NA
20-JUL-2015 00:00,2015,7,8.071143,NA,pH,8.067787930820593,NA,pH,NA
13-AUG-2015 00:00,2015,8,8.08725,NA,pH,8.067634072442473,NA,pH,NA
14-OCT-2015 00:00,2015,10,8.079322,NA,pH,8.067480214064354,NA,pH,NA
14-NOV-2015 00:00,2015,11,8.083174,NA,pH,8.067326355686236,NA,pH,NA
09-DEC-2015 00:00,2015,12,8.082859,NA,pH,8.067172497308116,NA,pH,NA
13-JAN-2016 00:00,2016,1,8.080105,NA,pH,8.067018638929996,NA,pH,NA
10-FEB-2016 00:00,2016,2,8.074242,NA,pH,8.066864780551876,NA,pH,NA
09-MAR-2016 00:00,2016,3,8.072294,NA,pH,8.066710922173758,NA,pH,NA
15-APR-2016 00:00,2016,4,8.064809,NA,pH,8.066557063795639,NA,pH,NA
29-MAY-2016 00:00,2016,5,8.073457,NA,pH,8.066403205417519,NA,pH,NA
12-JUL-2016 00:00,2016,7,8.068111,NA,pH,8.0662493470394,NA,pH,NA
10-AUG-2016 00:00,2016,8,8.075192,NA,pH,8.066095488661281,NA,pH,NA
16-OCT-2016 00:00,2016,10,8.074387,NA,pH,8.065941630283161,NA,pH,NA
27-NOV-2016 00:00,2016,11,8.068016,NA,pH,8.065787771905041,NA,pH,NA
24-JAN-2017 00:00,2017,1,8.049675,NA,pH,8.065633913526923,NA,pH,NA
23-FEB-2017 00:00,2017,2,8.052955,NA,pH,8.065480055148804,NA,pH,NA
29-MAR-2017 00:00,2017,3,8.064332,NA,pH,8.065326196770684,NA,pH,NA
26-APR-2017 00:00,2017,4,8.063944,NA,pH,8.065172338392566,NA,pH,NA
24-MAY-2017 00:00,2017,5,8.067113,NA,pH,8.065018480014446,NA,pH,NA
21-JUN-2017 00:00,2017,6,8.06471,NA,pH,8.064864621636326,NA,pH,NA
09-AUG-2017 00:00,2017,8,8.078624,NA,pH,8.064710763258207,NA,pH,NA
07-OCT-2017 00:00,2017,10,8.0793,NA,pH,8.064556904880089,NA,pH,NA
09-NOV-2017 00:00,2017,11,8.081305,NA,pH,8.064403046501969,NA,pH,NA
13-DEC-2017 00:00,2017,12,8.067376,NA,pH,8.06424918812385,NA,pH,NA
18-JAN-2018 00:00,2018,1,NA,NA,pH,8.06409532974573,NA,pH,NA
26-FEB-2018 00:00,2018,2,8.054882,NA,pH,8.063941471367611,NA,pH,NA
18-APR-2018 00:00,2018,4,8.05439,NA,pH,8.063787612989492,NA,pH,NA
16-MAY-2018 00:00,2018,5,8.06197,NA,pH,8.063633754611372,NA,pH,NA
27-JUN-2018 00:00,2018,6,8.067732,NA,pH,8.063479896233254,NA,pH,NA
25-JUL-2018 00:00,2018,7,8.071259,NA,pH,8.063326037855134,NA,pH,NA
11-SEP-2018 00:00,2018,9,8.060242,NA,pH,8.063172179477014,NA,pH,NA
13-OCT-2018 00:00,2018,10,8.072583,NA,pH,8.063018321098895,NA,pH,NA
17-NOV-2018 00:00,2018,11,8.071003,NA,pH,8.062864462720777,NA,pH,NA
11-DEC-2018 00:00,2018,12,NA,NA,pH,8.062710604342657,NA,pH,NA
16-JAN-2019 00:00,2019,1,8.059778,NA,pH,8.062556745964537,NA,pH,NA
20-FEB-2019 00:00,2019,2,8.0465,NA,pH,8.062402887586419,NA,pH,NA
03-MAY-2019 00:00,2019,5,8.045938,NA,pH,8.0622490292083,NA,pH,NA
12-JUN-2019 00:00,2019,6,8.055537,NA,pH,8.06209517083018,NA,pH,NA
02-JUL-2019 00:00,2019,7,8.062551,NA,pH,8.06194131245206,NA,pH,NA
03-AUG-2019 00:00,2019,8,8.058932,NA,pH,8.061787454073942,NA,pH,NA
05-SEP-2019 00:00,2019,9,8.070158,NA,pH,8.061633595695822,NA,pH,NA
18-OCT-2019 00:00,2019,10,8.083355,NA,pH,8.061479737317702,NA,pH,NA
19-DEC-2019 00:00,2019,12,8.062876,NA,pH,8.061325878939584,NA,pH,NA
08-JAN-2020 00:00,2020,1,8.069879,NA,pH,8.061172020561465,NA,pH,NA
31-JAN-2020 00:00,2020,1,8.051304,NA,pH,8.061018162183345,NA,pH,NA
16-JUL-2020 00:00,2020,7,8.063452,NA,pH,8.060864303805225,NA,pH,NA
08-AUG-2020 00:00,2020,8,8.071419,NA,pH,8.060710445427107,NA,pH,NA
01-SEP-2020 00:00,2020,9,8.07564,NA,pH,8.060556587048987,NA,pH,NA
27-SEP-2020 00:00,2020,9,8.074209,NA,pH,8.060402728670867,NA,pH,NA
19-NOV-2020 00:00,2020,11,8.077223,NA,pH,8.060248870292748,NA,pH,NA
19-DEC-2020 00:00,2020,12,8.07033,NA,pH,8.06009501191463,NA,pH,NA
13-JAN-2021 00:00,2021,1,8.068637,NA,pH,8.05994115353651,NA,pH,NA
17-FEB-2021 00:00,2021,2,8.067359,NA,pH,8.05978729515839,NA,pH,NA
24-MAR-2021 00:00,2021,3,8.043985,NA,pH,8.059633436780272,NA,pH,NA
14-APR-2021 00:00,2021,4,8.049343,NA,pH,8.059479578402152,NA,pH,NA
17-MAY-2021 00:00,2021,5,8.042362,NA,pH,8.059325720024033,NA,pH,NA
23-JUN-2021 00:00,2021,6,8.050629,NA,pH,8.059171861645913,NA,pH,NA
17-JUL-2021 00:00,2021,7,8.057215,NA,pH,8.059018003267795,NA,pH,NA
29-OCT-2021 00:00,2021,10,8.059336,NA,pH,8.058864144889675,NA,pH,NA
05-DEC-2021 00:00,2021,12,8.048397,NA,pH,8.058710286511555,NA,pH,NA
28-MAR-2022 00:00,2022,3,8.047077,NA,pH,8.058556428133437,NA,pH,NA
27-MAY-2022 00:00,2022,5,8.034208,NA,pH,8.058402569755318,NA,pH,NA
10-JUL-2022 00:00,2022,7,8.05794,NA,pH,8.058248711377198,NA,pH,NA
31-JUL-2022 00:00,2022,7,8.052382,NA,pH,8.058094852999078,NA,pH,NA
01-SEP-2022 00:00,2022,9,8.057348,NA,pH,8.05794099462096,NA,pH,NA
24-JAN-2023 00:00,2023,1,8.049296,NA,pH,8.05778713624284,NA,pH,NA
29-MAR-2023 00:00,2023,3,8.031798,NA,pH,8.05763327786472,NA,pH,NA
27-MAY-2023 00:00,2023,5,8.026276,NA,pH,8.0574794194866,NA,pH,NA
11-AUG-2023 00:00,2023,8,8.045364,NA,pH,8.057325561108483,NA,pH,NA
17-SEP-2023 00:00,2023,9,8.059327,NA,pH,8.057171702730363,NA,pH,NA
09-OCT-2023 00:00,2023,10,8.063005,NA,pH,8.057017844352243,NA,pH,NA
06-NOV-2023 00:00,2023,11,8.057886,NA,pH,8.056863985974125,NA,pH,NA
29-NOV-2023 00:00,2023,11,8.046489,NA,pH,8.056710127596006,NA,pH,NA
28-DEC-2023 00:00,2023,12,8.038747,NA,pH,8.056556269217886,NA,pH,NA
03-APR-2024 00:00,2024,4,8.037763,NA,pH,8.056402410839766,NA,pH,NA
29-APR-2024 00:00,2024,4,8.036569,NA,pH,8.056248552461648,NA,pH,NA
18-JUL-2024 00:00,2024,7,8.044224,NA,pH,8.056094694083528,NA,pH,NA
18-AUG-2024 00:00,2024,8,8.05462,NA,pH,8.055940835705409,NA,pH,NA
08-SEP-2024 00:00,2024,9,8.069025,NA,pH,8.05578697732729,NA,pH,NA
12-OCT-2024 00:00,2024,10,8.054777,NA,pH,8.05563311894917,NA,pH,NA
20-DEC-2024 00:00,2024,12,8.05941,NA,pH,8.055479260571051,NA,pH,NA
15-1-1950 00:00,1950,1,-1.53,NA,ENSO,NA,NA,Oceanic Nino Index,NA
15-2-1950 00:00,1950,2,-1.34,NA,ENSO,NA,NA,Oceanic Nino Index,NA
15-3-1950 00:00,1950,3,-1.16,NA,ENSO,NA,NA,Oceanic Nino Index,NA
15-4-1950 00:00,1950,4,-1.18,NA,ENSO,NA,NA,Oceanic Nino Index,NA
15-5-1950 00:00,1950,5,-1.07,NA,ENSO,NA,NA,Oceanic Nino Index,NA
15-6-1950 00:00,1950,6,-0.85,NA,ENSO,NA,NA,Oceanic Nino Index,NA
15-7-1950 00:00,1950,7,-0.54,NA,ENSO,NA,NA,Oceanic Nino Index,NA
15-8-1950 00:00,1950,8,-0.42,NA,ENSO,NA,NA,Oceanic Nino Index,NA
15-9-1950 00:00,1950,9,-0.39,NA,ENSO,NA,NA,Oceanic Nino Index,NA
15-10-1950 00:00,1950,10,-0.44,NA,ENSO,NA,NA,Oceanic Nino Index,NA
15-11-1950 00:00,1950,11,-0.6,NA,ENSO,NA,NA,Oceanic Nino Index,NA
15-12-1950 00:00,1950,12,-0.8,NA,ENSO,NA,NA,Oceanic Nino Index,NA
15-1-1951 00:00,1951,1,-0.82,NA,ENSO,NA,NA,Oceanic Nino Index,NA
15-2-1951 00:00,1951,2,-0.54,NA,ENSO,NA,NA,Oceanic Nino Index,NA
15-3-1951 00:00,1951,3,-0.17,NA,ENSO,NA,NA,Oceanic Nino Index,NA
15-4-1951 00:00,1951,4,0.18,NA,ENSO,NA,NA,Oceanic Nino Index,NA
15-5-1951 00:00,1951,5,0.36,NA,ENSO,NA,NA,Oceanic Nino Index,NA
15-6-1951 00:00,1951,6,0.58,NA,ENSO,NA,NA,Oceanic Nino Index,NA
15-7-1951 00:00,1951,7,0.7,NA,ENSO,NA,NA,Oceanic Nino Index,NA
15-8-1951 00:00,1951,8,0.89,NA,ENSO,NA,NA,Oceanic Nino Index,NA
15-9-1951 00:00,1951,9,0.99,NA,ENSO,NA,NA,Oceanic Nino Index,NA
15-10-1951 00:00,1951,10,1.15,NA,ENSO,NA,NA,Oceanic Nino Index,NA
15-11-1951 00:00,1951,11,1.04,NA,ENSO,NA,NA,Oceanic Nino Index,NA
15-12-1951 00:00,1951,12,0.81,NA,ENSO,NA,NA,Oceanic Nino Index,NA
15-1-1952 00:00,1952,1,0.53,NA,ENSO,NA,NA,Oceanic Nino Index,NA
15-2-1952 00:00,1952,2,0.37,NA,ENSO,NA,NA,Oceanic Nino Index,NA
15-3-1952 00:00,1952,3,0.34,NA,ENSO,NA,NA,Oceanic Nino Index,NA
15-4-1952 00:00,1952,4,0.29,NA,ENSO,NA,NA,Oceanic Nino Index,NA
15-5-1952 00:00,1952,5,0.2,NA,ENSO,NA,NA,Oceanic Nino Index,NA
15-6-1952 00:00,1952,6,0,NA,ENSO,NA,NA,Oceanic Nino Index,NA
15-7-1952 00:00,1952,7,-0.08,NA,ENSO,NA,NA,Oceanic Nino Index,NA
15-8-1952 00:00,1952,8,0,NA,ENSO,NA,NA,Oceanic Nino Index,NA
15-9-1952 00:00,1952,9,0.15,NA,ENSO,NA,NA,Oceanic Nino Index,NA
15-10-1952 00:00,1952,10,0.1,NA,ENSO,NA,NA,Oceanic Nino Index,NA
15-11-1952 00:00,1952,11,0.04,NA,ENSO,NA,NA,Oceanic Nino Index,NA
15-12-1952 00:00,1952,12,0.15,NA,ENSO,NA,NA,Oceanic Nino Index,NA
15-1-1953 00:00,1953,1,0.4,NA,ENSO,NA,NA,Oceanic Nino Index,NA
15-2-1953 00:00,1953,2,0.6,NA,ENSO,NA,NA,Oceanic Nino Index,NA
15-3-1953 00:00,1953,3,0.63,NA,ENSO,NA,NA,Oceanic Nino Index,NA
15-4-1953 00:00,1953,4,0.66,NA,ENSO,NA,NA,Oceanic Nino Index,NA
15-5-1953 00:00,1953,5,0.75,NA,ENSO,NA,NA,Oceanic Nino Index,NA
15-6-1953 00:00,1953,6,0.77,NA,ENSO,NA,NA,Oceanic Nino Index,NA
15-7-1953 00:00,1953,7,0.75,NA,ENSO,NA,NA,Oceanic Nino Index,NA
15-8-1953 00:00,1953,8,0.73,NA,ENSO,NA,NA,Oceanic Nino Index,NA
15-9-1953 00:00,1953,9,0.78,NA,ENSO,NA,NA,Oceanic Nino Index,NA
15-10-1953 00:00,1953,10,0.84,NA,ENSO,NA,NA,Oceanic Nino Index,NA
15-11-1953 00:00,1953,11,0.84,NA,ENSO,NA,NA,Oceanic Nino Index,NA
15-12-1953 00:00,1953,12,0.81,NA,ENSO,NA,NA,Oceanic Nino Index,NA
15-1-1954 00:00,1954,1,0.76,NA,ENSO,NA,NA,Oceanic Nino Index,NA
15-2-1954 00:00,1954,2,0.47,NA,ENSO,NA,NA,Oceanic Nino Index,NA
15-3-1954 00:00,1954,3,-0.05,NA,ENSO,NA,NA,Oceanic Nino Index,NA
15-4-1954 00:00,1954,4,-0.41,NA,ENSO,NA,NA,Oceanic Nino Index,NA
15-5-1954 00:00,1954,5,-0.54,NA,ENSO,NA,NA,Oceanic Nino Index,NA
15-6-1954 00:00,1954,6,-0.5,NA,ENSO,NA,NA,Oceanic Nino Index,NA
15-7-1954 00:00,1954,7,-0.64,NA,ENSO,NA,NA,Oceanic Nino Index,NA
15-8-1954 00:00,1954,8,-0.84,NA,ENSO,NA,NA,Oceanic Nino Index,NA
15-9-1954 00:00,1954,9,-0.9,NA,ENSO,NA,NA,Oceanic Nino Index,NA
15-10-1954 00:00,1954,10,-0.77,NA,ENSO,NA,NA,Oceanic Nino Index,NA
15-11-1954 00:00,1954,11,-0.73,NA,ENSO,NA,NA,Oceanic Nino Index,NA
15-12-1954 00:00,1954,12,-0.66,NA,ENSO,NA,NA,Oceanic Nino Index,NA
15-1-1955 00:00,1955,1,-0.68,NA,ENSO,NA,NA,Oceanic Nino Index,NA
15-2-1955 00:00,1955,2,-0.62,NA,ENSO,NA,NA,Oceanic Nino Index,NA
15-3-1955 00:00,1955,3,-0.69,NA,ENSO,NA,NA,Oceanic Nino Index,NA
15-4-1955 00:00,1955,4,-0.8,NA,ENSO,NA,NA,Oceanic Nino Index,NA
15-5-1955 00:00,1955,5,-0.79,NA,ENSO,NA,NA,Oceanic Nino Index,NA
15-6-1955 00:00,1955,6,-0.72,NA,ENSO,NA,NA,Oceanic Nino Index,NA
15-7-1955 00:00,1955,7,-0.68,NA,ENSO,NA,NA,Oceanic Nino Index,NA
15-8-1955 00:00,1955,8,-0.75,NA,ENSO,NA,NA,Oceanic Nino Index,NA
15-9-1955 00:00,1955,9,-1.09,NA,ENSO,NA,NA,Oceanic Nino Index,NA
15-10-1955 00:00,1955,10,-1.42,NA,ENSO,NA,NA,Oceanic Nino Index,NA
15-11-1955 00:00,1955,11,-1.67,NA,ENSO,NA,NA,Oceanic Nino Index,NA
15-12-1955 00:00,1955,12,-1.47,NA,ENSO,NA,NA,Oceanic Nino Index,NA
15-1-1956 00:00,1956,1,-1.11,NA,ENSO,NA,NA,Oceanic Nino Index,NA
15-2-1956 00:00,1956,2,-0.76,NA,ENSO,NA,NA,Oceanic Nino Index,NA
15-3-1956 00:00,1956,3,-0.63,NA,ENSO,NA,NA,Oceanic Nino Index,NA
15-4-1956 00:00,1956,4,-0.54,NA,ENSO,NA,NA,Oceanic Nino Index,NA
15-5-1956 00:00,1956,5,-0.52,NA,ENSO,NA,NA,Oceanic Nino Index,NA
15-6-1956 00:00,1956,6,-0.51,NA,ENSO,NA,NA,Oceanic Nino Index,NA
15-7-1956 00:00,1956,7,-0.57,NA,ENSO,NA,NA,Oceanic Nino Index,NA
15-8-1956 00:00,1956,8,-0.55,NA,ENSO,NA,NA,Oceanic Nino Index,NA
15-9-1956 00:00,1956,9,-0.46,NA,ENSO,NA,NA,Oceanic Nino Index,NA
15-10-1956 00:00,1956,10,-0.42,NA,ENSO,NA,NA,Oceanic Nino Index,NA
15-11-1956 00:00,1956,11,-0.43,NA,ENSO,NA,NA,Oceanic Nino Index,NA
15-12-1956 00:00,1956,12,-0.43,NA,ENSO,NA,NA,Oceanic Nino Index,NA
15-1-1957 00:00,1957,1,-0.25,NA,ENSO,NA,NA,Oceanic Nino Index,NA
15-2-1957 00:00,1957,2,0.06,NA,ENSO,NA,NA,Oceanic Nino Index,NA
15-3-1957 00:00,1957,3,0.41,NA,ENSO,NA,NA,Oceanic Nino Index,NA
15-4-1957 00:00,1957,4,0.72,NA,ENSO,NA,NA,Oceanic Nino Index,NA
15-5-1957 00:00,1957,5,0.92,NA,ENSO,NA,NA,Oceanic Nino Index,NA
15-6-1957 00:00,1957,6,1.11,NA,ENSO,NA,NA,Oceanic Nino Index,NA
15-7-1957 00:00,1957,7,1.25,NA,ENSO,NA,NA,Oceanic Nino Index,NA
15-8-1957 00:00,1957,8,1.32,NA,ENSO,NA,NA,Oceanic Nino Index,NA
15-9-1957 00:00,1957,9,1.33,NA,ENSO,NA,NA,Oceanic Nino Index,NA
15-10-1957 00:00,1957,10,1.39,NA,ENSO,NA,NA,Oceanic Nino Index,NA
15-11-1957 00:00,1957,11,1.53,NA,ENSO,NA,NA,Oceanic Nino Index,NA
15-12-1957 00:00,1957,12,1.74,NA,ENSO,NA,NA,Oceanic Nino Index,NA
15-1-1958 00:00,1958,1,1.81,NA,ENSO,NA,NA,Oceanic Nino Index,NA
15-2-1958 00:00,1958,2,1.66,NA,ENSO,NA,NA,Oceanic Nino Index,NA
15-3-1958 00:00,1958,3,1.27,NA,ENSO,NA,NA,Oceanic Nino Index,NA
15-4-1958 00:00,1958,4,0.93,NA,ENSO,NA,NA,Oceanic Nino Index,NA
15-5-1958 00:00,1958,5,0.74,NA,ENSO,NA,NA,Oceanic Nino Index,NA
15-6-1958 00:00,1958,6,0.64,NA,ENSO,NA,NA,Oceanic Nino Index,NA
15-7-1958 00:00,1958,7,0.57,NA,ENSO,NA,NA,Oceanic Nino Index,NA
15-8-1958 00:00,1958,8,0.43,NA,ENSO,NA,NA,Oceanic Nino Index,NA
15-9-1958 00:00,1958,9,0.39,NA,ENSO,NA,NA,Oceanic Nino Index,NA
15-10-1958 00:00,1958,10,0.44,NA,ENSO,NA,NA,Oceanic Nino Index,NA
15-11-1958 00:00,1958,11,0.5,NA,ENSO,NA,NA,Oceanic Nino Index,NA
15-12-1958 00:00,1958,12,0.61,NA,ENSO,NA,NA,Oceanic Nino Index,NA
15-1-1959 00:00,1959,1,0.61,NA,ENSO,NA,NA,Oceanic Nino Index,NA
15-2-1959 00:00,1959,2,0.62,NA,ENSO,NA,NA,Oceanic Nino Index,NA
15-3-1959 00:00,1959,3,0.52,NA,ENSO,NA,NA,Oceanic Nino Index,NA
15-4-1959 00:00,1959,4,0.33,NA,ENSO,NA,NA,Oceanic Nino Index,NA
15-5-1959 00:00,1959,5,0.2,NA,ENSO,NA,NA,Oceanic Nino Index,NA
15-6-1959 00:00,1959,6,-0.07,NA,ENSO,NA,NA,Oceanic Nino Index,NA
15-7-1959 00:00,1959,7,-0.18,NA,ENSO,NA,NA,Oceanic Nino Index,NA
15-8-1959 00:00,1959,8,-0.28,NA,ENSO,NA,NA,Oceanic Nino Index,NA
15-9-1959 00:00,1959,9,-0.09,NA,ENSO,NA,NA,Oceanic Nino Index,NA
15-10-1959 00:00,1959,10,-0.03,NA,ENSO,NA,NA,Oceanic Nino Index,NA
15-11-1959 00:00,1959,11,0.05,NA,ENSO,NA,NA,Oceanic Nino Index,NA
15-12-1959 00:00,1959,12,-0.04,NA,ENSO,NA,NA,Oceanic Nino Index,NA
15-1-1960 00:00,1960,1,-0.1,NA,ENSO,NA,NA,Oceanic Nino Index,NA
15-2-1960 00:00,1960,2,-0.1,NA,ENSO,NA,NA,Oceanic Nino Index,NA
15-3-1960 00:00,1960,3,-0.07,NA,ENSO,NA,NA,Oceanic Nino Index,NA
15-4-1960 00:00,1960,4,0.03,NA,ENSO,NA,NA,Oceanic Nino Index,NA
15-5-1960 00:00,1960,5,0.02,NA,ENSO,NA,NA,Oceanic Nino Index,NA
15-6-1960 00:00,1960,6,0.03,NA,ENSO,NA,NA,Oceanic Nino Index,NA
15-7-1960 00:00,1960,7,0.13,NA,ENSO,NA,NA,Oceanic Nino Index,NA
15-8-1960 00:00,1960,8,0.24,NA,ENSO,NA,NA,Oceanic Nino Index,NA
15-9-1960 00:00,1960,9,0.27,NA,ENSO,NA,NA,Oceanic Nino Index,NA
15-10-1960 00:00,1960,10,0.2,NA,ENSO,NA,NA,Oceanic Nino Index,NA
15-11-1960 00:00,1960,11,0.12,NA,ENSO,NA,NA,Oceanic Nino Index,NA
15-12-1960 00:00,1960,12,0.05,NA,ENSO,NA,NA,Oceanic Nino Index,NA
15-1-1961 00:00,1961,1,0.04,NA,ENSO,NA,NA,Oceanic Nino Index,NA
15-2-1961 00:00,1961,2,0.03,NA,ENSO,NA,NA,Oceanic Nino Index,NA
15-3-1961 00:00,1961,3,0.04,NA,ENSO,NA,NA,Oceanic Nino Index,NA
15-4-1961 00:00,1961,4,0.09,NA,ENSO,NA,NA,Oceanic Nino Index,NA
15-5-1961 00:00,1961,5,0.23,NA,ENSO,NA,NA,Oceanic Nino Index,NA
15-6-1961 00:00,1961,6,0.27,NA,ENSO,NA,NA,Oceanic Nino Index,NA
15-7-1961 00:00,1961,7,0.14,NA,ENSO,NA,NA,Oceanic Nino Index,NA
15-8-1961 00:00,1961,8,-0.13,NA,ENSO,NA,NA,Oceanic Nino Index,NA
15-9-1961 00:00,1961,9,-0.3,NA,ENSO,NA,NA,Oceanic Nino Index,NA
15-10-1961 00:00,1961,10,-0.26,NA,ENSO,NA,NA,Oceanic Nino Index,NA
15-11-1961 00:00,1961,11,-0.19,NA,ENSO,NA,NA,Oceanic Nino Index,NA
15-12-1961 00:00,1961,12,-0.16,NA,ENSO,NA,NA,Oceanic Nino Index,NA
15-1-1962 00:00,1962,1,-0.24,NA,ENSO,NA,NA,Oceanic Nino Index,NA
15-2-1962 00:00,1962,2,-0.22,NA,ENSO,NA,NA,Oceanic Nino Index,NA
15-3-1962 00:00,1962,3,-0.2,NA,ENSO,NA,NA,Oceanic Nino Index,NA
15-4-1962 00:00,1962,4,-0.26,NA,ENSO,NA,NA,Oceanic Nino Index,NA
15-5-1962 00:00,1962,5,-0.28,NA,ENSO,NA,NA,Oceanic Nino Index,NA
15-6-1962 00:00,1962,6,-0.2,NA,ENSO,NA,NA,Oceanic Nino Index,NA
15-7-1962 00:00,1962,7,-0.04,NA,ENSO,NA,NA,Oceanic Nino Index,NA
15-8-1962 00:00,1962,8,-0.07,NA,ENSO,NA,NA,Oceanic Nino Index,NA
15-9-1962 00:00,1962,9,-0.11,NA,ENSO,NA,NA,Oceanic Nino Index,NA
15-10-1962 00:00,1962,10,-0.22,NA,ENSO,NA,NA,Oceanic Nino Index,NA
15-11-1962 00:00,1962,11,-0.31,NA,ENSO,NA,NA,Oceanic Nino Index,NA
15-12-1962 00:00,1962,12,-0.43,NA,ENSO,NA,NA,Oceanic Nino Index,NA
15-1-1963 00:00,1963,1,-0.4,NA,ENSO,NA,NA,Oceanic Nino Index,NA
15-2-1963 00:00,1963,2,-0.15,NA,ENSO,NA,NA,Oceanic Nino Index,NA
15-3-1963 00:00,1963,3,0.15,NA,ENSO,NA,NA,Oceanic Nino Index,NA
15-4-1963 00:00,1963,4,0.27,NA,ENSO,NA,NA,Oceanic Nino Index,NA
15-5-1963 00:00,1963,5,0.31,NA,ENSO,NA,NA,Oceanic Nino Index,NA
15-6-1963 00:00,1963,6,0.52,NA,ENSO,NA,NA,Oceanic Nino Index,NA
15-7-1963 00:00,1963,7,0.86,NA,ENSO,NA,NA,Oceanic Nino Index,NA
15-8-1963 00:00,1963,8,1.14,NA,ENSO,NA,NA,Oceanic Nino Index,NA
15-9-1963 00:00,1963,9,1.22,NA,ENSO,NA,NA,Oceanic Nino Index,NA
15-10-1963 00:00,1963,10,1.29,NA,ENSO,NA,NA,Oceanic Nino Index,NA
15-11-1963 00:00,1963,11,1.37,NA,ENSO,NA,NA,Oceanic Nino Index,NA
15-12-1963 00:00,1963,12,1.31,NA,ENSO,NA,NA,Oceanic Nino Index,NA
15-1-1964 00:00,1964,1,1.07,NA,ENSO,NA,NA,Oceanic Nino Index,NA
15-2-1964 00:00,1964,2,0.62,NA,ENSO,NA,NA,Oceanic Nino Index,NA
15-3-1964 00:00,1964,3,0.12,NA,ENSO,NA,NA,Oceanic Nino Index,NA
15-4-1964 00:00,1964,4,-0.33,NA,ENSO,NA,NA,Oceanic Nino Index,NA
15-5-1964 00:00,1964,5,-0.58,NA,ENSO,NA,NA,Oceanic Nino Index,NA
15-6-1964 00:00,1964,6,-0.58,NA,ENSO,NA,NA,Oceanic Nino Index,NA
15-7-1964 00:00,1964,7,-0.6,NA,ENSO,NA,NA,Oceanic Nino Index,NA
15-8-1964 00:00,1964,8,-0.66,NA,ENSO,NA,NA,Oceanic Nino Index,NA
15-9-1964 00:00,1964,9,-0.76,NA,ENSO,NA,NA,Oceanic Nino Index,NA
15-10-1964 00:00,1964,10,-0.8,NA,ENSO,NA,NA,Oceanic Nino Index,NA
15-11-1964 00:00,1964,11,-0.82,NA,ENSO,NA,NA,Oceanic Nino Index,NA
15-12-1964 00:00,1964,12,-0.78,NA,ENSO,NA,NA,Oceanic Nino Index,NA
15-1-1965 00:00,1965,1,-0.59,NA,ENSO,NA,NA,Oceanic Nino Index,NA
15-2-1965 00:00,1965,2,-0.28,NA,ENSO,NA,NA,Oceanic Nino Index,NA
15-3-1965 00:00,1965,3,-0.07,NA,ENSO,NA,NA,Oceanic Nino Index,NA
15-4-1965 00:00,1965,4,0.18,NA,ENSO,NA,NA,Oceanic Nino Index,NA
15-5-1965 00:00,1965,5,0.46,NA,ENSO,NA,NA,Oceanic Nino Index,NA
15-6-1965 00:00,1965,6,0.83,NA,ENSO,NA,NA,Oceanic Nino Index,NA
15-7-1965 00:00,1965,7,1.22,NA,ENSO,NA,NA,Oceanic Nino Index,NA
15-8-1965 00:00,1965,8,1.54,NA,ENSO,NA,NA,Oceanic Nino Index,NA
15-9-1965 00:00,1965,9,1.85,NA,ENSO,NA,NA,Oceanic Nino Index,NA
15-10-1965 00:00,1965,10,1.98,NA,ENSO,NA,NA,Oceanic Nino Index,NA
15-11-1965 00:00,1965,11,1.97,NA,ENSO,NA,NA,Oceanic Nino Index,NA
15-12-1965 00:00,1965,12,1.72,NA,ENSO,NA,NA,Oceanic Nino Index,NA
15-1-1966 00:00,1966,1,1.37,NA,ENSO,NA,NA,Oceanic Nino Index,NA
15-2-1966 00:00,1966,2,1.17,NA,ENSO,NA,NA,Oceanic Nino Index,NA
15-3-1966 00:00,1966,3,0.98,NA,ENSO,NA,NA,Oceanic Nino Index,NA
15-4-1966 00:00,1966,4,0.66,NA,ENSO,NA,NA,Oceanic Nino Index,NA
15-5-1966 00:00,1966,5,0.35,NA,ENSO,NA,NA,Oceanic Nino Index,NA
15-6-1966 00:00,1966,6,0.24,NA,ENSO,NA,NA,Oceanic Nino Index,NA
15-7-1966 00:00,1966,7,0.24,NA,ENSO,NA,NA,Oceanic Nino Index,NA
15-8-1966 00:00,1966,8,0.12,NA,ENSO,NA,NA,Oceanic Nino Index,NA
15-9-1966 00:00,1966,9,-0.05,NA,ENSO,NA,NA,Oceanic Nino Index,NA
15-10-1966 00:00,1966,10,-0.1,NA,ENSO,NA,NA,Oceanic Nino Index,NA
15-11-1966 00:00,1966,11,-0.18,NA,ENSO,NA,NA,Oceanic Nino Index,NA
15-12-1966 00:00,1966,12,-0.3,NA,ENSO,NA,NA,Oceanic Nino Index,NA
15-1-1967 00:00,1967,1,-0.41,NA,ENSO,NA,NA,Oceanic Nino Index,NA
15-2-1967 00:00,1967,2,-0.48,NA,ENSO,NA,NA,Oceanic Nino Index,NA
15-3-1967 00:00,1967,3,-0.53,NA,ENSO,NA,NA,Oceanic Nino Index,NA
15-4-1967 00:00,1967,4,-0.45,NA,ENSO,NA,NA,Oceanic Nino Index,NA
15-5-1967 00:00,1967,5,-0.24,NA,ENSO,NA,NA,Oceanic Nino Index,NA
15-6-1967 00:00,1967,6,0,NA,ENSO,NA,NA,Oceanic Nino Index,NA
15-7-1967 00:00,1967,7,0.05,NA,ENSO,NA,NA,Oceanic Nino Index,NA
15-8-1967 00:00,1967,8,-0.16,NA,ENSO,NA,NA,Oceanic Nino Index,NA
15-9-1967 00:00,1967,9,-0.3,NA,ENSO,NA,NA,Oceanic Nino Index,NA
15-10-1967 00:00,1967,10,-0.38,NA,ENSO,NA,NA,Oceanic Nino Index,NA
15-11-1967 00:00,1967,11,-0.34,NA,ENSO,NA,NA,Oceanic Nino Index,NA
15-12-1967 00:00,1967,12,-0.44,NA,ENSO,NA,NA,Oceanic Nino Index,NA
15-1-1968 00:00,1968,1,-0.64,NA,ENSO,NA,NA,Oceanic Nino Index,NA
15-2-1968 00:00,1968,2,-0.74,NA,ENSO,NA,NA,Oceanic Nino Index,NA
15-3-1968 00:00,1968,3,-0.62,NA,ENSO,NA,NA,Oceanic Nino Index,NA
15-4-1968 00:00,1968,4,-0.44,NA,ENSO,NA,NA,Oceanic Nino Index,NA
15-5-1968 00:00,1968,5,-0.04,NA,ENSO,NA,NA,Oceanic Nino Index,NA
15-6-1968 00:00,1968,6,0.28,NA,ENSO,NA,NA,Oceanic Nino Index,NA
15-7-1968 00:00,1968,7,0.58,NA,ENSO,NA,NA,Oceanic Nino Index,NA
15-8-1968 00:00,1968,8,0.53,NA,ENSO,NA,NA,Oceanic Nino Index,NA
15-9-1968 00:00,1968,9,0.45,NA,ENSO,NA,NA,Oceanic Nino Index,NA
15-10-1968 00:00,1968,10,0.55,NA,ENSO,NA,NA,Oceanic Nino Index,NA
15-11-1968 00:00,1968,11,0.73,NA,ENSO,NA,NA,Oceanic Nino Index,NA
15-12-1968 00:00,1968,12,0.98,NA,ENSO,NA,NA,Oceanic Nino Index,NA
15-1-1969 00:00,1969,1,1.13,NA,ENSO,NA,NA,Oceanic Nino Index,NA
15-2-1969 00:00,1969,2,1.09,NA,ENSO,NA,NA,Oceanic Nino Index,NA
15-3-1969 00:00,1969,3,0.95,NA,ENSO,NA,NA,Oceanic Nino Index,NA
15-4-1969 00:00,1969,4,0.77,NA,ENSO,NA,NA,Oceanic Nino Index,NA
15-5-1969 00:00,1969,5,0.61,NA,ENSO,NA,NA,Oceanic Nino Index,NA
15-6-1969 00:00,1969,6,0.43,NA,ENSO,NA,NA,Oceanic Nino Index,NA
15-7-1969 00:00,1969,7,0.36,NA,ENSO,NA,NA,Oceanic Nino Index,NA
15-8-1969 00:00,1969,8,0.51,NA,ENSO,NA,NA,Oceanic Nino Index,NA
15-9-1969 00:00,1969,9,0.79,NA,ENSO,NA,NA,Oceanic Nino Index,NA
15-10-1969 00:00,1969,10,0.86,NA,ENSO,NA,NA,Oceanic Nino Index,NA
15-11-1969 00:00,1969,11,0.81,NA,ENSO,NA,NA,Oceanic Nino Index,NA
15-12-1969 00:00,1969,12,0.63,NA,ENSO,NA,NA,Oceanic Nino Index,NA
15-1-1970 00:00,1970,1,0.51,NA,ENSO,NA,NA,Oceanic Nino Index,NA
15-2-1970 00:00,1970,2,0.34,NA,ENSO,NA,NA,Oceanic Nino Index,NA
15-3-1970 00:00,1970,3,0.29,NA,ENSO,NA,NA,Oceanic Nino Index,NA
15-4-1970 00:00,1970,4,0.19,NA,ENSO,NA,NA,Oceanic Nino Index,NA
15-5-1970 00:00,1970,5,0.04,NA,ENSO,NA,NA,Oceanic Nino Index,NA
15-6-1970 00:00,1970,6,-0.3,NA,ENSO,NA,NA,Oceanic Nino Index,NA
15-7-1970 00:00,1970,7,-0.63,NA,ENSO,NA,NA,Oceanic Nino Index,NA
15-8-1970 00:00,1970,8,-0.76,NA,ENSO,NA,NA,Oceanic Nino Index,NA
15-9-1970 00:00,1970,9,-0.77,NA,ENSO,NA,NA,Oceanic Nino Index,NA
15-10-1970 00:00,1970,10,-0.74,NA,ENSO,NA,NA,Oceanic Nino Index,NA
15-11-1970 00:00,1970,11,-0.86,NA,ENSO,NA,NA,Oceanic Nino Index,NA
15-12-1970 00:00,1970,12,-1.15,NA,ENSO,NA,NA,Oceanic Nino Index,NA
15-1-1971 00:00,1971,1,-1.36,NA,ENSO,NA,NA,Oceanic Nino Index,NA
15-2-1971 00:00,1971,2,-1.38,NA,ENSO,NA,NA,Oceanic Nino Index,NA
15-3-1971 00:00,1971,3,-1.12,NA,ENSO,NA,NA,Oceanic Nino Index,NA
15-4-1971 00:00,1971,4,-0.85,NA,ENSO,NA,NA,Oceanic Nino Index,NA
15-5-1971 00:00,1971,5,-0.73,NA,ENSO,NA,NA,Oceanic Nino Index,NA
15-6-1971 00:00,1971,6,-0.74,NA,ENSO,NA,NA,Oceanic Nino Index,NA
15-7-1971 00:00,1971,7,-0.8,NA,ENSO,NA,NA,Oceanic Nino Index,NA
15-8-1971 00:00,1971,8,-0.77,NA,ENSO,NA,NA,Oceanic Nino Index,NA
15-9-1971 00:00,1971,9,-0.82,NA,ENSO,NA,NA,Oceanic Nino Index,NA
15-10-1971 00:00,1971,10,-0.85,NA,ENSO,NA,NA,Oceanic Nino Index,NA
15-11-1971 00:00,1971,11,-0.96,NA,ENSO,NA,NA,Oceanic Nino Index,NA
15-12-1971 00:00,1971,12,-0.9,NA,ENSO,NA,NA,Oceanic Nino Index,NA
15-1-1972 00:00,1972,1,-0.71,NA,ENSO,NA,NA,Oceanic Nino Index,NA
15-2-1972 00:00,1972,2,-0.35,NA,ENSO,NA,NA,Oceanic Nino Index,NA
15-3-1972 00:00,1972,3,0.06,NA,ENSO,NA,NA,Oceanic Nino Index,NA
15-4-1972 00:00,1972,4,0.41,NA,ENSO,NA,NA,Oceanic Nino Index,NA
15-5-1972 00:00,1972,5,0.67,NA,ENSO,NA,NA,Oceanic Nino Index,NA
15-6-1972 00:00,1972,6,0.92,NA,ENSO,NA,NA,Oceanic Nino Index,NA
15-7-1972 00:00,1972,7,1.13,NA,ENSO,NA,NA,Oceanic Nino Index,NA
15-8-1972 00:00,1972,8,1.37,NA,ENSO,NA,NA,Oceanic Nino Index,NA
15-9-1972 00:00,1972,9,1.58,NA,ENSO,NA,NA,Oceanic Nino Index,NA
15-10-1972 00:00,1972,10,1.84,NA,ENSO,NA,NA,Oceanic Nino Index,NA
15-11-1972 00:00,1972,11,2.09,NA,ENSO,NA,NA,Oceanic Nino Index,NA
15-12-1972 00:00,1972,12,2.12,NA,ENSO,NA,NA,Oceanic Nino Index,NA
15-1-1973 00:00,1973,1,1.84,NA,ENSO,NA,NA,Oceanic Nino Index,NA
15-2-1973 00:00,1973,2,1.25,NA,ENSO,NA,NA,Oceanic Nino Index,NA
15-3-1973 00:00,1973,3,0.54,NA,ENSO,NA,NA,Oceanic Nino Index,NA
15-4-1973 00:00,1973,4,-0.1,NA,ENSO,NA,NA,Oceanic Nino Index,NA
15-5-1973 00:00,1973,5,-0.54,NA,ENSO,NA,NA,Oceanic Nino Index,NA
15-6-1973 00:00,1973,6,-0.87,NA,ENSO,NA,NA,Oceanic Nino Index,NA
15-7-1973 00:00,1973,7,-1.11,NA,ENSO,NA,NA,Oceanic Nino Index,NA
15-8-1973 00:00,1973,8,-1.28,NA,ENSO,NA,NA,Oceanic Nino Index,NA
15-9-1973 00:00,1973,9,-1.45,NA,ENSO,NA,NA,Oceanic Nino Index,NA
15-10-1973 00:00,1973,10,-1.71,NA,ENSO,NA,NA,Oceanic Nino Index,NA
15-11-1973 00:00,1973,11,-1.95,NA,ENSO,NA,NA,Oceanic Nino Index,NA
15-12-1973 00:00,1973,12,-2.03,NA,ENSO,NA,NA,Oceanic Nino Index,NA
15-1-1974 00:00,1974,1,-1.84,NA,ENSO,NA,NA,Oceanic Nino Index,NA
15-2-1974 00:00,1974,2,-1.55,NA,ENSO,NA,NA,Oceanic Nino Index,NA
15-3-1974 00:00,1974,3,-1.23,NA,ENSO,NA,NA,Oceanic Nino Index,NA
15-4-1974 00:00,1974,4,-1.03,NA,ENSO,NA,NA,Oceanic Nino Index,NA
15-5-1974 00:00,1974,5,-0.91,NA,ENSO,NA,NA,Oceanic Nino Index,NA
15-6-1974 00:00,1974,6,-0.77,NA,ENSO,NA,NA,Oceanic Nino Index,NA
15-7-1974 00:00,1974,7,-0.53,NA,ENSO,NA,NA,Oceanic Nino Index,NA
15-8-1974 00:00,1974,8,-0.37,NA,ENSO,NA,NA,Oceanic Nino Index,NA
15-9-1974 00:00,1974,9,-0.41,NA,ENSO,NA,NA,Oceanic Nino Index,NA
15-10-1974 00:00,1974,10,-0.61,NA,ENSO,NA,NA,Oceanic Nino Index,NA
15-11-1974 00:00,1974,11,-0.75,NA,ENSO,NA,NA,Oceanic Nino Index,NA
15-12-1974 00:00,1974,12,-0.64,NA,ENSO,NA,NA,Oceanic Nino Index,NA
15-1-1975 00:00,1975,1,-0.54,NA,ENSO,NA,NA,Oceanic Nino Index,NA
15-2-1975 00:00,1975,2,-0.57,NA,ENSO,NA,NA,Oceanic Nino Index,NA
15-3-1975 00:00,1975,3,-0.65,NA,ENSO,NA,NA,Oceanic Nino Index,NA
15-4-1975 00:00,1975,4,-0.73,NA,ENSO,NA,NA,Oceanic Nino Index,NA
15-5-1975 00:00,1975,5,-0.83,NA,ENSO,NA,NA,Oceanic Nino Index,NA
15-6-1975 00:00,1975,6,-0.98,NA,ENSO,NA,NA,Oceanic Nino Index,NA
15-7-1975 00:00,1975,7,-1.13,NA,ENSO,NA,NA,Oceanic Nino Index,NA
15-8-1975 00:00,1975,8,-1.2,NA,ENSO,NA,NA,Oceanic Nino Index,NA
15-9-1975 00:00,1975,9,-1.37,NA,ENSO,NA,NA,Oceanic Nino Index,NA
15-10-1975 00:00,1975,10,-1.43,NA,ENSO,NA,NA,Oceanic Nino Index,NA
15-11-1975 00:00,1975,11,-1.55,NA,ENSO,NA,NA,Oceanic Nino Index,NA
15-12-1975 00:00,1975,12,-1.65,NA,ENSO,NA,NA,Oceanic Nino Index,NA
15-1-1976 00:00,1976,1,-1.56,NA,ENSO,NA,NA,Oceanic Nino Index,NA
15-2-1976 00:00,1976,2,-1.17,NA,ENSO,NA,NA,Oceanic Nino Index,NA
15-3-1976 00:00,1976,3,-0.73,NA,ENSO,NA,NA,Oceanic Nino Index,NA
15-4-1976 00:00,1976,4,-0.47,NA,ENSO,NA,NA,Oceanic Nino Index,NA
15-5-1976 00:00,1976,5,-0.28,NA,ENSO,NA,NA,Oceanic Nino Index,NA
15-6-1976 00:00,1976,6,-0.05,NA,ENSO,NA,NA,Oceanic Nino Index,NA
15-7-1976 00:00,1976,7,0.18,NA,ENSO,NA,NA,Oceanic Nino Index,NA
15-8-1976 00:00,1976,8,0.35,NA,ENSO,NA,NA,Oceanic Nino Index,NA
15-9-1976 00:00,1976,9,0.62,NA,ENSO,NA,NA,Oceanic Nino Index,NA
15-10-1976 00:00,1976,10,0.81,NA,ENSO,NA,NA,Oceanic Nino Index,NA
15-11-1976 00:00,1976,11,0.86,NA,ENSO,NA,NA,Oceanic Nino Index,NA
15-12-1976 00:00,1976,12,0.85,NA,ENSO,NA,NA,Oceanic Nino Index,NA
15-1-1977 00:00,1977,1,0.71,NA,ENSO,NA,NA,Oceanic Nino Index,NA
15-2-1977 00:00,1977,2,0.64,NA,ENSO,NA,NA,Oceanic Nino Index,NA
15-3-1977 00:00,1977,3,0.34,NA,ENSO,NA,NA,Oceanic Nino Index,NA
15-4-1977 00:00,1977,4,0.23,NA,ENSO,NA,NA,Oceanic Nino Index,NA
15-5-1977 00:00,1977,5,0.21,NA,ENSO,NA,NA,Oceanic Nino Index,NA
15-6-1977 00:00,1977,6,0.34,NA,ENSO,NA,NA,Oceanic Nino Index,NA
15-7-1977 00:00,1977,7,0.35,NA,ENSO,NA,NA,Oceanic Nino Index,NA
15-8-1977 00:00,1977,8,0.42,NA,ENSO,NA,NA,Oceanic Nino Index,NA
15-9-1977 00:00,1977,9,0.57,NA,ENSO,NA,NA,Oceanic Nino Index,NA
15-10-1977 00:00,1977,10,0.73,NA,ENSO,NA,NA,Oceanic Nino Index,NA
15-11-1977 00:00,1977,11,0.81,NA,ENSO,NA,NA,Oceanic Nino Index,NA
15-12-1977 00:00,1977,12,0.79,NA,ENSO,NA,NA,Oceanic Nino Index,NA
15-1-1978 00:00,1978,1,0.69,NA,ENSO,NA,NA,Oceanic Nino Index,NA
15-2-1978 00:00,1978,2,0.42,NA,ENSO,NA,NA,Oceanic Nino Index,NA
15-3-1978 00:00,1978,3,0.06,NA,ENSO,NA,NA,Oceanic Nino Index,NA
15-4-1978 00:00,1978,4,-0.18,NA,ENSO,NA,NA,Oceanic Nino Index,NA
15-5-1978 00:00,1978,5,-0.31,NA,ENSO,NA,NA,Oceanic Nino Index,NA
15-6-1978 00:00,1978,6,-0.29,NA,ENSO,NA,NA,Oceanic Nino Index,NA
15-7-1978 00:00,1978,7,-0.36,NA,ENSO,NA,NA,Oceanic Nino Index,NA
15-8-1978 00:00,1978,8,-0.42,NA,ENSO,NA,NA,Oceanic Nino Index,NA
15-9-1978 00:00,1978,9,-0.42,NA,ENSO,NA,NA,Oceanic Nino Index,NA
15-10-1978 00:00,1978,10,-0.29,NA,ENSO,NA,NA,Oceanic Nino Index,NA
15-11-1978 00:00,1978,11,-0.08,NA,ENSO,NA,NA,Oceanic Nino Index,NA
15-12-1978 00:00,1978,12,0,NA,ENSO,NA,NA,Oceanic Nino Index,NA
15-1-1979 00:00,1979,1,0.03,NA,ENSO,NA,NA,Oceanic Nino Index,NA
15-2-1979 00:00,1979,2,0.07,NA,ENSO,NA,NA,Oceanic Nino Index,NA
15-3-1979 00:00,1979,3,0.2,NA,ENSO,NA,NA,Oceanic Nino Index,NA
15-4-1979 00:00,1979,4,0.28,NA,ENSO,NA,NA,Oceanic Nino Index,NA
15-5-1979 00:00,1979,5,0.23,NA,ENSO,NA,NA,Oceanic Nino Index,NA
15-6-1979 00:00,1979,6,0.05,NA,ENSO,NA,NA,Oceanic Nino Index,NA
15-7-1979 00:00,1979,7,0.04,NA,ENSO,NA,NA,Oceanic Nino Index,NA
15-8-1979 00:00,1979,8,0.17,NA,ENSO,NA,NA,Oceanic Nino Index,NA
15-9-1979 00:00,1979,9,0.33,NA,ENSO,NA,NA,Oceanic Nino Index,NA
15-10-1979 00:00,1979,10,0.45,NA,ENSO,NA,NA,Oceanic Nino Index,NA
15-11-1979 00:00,1979,11,0.52,NA,ENSO,NA,NA,Oceanic Nino Index,NA
15-12-1979 00:00,1979,12,0.64,NA,ENSO,NA,NA,Oceanic Nino Index,NA
15-1-1980 00:00,1980,1,0.59,NA,ENSO,NA,NA,Oceanic Nino Index,NA
15-2-1980 00:00,1980,2,0.46,NA,ENSO,NA,NA,Oceanic Nino Index,NA
15-3-1980 00:00,1980,3,0.34,NA,ENSO,NA,NA,Oceanic Nino Index,NA
15-4-1980 00:00,1980,4,0.38,NA,ENSO,NA,NA,Oceanic Nino Index,NA
15-5-1980 00:00,1980,5,0.48,NA,ENSO,NA,NA,Oceanic Nino Index,NA
15-6-1980 00:00,1980,6,0.46,NA,ENSO,NA,NA,Oceanic Nino Index,NA
15-7-1980 00:00,1980,7,0.25,NA,ENSO,NA,NA,Oceanic Nino Index,NA
15-8-1980 00:00,1980,8,0.03,NA,ENSO,NA,NA,Oceanic Nino Index,NA
15-9-1980 00:00,1980,9,-0.07,NA,ENSO,NA,NA,Oceanic Nino Index,NA
15-10-1980 00:00,1980,10,0.02,NA,ENSO,NA,NA,Oceanic Nino Index,NA
15-11-1980 00:00,1980,11,0.11,NA,ENSO,NA,NA,Oceanic Nino Index,NA
15-12-1980 00:00,1980,12,-0.01,NA,ENSO,NA,NA,Oceanic Nino Index,NA
15-1-1981 00:00,1981,1,-0.26,NA,ENSO,NA,NA,Oceanic Nino Index,NA
15-2-1981 00:00,1981,2,-0.5,NA,ENSO,NA,NA,Oceanic Nino Index,NA
15-3-1981 00:00,1981,3,-0.47,NA,ENSO,NA,NA,Oceanic Nino Index,NA
15-4-1981 00:00,1981,4,-0.37,NA,ENSO,NA,NA,Oceanic Nino Index,NA
15-5-1981 00:00,1981,5,-0.26,NA,ENSO,NA,NA,Oceanic Nino Index,NA
15-6-1981 00:00,1981,6,-0.29,NA,ENSO,NA,NA,Oceanic Nino Index,NA
15-7-1981 00:00,1981,7,-0.3,NA,ENSO,NA,NA,Oceanic Nino Index,NA
15-8-1981 00:00,1981,8,-0.25,NA,ENSO,NA,NA,Oceanic Nino Index,NA
15-9-1981 00:00,1981,9,-0.16,NA,ENSO,NA,NA,Oceanic Nino Index,NA
15-10-1981 00:00,1981,10,-0.13,NA,ENSO,NA,NA,Oceanic Nino Index,NA
15-11-1981 00:00,1981,11,-0.15,NA,ENSO,NA,NA,Oceanic Nino Index,NA
15-12-1981 00:00,1981,12,-0.08,NA,ENSO,NA,NA,Oceanic Nino Index,NA
15-1-1982 00:00,1982,1,-0.05,NA,ENSO,NA,NA,Oceanic Nino Index,NA
15-2-1982 00:00,1982,2,0.07,NA,ENSO,NA,NA,Oceanic Nino Index,NA
15-3-1982 00:00,1982,3,0.19,NA,ENSO,NA,NA,Oceanic Nino Index,NA
15-4-1982 00:00,1982,4,0.47,NA,ENSO,NA,NA,Oceanic Nino Index,NA
15-5-1982 00:00,1982,5,0.66,NA,ENSO,NA,NA,Oceanic Nino Index,NA
15-6-1982 00:00,1982,6,0.72,NA,ENSO,NA,NA,Oceanic Nino Index,NA
15-7-1982 00:00,1982,7,0.79,NA,ENSO,NA,NA,Oceanic Nino Index,NA
15-8-1982 00:00,1982,8,1.07,NA,ENSO,NA,NA,Oceanic Nino Index,NA
15-9-1982 00:00,1982,9,1.58,NA,ENSO,NA,NA,Oceanic Nino Index,NA
15-10-1982 00:00,1982,10,1.97,NA,ENSO,NA,NA,Oceanic Nino Index,NA
15-11-1982 00:00,1982,11,2.18,NA,ENSO,NA,NA,Oceanic Nino Index,NA
15-12-1982 00:00,1982,12,2.23,NA,ENSO,NA,NA,Oceanic Nino Index,NA
15-1-1983 00:00,1983,1,2.18,NA,ENSO,NA,NA,Oceanic Nino Index,NA
15-2-1983 00:00,1983,2,1.92,NA,ENSO,NA,NA,Oceanic Nino Index,NA
15-3-1983 00:00,1983,3,1.54,NA,ENSO,NA,NA,Oceanic Nino Index,NA
15-4-1983 00:00,1983,4,1.29,NA,ENSO,NA,NA,Oceanic Nino Index,NA
15-5-1983 00:00,1983,5,1.06,NA,ENSO,NA,NA,Oceanic Nino Index,NA
15-6-1983 00:00,1983,6,0.72,NA,ENSO,NA,NA,Oceanic Nino Index,NA
15-7-1983 00:00,1983,7,0.31,NA,ENSO,NA,NA,Oceanic Nino Index,NA
15-8-1983 00:00,1983,8,-0.08,NA,ENSO,NA,NA,Oceanic Nino Index,NA
15-9-1983 00:00,1983,9,-0.46,NA,ENSO,NA,NA,Oceanic Nino Index,NA
15-10-1983 00:00,1983,10,-0.81,NA,ENSO,NA,NA,Oceanic Nino Index,NA
15-11-1983 00:00,1983,11,-1,NA,ENSO,NA,NA,Oceanic Nino Index,NA
15-12-1983 00:00,1983,12,-0.91,NA,ENSO,NA,NA,Oceanic Nino Index,NA
15-1-1984 00:00,1984,1,-0.6,NA,ENSO,NA,NA,Oceanic Nino Index,NA
15-2-1984 00:00,1984,2,-0.42,NA,ENSO,NA,NA,Oceanic Nino Index,NA
15-3-1984 00:00,1984,3,-0.34,NA,ENSO,NA,NA,Oceanic Nino Index,NA
15-4-1984 00:00,1984,4,-0.43,NA,ENSO,NA,NA,Oceanic Nino Index,NA
15-5-1984 00:00,1984,5,-0.51,NA,ENSO,NA,NA,Oceanic Nino Index,NA
15-6-1984 00:00,1984,6,-0.45,NA,ENSO,NA,NA,Oceanic Nino Index,NA
15-7-1984 00:00,1984,7,-0.3,NA,ENSO,NA,NA,Oceanic Nino Index,NA
15-8-1984 00:00,1984,8,-0.16,NA,ENSO,NA,NA,Oceanic Nino Index,NA
15-9-1984 00:00,1984,9,-0.24,NA,ENSO,NA,NA,Oceanic Nino Index,NA
15-10-1984 00:00,1984,10,-0.56,NA,ENSO,NA,NA,Oceanic Nino Index,NA
15-11-1984 00:00,1984,11,-0.92,NA,ENSO,NA,NA,Oceanic Nino Index,NA
15-12-1984 00:00,1984,12,-1.14,NA,ENSO,NA,NA,Oceanic Nino Index,NA
15-1-1985 00:00,1985,1,-1.04,NA,ENSO,NA,NA,Oceanic Nino Index,NA
15-2-1985 00:00,1985,2,-0.85,NA,ENSO,NA,NA,Oceanic Nino Index,NA
15-3-1985 00:00,1985,3,-0.77,NA,ENSO,NA,NA,Oceanic Nino Index,NA
15-4-1985 00:00,1985,4,-0.78,NA,ENSO,NA,NA,Oceanic Nino Index,NA
15-5-1985 00:00,1985,5,-0.78,NA,ENSO,NA,NA,Oceanic Nino Index,NA
15-6-1985 00:00,1985,6,-0.63,NA,ENSO,NA,NA,Oceanic Nino Index,NA
15-7-1985 00:00,1985,7,-0.49,NA,ENSO,NA,NA,Oceanic Nino Index,NA
15-8-1985 00:00,1985,8,-0.46,NA,ENSO,NA,NA,Oceanic Nino Index,NA
15-9-1985 00:00,1985,9,-0.4,NA,ENSO,NA,NA,Oceanic Nino Index,NA
15-10-1985 00:00,1985,10,-0.35,NA,ENSO,NA,NA,Oceanic Nino Index,NA
15-11-1985 00:00,1985,11,-0.27,NA,ENSO,NA,NA,Oceanic Nino Index,NA
15-12-1985 00:00,1985,12,-0.36,NA,ENSO,NA,NA,Oceanic Nino Index,NA
15-1-1986 00:00,1986,1,-0.49,NA,ENSO,NA,NA,Oceanic Nino Index,NA
15-2-1986 00:00,1986,2,-0.47,NA,ENSO,NA,NA,Oceanic Nino Index,NA
15-3-1986 00:00,1986,3,-0.31,NA,ENSO,NA,NA,Oceanic Nino Index,NA
15-4-1986 00:00,1986,4,-0.2,NA,ENSO,NA,NA,Oceanic Nino Index,NA
15-5-1986 00:00,1986,5,-0.12,NA,ENSO,NA,NA,Oceanic Nino Index,NA
15-6-1986 00:00,1986,6,-0.04,NA,ENSO,NA,NA,Oceanic Nino Index,NA
15-7-1986 00:00,1986,7,0.22,NA,ENSO,NA,NA,Oceanic Nino Index,NA
15-8-1986 00:00,1986,8,0.44,NA,ENSO,NA,NA,Oceanic Nino Index,NA
15-9-1986 00:00,1986,9,0.71,NA,ENSO,NA,NA,Oceanic Nino Index,NA
15-10-1986 00:00,1986,10,0.94,NA,ENSO,NA,NA,Oceanic Nino Index,NA
15-11-1986 00:00,1986,11,1.14,NA,ENSO,NA,NA,Oceanic Nino Index,NA
15-12-1986 00:00,1986,12,1.22,NA,ENSO,NA,NA,Oceanic Nino Index,NA
15-1-1987 00:00,1987,1,1.23,NA,ENSO,NA,NA,Oceanic Nino Index,NA
15-2-1987 00:00,1987,2,1.19,NA,ENSO,NA,NA,Oceanic Nino Index,NA
15-3-1987 00:00,1987,3,1.06,NA,ENSO,NA,NA,Oceanic Nino Index,NA
15-4-1987 00:00,1987,4,0.95,NA,ENSO,NA,NA,Oceanic Nino Index,NA
15-5-1987 00:00,1987,5,0.97,NA,ENSO,NA,NA,Oceanic Nino Index,NA
15-6-1987 00:00,1987,6,1.22,NA,ENSO,NA,NA,Oceanic Nino Index,NA
15-7-1987 00:00,1987,7,1.51,NA,ENSO,NA,NA,Oceanic Nino Index,NA
15-8-1987 00:00,1987,8,1.7,NA,ENSO,NA,NA,Oceanic Nino Index,NA
15-9-1987 00:00,1987,9,1.65,NA,ENSO,NA,NA,Oceanic Nino Index,NA
15-10-1987 00:00,1987,10,1.48,NA,ENSO,NA,NA,Oceanic Nino Index,NA
15-11-1987 00:00,1987,11,1.25,NA,ENSO,NA,NA,Oceanic Nino Index,NA
15-12-1987 00:00,1987,12,1.11,NA,ENSO,NA,NA,Oceanic Nino Index,NA
15-1-1988 00:00,1988,1,0.81,NA,ENSO,NA,NA,Oceanic Nino Index,NA
15-2-1988 00:00,1988,2,0.54,NA,ENSO,NA,NA,Oceanic Nino Index,NA
15-3-1988 00:00,1988,3,0.14,NA,ENSO,NA,NA,Oceanic Nino Index,NA
15-4-1988 00:00,1988,4,-0.31,NA,ENSO,NA,NA,Oceanic Nino Index,NA
15-5-1988 00:00,1988,5,-0.88,NA,ENSO,NA,NA,Oceanic Nino Index,NA
15-6-1988 00:00,1988,6,-1.3,NA,ENSO,NA,NA,Oceanic Nino Index,NA
15-7-1988 00:00,1988,7,-1.3,NA,ENSO,NA,NA,Oceanic Nino Index,NA
15-8-1988 00:00,1988,8,-1.11,NA,ENSO,NA,NA,Oceanic Nino Index,NA
15-9-1988 00:00,1988,9,-1.19,NA,ENSO,NA,NA,Oceanic Nino Index,NA
15-10-1988 00:00,1988,10,-1.48,NA,ENSO,NA,NA,Oceanic Nino Index,NA
15-11-1988 00:00,1988,11,-1.8,NA,ENSO,NA,NA,Oceanic Nino Index,NA
15-12-1988 00:00,1988,12,-1.85,NA,ENSO,NA,NA,Oceanic Nino Index,NA
15-1-1989 00:00,1989,1,-1.69,NA,ENSO,NA,NA,Oceanic Nino Index,NA
15-2-1989 00:00,1989,2,-1.43,NA,ENSO,NA,NA,Oceanic Nino Index,NA
15-3-1989 00:00,1989,3,-1.08,NA,ENSO,NA,NA,Oceanic Nino Index,NA
15-4-1989 00:00,1989,4,-0.83,NA,ENSO,NA,NA,Oceanic Nino Index,NA
15-5-1989 00:00,1989,5,-0.58,NA,ENSO,NA,NA,Oceanic Nino Index,NA
15-6-1989 00:00,1989,6,-0.4,NA,ENSO,NA,NA,Oceanic Nino Index,NA
15-7-1989 00:00,1989,7,-0.31,NA,ENSO,NA,NA,Oceanic Nino Index,NA
15-8-1989 00:00,1989,8,-0.27,NA,ENSO,NA,NA,Oceanic Nino Index,NA
15-9-1989 00:00,1989,9,-0.24,NA,ENSO,NA,NA,Oceanic Nino Index,NA
15-10-1989 00:00,1989,10,-0.22,NA,ENSO,NA,NA,Oceanic Nino Index,NA
15-11-1989 00:00,1989,11,-0.16,NA,ENSO,NA,NA,Oceanic Nino Index,NA
15-12-1989 00:00,1989,12,-0.05,NA,ENSO,NA,NA,Oceanic Nino Index,NA
15-1-1990 00:00,1990,1,0.14,NA,ENSO,NA,NA,Oceanic Nino Index,NA
15-2-1990 00:00,1990,2,0.21,NA,ENSO,NA,NA,Oceanic Nino Index,NA
15-3-1990 00:00,1990,3,0.28,NA,ENSO,NA,NA,Oceanic Nino Index,NA
15-4-1990 00:00,1990,4,0.29,NA,ENSO,NA,NA,Oceanic Nino Index,NA
15-5-1990 00:00,1990,5,0.29,NA,ENSO,NA,NA,Oceanic Nino Index,NA
15-6-1990 00:00,1990,6,0.31,NA,ENSO,NA,NA,Oceanic Nino Index,NA
15-7-1990 00:00,1990,7,0.33,NA,ENSO,NA,NA,Oceanic Nino Index,NA
15-8-1990 00:00,1990,8,0.38,NA,ENSO,NA,NA,Oceanic Nino Index,NA
15-9-1990 00:00,1990,9,0.39,NA,ENSO,NA,NA,Oceanic Nino Index,NA
15-10-1990 00:00,1990,10,0.35,NA,ENSO,NA,NA,Oceanic Nino Index,NA
15-11-1990 00:00,1990,11,0.4,NA,ENSO,NA,NA,Oceanic Nino Index,NA
15-12-1990 00:00,1990,12,0.41,NA,ENSO,NA,NA,Oceanic Nino Index,NA
15-1-1991 00:00,1991,1,0.41,NA,ENSO,NA,NA,Oceanic Nino Index,NA
15-2-1991 00:00,1991,2,0.26,NA,ENSO,NA,NA,Oceanic Nino Index,NA
15-3-1991 00:00,1991,3,0.22,NA,ENSO,NA,NA,Oceanic Nino Index,NA
15-4-1991 00:00,1991,4,0.26,NA,ENSO,NA,NA,Oceanic Nino Index,NA
15-5-1991 00:00,1991,5,0.45,NA,ENSO,NA,NA,Oceanic Nino Index,NA
15-6-1991 00:00,1991,6,0.64,NA,ENSO,NA,NA,Oceanic Nino Index,NA
15-7-1991 00:00,1991,7,0.73,NA,ENSO,NA,NA,Oceanic Nino Index,NA
15-8-1991 00:00,1991,8,0.64,NA,ENSO,NA,NA,Oceanic Nino Index,NA
15-9-1991 00:00,1991,9,0.62,NA,ENSO,NA,NA,Oceanic Nino Index,NA
15-10-1991 00:00,1991,10,0.79,NA,ENSO,NA,NA,Oceanic Nino Index,NA
15-11-1991 00:00,1991,11,1.21,NA,ENSO,NA,NA,Oceanic Nino Index,NA
15-12-1991 00:00,1991,12,1.53,NA,ENSO,NA,NA,Oceanic Nino Index,NA
15-1-1992 00:00,1992,1,1.71,NA,ENSO,NA,NA,Oceanic Nino Index,NA
15-2-1992 00:00,1992,2,1.63,NA,ENSO,NA,NA,Oceanic Nino Index,NA
15-3-1992 00:00,1992,3,1.48,NA,ENSO,NA,NA,Oceanic Nino Index,NA
15-4-1992 00:00,1992,4,1.29,NA,ENSO,NA,NA,Oceanic Nino Index,NA
15-5-1992 00:00,1992,5,1.06,NA,ENSO,NA,NA,Oceanic Nino Index,NA
15-6-1992 00:00,1992,6,0.73,NA,ENSO,NA,NA,Oceanic Nino Index,NA
15-7-1992 00:00,1992,7,0.37,NA,ENSO,NA,NA,Oceanic Nino Index,NA
15-8-1992 00:00,1992,8,0.09,NA,ENSO,NA,NA,Oceanic Nino Index,NA
15-9-1992 00:00,1992,9,-0.13,NA,ENSO,NA,NA,Oceanic Nino Index,NA
15-10-1992 00:00,1992,10,-0.25,NA,ENSO,NA,NA,Oceanic Nino Index,NA
15-11-1992 00:00,1992,11,-0.28,NA,ENSO,NA,NA,Oceanic Nino Index,NA
15-12-1992 00:00,1992,12,-0.13,NA,ENSO,NA,NA,Oceanic Nino Index,NA
15-1-1993 00:00,1993,1,0.09,NA,ENSO,NA,NA,Oceanic Nino Index,NA
15-2-1993 00:00,1993,2,0.3,NA,ENSO,NA,NA,Oceanic Nino Index,NA
15-3-1993 00:00,1993,3,0.5,NA,ENSO,NA,NA,Oceanic Nino Index,NA
15-4-1993 00:00,1993,4,0.67,NA,ENSO,NA,NA,Oceanic Nino Index,NA
15-5-1993 00:00,1993,5,0.7,NA,ENSO,NA,NA,Oceanic Nino Index,NA
15-6-1993 00:00,1993,6,0.57,NA,ENSO,NA,NA,Oceanic Nino Index,NA
15-7-1993 00:00,1993,7,0.32,NA,ENSO,NA,NA,Oceanic Nino Index,NA
15-8-1993 00:00,1993,8,0.25,NA,ENSO,NA,NA,Oceanic Nino Index,NA
15-9-1993 00:00,1993,9,0.15,NA,ENSO,NA,NA,Oceanic Nino Index,NA
15-10-1993 00:00,1993,10,0.1,NA,ENSO,NA,NA,Oceanic Nino Index,NA
15-11-1993 00:00,1993,11,0.04,NA,ENSO,NA,NA,Oceanic Nino Index,NA
15-12-1993 00:00,1993,12,0.06,NA,ENSO,NA,NA,Oceanic Nino Index,NA
15-1-1994 00:00,1994,1,0.06,NA,ENSO,NA,NA,Oceanic Nino Index,NA
15-2-1994 00:00,1994,2,0.07,NA,ENSO,NA,NA,Oceanic Nino Index,NA
15-3-1994 00:00,1994,3,0.17,NA,ENSO,NA,NA,Oceanic Nino Index,NA
15-4-1994 00:00,1994,4,0.31,NA,ENSO,NA,NA,Oceanic Nino Index,NA
15-5-1994 00:00,1994,5,0.42,NA,ENSO,NA,NA,Oceanic Nino Index,NA
15-6-1994 00:00,1994,6,0.41,NA,ENSO,NA,NA,Oceanic Nino Index,NA
15-7-1994 00:00,1994,7,0.44,NA,ENSO,NA,NA,Oceanic Nino Index,NA
15-8-1994 00:00,1994,8,0.43,NA,ENSO,NA,NA,Oceanic Nino Index,NA
15-9-1994 00:00,1994,9,0.55,NA,ENSO,NA,NA,Oceanic Nino Index,NA
15-10-1994 00:00,1994,10,0.74,NA,ENSO,NA,NA,Oceanic Nino Index,NA
15-11-1994 00:00,1994,11,1.01,NA,ENSO,NA,NA,Oceanic Nino Index,NA
15-12-1994 00:00,1994,12,1.09,NA,ENSO,NA,NA,Oceanic Nino Index,NA
15-1-1995 00:00,1995,1,0.96,NA,ENSO,NA,NA,Oceanic Nino Index,NA
15-2-1995 00:00,1995,2,0.72,NA,ENSO,NA,NA,Oceanic Nino Index,NA
15-3-1995 00:00,1995,3,0.53,NA,ENSO,NA,NA,Oceanic Nino Index,NA
15-4-1995 00:00,1995,4,0.3,NA,ENSO,NA,NA,Oceanic Nino Index,NA
15-5-1995 00:00,1995,5,0.14,NA,ENSO,NA,NA,Oceanic Nino Index,NA
15-6-1995 00:00,1995,6,-0.03,NA,ENSO,NA,NA,Oceanic Nino Index,NA
15-7-1995 00:00,1995,7,-0.24,NA,ENSO,NA,NA,Oceanic Nino Index,NA
15-8-1995 00:00,1995,8,-0.54,NA,ENSO,NA,NA,Oceanic Nino Index,NA
15-9-1995 00:00,1995,9,-0.81,NA,ENSO,NA,NA,Oceanic Nino Index,NA
15-10-1995 00:00,1995,10,-0.97,NA,ENSO,NA,NA,Oceanic Nino Index,NA
15-11-1995 00:00,1995,11,-1,NA,ENSO,NA,NA,Oceanic Nino Index,NA
15-12-1995 00:00,1995,12,-0.98,NA,ENSO,NA,NA,Oceanic Nino Index,NA
15-1-1996 00:00,1996,1,-0.9,NA,ENSO,NA,NA,Oceanic Nino Index,NA
15-2-1996 00:00,1996,2,-0.75,NA,ENSO,NA,NA,Oceanic Nino Index,NA
15-3-1996 00:00,1996,3,-0.59,NA,ENSO,NA,NA,Oceanic Nino Index,NA
15-4-1996 00:00,1996,4,-0.39,NA,ENSO,NA,NA,Oceanic Nino Index,NA
15-5-1996 00:00,1996,5,-0.31,NA,ENSO,NA,NA,Oceanic Nino Index,NA
15-6-1996 00:00,1996,6,-0.3,NA,ENSO,NA,NA,Oceanic Nino Index,NA
15-7-1996 00:00,1996,7,-0.27,NA,ENSO,NA,NA,Oceanic Nino Index,NA
15-8-1996 00:00,1996,8,-0.32,NA,ENSO,NA,NA,Oceanic Nino Index,NA
15-9-1996 00:00,1996,9,-0.35,NA,ENSO,NA,NA,Oceanic Nino Index,NA
15-10-1996 00:00,1996,10,-0.4,NA,ENSO,NA,NA,Oceanic Nino Index,NA
15-11-1996 00:00,1996,11,-0.45,NA,ENSO,NA,NA,Oceanic Nino Index,NA
15-12-1996 00:00,1996,12,-0.49,NA,ENSO,NA,NA,Oceanic Nino Index,NA
15-1-1997 00:00,1997,1,-0.5,NA,ENSO,NA,NA,Oceanic Nino Index,NA
15-2-1997 00:00,1997,2,-0.36,NA,ENSO,NA,NA,Oceanic Nino Index,NA
15-3-1997 00:00,1997,3,-0.1,NA,ENSO,NA,NA,Oceanic Nino Index,NA
15-4-1997 00:00,1997,4,0.28,NA,ENSO,NA,NA,Oceanic Nino Index,NA
15-5-1997 00:00,1997,5,0.75,NA,ENSO,NA,NA,Oceanic Nino Index,NA
15-6-1997 00:00,1997,6,1.22,NA,ENSO,NA,NA,Oceanic Nino Index,NA
15-7-1997 00:00,1997,7,1.6,NA,ENSO,NA,NA,Oceanic Nino Index,NA
15-8-1997 00:00,1997,8,1.9,NA,ENSO,NA,NA,Oceanic Nino Index,NA
15-9-1997 00:00,1997,9,2.14,NA,ENSO,NA,NA,Oceanic Nino Index,NA
15-10-1997 00:00,1997,10,2.33,NA,ENSO,NA,NA,Oceanic Nino Index,NA
15-11-1997 00:00,1997,11,2.4,NA,ENSO,NA,NA,Oceanic Nino Index,NA
15-12-1997 00:00,1997,12,2.39,NA,ENSO,NA,NA,Oceanic Nino Index,NA
15-1-1998 00:00,1998,1,2.24,NA,ENSO,NA,NA,Oceanic Nino Index,NA
15-2-1998 00:00,1998,2,1.93,NA,ENSO,NA,NA,Oceanic Nino Index,NA
15-3-1998 00:00,1998,3,1.44,NA,ENSO,NA,NA,Oceanic Nino Index,NA
15-4-1998 00:00,1998,4,0.99,NA,ENSO,NA,NA,Oceanic Nino Index,NA
15-5-1998 00:00,1998,5,0.45,NA,ENSO,NA,NA,Oceanic Nino Index,NA
15-6-1998 00:00,1998,6,-0.13,NA,ENSO,NA,NA,Oceanic Nino Index,NA
15-7-1998 00:00,1998,7,-0.78,NA,ENSO,NA,NA,Oceanic Nino Index,NA
15-8-1998 00:00,1998,8,-1.12,NA,ENSO,NA,NA,Oceanic Nino Index,NA
15-9-1998 00:00,1998,9,-1.31,NA,ENSO,NA,NA,Oceanic Nino Index,NA
15-10-1998 00:00,1998,10,-1.35,NA,ENSO,NA,NA,Oceanic Nino Index,NA
15-11-1998 00:00,1998,11,-1.48,NA,ENSO,NA,NA,Oceanic Nino Index,NA
15-12-1998 00:00,1998,12,-1.57,NA,ENSO,NA,NA,Oceanic Nino Index,NA
15-1-1999 00:00,1999,1,-1.55,NA,ENSO,NA,NA,Oceanic Nino Index,NA
15-2-1999 00:00,1999,2,-1.3,NA,ENSO,NA,NA,Oceanic Nino Index,NA
15-3-1999 00:00,1999,3,-1.07,NA,ENSO,NA,NA,Oceanic Nino Index,NA
15-4-1999 00:00,1999,4,-0.98,NA,ENSO,NA,NA,Oceanic Nino Index,NA
15-5-1999 00:00,1999,5,-1.02,NA,ENSO,NA,NA,Oceanic Nino Index,NA
15-6-1999 00:00,1999,6,-1.04,NA,ENSO,NA,NA,Oceanic Nino Index,NA
15-7-1999 00:00,1999,7,-1.1,NA,ENSO,NA,NA,Oceanic Nino Index,NA
15-8-1999 00:00,1999,8,-1.11,NA,ENSO,NA,NA,Oceanic Nino Index,NA
15-9-1999 00:00,1999,9,-1.16,NA,ENSO,NA,NA,Oceanic Nino Index,NA
15-10-1999 00:00,1999,10,-1.26,NA,ENSO,NA,NA,Oceanic Nino Index,NA
15-11-1999 00:00,1999,11,-1.46,NA,ENSO,NA,NA,Oceanic Nino Index,NA
15-12-1999 00:00,1999,12,-1.65,NA,ENSO,NA,NA,Oceanic Nino Index,NA
15-1-2000 00:00,2000,1,-1.66,NA,ENSO,NA,NA,Oceanic Nino Index,NA
15-2-2000 00:00,2000,2,-1.41,NA,ENSO,NA,NA,Oceanic Nino Index,NA
15-3-2000 00:00,2000,3,-1.07,NA,ENSO,NA,NA,Oceanic Nino Index,NA
15-4-2000 00:00,2000,4,-0.81,NA,ENSO,NA,NA,Oceanic Nino Index,NA
15-5-2000 00:00,2000,5,-0.71,NA,ENSO,NA,NA,Oceanic Nino Index,NA
15-6-2000 00:00,2000,6,-0.64,NA,ENSO,NA,NA,Oceanic Nino Index,NA
15-7-2000 00:00,2000,7,-0.55,NA,ENSO,NA,NA,Oceanic Nino Index,NA
15-8-2000 00:00,2000,8,-0.51,NA,ENSO,NA,NA,Oceanic Nino Index,NA
15-9-2000 00:00,2000,9,-0.55,NA,ENSO,NA,NA,Oceanic Nino Index,NA
15-10-2000 00:00,2000,10,-0.63,NA,ENSO,NA,NA,Oceanic Nino Index,NA
15-11-2000 00:00,2000,11,-0.75,NA,ENSO,NA,NA,Oceanic Nino Index,NA
15-12-2000 00:00,2000,12,-0.74,NA,ENSO,NA,NA,Oceanic Nino Index,NA
15-1-2001 00:00,2001,1,-0.68,NA,ENSO,NA,NA,Oceanic Nino Index,NA
15-2-2001 00:00,2001,2,-0.52,NA,ENSO,NA,NA,Oceanic Nino Index,NA
15-3-2001 00:00,2001,3,-0.44,NA,ENSO,NA,NA,Oceanic Nino Index,NA
15-4-2001 00:00,2001,4,-0.34,NA,ENSO,NA,NA,Oceanic Nino Index,NA
15-5-2001 00:00,2001,5,-0.25,NA,ENSO,NA,NA,Oceanic Nino Index,NA
15-6-2001 00:00,2001,6,-0.12,NA,ENSO,NA,NA,Oceanic Nino Index,NA
15-7-2001 00:00,2001,7,-0.08,NA,ENSO,NA,NA,Oceanic Nino Index,NA
15-8-2001 00:00,2001,8,-0.13,NA,ENSO,NA,NA,Oceanic Nino Index,NA
15-9-2001 00:00,2001,9,-0.19,NA,ENSO,NA,NA,Oceanic Nino Index,NA
15-10-2001 00:00,2001,10,-0.29,NA,ENSO,NA,NA,Oceanic Nino Index,NA
15-11-2001 00:00,2001,11,-0.35,NA,ENSO,NA,NA,Oceanic Nino Index,NA
15-12-2001 00:00,2001,12,-0.31,NA,ENSO,NA,NA,Oceanic Nino Index,NA
15-1-2002 00:00,2002,1,-0.15,NA,ENSO,NA,NA,Oceanic Nino Index,NA
15-2-2002 00:00,2002,2,0.03,NA,ENSO,NA,NA,Oceanic Nino Index,NA
15-3-2002 00:00,2002,3,0.09,NA,ENSO,NA,NA,Oceanic Nino Index,NA
15-4-2002 00:00,2002,4,0.2,NA,ENSO,NA,NA,Oceanic Nino Index,NA
15-5-2002 00:00,2002,5,0.43,NA,ENSO,NA,NA,Oceanic Nino Index,NA
15-6-2002 00:00,2002,6,0.65,NA,ENSO,NA,NA,Oceanic Nino Index,NA
15-7-2002 00:00,2002,7,0.79,NA,ENSO,NA,NA,Oceanic Nino Index,NA
15-8-2002 00:00,2002,8,0.86,NA,ENSO,NA,NA,Oceanic Nino Index,NA
15-9-2002 00:00,2002,9,1.01,NA,ENSO,NA,NA,Oceanic Nino Index,NA
15-10-2002 00:00,2002,10,1.21,NA,ENSO,NA,NA,Oceanic Nino Index,NA
15-11-2002 00:00,2002,11,1.31,NA,ENSO,NA,NA,Oceanic Nino Index,NA
15-12-2002 00:00,2002,12,1.14,NA,ENSO,NA,NA,Oceanic Nino Index,NA
15-1-2003 00:00,2003,1,0.92,NA,ENSO,NA,NA,Oceanic Nino Index,NA
15-2-2003 00:00,2003,2,0.63,NA,ENSO,NA,NA,Oceanic Nino Index,NA
15-3-2003 00:00,2003,3,0.38,NA,ENSO,NA,NA,Oceanic Nino Index,NA
15-4-2003 00:00,2003,4,-0.04,NA,ENSO,NA,NA,Oceanic Nino Index,NA
15-5-2003 00:00,2003,5,-0.26,NA,ENSO,NA,NA,Oceanic Nino Index,NA
15-6-2003 00:00,2003,6,-0.16,NA,ENSO,NA,NA,Oceanic Nino Index,NA
15-7-2003 00:00,2003,7,0.08,NA,ENSO,NA,NA,Oceanic Nino Index,NA
15-8-2003 00:00,2003,8,0.21,NA,ENSO,NA,NA,Oceanic Nino Index,NA
15-9-2003 00:00,2003,9,0.26,NA,ENSO,NA,NA,Oceanic Nino Index,NA
15-10-2003 00:00,2003,10,0.29,NA,ENSO,NA,NA,Oceanic Nino Index,NA
15-11-2003 00:00,2003,11,0.35,NA,ENSO,NA,NA,Oceanic Nino Index,NA
15-12-2003 00:00,2003,12,0.35,NA,ENSO,NA,NA,Oceanic Nino Index,NA
15-1-2004 00:00,2004,1,0.37,NA,ENSO,NA,NA,Oceanic Nino Index,NA
15-2-2004 00:00,2004,2,0.31,NA,ENSO,NA,NA,Oceanic Nino Index,NA
15-3-2004 00:00,2004,3,0.23,NA,ENSO,NA,NA,Oceanic Nino Index,NA
15-4-2004 00:00,2004,4,0.17,NA,ENSO,NA,NA,Oceanic Nino Index,NA
15-5-2004 00:00,2004,5,0.17,NA,ENSO,NA,NA,Oceanic Nino Index,NA
15-6-2004 00:00,2004,6,0.28,NA,ENSO,NA,NA,Oceanic Nino Index,NA
15-7-2004 00:00,2004,7,0.47,NA,ENSO,NA,NA,Oceanic Nino Index,NA
15-8-2004 00:00,2004,8,0.64,NA,ENSO,NA,NA,Oceanic Nino Index,NA
15-9-2004 00:00,2004,9,0.7,NA,ENSO,NA,NA,Oceanic Nino Index,NA
15-10-2004 00:00,2004,10,0.67,NA,ENSO,NA,NA,Oceanic Nino Index,NA
15-11-2004 00:00,2004,11,0.66,NA,ENSO,NA,NA,Oceanic Nino Index,NA
15-12-2004 00:00,2004,12,0.69,NA,ENSO,NA,NA,Oceanic Nino Index,NA
15-1-2005 00:00,2005,1,0.64,NA,ENSO,NA,NA,Oceanic Nino Index,NA
15-2-2005 00:00,2005,2,0.58,NA,ENSO,NA,NA,Oceanic Nino Index,NA
15-3-2005 00:00,2005,3,0.45,NA,ENSO,NA,NA,Oceanic Nino Index,NA
15-4-2005 00:00,2005,4,0.43,NA,ENSO,NA,NA,Oceanic Nino Index,NA
15-5-2005 00:00,2005,5,0.29,NA,ENSO,NA,NA,Oceanic Nino Index,NA
15-6-2005 00:00,2005,6,0.11,NA,ENSO,NA,NA,Oceanic Nino Index,NA
15-7-2005 00:00,2005,7,-0.06,NA,ENSO,NA,NA,Oceanic Nino Index,NA
15-8-2005 00:00,2005,8,-0.14,NA,ENSO,NA,NA,Oceanic Nino Index,NA
15-9-2005 00:00,2005,9,-0.11,NA,ENSO,NA,NA,Oceanic Nino Index,NA
15-10-2005 00:00,2005,10,-0.29,NA,ENSO,NA,NA,Oceanic Nino Index,NA
15-11-2005 00:00,2005,11,-0.57,NA,ENSO,NA,NA,Oceanic Nino Index,NA
15-12-2005 00:00,2005,12,-0.84,NA,ENSO,NA,NA,Oceanic Nino Index,NA
15-1-2006 00:00,2006,1,-0.85,NA,ENSO,NA,NA,Oceanic Nino Index,NA
15-2-2006 00:00,2006,2,-0.77,NA,ENSO,NA,NA,Oceanic Nino Index,NA
15-3-2006 00:00,2006,3,-0.57,NA,ENSO,NA,NA,Oceanic Nino Index,NA
15-4-2006 00:00,2006,4,-0.37,NA,ENSO,NA,NA,Oceanic Nino Index,NA
15-5-2006 00:00,2006,5,-0.14,NA,ENSO,NA,NA,Oceanic Nino Index,NA
15-6-2006 00:00,2006,6,-0.03,NA,ENSO,NA,NA,Oceanic Nino Index,NA
15-7-2006 00:00,2006,7,0.1,NA,ENSO,NA,NA,Oceanic Nino Index,NA
15-8-2006 00:00,2006,8,0.3,NA,ENSO,NA,NA,Oceanic Nino Index,NA
15-9-2006 00:00,2006,9,0.54,NA,ENSO,NA,NA,Oceanic Nino Index,NA
15-10-2006 00:00,2006,10,0.77,NA,ENSO,NA,NA,Oceanic Nino Index,NA
15-11-2006 00:00,2006,11,0.94,NA,ENSO,NA,NA,Oceanic Nino Index,NA
15-12-2006 00:00,2006,12,0.94,NA,ENSO,NA,NA,Oceanic Nino Index,NA
15-1-2007 00:00,2007,1,0.66,NA,ENSO,NA,NA,Oceanic Nino Index,NA
15-2-2007 00:00,2007,2,0.22,NA,ENSO,NA,NA,Oceanic Nino Index,NA
15-3-2007 00:00,2007,3,-0.12,NA,ENSO,NA,NA,Oceanic Nino Index,NA
15-4-2007 00:00,2007,4,-0.32,NA,ENSO,NA,NA,Oceanic Nino Index,NA
15-5-2007 00:00,2007,5,-0.38,NA,ENSO,NA,NA,Oceanic Nino Index,NA
15-6-2007 00:00,2007,6,-0.47,NA,ENSO,NA,NA,Oceanic Nino Index,NA
15-7-2007 00:00,2007,7,-0.56,NA,ENSO,NA,NA,Oceanic Nino Index,NA
15-8-2007 00:00,2007,8,-0.81,NA,ENSO,NA,NA,Oceanic Nino Index,NA
15-9-2007 00:00,2007,9,-1.07,NA,ENSO,NA,NA,Oceanic Nino Index,NA
15-10-2007 00:00,2007,10,-1.34,NA,ENSO,NA,NA,Oceanic Nino Index,NA
15-11-2007 00:00,2007,11,-1.5,NA,ENSO,NA,NA,Oceanic Nino Index,NA
15-12-2007 00:00,2007,12,-1.6,NA,ENSO,NA,NA,Oceanic Nino Index,NA
15-1-2008 00:00,2008,1,-1.64,NA,ENSO,NA,NA,Oceanic Nino Index,NA
15-2-2008 00:00,2008,2,-1.52,NA,ENSO,NA,NA,Oceanic Nino Index,NA
15-3-2008 00:00,2008,3,-1.29,NA,ENSO,NA,NA,Oceanic Nino Index,NA
15-4-2008 00:00,2008,4,-1.01,NA,ENSO,NA,NA,Oceanic Nino Index,NA
15-5-2008 00:00,2008,5,-0.84,NA,ENSO,NA,NA,Oceanic Nino Index,NA
15-6-2008 00:00,2008,6,-0.61,NA,ENSO,NA,NA,Oceanic Nino Index,NA
15-7-2008 00:00,2008,7,-0.37,NA,ENSO,NA,NA,Oceanic Nino Index,NA
15-8-2008 00:00,2008,8,-0.23,NA,ENSO,NA,NA,Oceanic Nino Index,NA
15-9-2008 00:00,2008,9,-0.24,NA,ENSO,NA,NA,Oceanic Nino Index,NA
15-10-2008 00:00,2008,10,-0.35,NA,ENSO,NA,NA,Oceanic Nino Index,NA
15-11-2008 00:00,2008,11,-0.55,NA,ENSO,NA,NA,Oceanic Nino Index,NA
15-12-2008 00:00,2008,12,-0.73,NA,ENSO,NA,NA,Oceanic Nino Index,NA
15-1-2009 00:00,2009,1,-0.85,NA,ENSO,NA,NA,Oceanic Nino Index,NA
15-2-2009 00:00,2009,2,-0.79,NA,ENSO,NA,NA,Oceanic Nino Index,NA
15-3-2009 00:00,2009,3,-0.61,NA,ENSO,NA,NA,Oceanic Nino Index,NA
15-4-2009 00:00,2009,4,-0.33,NA,ENSO,NA,NA,Oceanic Nino Index,NA
15-5-2009 00:00,2009,5,0.01,NA,ENSO,NA,NA,Oceanic Nino Index,NA
15-6-2009 00:00,2009,6,0.28,NA,ENSO,NA,NA,Oceanic Nino Index,NA
15-7-2009 00:00,2009,7,0.45,NA,ENSO,NA,NA,Oceanic Nino Index,NA
15-8-2009 00:00,2009,8,0.58,NA,ENSO,NA,NA,Oceanic Nino Index,NA
15-9-2009 00:00,2009,9,0.71,NA,ENSO,NA,NA,Oceanic Nino Index,NA
15-10-2009 00:00,2009,10,1.01,NA,ENSO,NA,NA,Oceanic Nino Index,NA
15-11-2009 00:00,2009,11,1.36,NA,ENSO,NA,NA,Oceanic Nino Index,NA
15-12-2009 00:00,2009,12,1.56,NA,ENSO,NA,NA,Oceanic Nino Index,NA
15-1-2010 00:00,2010,1,1.5,NA,ENSO,NA,NA,Oceanic Nino Index,NA
15-2-2010 00:00,2010,2,1.22,NA,ENSO,NA,NA,Oceanic Nino Index,NA
15-3-2010 00:00,2010,3,0.84,NA,ENSO,NA,NA,Oceanic Nino Index,NA
15-4-2010 00:00,2010,4,0.35,NA,ENSO,NA,NA,Oceanic Nino Index,NA
15-5-2010 00:00,2010,5,-0.17,NA,ENSO,NA,NA,Oceanic Nino Index,NA
15-6-2010 00:00,2010,6,-0.66,NA,ENSO,NA,NA,Oceanic Nino Index,NA
15-7-2010 00:00,2010,7,-1.05,NA,ENSO,NA,NA,Oceanic Nino Index,NA
15-8-2010 00:00,2010,8,-1.35,NA,ENSO,NA,NA,Oceanic Nino Index,NA
15-9-2010 00:00,2010,9,-1.56,NA,ENSO,NA,NA,Oceanic Nino Index,NA
15-10-2010 00:00,2010,10,-1.64,NA,ENSO,NA,NA,Oceanic Nino Index,NA
15-11-2010 00:00,2010,11,-1.64,NA,ENSO,NA,NA,Oceanic Nino Index,NA
15-12-2010 00:00,2010,12,-1.54,NA,ENSO,NA,NA,Oceanic Nino Index,NA
15-1-2011 00:00,2011,1,-1.31,NA,ENSO,NA,NA,Oceanic Nino Index,NA
15-2-2011 00:00,2011,2,-1.04,NA,ENSO,NA,NA,Oceanic Nino Index,NA
15-3-2011 00:00,2011,3,-0.8,NA,ENSO,NA,NA,Oceanic Nino Index,NA
15-4-2011 00:00,2011,4,-0.62,NA,ENSO,NA,NA,Oceanic Nino Index,NA
15-5-2011 00:00,2011,5,-0.46,NA,ENSO,NA,NA,Oceanic Nino Index,NA
15-6-2011 00:00,2011,6,-0.37,NA,ENSO,NA,NA,Oceanic Nino Index,NA
15-7-2011 00:00,2011,7,-0.43,NA,ENSO,NA,NA,Oceanic Nino Index,NA
15-8-2011 00:00,2011,8,-0.58,NA,ENSO,NA,NA,Oceanic Nino Index,NA
15-9-2011 00:00,2011,9,-0.79,NA,ENSO,NA,NA,Oceanic Nino Index,NA
15-10-2011 00:00,2011,10,-0.96,NA,ENSO,NA,NA,Oceanic Nino Index,NA
15-11-2011 00:00,2011,11,-1.02,NA,ENSO,NA,NA,Oceanic Nino Index,NA
15-12-2011 00:00,2011,12,-0.92,NA,ENSO,NA,NA,Oceanic Nino Index,NA
15-1-2012 00:00,2012,1,-0.72,NA,ENSO,NA,NA,Oceanic Nino Index,NA
15-2-2012 00:00,2012,2,-0.57,NA,ENSO,NA,NA,Oceanic Nino Index,NA
15-3-2012 00:00,2012,3,-0.46,NA,ENSO,NA,NA,Oceanic Nino Index,NA
15-4-2012 00:00,2012,4,-0.36,NA,ENSO,NA,NA,Oceanic Nino Index,NA
15-5-2012 00:00,2012,5,-0.17,NA,ENSO,NA,NA,Oceanic Nino Index,NA
15-6-2012 00:00,2012,6,0.06,NA,ENSO,NA,NA,Oceanic Nino Index,NA
15-7-2012 00:00,2012,7,0.3,NA,ENSO,NA,NA,Oceanic Nino Index,NA
15-8-2012 00:00,2012,8,0.41,NA,ENSO,NA,NA,Oceanic Nino Index,NA
15-9-2012 00:00,2012,9,0.41,NA,ENSO,NA,NA,Oceanic Nino Index,NA
15-10-2012 00:00,2012,10,0.31,NA,ENSO,NA,NA,Oceanic Nino Index,NA
15-11-2012 00:00,2012,11,0.13,NA,ENSO,NA,NA,Oceanic Nino Index,NA
15-12-2012 00:00,2012,12,-0.1,NA,ENSO,NA,NA,Oceanic Nino Index,NA
15-1-2013 00:00,2013,1,-0.29,NA,ENSO,NA,NA,Oceanic Nino Index,NA
15-2-2013 00:00,2013,2,-0.29,NA,ENSO,NA,NA,Oceanic Nino Index,NA
15-3-2013 00:00,2013,3,-0.21,NA,ENSO,NA,NA,Oceanic Nino Index,NA
15-4-2013 00:00,2013,4,-0.19,NA,ENSO,NA,NA,Oceanic Nino Index,NA
15-5-2013 00:00,2013,5,-0.27,NA,ENSO,NA,NA,Oceanic Nino Index,NA
15-6-2013 00:00,2013,6,-0.34,NA,ENSO,NA,NA,Oceanic Nino Index,NA
15-7-2013 00:00,2013,7,-0.35,NA,ENSO,NA,NA,Oceanic Nino Index,NA
15-8-2013 00:00,2013,8,-0.28,NA,ENSO,NA,NA,Oceanic Nino Index,NA
15-9-2013 00:00,2013,9,-0.21,NA,ENSO,NA,NA,Oceanic Nino Index,NA
15-10-2013 00:00,2013,10,-0.13,NA,ENSO,NA,NA,Oceanic Nino Index,NA
15-11-2013 00:00,2013,11,-0.1,NA,ENSO,NA,NA,Oceanic Nino Index,NA
15-12-2013 00:00,2013,12,-0.15,NA,ENSO,NA,NA,Oceanic Nino Index,NA
15-1-2014 00:00,2014,1,-0.28,NA,ENSO,NA,NA,Oceanic Nino Index,NA
15-2-2014 00:00,2014,2,-0.32,NA,ENSO,NA,NA,Oceanic Nino Index,NA
15-3-2014 00:00,2014,3,-0.14,NA,ENSO,NA,NA,Oceanic Nino Index,NA
15-4-2014 00:00,2014,4,0.15,NA,ENSO,NA,NA,Oceanic Nino Index,NA
15-5-2014 00:00,2014,5,0.31,NA,ENSO,NA,NA,Oceanic Nino Index,NA
15-6-2014 00:00,2014,6,0.23,NA,ENSO,NA,NA,Oceanic Nino Index,NA
15-7-2014 00:00,2014,7,0.1,NA,ENSO,NA,NA,Oceanic Nino Index,NA
15-8-2014 00:00,2014,8,0.11,NA,ENSO,NA,NA,Oceanic Nino Index,NA
15-9-2014 00:00,2014,9,0.28,NA,ENSO,NA,NA,Oceanic Nino Index,NA
15-10-2014 00:00,2014,10,0.54,NA,ENSO,NA,NA,Oceanic Nino Index,NA
15-11-2014 00:00,2014,11,0.71,NA,ENSO,NA,NA,Oceanic Nino Index,NA
15-12-2014 00:00,2014,12,0.77,NA,ENSO,NA,NA,Oceanic Nino Index,NA
15-1-2015 00:00,2015,1,0.69,NA,ENSO,NA,NA,Oceanic Nino Index,NA
15-2-2015 00:00,2015,2,0.61,NA,ENSO,NA,NA,Oceanic Nino Index,NA
15-3-2015 00:00,2015,3,0.65,NA,ENSO,NA,NA,Oceanic Nino Index,NA
15-4-2015 00:00,2015,4,0.81,NA,ENSO,NA,NA,Oceanic Nino Index,NA
15-5-2015 00:00,2015,5,1.02,NA,ENSO,NA,NA,Oceanic Nino Index,NA
15-6-2015 00:00,2015,6,1.25,NA,ENSO,NA,NA,Oceanic Nino Index,NA
15-7-2015 00:00,2015,7,1.57,NA,ENSO,NA,NA,Oceanic Nino Index,NA
15-8-2015 00:00,2015,8,1.91,NA,ENSO,NA,NA,Oceanic Nino Index,NA
15-9-2015 00:00,2015,9,2.21,NA,ENSO,NA,NA,Oceanic Nino Index,NA
15-10-2015 00:00,2015,10,2.47,NA,ENSO,NA,NA,Oceanic Nino Index,NA
15-11-2015 00:00,2015,11,2.64,NA,ENSO,NA,NA,Oceanic Nino Index,NA
15-12-2015 00:00,2015,12,2.75,NA,ENSO,NA,NA,Oceanic Nino Index,NA
15-1-2016 00:00,2016,1,2.63,NA,ENSO,NA,NA,Oceanic Nino Index,NA
15-2-2016 00:00,2016,2,2.28,NA,ENSO,NA,NA,Oceanic Nino Index,NA
15-3-2016 00:00,2016,3,1.71,NA,ENSO,NA,NA,Oceanic Nino Index,NA
15-4-2016 00:00,2016,4,1.05,NA,ENSO,NA,NA,Oceanic Nino Index,NA
15-5-2016 00:00,2016,5,0.49,NA,ENSO,NA,NA,Oceanic Nino Index,NA
15-6-2016 00:00,2016,6,0,NA,ENSO,NA,NA,Oceanic Nino Index,NA
15-7-2016 00:00,2016,7,-0.31,NA,ENSO,NA,NA,Oceanic Nino Index,NA
15-8-2016 00:00,2016,8,-0.5,NA,ENSO,NA,NA,Oceanic Nino Index,NA
15-9-2016 00:00,2016,9,-0.58,NA,ENSO,NA,NA,Oceanic Nino Index,NA
15-10-2016 00:00,2016,10,-0.64,NA,ENSO,NA,NA,Oceanic Nino Index,NA
15-11-2016 00:00,2016,11,-0.6,NA,ENSO,NA,NA,Oceanic Nino Index,NA
15-12-2016 00:00,2016,12,-0.45,NA,ENSO,NA,NA,Oceanic Nino Index,NA
15-1-2017 00:00,2017,1,-0.19,NA,ENSO,NA,NA,Oceanic Nino Index,NA
15-2-2017 00:00,2017,2,-0.02,NA,ENSO,NA,NA,Oceanic Nino Index,NA
15-3-2017 00:00,2017,3,0.18,NA,ENSO,NA,NA,Oceanic Nino Index,NA
15-4-2017 00:00,2017,4,0.31,NA,ENSO,NA,NA,Oceanic Nino Index,NA
15-5-2017 00:00,2017,5,0.4,NA,ENSO,NA,NA,Oceanic Nino Index,NA
15-6-2017 00:00,2017,6,0.39,NA,ENSO,NA,NA,Oceanic Nino Index,NA
15-7-2017 00:00,2017,7,0.19,NA,ENSO,NA,NA,Oceanic Nino Index,NA
15-8-2017 00:00,2017,8,-0.07,NA,ENSO,NA,NA,Oceanic Nino Index,NA
15-9-2017 00:00,2017,9,-0.34,NA,ENSO,NA,NA,Oceanic Nino Index,NA
15-10-2017 00:00,2017,10,-0.6,NA,ENSO,NA,NA,Oceanic Nino Index,NA
15-11-2017 00:00,2017,11,-0.77,NA,ENSO,NA,NA,Oceanic Nino Index,NA
15-12-2017 00:00,2017,12,-0.86,NA,ENSO,NA,NA,Oceanic Nino Index,NA
15-1-2018 00:00,2018,1,-0.77,NA,ENSO,NA,NA,Oceanic Nino Index,NA
15-2-2018 00:00,2018,2,-0.71,NA,ENSO,NA,NA,Oceanic Nino Index,NA
15-3-2018 00:00,2018,3,-0.57,NA,ENSO,NA,NA,Oceanic Nino Index,NA
15-4-2018 00:00,2018,4,-0.39,NA,ENSO,NA,NA,Oceanic Nino Index,NA
15-5-2018 00:00,2018,5,-0.13,NA,ENSO,NA,NA,Oceanic Nino Index,NA
15-6-2018 00:00,2018,6,0.06,NA,ENSO,NA,NA,Oceanic Nino Index,NA
15-7-2018 00:00,2018,7,0.14,NA,ENSO,NA,NA,Oceanic Nino Index,NA
15-8-2018 00:00,2018,8,0.27,NA,ENSO,NA,NA,Oceanic Nino Index,NA
15-9-2018 00:00,2018,9,0.53,NA,ENSO,NA,NA,Oceanic Nino Index,NA
15-10-2018 00:00,2018,10,0.81,NA,ENSO,NA,NA,Oceanic Nino Index,NA
15-11-2018 00:00,2018,11,0.97,NA,ENSO,NA,NA,Oceanic Nino Index,NA
15-12-2018 00:00,2018,12,0.92,NA,ENSO,NA,NA,Oceanic Nino Index,NA
15-1-2019 00:00,2019,1,0.89,NA,ENSO,NA,NA,Oceanic Nino Index,NA
15-2-2019 00:00,2019,2,0.86,NA,ENSO,NA,NA,Oceanic Nino Index,NA
15-3-2019 00:00,2019,3,0.84,NA,ENSO,NA,NA,Oceanic Nino Index,NA
15-4-2019 00:00,2019,4,0.77,NA,ENSO,NA,NA,Oceanic Nino Index,NA
15-5-2019 00:00,2019,5,0.64,NA,ENSO,NA,NA,Oceanic Nino Index,NA
15-6-2019 00:00,2019,6,0.52,NA,ENSO,NA,NA,Oceanic Nino Index,NA
15-7-2019 00:00,2019,7,0.33,NA,ENSO,NA,NA,Oceanic Nino Index,NA
15-8-2019 00:00,2019,8,0.19,NA,ENSO,NA,NA,Oceanic Nino Index,NA
15-9-2019 00:00,2019,9,0.23,NA,ENSO,NA,NA,Oceanic Nino Index,NA
15-10-2019 00:00,2019,10,0.39,NA,ENSO,NA,NA,Oceanic Nino Index,NA
15-11-2019 00:00,2019,11,0.58,NA,ENSO,NA,NA,Oceanic Nino Index,NA
15-12-2019 00:00,2019,12,0.66,NA,ENSO,NA,NA,Oceanic Nino Index,NA
15-1-2020 00:00,2020,1,0.64,NA,ENSO,NA,NA,Oceanic Nino Index,NA
15-2-2020 00:00,2020,2,0.63,NA,ENSO,NA,NA,Oceanic Nino Index,NA
15-3-2020 00:00,2020,3,0.53,NA,ENSO,NA,NA,Oceanic Nino Index,NA
15-4-2020 00:00,2020,4,0.3,NA,ENSO,NA,NA,Oceanic Nino Index,NA
15-5-2020 00:00,2020,5,0.01,NA,ENSO,NA,NA,Oceanic Nino Index,NA
15-6-2020 00:00,2020,6,-0.23,NA,ENSO,NA,NA,Oceanic Nino Index,NA
15-7-2020 00:00,2020,7,-0.36,NA,ENSO,NA,NA,Oceanic Nino Index,NA
15-8-2020 00:00,2020,8,-0.53,NA,ENSO,NA,NA,Oceanic Nino Index,NA
15-9-2020 00:00,2020,9,-0.85,NA,ENSO,NA,NA,Oceanic Nino Index,NA
15-10-2020 00:00,2020,10,-1.12,NA,ENSO,NA,NA,Oceanic Nino Index,NA
15-11-2020 00:00,2020,11,-1.2,NA,ENSO,NA,NA,Oceanic Nino Index,NA
15-12-2020 00:00,2020,12,-1.08,NA,ENSO,NA,NA,Oceanic Nino Index,NA
15-1-2021 00:00,2021,1,-0.91,NA,ENSO,NA,NA,Oceanic Nino Index,NA
15-2-2021 00:00,2021,2,-0.79,NA,ENSO,NA,NA,Oceanic Nino Index,NA
15-3-2021 00:00,2021,3,-0.71,NA,ENSO,NA,NA,Oceanic Nino Index,NA
15-4-2021 00:00,2021,4,-0.55,NA,ENSO,NA,NA,Oceanic Nino Index,NA
15-5-2021 00:00,2021,5,-0.39,NA,ENSO,NA,NA,Oceanic Nino Index,NA
15-6-2021 00:00,2021,6,-0.3,NA,ENSO,NA,NA,Oceanic Nino Index,NA
15-7-2021 00:00,2021,7,-0.35,NA,ENSO,NA,NA,Oceanic Nino Index,NA
15-8-2021 00:00,2021,8,-0.45,NA,ENSO,NA,NA,Oceanic Nino Index,NA
15-9-2021 00:00,2021,9,-0.63,NA,ENSO,NA,NA,Oceanic Nino Index,NA
15-10-2021 00:00,2021,10,-0.76,NA,ENSO,NA,NA,Oceanic Nino Index,NA
15-11-2021 00:00,2021,11,-0.91,NA,ENSO,NA,NA,Oceanic Nino Index,NA
15-12-2021 00:00,2021,12,-0.87,NA,ENSO,NA,NA,Oceanic Nino Index,NA
15-1-2022 00:00,2022,1,-0.82,NA,ENSO,NA,NA,Oceanic Nino Index,NA
15-2-2022 00:00,2022,2,-0.79,NA,ENSO,NA,NA,Oceanic Nino Index,NA
15-3-2022 00:00,2022,3,-0.86,NA,ENSO,NA,NA,Oceanic Nino Index,NA
15-4-2022 00:00,2022,4,-0.95,NA,ENSO,NA,NA,Oceanic Nino Index,NA
15-5-2022 00:00,2022,5,-0.9,NA,ENSO,NA,NA,Oceanic Nino Index,NA
15-6-2022 00:00,2022,6,-0.78,NA,ENSO,NA,NA,Oceanic Nino Index,NA
15-7-2022 00:00,2022,7,-0.76,NA,ENSO,NA,NA,Oceanic Nino Index,NA
15-8-2022 00:00,2022,8,-0.87,NA,ENSO,NA,NA,Oceanic Nino Index,NA
15-9-2022 00:00,2022,9,-0.97,NA,ENSO,NA,NA,Oceanic Nino Index,NA
15-10-2022 00:00,2022,10,-0.94,NA,ENSO,NA,NA,Oceanic Nino Index,NA
15-11-2022 00:00,2022,11,-0.85,NA,ENSO,NA,NA,Oceanic Nino Index,NA
15-12-2022 00:00,2022,12,-0.71,NA,ENSO,NA,NA,Oceanic Nino Index,NA
15-1-2023 00:00,2023,1,-0.54,NA,ENSO,NA,NA,Oceanic Nino Index,NA
15-2-2023 00:00,2023,2,-0.29,NA,ENSO,NA,NA,Oceanic Nino Index,NA
15-3-2023 00:00,2023,3,-0.02,NA,ENSO,NA,NA,Oceanic Nino Index,NA
15-4-2023 00:00,2023,4,0.27,NA,ENSO,NA,NA,Oceanic Nino Index,NA
15-5-2023 00:00,2023,5,0.57,NA,ENSO,NA,NA,Oceanic Nino Index,NA
15-6-2023 00:00,2023,6,0.84,NA,ENSO,NA,NA,Oceanic Nino Index,NA
15-7-2023 00:00,2023,7,1.12,NA,ENSO,NA,NA,Oceanic Nino Index,NA
15-8-2023 00:00,2023,8,1.37,NA,ENSO,NA,NA,Oceanic Nino Index,NA
15-9-2023 00:00,2023,9,1.6,NA,ENSO,NA,NA,Oceanic Nino Index,NA
15-10-2023 00:00,2023,10,1.83,NA,ENSO,NA,NA,Oceanic Nino Index,NA
15-11-2023 00:00,2023,11,1.99,NA,ENSO,NA,NA,Oceanic Nino Index,NA
15-12-2023 00:00,2023,12,2.06,NA,ENSO,NA,NA,Oceanic Nino Index,NA
15-1-2024 00:00,2024,1,1.92,NA,ENSO,NA,NA,Oceanic Nino Index,NA
15-2-2024 00:00,2024,2,1.62,NA,ENSO,NA,NA,Oceanic Nino Index,NA
15-3-2024 00:00,2024,3,1.26,NA,ENSO,NA,NA,Oceanic Nino Index,NA
15-4-2024 00:00,2024,4,0.82,NA,ENSO,NA,NA,Oceanic Nino Index,NA
15-5-2024 00:00,2024,5,0.49,NA,ENSO,NA,NA,Oceanic Nino Index,NA
15-6-2024 00:00,2024,6,0.22,NA,ENSO,NA,NA,Oceanic Nino Index,NA
15-7-2024 00:00,2024,7,0.08,NA,ENSO,NA,NA,Oceanic Nino Index,NA
15-8-2024 00:00,2024,8,-0.07,NA,ENSO,NA,NA,Oceanic Nino Index,NA
15-9-2024 00:00,2024,9,-0.17,NA,ENSO,NA,NA,Oceanic Nino Index,NA
15-10-2024 00:00,2024,10,-0.21,NA,ENSO,NA,NA,Oceanic Nino Index,NA
15-11-2024 00:00,2024,11,-0.3,NA,ENSO,NA,NA,Oceanic Nino Index,NA
15-12-2024 00:00,2024,12,-0.42,NA,ENSO,NA,NA,Oceanic Nino Index,NA
15-1-2025 00:00,2025,1,-0.45,NA,ENSO,NA,NA,Oceanic Nino Index,NA
15-2-2025 00:00,2025,2,-0.24,NA,ENSO,NA,NA,Oceanic Nino Index,NA
15-3-2025 00:00,2025,3,-0.06,NA,ENSO,NA,NA,Oceanic Nino Index,NA
15-4-2025 00:00,2025,4,0.02,NA,ENSO,NA,NA,Oceanic Nino Index,NA
15-5-2025 00:00,2025,5,-0.02,NA,ENSO,NA,NA,Oceanic Nino Index,NA
15-6-2025 00:00,2025,6,-0.04,NA,ENSO,NA,NA,Oceanic Nino Index,NA
15-7-2025 00:00,2025,7,-0.14,NA,ENSO,NA,NA,Oceanic Nino Index,NA
15-8-2025 00:00,2025,8,-0.28,NA,ENSO,NA,NA,Oceanic Nino Index,NA
15-9-2025 00:00,2025,9,-0.4,NA,ENSO,NA,NA,Oceanic Nino Index,NA
15-10-2025 00:00,2025,10,-0.51,NA,ENSO,NA,NA,Oceanic Nino Index,NA
15-11-2025 00:00,2025,11,-0.55,NA,ENSO,NA,NA,Oceanic Nino Index,NA
15-12-2025 00:00,2025,12,-0.54,NA,ENSO,NA,NA,Oceanic Nino Index,NA
01-JAN-1854 00:00,1854,1,0.05,NA,PDO,NA,NA,Pacific Decadal Oscillation,NA
01-FEB-1854 00:00,1854,2,-0.09,NA,PDO,NA,NA,Pacific Decadal Oscillation,NA
01-MAR-1854 00:00,1854,3,0.138,NA,PDO,NA,NA,Pacific Decadal Oscillation,NA
01-APR-1854 00:00,1854,4,0.131,NA,PDO,NA,NA,Pacific Decadal Oscillation,NA
01-MAY-1854 00:00,1854,5,-0.064,NA,PDO,NA,NA,Pacific Decadal Oscillation,NA
01-JUN-1854 00:00,1854,6,0.005,NA,PDO,NA,NA,Pacific Decadal Oscillation,NA
01-JUL-1854 00:00,1854,7,-0.201,NA,PDO,NA,NA,Pacific Decadal Oscillation,NA
01-AUG-1854 00:00,1854,8,-0.849,NA,PDO,NA,NA,Pacific Decadal Oscillation,NA
01-SEP-1854 00:00,1854,9,-0.727,NA,PDO,NA,NA,Pacific Decadal Oscillation,NA
01-OCT-1854 00:00,1854,10,-1.597,NA,PDO,NA,NA,Pacific Decadal Oscillation,NA
01-NOV-1854 00:00,1854,11,-1.301,NA,PDO,NA,NA,Pacific Decadal Oscillation,NA
01-DEC-1854 00:00,1854,12,-1.582,NA,PDO,NA,NA,Pacific Decadal Oscillation,NA
01-JAN-1855 00:00,1855,1,0.009,NA,PDO,NA,NA,Pacific Decadal Oscillation,NA
01-FEB-1855 00:00,1855,2,0.11,NA,PDO,NA,NA,Pacific Decadal Oscillation,NA
01-MAR-1855 00:00,1855,3,0.234,NA,PDO,NA,NA,Pacific Decadal Oscillation,NA
01-APR-1855 00:00,1855,4,-0.312,NA,PDO,NA,NA,Pacific Decadal Oscillation,NA
01-MAY-1855 00:00,1855,5,-0.999,NA,PDO,NA,NA,Pacific Decadal Oscillation,NA
01-JUN-1855 00:00,1855,6,-1.227,NA,PDO,NA,NA,Pacific Decadal Oscillation,NA
01-JUL-1855 00:00,1855,7,-0.571,NA,PDO,NA,NA,Pacific Decadal Oscillation,NA
01-AUG-1855 00:00,1855,8,0.049,NA,PDO,NA,NA,Pacific Decadal Oscillation,NA
01-SEP-1855 00:00,1855,9,-0.247,NA,PDO,NA,NA,Pacific Decadal Oscillation,NA
01-OCT-1855 00:00,1855,10,-0.243,NA,PDO,NA,NA,Pacific Decadal Oscillation,NA
01-NOV-1855 00:00,1855,11,-0.045,NA,PDO,NA,NA,Pacific Decadal Oscillation,NA
01-DEC-1855 00:00,1855,12,-0.498,NA,PDO,NA,NA,Pacific Decadal Oscillation,NA
01-JAN-1856 00:00,1856,1,-0.124,NA,PDO,NA,NA,Pacific Decadal Oscillation,NA
01-FEB-1856 00:00,1856,2,0.375,NA,PDO,NA,NA,Pacific Decadal Oscillation,NA
01-MAR-1856 00:00,1856,3,0.291,NA,PDO,NA,NA,Pacific Decadal Oscillation,NA
01-APR-1856 00:00,1856,4,-0.646,NA,PDO,NA,NA,Pacific Decadal Oscillation,NA
01-MAY-1856 00:00,1856,5,-0.81,NA,PDO,NA,NA,Pacific Decadal Oscillation,NA
01-JUN-1856 00:00,1856,6,-1.513,NA,PDO,NA,NA,Pacific Decadal Oscillation,NA
01-JUL-1856 00:00,1856,7,-0.347,NA,PDO,NA,NA,Pacific Decadal Oscillation,NA
01-AUG-1856 00:00,1856,8,0.75,NA,PDO,NA,NA,Pacific Decadal Oscillation,NA
01-SEP-1856 00:00,1856,9,0.921,NA,PDO,NA,NA,Pacific Decadal Oscillation,NA
01-OCT-1856 00:00,1856,10,0.733,NA,PDO,NA,NA,Pacific Decadal Oscillation,NA
01-NOV-1856 00:00,1856,11,0.307,NA,PDO,NA,NA,Pacific Decadal Oscillation,NA
01-DEC-1856 00:00,1856,12,-0.071,NA,PDO,NA,NA,Pacific Decadal Oscillation,NA
01-JAN-1857 00:00,1857,1,-0.665,NA,PDO,NA,NA,Pacific Decadal Oscillation,NA
01-FEB-1857 00:00,1857,2,-1.4,NA,PDO,NA,NA,Pacific Decadal Oscillation,NA
01-MAR-1857 00:00,1857,3,-1.149,NA,PDO,NA,NA,Pacific Decadal Oscillation,NA
01-APR-1857 00:00,1857,4,-0.455,NA,PDO,NA,NA,Pacific Decadal Oscillation,NA
01-MAY-1857 00:00,1857,5,0.052,NA,PDO,NA,NA,Pacific Decadal Oscillation,NA
01-JUN-1857 00:00,1857,6,1.031,NA,PDO,NA,NA,Pacific Decadal Oscillation,NA
01-JUL-1857 00:00,1857,7,1.144,NA,PDO,NA,NA,Pacific Decadal Oscillation,NA
01-AUG-1857 00:00,1857,8,0.871,NA,PDO,NA,NA,Pacific Decadal Oscillation,NA
01-SEP-1857 00:00,1857,9,0.651,NA,PDO,NA,NA,Pacific Decadal Oscillation,NA
01-OCT-1857 00:00,1857,10,0.414,NA,PDO,NA,NA,Pacific Decadal Oscillation,NA
01-NOV-1857 00:00,1857,11,0.34,NA,PDO,NA,NA,Pacific Decadal Oscillation,NA
01-DEC-1857 00:00,1857,12,-0.448,NA,PDO,NA,NA,Pacific Decadal Oscillation,NA
01-JAN-1858 00:00,1858,1,-0.769,NA,PDO,NA,NA,Pacific Decadal Oscillation,NA
01-FEB-1858 00:00,1858,2,-0.955,NA,PDO,NA,NA,Pacific Decadal Oscillation,NA
01-MAR-1858 00:00,1858,3,-1.309,NA,PDO,NA,NA,Pacific Decadal Oscillation,NA
01-APR-1858 00:00,1858,4,-0.718,NA,PDO,NA,NA,Pacific Decadal Oscillation,NA
01-MAY-1858 00:00,1858,5,0.619,NA,PDO,NA,NA,Pacific Decadal Oscillation,NA
01-JUN-1858 00:00,1858,6,2.357,NA,PDO,NA,NA,Pacific Decadal Oscillation,NA
01-JUL-1858 00:00,1858,7,1.422,NA,PDO,NA,NA,Pacific Decadal Oscillation,NA
01-AUG-1858 00:00,1858,8,1.401,NA,PDO,NA,NA,Pacific Decadal Oscillation,NA
01-SEP-1858 00:00,1858,9,1.515,NA,PDO,NA,NA,Pacific Decadal Oscillation,NA
01-OCT-1858 00:00,1858,10,2.296,NA,PDO,NA,NA,Pacific Decadal Oscillation,NA
01-NOV-1858 00:00,1858,11,0.644,NA,PDO,NA,NA,Pacific Decadal Oscillation,NA
01-DEC-1858 00:00,1858,12,-0.726,NA,PDO,NA,NA,Pacific Decadal Oscillation,NA
01-JAN-1859 00:00,1859,1,-0.809,NA,PDO,NA,NA,Pacific Decadal Oscillation,NA
01-FEB-1859 00:00,1859,2,-1.221,NA,PDO,NA,NA,Pacific Decadal Oscillation,NA
01-MAR-1859 00:00,1859,3,-1.777,NA,PDO,NA,NA,Pacific Decadal Oscillation,NA
01-APR-1859 00:00,1859,4,-2.707,NA,PDO,NA,NA,Pacific Decadal Oscillation,NA
01-MAY-1859 00:00,1859,5,-2.284,NA,PDO,NA,NA,Pacific Decadal Oscillation,NA
01-JUN-1859 00:00,1859,6,-1.941,NA,PDO,NA,NA,Pacific Decadal Oscillation,NA
01-JUL-1859 00:00,1859,7,-1.014,NA,PDO,NA,NA,Pacific Decadal Oscillation,NA
01-AUG-1859 00:00,1859,8,-0.945,NA,PDO,NA,NA,Pacific Decadal Oscillation,NA
01-SEP-1859 00:00,1859,9,-0.918,NA,PDO,NA,NA,Pacific Decadal Oscillation,NA
01-OCT-1859 00:00,1859,10,-1.102,NA,PDO,NA,NA,Pacific Decadal Oscillation,NA
01-NOV-1859 00:00,1859,11,-1.042,NA,PDO,NA,NA,Pacific Decadal Oscillation,NA
01-DEC-1859 00:00,1859,12,-0.776,NA,PDO,NA,NA,Pacific Decadal Oscillation,NA
01-JAN-1860 00:00,1860,1,-0.855,NA,PDO,NA,NA,Pacific Decadal Oscillation,NA
01-FEB-1860 00:00,1860,2,-0.795,NA,PDO,NA,NA,Pacific Decadal Oscillation,NA
01-MAR-1860 00:00,1860,3,-0.949,NA,PDO,NA,NA,Pacific Decadal Oscillation,NA
01-APR-1860 00:00,1860,4,-0.639,NA,PDO,NA,NA,Pacific Decadal Oscillation,NA
01-MAY-1860 00:00,1860,5,-0.576,NA,PDO,NA,NA,Pacific Decadal Oscillation,NA
01-JUN-1860 00:00,1860,6,-0.836,NA,PDO,NA,NA,Pacific Decadal Oscillation,NA
01-JUL-1860 00:00,1860,7,0.507,NA,PDO,NA,NA,Pacific Decadal Oscillation,NA
01-AUG-1860 00:00,1860,8,0.463,NA,PDO,NA,NA,Pacific Decadal Oscillation,NA
01-SEP-1860 00:00,1860,9,0.964,NA,PDO,NA,NA,Pacific Decadal Oscillation,NA
01-OCT-1860 00:00,1860,10,-0.806,NA,PDO,NA,NA,Pacific Decadal Oscillation,NA
01-NOV-1860 00:00,1860,11,-0.801,NA,PDO,NA,NA,Pacific Decadal Oscillation,NA
01-DEC-1860 00:00,1860,12,-1.056,NA,PDO,NA,NA,Pacific Decadal Oscillation,NA
01-JAN-1861 00:00,1861,1,-0.579,NA,PDO,NA,NA,Pacific Decadal Oscillation,NA
01-FEB-1861 00:00,1861,2,-0.727,NA,PDO,NA,NA,Pacific Decadal Oscillation,NA
01-MAR-1861 00:00,1861,3,-0.649,NA,PDO,NA,NA,Pacific Decadal Oscillation,NA
01-APR-1861 00:00,1861,4,-0.63,NA,PDO,NA,NA,Pacific Decadal Oscillation,NA
01-MAY-1861 00:00,1861,5,-0.165,NA,PDO,NA,NA,Pacific Decadal Oscillation,NA
01-JUN-1861 00:00,1861,6,-0.153,NA,PDO,NA,NA,Pacific Decadal Oscillation,NA
01-JUL-1861 00:00,1861,7,-0.253,NA,PDO,NA,NA,Pacific Decadal Oscillation,NA
01-AUG-1861 00:00,1861,8,-0.302,NA,PDO,NA,NA,Pacific Decadal Oscillation,NA
01-SEP-1861 00:00,1861,9,-0.757,NA,PDO,NA,NA,Pacific Decadal Oscillation,NA
01-OCT-1861 00:00,1861,10,-1.108,NA,PDO,NA,NA,Pacific Decadal Oscillation,NA
01-NOV-1861 00:00,1861,11,-1.318,NA,PDO,NA,NA,Pacific Decadal Oscillation,NA
01-DEC-1861 00:00,1861,12,-1.293,NA,PDO,NA,NA,Pacific Decadal Oscillation,NA
01-JAN-1862 00:00,1862,1,-0.44,NA,PDO,NA,NA,Pacific Decadal Oscillation,NA
01-FEB-1862 00:00,1862,2,-0.122,NA,PDO,NA,NA,Pacific Decadal Oscillation,NA
01-MAR-1862 00:00,1862,3,0.186,NA,PDO,NA,NA,Pacific Decadal Oscillation,NA
01-APR-1862 00:00,1862,4,0.114,NA,PDO,NA,NA,Pacific Decadal Oscillation,NA
01-MAY-1862 00:00,1862,5,0.092,NA,PDO,NA,NA,Pacific Decadal Oscillation,NA
01-JUN-1862 00:00,1862,6,-0.034,NA,PDO,NA,NA,Pacific Decadal Oscillation,NA
01-JUL-1862 00:00,1862,7,0.028,NA,PDO,NA,NA,Pacific Decadal Oscillation,NA
01-AUG-1862 00:00,1862,8,0.127,NA,PDO,NA,NA,Pacific Decadal Oscillation,NA
01-SEP-1862 00:00,1862,9,-0.398,NA,PDO,NA,NA,Pacific Decadal Oscillation,NA
01-OCT-1862 00:00,1862,10,-0.377,NA,PDO,NA,NA,Pacific Decadal Oscillation,NA
01-NOV-1862 00:00,1862,11,-0.204,NA,PDO,NA,NA,Pacific Decadal Oscillation,NA
01-DEC-1862 00:00,1862,12,-0.171,NA,PDO,NA,NA,Pacific Decadal Oscillation,NA
01-JAN-1863 00:00,1863,1,-0.176,NA,PDO,NA,NA,Pacific Decadal Oscillation,NA
01-FEB-1863 00:00,1863,2,-0.168,NA,PDO,NA,NA,Pacific Decadal Oscillation,NA
01-MAR-1863 00:00,1863,3,-0.112,NA,PDO,NA,NA,Pacific Decadal Oscillation,NA
01-APR-1863 00:00,1863,4,-0.027,NA,PDO,NA,NA,Pacific Decadal Oscillation,NA
01-MAY-1863 00:00,1863,5,0.2,NA,PDO,NA,NA,Pacific Decadal Oscillation,NA
01-JUN-1863 00:00,1863,6,0.144,NA,PDO,NA,NA,Pacific Decadal Oscillation,NA
01-JUL-1863 00:00,1863,7,0.444,NA,PDO,NA,NA,Pacific Decadal Oscillation,NA
01-AUG-1863 00:00,1863,8,0.204,NA,PDO,NA,NA,Pacific Decadal Oscillation,NA
01-SEP-1863 00:00,1863,9,0.433,NA,PDO,NA,NA,Pacific Decadal Oscillation,NA
01-OCT-1863 00:00,1863,10,0.261,NA,PDO,NA,NA,Pacific Decadal Oscillation,NA
01-NOV-1863 00:00,1863,11,0.189,NA,PDO,NA,NA,Pacific Decadal Oscillation,NA
01-DEC-1863 00:00,1863,12,0.043,NA,PDO,NA,NA,Pacific Decadal Oscillation,NA
01-JAN-1864 00:00,1864,1,-0.01,NA,PDO,NA,NA,Pacific Decadal Oscillation,NA
01-FEB-1864 00:00,1864,2,0.161,NA,PDO,NA,NA,Pacific Decadal Oscillation,NA
01-MAR-1864 00:00,1864,3,-0.572,NA,PDO,NA,NA,Pacific Decadal Oscillation,NA
01-APR-1864 00:00,1864,4,-0.473,NA,PDO,NA,NA,Pacific Decadal Oscillation,NA
01-MAY-1864 00:00,1864,5,-0.199,NA,PDO,NA,NA,Pacific Decadal Oscillation,NA
01-JUN-1864 00:00,1864,6,-0.101,NA,PDO,NA,NA,Pacific Decadal Oscillation,NA
01-JUL-1864 00:00,1864,7,0.415,NA,PDO,NA,NA,Pacific Decadal Oscillation,NA
01-AUG-1864 00:00,1864,8,0.131,NA,PDO,NA,NA,Pacific Decadal Oscillation,NA
01-SEP-1864 00:00,1864,9,0.217,NA,PDO,NA,NA,Pacific Decadal Oscillation,NA
01-OCT-1864 00:00,1864,10,0.553,NA,PDO,NA,NA,Pacific Decadal Oscillation,NA
01-NOV-1864 00:00,1864,11,0.824,NA,PDO,NA,NA,Pacific Decadal Oscillation,NA
01-DEC-1864 00:00,1864,12,0.66,NA,PDO,NA,NA,Pacific Decadal Oscillation,NA
01-JAN-1865 00:00,1865,1,-0,NA,PDO,NA,NA,Pacific Decadal Oscillation,NA
01-FEB-1865 00:00,1865,2,-0.141,NA,PDO,NA,NA,Pacific Decadal Oscillation,NA
01-MAR-1865 00:00,1865,3,-0.01,NA,PDO,NA,NA,Pacific Decadal Oscillation,NA
01-APR-1865 00:00,1865,4,0.152,NA,PDO,NA,NA,Pacific Decadal Oscillation,NA
01-MAY-1865 00:00,1865,5,0.174,NA,PDO,NA,NA,Pacific Decadal Oscillation,NA
01-JUN-1865 00:00,1865,6,-0.281,NA,PDO,NA,NA,Pacific Decadal Oscillation,NA
01-JUL-1865 00:00,1865,7,-0.302,NA,PDO,NA,NA,Pacific Decadal Oscillation,NA
01-AUG-1865 00:00,1865,8,-0.109,NA,PDO,NA,NA,Pacific Decadal Oscillation,NA
01-SEP-1865 00:00,1865,9,-0.155,NA,PDO,NA,NA,Pacific Decadal Oscillation,NA
01-OCT-1865 00:00,1865,10,-0.166,NA,PDO,NA,NA,Pacific Decadal Oscillation,NA
01-NOV-1865 00:00,1865,11,-0.348,NA,PDO,NA,NA,Pacific Decadal Oscillation,NA
01-DEC-1865 00:00,1865,12,-0.576,NA,PDO,NA,NA,Pacific Decadal Oscillation,NA
01-JAN-1866 00:00,1866,1,-1.735,NA,PDO,NA,NA,Pacific Decadal Oscillation,NA
01-FEB-1866 00:00,1866,2,-1.599,NA,PDO,NA,NA,Pacific Decadal Oscillation,NA
01-MAR-1866 00:00,1866,3,-1.55,NA,PDO,NA,NA,Pacific Decadal Oscillation,NA
01-APR-1866 00:00,1866,4,-0.76,NA,PDO,NA,NA,Pacific Decadal Oscillation,NA
01-MAY-1866 00:00,1866,5,-0.294,NA,PDO,NA,NA,Pacific Decadal Oscillation,NA
01-JUN-1866 00:00,1866,6,-0.411,NA,PDO,NA,NA,Pacific Decadal Oscillation,NA
01-JUL-1866 00:00,1866,7,-0.064,NA,PDO,NA,NA,Pacific Decadal Oscillation,NA
01-AUG-1866 00:00,1866,8,0.093,NA,PDO,NA,NA,Pacific Decadal Oscillation,NA
01-SEP-1866 00:00,1866,9,0.011,NA,PDO,NA,NA,Pacific Decadal Oscillation,NA
01-OCT-1866 00:00,1866,10,0.169,NA,PDO,NA,NA,Pacific Decadal Oscillation,NA
01-NOV-1866 00:00,1866,11,0.196,NA,PDO,NA,NA,Pacific Decadal Oscillation,NA
01-DEC-1866 00:00,1866,12,-0.2,NA,PDO,NA,NA,Pacific Decadal Oscillation,NA
01-JAN-1867 00:00,1867,1,-0.033,NA,PDO,NA,NA,Pacific Decadal Oscillation,NA
01-FEB-1867 00:00,1867,2,-0.053,NA,PDO,NA,NA,Pacific Decadal Oscillation,NA
01-MAR-1867 00:00,1867,3,-0.114,NA,PDO,NA,NA,Pacific Decadal Oscillation,NA
01-APR-1867 00:00,1867,4,-0.121,NA,PDO,NA,NA,Pacific Decadal Oscillation,NA
01-MAY-1867 00:00,1867,5,0.062,NA,PDO,NA,NA,Pacific Decadal Oscillation,NA
01-JUN-1867 00:00,1867,6,0.064,NA,PDO,NA,NA,Pacific Decadal Oscillation,NA
01-JUL-1867 00:00,1867,7,0.326,NA,PDO,NA,NA,Pacific Decadal Oscillation,NA
01-AUG-1867 00:00,1867,8,0.197,NA,PDO,NA,NA,Pacific Decadal Oscillation,NA
01-SEP-1867 00:00,1867,9,0.111,NA,PDO,NA,NA,Pacific Decadal Oscillation,NA
01-OCT-1867 00:00,1867,10,-0.369,NA,PDO,NA,NA,Pacific Decadal Oscillation,NA
01-NOV-1867 00:00,1867,11,0.004,NA,PDO,NA,NA,Pacific Decadal Oscillation,NA
01-DEC-1867 00:00,1867,12,0.707,NA,PDO,NA,NA,Pacific Decadal Oscillation,NA
01-JAN-1868 00:00,1868,1,0.592,NA,PDO,NA,NA,Pacific Decadal Oscillation,NA
01-FEB-1868 00:00,1868,2,0.283,NA,PDO,NA,NA,Pacific Decadal Oscillation,NA
01-MAR-1868 00:00,1868,3,0.2,NA,PDO,NA,NA,Pacific Decadal Oscillation,NA
01-APR-1868 00:00,1868,4,-0.063,NA,PDO,NA,NA,Pacific Decadal Oscillation,NA
01-MAY-1868 00:00,1868,5,-0.004,NA,PDO,NA,NA,Pacific Decadal Oscillation,NA
01-JUN-1868 00:00,1868,6,0.1,NA,PDO,NA,NA,Pacific Decadal Oscillation,NA
01-JUL-1868 00:00,1868,7,0.373,NA,PDO,NA,NA,Pacific Decadal Oscillation,NA
01-AUG-1868 00:00,1868,8,0.419,NA,PDO,NA,NA,Pacific Decadal Oscillation,NA
01-SEP-1868 00:00,1868,9,0.558,NA,PDO,NA,NA,Pacific Decadal Oscillation,NA
01-OCT-1868 00:00,1868,10,0.23,NA,PDO,NA,NA,Pacific Decadal Oscillation,NA
01-NOV-1868 00:00,1868,11,-0.247,NA,PDO,NA,NA,Pacific Decadal Oscillation,NA
01-DEC-1868 00:00,1868,12,-0.547,NA,PDO,NA,NA,Pacific Decadal Oscillation,NA
01-JAN-1869 00:00,1869,1,-0.491,NA,PDO,NA,NA,Pacific Decadal Oscillation,NA
01-FEB-1869 00:00,1869,2,-0.044,NA,PDO,NA,NA,Pacific Decadal Oscillation,NA
01-MAR-1869 00:00,1869,3,0.418,NA,PDO,NA,NA,Pacific Decadal Oscillation,NA
01-APR-1869 00:00,1869,4,1.137,NA,PDO,NA,NA,Pacific Decadal Oscillation,NA
01-MAY-1869 00:00,1869,5,3.254,NA,PDO,NA,NA,Pacific Decadal Oscillation,NA
01-JUN-1869 00:00,1869,6,3.406,NA,PDO,NA,NA,Pacific Decadal Oscillation,NA
01-JUL-1869 00:00,1869,7,3.375,NA,PDO,NA,NA,Pacific Decadal Oscillation,NA
01-AUG-1869 00:00,1869,8,1.167,NA,PDO,NA,NA,Pacific Decadal Oscillation,NA
01-SEP-1869 00:00,1869,9,0.021,NA,PDO,NA,NA,Pacific Decadal Oscillation,NA
01-OCT-1869 00:00,1869,10,-0.364,NA,PDO,NA,NA,Pacific Decadal Oscillation,NA
01-NOV-1869 00:00,1869,11,-0.454,NA,PDO,NA,NA,Pacific Decadal Oscillation,NA
01-DEC-1869 00:00,1869,12,-0.391,NA,PDO,NA,NA,Pacific Decadal Oscillation,NA
01-JAN-1870 00:00,1870,1,0.21,NA,PDO,NA,NA,Pacific Decadal Oscillation,NA
01-FEB-1870 00:00,1870,2,-0.059,NA,PDO,NA,NA,Pacific Decadal Oscillation,NA
01-MAR-1870 00:00,1870,3,0.323,NA,PDO,NA,NA,Pacific Decadal Oscillation,NA
01-APR-1870 00:00,1870,4,0.081,NA,PDO,NA,NA,Pacific Decadal Oscillation,NA
01-MAY-1870 00:00,1870,5,0.164,NA,PDO,NA,NA,Pacific Decadal Oscillation,NA
01-JUN-1870 00:00,1870,6,-0.232,NA,PDO,NA,NA,Pacific Decadal Oscillation,NA
01-JUL-1870 00:00,1870,7,0.158,NA,PDO,NA,NA,Pacific Decadal Oscillation,NA
01-AUG-1870 00:00,1870,8,0.371,NA,PDO,NA,NA,Pacific Decadal Oscillation,NA
01-SEP-1870 00:00,1870,9,-0.038,NA,PDO,NA,NA,Pacific Decadal Oscillation,NA
01-OCT-1870 00:00,1870,10,-0.307,NA,PDO,NA,NA,Pacific Decadal Oscillation,NA
01-NOV-1870 00:00,1870,11,-0.522,NA,PDO,NA,NA,Pacific Decadal Oscillation,NA
01-DEC-1870 00:00,1870,12,-0.76,NA,PDO,NA,NA,Pacific Decadal Oscillation,NA
01-JAN-1871 00:00,1871,1,-0.456,NA,PDO,NA,NA,Pacific Decadal Oscillation,NA
01-FEB-1871 00:00,1871,2,-0.027,NA,PDO,NA,NA,Pacific Decadal Oscillation,NA
01-MAR-1871 00:00,1871,3,0.157,NA,PDO,NA,NA,Pacific Decadal Oscillation,NA
01-APR-1871 00:00,1871,4,-0.093,NA,PDO,NA,NA,Pacific Decadal Oscillation,NA
01-MAY-1871 00:00,1871,5,-0.464,NA,PDO,NA,NA,Pacific Decadal Oscillation,NA
01-JUN-1871 00:00,1871,6,-0.105,NA,PDO,NA,NA,Pacific Decadal Oscillation,NA
01-JUL-1871 00:00,1871,7,-0.067,NA,PDO,NA,NA,Pacific Decadal Oscillation,NA
01-AUG-1871 00:00,1871,8,0.209,NA,PDO,NA,NA,Pacific Decadal Oscillation,NA
01-SEP-1871 00:00,1871,9,-0.314,NA,PDO,NA,NA,Pacific Decadal Oscillation,NA
01-OCT-1871 00:00,1871,10,-0.574,NA,PDO,NA,NA,Pacific Decadal Oscillation,NA
01-NOV-1871 00:00,1871,11,-0.65,NA,PDO,NA,NA,Pacific Decadal Oscillation,NA
01-DEC-1871 00:00,1871,12,-0.282,NA,PDO,NA,NA,Pacific Decadal Oscillation,NA
01-JAN-1872 00:00,1872,1,-0.319,NA,PDO,NA,NA,Pacific Decadal Oscillation,NA
01-FEB-1872 00:00,1872,2,-0.409,NA,PDO,NA,NA,Pacific Decadal Oscillation,NA
01-MAR-1872 00:00,1872,3,-0.166,NA,PDO,NA,NA,Pacific Decadal Oscillation,NA
01-APR-1872 00:00,1872,4,-0.324,NA,PDO,NA,NA,Pacific Decadal Oscillation,NA
01-MAY-1872 00:00,1872,5,0.059,NA,PDO,NA,NA,Pacific Decadal Oscillation,NA
01-JUN-1872 00:00,1872,6,-0.527,NA,PDO,NA,NA,Pacific Decadal Oscillation,NA
01-JUL-1872 00:00,1872,7,-0.521,NA,PDO,NA,NA,Pacific Decadal Oscillation,NA
01-AUG-1872 00:00,1872,8,-0.444,NA,PDO,NA,NA,Pacific Decadal Oscillation,NA
01-SEP-1872 00:00,1872,9,-0.176,NA,PDO,NA,NA,Pacific Decadal Oscillation,NA
01-OCT-1872 00:00,1872,10,-0.018,NA,PDO,NA,NA,Pacific Decadal Oscillation,NA
01-NOV-1872 00:00,1872,11,-1.537,NA,PDO,NA,NA,Pacific Decadal Oscillation,NA
01-DEC-1872 00:00,1872,12,-1.992,NA,PDO,NA,NA,Pacific Decadal Oscillation,NA
01-JAN-1873 00:00,1873,1,-2.007,NA,PDO,NA,NA,Pacific Decadal Oscillation,NA
01-FEB-1873 00:00,1873,2,-1.732,NA,PDO,NA,NA,Pacific Decadal Oscillation,NA
01-MAR-1873 00:00,1873,3,-1.398,NA,PDO,NA,NA,Pacific Decadal Oscillation,NA
01-APR-1873 00:00,1873,4,-0.628,NA,PDO,NA,NA,Pacific Decadal Oscillation,NA
01-MAY-1873 00:00,1873,5,-0.301,NA,PDO,NA,NA,Pacific Decadal Oscillation,NA
01-JUN-1873 00:00,1873,6,-0.583,NA,PDO,NA,NA,Pacific Decadal Oscillation,NA
01-JUL-1873 00:00,1873,7,-0.632,NA,PDO,NA,NA,Pacific Decadal Oscillation,NA
01-AUG-1873 00:00,1873,8,-0.633,NA,PDO,NA,NA,Pacific Decadal Oscillation,NA
01-SEP-1873 00:00,1873,9,-0.559,NA,PDO,NA,NA,Pacific Decadal Oscillation,NA
01-OCT-1873 00:00,1873,10,-0.328,NA,PDO,NA,NA,Pacific Decadal Oscillation,NA
01-NOV-1873 00:00,1873,11,-0.643,NA,PDO,NA,NA,Pacific Decadal Oscillation,NA
01-DEC-1873 00:00,1873,12,-0.614,NA,PDO,NA,NA,Pacific Decadal Oscillation,NA
01-JAN-1874 00:00,1874,1,-0.501,NA,PDO,NA,NA,Pacific Decadal Oscillation,NA
01-FEB-1874 00:00,1874,2,-0.687,NA,PDO,NA,NA,Pacific Decadal Oscillation,NA
01-MAR-1874 00:00,1874,3,-0.314,NA,PDO,NA,NA,Pacific Decadal Oscillation,NA
01-APR-1874 00:00,1874,4,0,NA,PDO,NA,NA,Pacific Decadal Oscillation,NA
01-MAY-1874 00:00,1874,5,-0.143,NA,PDO,NA,NA,Pacific Decadal Oscillation,NA
01-JUN-1874 00:00,1874,6,-0.238,NA,PDO,NA,NA,Pacific Decadal Oscillation,NA
01-JUL-1874 00:00,1874,7,0.108,NA,PDO,NA,NA,Pacific Decadal Oscillation,NA
01-AUG-1874 00:00,1874,8,0.549,NA,PDO,NA,NA,Pacific Decadal Oscillation,NA
01-SEP-1874 00:00,1874,9,0.38,NA,PDO,NA,NA,Pacific Decadal Oscillation,NA
01-OCT-1874 00:00,1874,10,0.186,NA,PDO,NA,NA,Pacific Decadal Oscillation,NA
01-NOV-1874 00:00,1874,11,0.24,NA,PDO,NA,NA,Pacific Decadal Oscillation,NA
01-DEC-1874 00:00,1874,12,-0.676,NA,PDO,NA,NA,Pacific Decadal Oscillation,NA
01-JAN-1875 00:00,1875,1,-0.98,NA,PDO,NA,NA,Pacific Decadal Oscillation,NA
01-FEB-1875 00:00,1875,2,-1.252,NA,PDO,NA,NA,Pacific Decadal Oscillation,NA
01-MAR-1875 00:00,1875,3,-1.004,NA,PDO,NA,NA,Pacific Decadal Oscillation,NA
01-APR-1875 00:00,1875,4,-0.91,NA,PDO,NA,NA,Pacific Decadal Oscillation,NA
01-MAY-1875 00:00,1875,5,-0.556,NA,PDO,NA,NA,Pacific Decadal Oscillation,NA
01-JUN-1875 00:00,1875,6,-0.416,NA,PDO,NA,NA,Pacific Decadal Oscillation,NA
01-JUL-1875 00:00,1875,7,-0.363,NA,PDO,NA,NA,Pacific Decadal Oscillation,NA
01-AUG-1875 00:00,1875,8,-0.053,NA,PDO,NA,NA,Pacific Decadal Oscillation,NA
01-SEP-1875 00:00,1875,9,-0.061,NA,PDO,NA,NA,Pacific Decadal Oscillation,NA
01-OCT-1875 00:00,1875,10,-0.591,NA,PDO,NA,NA,Pacific Decadal Oscillation,NA
01-NOV-1875 00:00,1875,11,-0.465,NA,PDO,NA,NA,Pacific Decadal Oscillation,NA
01-DEC-1875 00:00,1875,12,0.056,NA,PDO,NA,NA,Pacific Decadal Oscillation,NA
01-JAN-1876 00:00,1876,1,-0.825,NA,PDO,NA,NA,Pacific Decadal Oscillation,NA
01-FEB-1876 00:00,1876,2,-0.764,NA,PDO,NA,NA,Pacific Decadal Oscillation,NA
01-MAR-1876 00:00,1876,3,-0.871,NA,PDO,NA,NA,Pacific Decadal Oscillation,NA
01-APR-1876 00:00,1876,4,-1.353,NA,PDO,NA,NA,Pacific Decadal Oscillation,NA
01-MAY-1876 00:00,1876,5,-1.192,NA,PDO,NA,NA,Pacific Decadal Oscillation,NA
01-JUN-1876 00:00,1876,6,-0.654,NA,PDO,NA,NA,Pacific Decadal Oscillation,NA
01-JUL-1876 00:00,1876,7,-1.865,NA,PDO,NA,NA,Pacific Decadal Oscillation,NA
01-AUG-1876 00:00,1876,8,-1.593,NA,PDO,NA,NA,Pacific Decadal Oscillation,NA
01-SEP-1876 00:00,1876,9,-0.813,NA,PDO,NA,NA,Pacific Decadal Oscillation,NA
01-OCT-1876 00:00,1876,10,0.067,NA,PDO,NA,NA,Pacific Decadal Oscillation,NA
01-NOV-1876 00:00,1876,11,0.337,NA,PDO,NA,NA,Pacific Decadal Oscillation,NA
01-DEC-1876 00:00,1876,12,-0.109,NA,PDO,NA,NA,Pacific Decadal Oscillation,NA
01-JAN-1877 00:00,1877,1,-0.033,NA,PDO,NA,NA,Pacific Decadal Oscillation,NA
01-FEB-1877 00:00,1877,2,0.145,NA,PDO,NA,NA,Pacific Decadal Oscillation,NA
01-MAR-1877 00:00,1877,3,0.2,NA,PDO,NA,NA,Pacific Decadal Oscillation,NA
01-APR-1877 00:00,1877,4,-0.05,NA,PDO,NA,NA,Pacific Decadal Oscillation,NA
01-MAY-1877 00:00,1877,5,-0.128,NA,PDO,NA,NA,Pacific Decadal Oscillation,NA
01-JUN-1877 00:00,1877,6,-0.305,NA,PDO,NA,NA,Pacific Decadal Oscillation,NA
01-JUL-1877 00:00,1877,7,0.277,NA,PDO,NA,NA,Pacific Decadal Oscillation,NA
01-AUG-1877 00:00,1877,8,-0.162,NA,PDO,NA,NA,Pacific Decadal Oscillation,NA
01-SEP-1877 00:00,1877,9,0.103,NA,PDO,NA,NA,Pacific Decadal Oscillation,NA
01-OCT-1877 00:00,1877,10,0.204,NA,PDO,NA,NA,Pacific Decadal Oscillation,NA
01-NOV-1877 00:00,1877,11,0.469,NA,PDO,NA,NA,Pacific Decadal Oscillation,NA
01-DEC-1877 00:00,1877,12,0.591,NA,PDO,NA,NA,Pacific Decadal Oscillation,NA
01-JAN-1878 00:00,1878,1,0.661,NA,PDO,NA,NA,Pacific Decadal Oscillation,NA
01-FEB-1878 00:00,1878,2,1.173,NA,PDO,NA,NA,Pacific Decadal Oscillation,NA
01-MAR-1878 00:00,1878,3,1.277,NA,PDO,NA,NA,Pacific Decadal Oscillation,NA
01-APR-1878 00:00,1878,4,1.661,NA,PDO,NA,NA,Pacific Decadal Oscillation,NA
01-MAY-1878 00:00,1878,5,1.745,NA,PDO,NA,NA,Pacific Decadal Oscillation,NA
01-JUN-1878 00:00,1878,6,1.189,NA,PDO,NA,NA,Pacific Decadal Oscillation,NA
01-JUL-1878 00:00,1878,7,0.81,NA,PDO,NA,NA,Pacific Decadal Oscillation,NA
01-AUG-1878 00:00,1878,8,0.105,NA,PDO,NA,NA,Pacific Decadal Oscillation,NA
01-SEP-1878 00:00,1878,9,-0.954,NA,PDO,NA,NA,Pacific Decadal Oscillation,NA
01-OCT-1878 00:00,1878,10,-0.663,NA,PDO,NA,NA,Pacific Decadal Oscillation,NA
01-NOV-1878 00:00,1878,11,-0.005,NA,PDO,NA,NA,Pacific Decadal Oscillation,NA
01-DEC-1878 00:00,1878,12,1.325,NA,PDO,NA,NA,Pacific Decadal Oscillation,NA
01-JAN-1879 00:00,1879,1,0.14,NA,PDO,NA,NA,Pacific Decadal Oscillation,NA
01-FEB-1879 00:00,1879,2,0.249,NA,PDO,NA,NA,Pacific Decadal Oscillation,NA
01-MAR-1879 00:00,1879,3,0.341,NA,PDO,NA,NA,Pacific Decadal Oscillation,NA
01-APR-1879 00:00,1879,4,0.684,NA,PDO,NA,NA,Pacific Decadal Oscillation,NA
01-MAY-1879 00:00,1879,5,-0.686,NA,PDO,NA,NA,Pacific Decadal Oscillation,NA
01-JUN-1879 00:00,1879,6,-0.843,NA,PDO,NA,NA,Pacific Decadal Oscillation,NA
01-JUL-1879 00:00,1879,7,-1.034,NA,PDO,NA,NA,Pacific Decadal Oscillation,NA
01-AUG-1879 00:00,1879,8,0.026,NA,PDO,NA,NA,Pacific Decadal Oscillation,NA
01-SEP-1879 00:00,1879,9,0.111,NA,PDO,NA,NA,Pacific Decadal Oscillation,NA
01-OCT-1879 00:00,1879,10,0.048,NA,PDO,NA,NA,Pacific Decadal Oscillation,NA
01-NOV-1879 00:00,1879,11,-0.247,NA,PDO,NA,NA,Pacific Decadal Oscillation,NA
01-DEC-1879 00:00,1879,12,-0.053,NA,PDO,NA,NA,Pacific Decadal Oscillation,NA
01-JAN-1880 00:00,1880,1,0.255,NA,PDO,NA,NA,Pacific Decadal Oscillation,NA
01-FEB-1880 00:00,1880,2,-0.323,NA,PDO,NA,NA,Pacific Decadal Oscillation,NA
01-MAR-1880 00:00,1880,3,-0.98,NA,PDO,NA,NA,Pacific Decadal Oscillation,NA
01-APR-1880 00:00,1880,4,-1.736,NA,PDO,NA,NA,Pacific Decadal Oscillation,NA
01-MAY-1880 00:00,1880,5,-2.246,NA,PDO,NA,NA,Pacific Decadal Oscillation,NA
01-JUN-1880 00:00,1880,6,-2.448,NA,PDO,NA,NA,Pacific Decadal Oscillation,NA
01-JUL-1880 00:00,1880,7,-1.564,NA,PDO,NA,NA,Pacific Decadal Oscillation,NA
01-AUG-1880 00:00,1880,8,-1.228,NA,PDO,NA,NA,Pacific Decadal Oscillation,NA
01-SEP-1880 00:00,1880,9,-1.374,NA,PDO,NA,NA,Pacific Decadal Oscillation,NA
01-OCT-1880 00:00,1880,10,0.3,NA,PDO,NA,NA,Pacific Decadal Oscillation,NA
01-NOV-1880 00:00,1880,11,-0.083,NA,PDO,NA,NA,Pacific Decadal Oscillation,NA
01-DEC-1880 00:00,1880,12,-0.016,NA,PDO,NA,NA,Pacific Decadal Oscillation,NA
01-JAN-1881 00:00,1881,1,-0.321,NA,PDO,NA,NA,Pacific Decadal Oscillation,NA
01-FEB-1881 00:00,1881,2,-0.011,NA,PDO,NA,NA,Pacific Decadal Oscillation,NA
01-MAR-1881 00:00,1881,3,0.219,NA,PDO,NA,NA,Pacific Decadal Oscillation,NA
01-APR-1881 00:00,1881,4,0.323,NA,PDO,NA,NA,Pacific Decadal Oscillation,NA
01-MAY-1881 00:00,1881,5,0.682,NA,PDO,NA,NA,Pacific Decadal Oscillation,NA
01-JUN-1881 00:00,1881,6,0.569,NA,PDO,NA,NA,Pacific Decadal Oscillation,NA
01-JUL-1881 00:00,1881,7,-1.122,NA,PDO,NA,NA,Pacific Decadal Oscillation,NA
01-AUG-1881 00:00,1881,8,-1.694,NA,PDO,NA,NA,Pacific Decadal Oscillation,NA
01-SEP-1881 00:00,1881,9,0.492,NA,PDO,NA,NA,Pacific Decadal Oscillation,NA
01-OCT-1881 00:00,1881,10,0.555,NA,PDO,NA,NA,Pacific Decadal Oscillation,NA
01-NOV-1881 00:00,1881,11,0.386,NA,PDO,NA,NA,Pacific Decadal Oscillation,NA
01-DEC-1881 00:00,1881,12,-0.543,NA,PDO,NA,NA,Pacific Decadal Oscillation,NA
01-JAN-1882 00:00,1882,1,-1.514,NA,PDO,NA,NA,Pacific Decadal Oscillation,NA
01-FEB-1882 00:00,1882,2,-1.317,NA,PDO,NA,NA,Pacific Decadal Oscillation,NA
01-MAR-1882 00:00,1882,3,-1.27,NA,PDO,NA,NA,Pacific Decadal Oscillation,NA
01-APR-1882 00:00,1882,4,-1.103,NA,PDO,NA,NA,Pacific Decadal Oscillation,NA
01-MAY-1882 00:00,1882,5,-0.918,NA,PDO,NA,NA,Pacific Decadal Oscillation,NA
01-JUN-1882 00:00,1882,6,-1.447,NA,PDO,NA,NA,Pacific Decadal Oscillation,NA
01-JUL-1882 00:00,1882,7,-2.514,NA,PDO,NA,NA,Pacific Decadal Oscillation,NA
01-AUG-1882 00:00,1882,8,-0.775,NA,PDO,NA,NA,Pacific Decadal Oscillation,NA
01-SEP-1882 00:00,1882,9,-0.411,NA,PDO,NA,NA,Pacific Decadal Oscillation,NA
01-OCT-1882 00:00,1882,10,-0.748,NA,PDO,NA,NA,Pacific Decadal Oscillation,NA
01-NOV-1882 00:00,1882,11,-0.412,NA,PDO,NA,NA,Pacific Decadal Oscillation,NA
01-DEC-1882 00:00,1882,12,0.405,NA,PDO,NA,NA,Pacific Decadal Oscillation,NA
01-JAN-1883 00:00,1883,1,-0.992,NA,PDO,NA,NA,Pacific Decadal Oscillation,NA
01-FEB-1883 00:00,1883,2,-0.865,NA,PDO,NA,NA,Pacific Decadal Oscillation,NA
01-MAR-1883 00:00,1883,3,-0.967,NA,PDO,NA,NA,Pacific Decadal Oscillation,NA
01-APR-1883 00:00,1883,4,-0.07,NA,PDO,NA,NA,Pacific Decadal Oscillation,NA
01-MAY-1883 00:00,1883,5,-0.261,NA,PDO,NA,NA,Pacific Decadal Oscillation,NA
01-JUN-1883 00:00,1883,6,-0.524,NA,PDO,NA,NA,Pacific Decadal Oscillation,NA
01-JUL-1883 00:00,1883,7,-1.626,NA,PDO,NA,NA,Pacific Decadal Oscillation,NA
01-AUG-1883 00:00,1883,8,-1.378,NA,PDO,NA,NA,Pacific Decadal Oscillation,NA
01-SEP-1883 00:00,1883,9,-0.781,NA,PDO,NA,NA,Pacific Decadal Oscillation,NA
01-OCT-1883 00:00,1883,10,-0.726,NA,PDO,NA,NA,Pacific Decadal Oscillation,NA
01-NOV-1883 00:00,1883,11,-0.656,NA,PDO,NA,NA,Pacific Decadal Oscillation,NA
01-DEC-1883 00:00,1883,12,-1.266,NA,PDO,NA,NA,Pacific Decadal Oscillation,NA
01-JAN-1884 00:00,1884,1,-1.397,NA,PDO,NA,NA,Pacific Decadal Oscillation,NA
01-FEB-1884 00:00,1884,2,-1.586,NA,PDO,NA,NA,Pacific Decadal Oscillation,NA
01-MAR-1884 00:00,1884,3,-1.156,NA,PDO,NA,NA,Pacific Decadal Oscillation,NA
01-APR-1884 00:00,1884,4,-0.528,NA,PDO,NA,NA,Pacific Decadal Oscillation,NA
01-MAY-1884 00:00,1884,5,0.439,NA,PDO,NA,NA,Pacific Decadal Oscillation,NA
01-JUN-1884 00:00,1884,6,0.826,NA,PDO,NA,NA,Pacific Decadal Oscillation,NA
01-JUL-1884 00:00,1884,7,1.097,NA,PDO,NA,NA,Pacific Decadal Oscillation,NA
01-AUG-1884 00:00,1884,8,0.902,NA,PDO,NA,NA,Pacific Decadal Oscillation,NA
01-SEP-1884 00:00,1884,9,0.708,NA,PDO,NA,NA,Pacific Decadal Oscillation,NA
01-OCT-1884 00:00,1884,10,1.236,NA,PDO,NA,NA,Pacific Decadal Oscillation,NA
01-NOV-1884 00:00,1884,11,1.909,NA,PDO,NA,NA,Pacific Decadal Oscillation,NA
01-DEC-1884 00:00,1884,12,2.253,NA,PDO,NA,NA,Pacific Decadal Oscillation,NA
01-JAN-1885 00:00,1885,1,2.296,NA,PDO,NA,NA,Pacific Decadal Oscillation,NA
01-FEB-1885 00:00,1885,2,1.356,NA,PDO,NA,NA,Pacific Decadal Oscillation,NA
01-MAR-1885 00:00,1885,3,1.725,NA,PDO,NA,NA,Pacific Decadal Oscillation,NA
01-APR-1885 00:00,1885,4,1.575,NA,PDO,NA,NA,Pacific Decadal Oscillation,NA
01-MAY-1885 00:00,1885,5,1.124,NA,PDO,NA,NA,Pacific Decadal Oscillation,NA
01-JUN-1885 00:00,1885,6,-0,NA,PDO,NA,NA,Pacific Decadal Oscillation,NA
01-JUL-1885 00:00,1885,7,-0.134,NA,PDO,NA,NA,Pacific Decadal Oscillation,NA
01-AUG-1885 00:00,1885,8,0.388,NA,PDO,NA,NA,Pacific Decadal Oscillation,NA
01-SEP-1885 00:00,1885,9,0.263,NA,PDO,NA,NA,Pacific Decadal Oscillation,NA
01-OCT-1885 00:00,1885,10,0.166,NA,PDO,NA,NA,Pacific Decadal Oscillation,NA
01-NOV-1885 00:00,1885,11,-0.05,NA,PDO,NA,NA,Pacific Decadal Oscillation,NA
01-DEC-1885 00:00,1885,12,-0.224,NA,PDO,NA,NA,Pacific Decadal Oscillation,NA
01-JAN-1886 00:00,1886,1,-0.41,NA,PDO,NA,NA,Pacific Decadal Oscillation,NA
01-FEB-1886 00:00,1886,2,0.431,NA,PDO,NA,NA,Pacific Decadal Oscillation,NA
01-MAR-1886 00:00,1886,3,-0.292,NA,PDO,NA,NA,Pacific Decadal Oscillation,NA
01-APR-1886 00:00,1886,4,0.411,NA,PDO,NA,NA,Pacific Decadal Oscillation,NA
01-MAY-1886 00:00,1886,5,0.147,NA,PDO,NA,NA,Pacific Decadal Oscillation,NA
01-JUN-1886 00:00,1886,6,-0.817,NA,PDO,NA,NA,Pacific Decadal Oscillation,NA
01-JUL-1886 00:00,1886,7,-0.006,NA,PDO,NA,NA,Pacific Decadal Oscillation,NA
01-AUG-1886 00:00,1886,8,-0.057,NA,PDO,NA,NA,Pacific Decadal Oscillation,NA
01-SEP-1886 00:00,1886,9,-0.068,NA,PDO,NA,NA,Pacific Decadal Oscillation,NA
01-OCT-1886 00:00,1886,10,-0.831,NA,PDO,NA,NA,Pacific Decadal Oscillation,NA
01-NOV-1886 00:00,1886,11,-1.9,NA,PDO,NA,NA,Pacific Decadal Oscillation,NA
01-DEC-1886 00:00,1886,12,-1.451,NA,PDO,NA,NA,Pacific Decadal Oscillation,NA
01-JAN-1887 00:00,1887,1,-0.945,NA,PDO,NA,NA,Pacific Decadal Oscillation,NA
01-FEB-1887 00:00,1887,2,-1.193,NA,PDO,NA,NA,Pacific Decadal Oscillation,NA
01-MAR-1887 00:00,1887,3,-1.544,NA,PDO,NA,NA,Pacific Decadal Oscillation,NA
01-APR-1887 00:00,1887,4,-1.178,NA,PDO,NA,NA,Pacific Decadal Oscillation,NA
01-MAY-1887 00:00,1887,5,-0.32,NA,PDO,NA,NA,Pacific Decadal Oscillation,NA
01-JUN-1887 00:00,1887,6,0.455,NA,PDO,NA,NA,Pacific Decadal Oscillation,NA
01-JUL-1887 00:00,1887,7,1.478,NA,PDO,NA,NA,Pacific Decadal Oscillation,NA
01-AUG-1887 00:00,1887,8,-0.486,NA,PDO,NA,NA,Pacific Decadal Oscillation,NA
01-SEP-1887 00:00,1887,9,-1.527,NA,PDO,NA,NA,Pacific Decadal Oscillation,NA
01-OCT-1887 00:00,1887,10,-0.836,NA,PDO,NA,NA,Pacific Decadal Oscillation,NA
01-NOV-1887 00:00,1887,11,-0.588,NA,PDO,NA,NA,Pacific Decadal Oscillation,NA
01-DEC-1887 00:00,1887,12,-0.744,NA,PDO,NA,NA,Pacific Decadal Oscillation,NA
01-JAN-1888 00:00,1888,1,-0.682,NA,PDO,NA,NA,Pacific Decadal Oscillation,NA
01-FEB-1888 00:00,1888,2,0.085,NA,PDO,NA,NA,Pacific Decadal Oscillation,NA
01-MAR-1888 00:00,1888,3,0.013,NA,PDO,NA,NA,Pacific Decadal Oscillation,NA
01-APR-1888 00:00,1888,4,0.02,NA,PDO,NA,NA,Pacific Decadal Oscillation,NA
01-MAY-1888 00:00,1888,5,1.09,NA,PDO,NA,NA,Pacific Decadal Oscillation,NA
01-JUN-1888 00:00,1888,6,1.178,NA,PDO,NA,NA,Pacific Decadal Oscillation,NA
01-JUL-1888 00:00,1888,7,1.33,NA,PDO,NA,NA,Pacific Decadal Oscillation,NA
01-AUG-1888 00:00,1888,8,1.163,NA,PDO,NA,NA,Pacific Decadal Oscillation,NA
01-SEP-1888 00:00,1888,9,1.177,NA,PDO,NA,NA,Pacific Decadal Oscillation,NA
01-OCT-1888 00:00,1888,10,0.757,NA,PDO,NA,NA,Pacific Decadal Oscillation,NA
01-NOV-1888 00:00,1888,11,0.715,NA,PDO,NA,NA,Pacific Decadal Oscillation,NA
01-DEC-1888 00:00,1888,12,0.396,NA,PDO,NA,NA,Pacific Decadal Oscillation,NA
01-JAN-1889 00:00,1889,1,0.446,NA,PDO,NA,NA,Pacific Decadal Oscillation,NA
01-FEB-1889 00:00,1889,2,0.142,NA,PDO,NA,NA,Pacific Decadal Oscillation,NA
01-MAR-1889 00:00,1889,3,0.414,NA,PDO,NA,NA,Pacific Decadal Oscillation,NA
01-APR-1889 00:00,1889,4,1.072,NA,PDO,NA,NA,Pacific Decadal Oscillation,NA
01-MAY-1889 00:00,1889,5,1.277,NA,PDO,NA,NA,Pacific Decadal Oscillation,NA
01-JUN-1889 00:00,1889,6,1.197,NA,PDO,NA,NA,Pacific Decadal Oscillation,NA
01-JUL-1889 00:00,1889,7,0.726,NA,PDO,NA,NA,Pacific Decadal Oscillation,NA
01-AUG-1889 00:00,1889,8,-0.422,NA,PDO,NA,NA,Pacific Decadal Oscillation,NA
01-SEP-1889 00:00,1889,9,-0.713,NA,PDO,NA,NA,Pacific Decadal Oscillation,NA
01-OCT-1889 00:00,1889,10,-0.272,NA,PDO,NA,NA,Pacific Decadal Oscillation,NA
01-NOV-1889 00:00,1889,11,1.15,NA,PDO,NA,NA,Pacific Decadal Oscillation,NA
01-DEC-1889 00:00,1889,12,-0.006,NA,PDO,NA,NA,Pacific Decadal Oscillation,NA
01-JAN-1890 00:00,1890,1,-0.51,NA,PDO,NA,NA,Pacific Decadal Oscillation,NA
01-FEB-1890 00:00,1890,2,-0.872,NA,PDO,NA,NA,Pacific Decadal Oscillation,NA
01-MAR-1890 00:00,1890,3,-1.194,NA,PDO,NA,NA,Pacific Decadal Oscillation,NA
01-APR-1890 00:00,1890,4,-0.733,NA,PDO,NA,NA,Pacific Decadal Oscillation,NA
01-MAY-1890 00:00,1890,5,-0.883,NA,PDO,NA,NA,Pacific Decadal Oscillation,NA
01-JUN-1890 00:00,1890,6,-2.646,NA,PDO,NA,NA,Pacific Decadal Oscillation,NA
01-JUL-1890 00:00,1890,7,-0.836,NA,PDO,NA,NA,Pacific Decadal Oscillation,NA
01-AUG-1890 00:00,1890,8,-0.521,NA,PDO,NA,NA,Pacific Decadal Oscillation,NA
01-SEP-1890 00:00,1890,9,1.586,NA,PDO,NA,NA,Pacific Decadal Oscillation,NA
01-OCT-1890 00:00,1890,10,-0.131,NA,PDO,NA,NA,Pacific Decadal Oscillation,NA
01-NOV-1890 00:00,1890,11,-0.524,NA,PDO,NA,NA,Pacific Decadal Oscillation,NA
01-DEC-1890 00:00,1890,12,-1.211,NA,PDO,NA,NA,Pacific Decadal Oscillation,NA
01-JAN-1891 00:00,1891,1,-0.436,NA,PDO,NA,NA,Pacific Decadal Oscillation,NA
01-FEB-1891 00:00,1891,2,-0.622,NA,PDO,NA,NA,Pacific Decadal Oscillation,NA
01-MAR-1891 00:00,1891,3,-0.634,NA,PDO,NA,NA,Pacific Decadal Oscillation,NA
01-APR-1891 00:00,1891,4,-0.211,NA,PDO,NA,NA,Pacific Decadal Oscillation,NA
01-MAY-1891 00:00,1891,5,0.839,NA,PDO,NA,NA,Pacific Decadal Oscillation,NA
01-JUN-1891 00:00,1891,6,0.989,NA,PDO,NA,NA,Pacific Decadal Oscillation,NA
01-JUL-1891 00:00,1891,7,0.979,NA,PDO,NA,NA,Pacific Decadal Oscillation,NA
01-AUG-1891 00:00,1891,8,0.536,NA,PDO,NA,NA,Pacific Decadal Oscillation,NA
01-SEP-1891 00:00,1891,9,0.345,NA,PDO,NA,NA,Pacific Decadal Oscillation,NA
01-OCT-1891 00:00,1891,10,0.946,NA,PDO,NA,NA,Pacific Decadal Oscillation,NA
01-NOV-1891 00:00,1891,11,0.295,NA,PDO,NA,NA,Pacific Decadal Oscillation,NA
01-DEC-1891 00:00,1891,12,-0.178,NA,PDO,NA,NA,Pacific Decadal Oscillation,NA
01-JAN-1892 00:00,1892,1,-0.919,NA,PDO,NA,NA,Pacific Decadal Oscillation,NA
01-FEB-1892 00:00,1892,2,-1.015,NA,PDO,NA,NA,Pacific Decadal Oscillation,NA
01-MAR-1892 00:00,1892,3,-0.715,NA,PDO,NA,NA,Pacific Decadal Oscillation,NA
01-APR-1892 00:00,1892,4,-1.044,NA,PDO,NA,NA,Pacific Decadal Oscillation,NA
01-MAY-1892 00:00,1892,5,-2.423,NA,PDO,NA,NA,Pacific Decadal Oscillation,NA
01-JUN-1892 00:00,1892,6,-1.884,NA,PDO,NA,NA,Pacific Decadal Oscillation,NA
01-JUL-1892 00:00,1892,7,-1.748,NA,PDO,NA,NA,Pacific Decadal Oscillation,NA
01-AUG-1892 00:00,1892,8,-2.387,NA,PDO,NA,NA,Pacific Decadal Oscillation,NA
01-SEP-1892 00:00,1892,9,-2.043,NA,PDO,NA,NA,Pacific Decadal Oscillation,NA
01-OCT-1892 00:00,1892,10,-2.119,NA,PDO,NA,NA,Pacific Decadal Oscillation,NA
01-NOV-1892 00:00,1892,11,-1.944,NA,PDO,NA,NA,Pacific Decadal Oscillation,NA
01-DEC-1892 00:00,1892,12,-1.023,NA,PDO,NA,NA,Pacific Decadal Oscillation,NA
01-JAN-1893 00:00,1893,1,-0.44,NA,PDO,NA,NA,Pacific Decadal Oscillation,NA
01-FEB-1893 00:00,1893,2,-0.491,NA,PDO,NA,NA,Pacific Decadal Oscillation,NA
01-MAR-1893 00:00,1893,3,-0.693,NA,PDO,NA,NA,Pacific Decadal Oscillation,NA
01-APR-1893 00:00,1893,4,-1.348,NA,PDO,NA,NA,Pacific Decadal Oscillation,NA
01-MAY-1893 00:00,1893,5,-2.07,NA,PDO,NA,NA,Pacific Decadal Oscillation,NA
01-JUN-1893 00:00,1893,6,-1.954,NA,PDO,NA,NA,Pacific Decadal Oscillation,NA
01-JUL-1893 00:00,1893,7,-1.858,NA,PDO,NA,NA,Pacific Decadal Oscillation,NA
01-AUG-1893 00:00,1893,8,-0.497,NA,PDO,NA,NA,Pacific Decadal Oscillation,NA
01-SEP-1893 00:00,1893,9,-0.168,NA,PDO,NA,NA,Pacific Decadal Oscillation,NA
01-OCT-1893 00:00,1893,10,-0.544,NA,PDO,NA,NA,Pacific Decadal Oscillation,NA
01-NOV-1893 00:00,1893,11,-0.703,NA,PDO,NA,NA,Pacific Decadal Oscillation,NA
01-DEC-1893 00:00,1893,12,-1.518,NA,PDO,NA,NA,Pacific Decadal Oscillation,NA
01-JAN-1894 00:00,1894,1,-1.419,NA,PDO,NA,NA,Pacific Decadal Oscillation,NA
01-FEB-1894 00:00,1894,2,-1.953,NA,PDO,NA,NA,Pacific Decadal Oscillation,NA
01-MAR-1894 00:00,1894,3,-2.647,NA,PDO,NA,NA,Pacific Decadal Oscillation,NA
01-APR-1894 00:00,1894,4,-2.634,NA,PDO,NA,NA,Pacific Decadal Oscillation,NA
01-MAY-1894 00:00,1894,5,-2.941,NA,PDO,NA,NA,Pacific Decadal Oscillation,NA
01-JUN-1894 00:00,1894,6,-2.393,NA,PDO,NA,NA,Pacific Decadal Oscillation,NA
01-JUL-1894 00:00,1894,7,-2.731,NA,PDO,NA,NA,Pacific Decadal Oscillation,NA
01-AUG-1894 00:00,1894,8,-1.737,NA,PDO,NA,NA,Pacific Decadal Oscillation,NA
01-SEP-1894 00:00,1894,9,-1.803,NA,PDO,NA,NA,Pacific Decadal Oscillation,NA
01-OCT-1894 00:00,1894,10,-2.264,NA,PDO,NA,NA,Pacific Decadal Oscillation,NA
01-NOV-1894 00:00,1894,11,-3.001,NA,PDO,NA,NA,Pacific Decadal Oscillation,NA
01-DEC-1894 00:00,1894,12,-1.4,NA,PDO,NA,NA,Pacific Decadal Oscillation,NA
01-JAN-1895 00:00,1895,1,-0.865,NA,PDO,NA,NA,Pacific Decadal Oscillation,NA
01-FEB-1895 00:00,1895,2,-0.515,NA,PDO,NA,NA,Pacific Decadal Oscillation,NA
01-MAR-1895 00:00,1895,3,-0.463,NA,PDO,NA,NA,Pacific Decadal Oscillation,NA
01-APR-1895 00:00,1895,4,-0.734,NA,PDO,NA,NA,Pacific Decadal Oscillation,NA
01-MAY-1895 00:00,1895,5,-0.223,NA,PDO,NA,NA,Pacific Decadal Oscillation,NA
01-JUN-1895 00:00,1895,6,-0.508,NA,PDO,NA,NA,Pacific Decadal Oscillation,NA
01-JUL-1895 00:00,1895,7,0.124,NA,PDO,NA,NA,Pacific Decadal Oscillation,NA
01-AUG-1895 00:00,1895,8,-0.172,NA,PDO,NA,NA,Pacific Decadal Oscillation,NA
01-SEP-1895 00:00,1895,9,-1.067,NA,PDO,NA,NA,Pacific Decadal Oscillation,NA
01-OCT-1895 00:00,1895,10,-0.856,NA,PDO,NA,NA,Pacific Decadal Oscillation,NA
01-NOV-1895 00:00,1895,11,-1.092,NA,PDO,NA,NA,Pacific Decadal Oscillation,NA
01-DEC-1895 00:00,1895,12,-0.349,NA,PDO,NA,NA,Pacific Decadal Oscillation,NA
01-JAN-1896 00:00,1896,1,0.245,NA,PDO,NA,NA,Pacific Decadal Oscillation,NA
01-FEB-1896 00:00,1896,2,0.139,NA,PDO,NA,NA,Pacific Decadal Oscillation,NA
01-MAR-1896 00:00,1896,3,-0.045,NA,PDO,NA,NA,Pacific Decadal Oscillation,NA
01-APR-1896 00:00,1896,4,-0.44,NA,PDO,NA,NA,Pacific Decadal Oscillation,NA
01-MAY-1896 00:00,1896,5,-0.85,NA,PDO,NA,NA,Pacific Decadal Oscillation,NA
01-JUN-1896 00:00,1896,6,-0.667,NA,PDO,NA,NA,Pacific Decadal Oscillation,NA
01-JUL-1896 00:00,1896,7,-0.169,NA,PDO,NA,NA,Pacific Decadal Oscillation,NA
01-AUG-1896 00:00,1896,8,0.183,NA,PDO,NA,NA,Pacific Decadal Oscillation,NA
01-SEP-1896 00:00,1896,9,1.199,NA,PDO,NA,NA,Pacific Decadal Oscillation,NA
01-OCT-1896 00:00,1896,10,0.207,NA,PDO,NA,NA,Pacific Decadal Oscillation,NA
01-NOV-1896 00:00,1896,11,0.237,NA,PDO,NA,NA,Pacific Decadal Oscillation,NA
01-DEC-1896 00:00,1896,12,0.256,NA,PDO,NA,NA,Pacific Decadal Oscillation,NA
01-JAN-1897 00:00,1897,1,0.461,NA,PDO,NA,NA,Pacific Decadal Oscillation,NA
01-FEB-1897 00:00,1897,2,-0.138,NA,PDO,NA,NA,Pacific Decadal Oscillation,NA
01-MAR-1897 00:00,1897,3,-0.398,NA,PDO,NA,NA,Pacific Decadal Oscillation,NA
01-APR-1897 00:00,1897,4,0.01,NA,PDO,NA,NA,Pacific Decadal Oscillation,NA
01-MAY-1897 00:00,1897,5,0.575,NA,PDO,NA,NA,Pacific Decadal Oscillation,NA
01-JUN-1897 00:00,1897,6,0.781,NA,PDO,NA,NA,Pacific Decadal Oscillation,NA
01-JUL-1897 00:00,1897,7,0.774,NA,PDO,NA,NA,Pacific Decadal Oscillation,NA
01-AUG-1897 00:00,1897,8,0.192,NA,PDO,NA,NA,Pacific Decadal Oscillation,NA
01-SEP-1897 00:00,1897,9,-0.489,NA,PDO,NA,NA,Pacific Decadal Oscillation,NA
01-OCT-1897 00:00,1897,10,0.198,NA,PDO,NA,NA,Pacific Decadal Oscillation,NA
01-NOV-1897 00:00,1897,11,0.411,NA,PDO,NA,NA,Pacific Decadal Oscillation,NA
01-DEC-1897 00:00,1897,12,0.062,NA,PDO,NA,NA,Pacific Decadal Oscillation,NA
01-JAN-1898 00:00,1898,1,0.121,NA,PDO,NA,NA,Pacific Decadal Oscillation,NA
01-FEB-1898 00:00,1898,2,-0.072,NA,PDO,NA,NA,Pacific Decadal Oscillation,NA
01-MAR-1898 00:00,1898,3,-0.343,NA,PDO,NA,NA,Pacific Decadal Oscillation,NA
01-APR-1898 00:00,1898,4,0.005,NA,PDO,NA,NA,Pacific Decadal Oscillation,NA
01-MAY-1898 00:00,1898,5,-0.395,NA,PDO,NA,NA,Pacific Decadal Oscillation,NA
01-JUN-1898 00:00,1898,6,0.003,NA,PDO,NA,NA,Pacific Decadal Oscillation,NA
01-JUL-1898 00:00,1898,7,-0.484,NA,PDO,NA,NA,Pacific Decadal Oscillation,NA
01-AUG-1898 00:00,1898,8,0.351,NA,PDO,NA,NA,Pacific Decadal Oscillation,NA
01-SEP-1898 00:00,1898,9,0.323,NA,PDO,NA,NA,Pacific Decadal Oscillation,NA
01-OCT-1898 00:00,1898,10,0.125,NA,PDO,NA,NA,Pacific Decadal Oscillation,NA
01-NOV-1898 00:00,1898,11,0.586,NA,PDO,NA,NA,Pacific Decadal Oscillation,NA
01-DEC-1898 00:00,1898,12,0.197,NA,PDO,NA,NA,Pacific Decadal Oscillation,NA
01-JAN-1899 00:00,1899,1,0.049,NA,PDO,NA,NA,Pacific Decadal Oscillation,NA
01-FEB-1899 00:00,1899,2,-0.531,NA,PDO,NA,NA,Pacific Decadal Oscillation,NA
01-MAR-1899 00:00,1899,3,-0.398,NA,PDO,NA,NA,Pacific Decadal Oscillation,NA
01-APR-1899 00:00,1899,4,-0.283,NA,PDO,NA,NA,Pacific Decadal Oscillation,NA
01-MAY-1899 00:00,1899,5,-0.582,NA,PDO,NA,NA,Pacific Decadal Oscillation,NA
01-JUN-1899 00:00,1899,6,-0.972,NA,PDO,NA,NA,Pacific Decadal Oscillation,NA
01-JUL-1899 00:00,1899,7,-0.1,NA,PDO,NA,NA,Pacific Decadal Oscillation,NA
01-AUG-1899 00:00,1899,8,0.571,NA,PDO,NA,NA,Pacific Decadal Oscillation,NA
01-SEP-1899 00:00,1899,9,0.596,NA,PDO,NA,NA,Pacific Decadal Oscillation,NA
01-OCT-1899 00:00,1899,10,-0.086,NA,PDO,NA,NA,Pacific Decadal Oscillation,NA
01-NOV-1899 00:00,1899,11,0.383,NA,PDO,NA,NA,Pacific Decadal Oscillation,NA
01-DEC-1899 00:00,1899,12,0.399,NA,PDO,NA,NA,Pacific Decadal Oscillation,NA
01-JAN-1900 00:00,1900,1,0.909,NA,PDO,NA,NA,Pacific Decadal Oscillation,NA
01-FEB-1900 00:00,1900,2,0.395,NA,PDO,NA,NA,Pacific Decadal Oscillation,NA
01-MAR-1900 00:00,1900,3,0.797,NA,PDO,NA,NA,Pacific Decadal Oscillation,NA
01-APR-1900 00:00,1900,4,1.735,NA,PDO,NA,NA,Pacific Decadal Oscillation,NA
01-MAY-1900 00:00,1900,5,1.276,NA,PDO,NA,NA,Pacific Decadal Oscillation,NA
01-JUN-1900 00:00,1900,6,1.003,NA,PDO,NA,NA,Pacific Decadal Oscillation,NA
01-JUL-1900 00:00,1900,7,1.005,NA,PDO,NA,NA,Pacific Decadal Oscillation,NA
01-AUG-1900 00:00,1900,8,1.246,NA,PDO,NA,NA,Pacific Decadal Oscillation,NA
01-SEP-1900 00:00,1900,9,-0.23,NA,PDO,NA,NA,Pacific Decadal Oscillation,NA
01-OCT-1900 00:00,1900,10,0.122,NA,PDO,NA,NA,Pacific Decadal Oscillation,NA
01-NOV-1900 00:00,1900,11,0.657,NA,PDO,NA,NA,Pacific Decadal Oscillation,NA
01-DEC-1900 00:00,1900,12,0.651,NA,PDO,NA,NA,Pacific Decadal Oscillation,NA
01-JAN-1901 00:00,1901,1,1.146,NA,PDO,NA,NA,Pacific Decadal Oscillation,NA
01-FEB-1901 00:00,1901,2,0.671,NA,PDO,NA,NA,Pacific Decadal Oscillation,NA
01-MAR-1901 00:00,1901,3,-0.317,NA,PDO,NA,NA,Pacific Decadal Oscillation,NA
01-APR-1901 00:00,1901,4,-0.437,NA,PDO,NA,NA,Pacific Decadal Oscillation,NA
01-MAY-1901 00:00,1901,5,-1.034,NA,PDO,NA,NA,Pacific Decadal Oscillation,NA
01-JUN-1901 00:00,1901,6,-1.072,NA,PDO,NA,NA,Pacific Decadal Oscillation,NA
01-JUL-1901 00:00,1901,7,-1.138,NA,PDO,NA,NA,Pacific Decadal Oscillation,NA
01-AUG-1901 00:00,1901,8,-0.466,NA,PDO,NA,NA,Pacific Decadal Oscillation,NA
01-SEP-1901 00:00,1901,9,0.092,NA,PDO,NA,NA,Pacific Decadal Oscillation,NA
01-OCT-1901 00:00,1901,10,0.227,NA,PDO,NA,NA,Pacific Decadal Oscillation,NA
01-NOV-1901 00:00,1901,11,0.074,NA,PDO,NA,NA,Pacific Decadal Oscillation,NA
01-DEC-1901 00:00,1901,12,0.327,NA,PDO,NA,NA,Pacific Decadal Oscillation,NA
01-JAN-1902 00:00,1902,1,1.098,NA,PDO,NA,NA,Pacific Decadal Oscillation,NA
01-FEB-1902 00:00,1902,2,0.44,NA,PDO,NA,NA,Pacific Decadal Oscillation,NA
01-MAR-1902 00:00,1902,3,0.3,NA,PDO,NA,NA,Pacific Decadal Oscillation,NA
01-APR-1902 00:00,1902,4,0.382,NA,PDO,NA,NA,Pacific Decadal Oscillation,NA
01-MAY-1902 00:00,1902,5,1.002,NA,PDO,NA,NA,Pacific Decadal Oscillation,NA
01-JUN-1902 00:00,1902,6,1.967,NA,PDO,NA,NA,Pacific Decadal Oscillation,NA
01-JUL-1902 00:00,1902,7,2.492,NA,PDO,NA,NA,Pacific Decadal Oscillation,NA
01-AUG-1902 00:00,1902,8,1.593,NA,PDO,NA,NA,Pacific Decadal Oscillation,NA
01-SEP-1902 00:00,1902,9,0.965,NA,PDO,NA,NA,Pacific Decadal Oscillation,NA
01-OCT-1902 00:00,1902,10,1.035,NA,PDO,NA,NA,Pacific Decadal Oscillation,NA
01-NOV-1902 00:00,1902,11,0.465,NA,PDO,NA,NA,Pacific Decadal Oscillation,NA
01-DEC-1902 00:00,1902,12,0.227,NA,PDO,NA,NA,Pacific Decadal Oscillation,NA
01-JAN-1903 00:00,1903,1,-0.038,NA,PDO,NA,NA,Pacific Decadal Oscillation,NA
01-FEB-1903 00:00,1903,2,0.116,NA,PDO,NA,NA,Pacific Decadal Oscillation,NA
01-MAR-1903 00:00,1903,3,-0.135,NA,PDO,NA,NA,Pacific Decadal Oscillation,NA
01-APR-1903 00:00,1903,4,-0.934,NA,PDO,NA,NA,Pacific Decadal Oscillation,NA
01-MAY-1903 00:00,1903,5,-0.403,NA,PDO,NA,NA,Pacific Decadal Oscillation,NA
01-JUN-1903 00:00,1903,6,-0.063,NA,PDO,NA,NA,Pacific Decadal Oscillation,NA
01-JUL-1903 00:00,1903,7,1.302,NA,PDO,NA,NA,Pacific Decadal Oscillation,NA
01-AUG-1903 00:00,1903,8,1.152,NA,PDO,NA,NA,Pacific Decadal Oscillation,NA
01-SEP-1903 00:00,1903,9,0.601,NA,PDO,NA,NA,Pacific Decadal Oscillation,NA
01-OCT-1903 00:00,1903,10,0.466,NA,PDO,NA,NA,Pacific Decadal Oscillation,NA
01-NOV-1903 00:00,1903,11,-0.187,NA,PDO,NA,NA,Pacific Decadal Oscillation,NA
01-DEC-1903 00:00,1903,12,-0.017,NA,PDO,NA,NA,Pacific Decadal Oscillation,NA
01-JAN-1904 00:00,1904,1,0.915,NA,PDO,NA,NA,Pacific Decadal Oscillation,NA
01-FEB-1904 00:00,1904,2,0.262,NA,PDO,NA,NA,Pacific Decadal Oscillation,NA
01-MAR-1904 00:00,1904,3,0.55,NA,PDO,NA,NA,Pacific Decadal Oscillation,NA
01-APR-1904 00:00,1904,4,0.108,NA,PDO,NA,NA,Pacific Decadal Oscillation,NA
01-MAY-1904 00:00,1904,5,0.339,NA,PDO,NA,NA,Pacific Decadal Oscillation,NA
01-JUN-1904 00:00,1904,6,-0.123,NA,PDO,NA,NA,Pacific Decadal Oscillation,NA
01-JUL-1904 00:00,1904,7,0.056,NA,PDO,NA,NA,Pacific Decadal Oscillation,NA
01-AUG-1904 00:00,1904,8,1.556,NA,PDO,NA,NA,Pacific Decadal Oscillation,NA
01-SEP-1904 00:00,1904,9,1.992,NA,PDO,NA,NA,Pacific Decadal Oscillation,NA
01-OCT-1904 00:00,1904,10,1.767,NA,PDO,NA,NA,Pacific Decadal Oscillation,NA
01-NOV-1904 00:00,1904,11,1.659,NA,PDO,NA,NA,Pacific Decadal Oscillation,NA
01-DEC-1904 00:00,1904,12,2.808,NA,PDO,NA,NA,Pacific Decadal Oscillation,NA
01-JAN-1905 00:00,1905,1,2.479,NA,PDO,NA,NA,Pacific Decadal Oscillation,NA
01-FEB-1905 00:00,1905,2,1.301,NA,PDO,NA,NA,Pacific Decadal Oscillation,NA
01-MAR-1905 00:00,1905,3,0.584,NA,PDO,NA,NA,Pacific Decadal Oscillation,NA
01-APR-1905 00:00,1905,4,1.684,NA,PDO,NA,NA,Pacific Decadal Oscillation,NA
01-MAY-1905 00:00,1905,5,1.252,NA,PDO,NA,NA,Pacific Decadal Oscillation,NA
01-JUN-1905 00:00,1905,6,1.393,NA,PDO,NA,NA,Pacific Decadal Oscillation,NA
01-JUL-1905 00:00,1905,7,2.093,NA,PDO,NA,NA,Pacific Decadal Oscillation,NA
01-AUG-1905 00:00,1905,8,2.066,NA,PDO,NA,NA,Pacific Decadal Oscillation,NA
01-SEP-1905 00:00,1905,9,1.798,NA,PDO,NA,NA,Pacific Decadal Oscillation,NA
01-OCT-1905 00:00,1905,10,-0.218,NA,PDO,NA,NA,Pacific Decadal Oscillation,NA
01-NOV-1905 00:00,1905,11,0.565,NA,PDO,NA,NA,Pacific Decadal Oscillation,NA
01-DEC-1905 00:00,1905,12,-0.99,NA,PDO,NA,NA,Pacific Decadal Oscillation,NA
01-JAN-1906 00:00,1906,1,1.175,NA,PDO,NA,NA,Pacific Decadal Oscillation,NA
01-FEB-1906 00:00,1906,2,1.218,NA,PDO,NA,NA,Pacific Decadal Oscillation,NA
01-MAR-1906 00:00,1906,3,0.566,NA,PDO,NA,NA,Pacific Decadal Oscillation,NA
01-APR-1906 00:00,1906,4,0.512,NA,PDO,NA,NA,Pacific Decadal Oscillation,NA
01-MAY-1906 00:00,1906,5,1.274,NA,PDO,NA,NA,Pacific Decadal Oscillation,NA
01-JUN-1906 00:00,1906,6,0.719,NA,PDO,NA,NA,Pacific Decadal Oscillation,NA
01-JUL-1906 00:00,1906,7,1.331,NA,PDO,NA,NA,Pacific Decadal Oscillation,NA
01-AUG-1906 00:00,1906,8,0.919,NA,PDO,NA,NA,Pacific Decadal Oscillation,NA
01-SEP-1906 00:00,1906,9,0.188,NA,PDO,NA,NA,Pacific Decadal Oscillation,NA
01-OCT-1906 00:00,1906,10,1.005,NA,PDO,NA,NA,Pacific Decadal Oscillation,NA
01-NOV-1906 00:00,1906,11,0.629,NA,PDO,NA,NA,Pacific Decadal Oscillation,NA
01-DEC-1906 00:00,1906,12,-0.577,NA,PDO,NA,NA,Pacific Decadal Oscillation,NA
01-JAN-1907 00:00,1907,1,-0.65,NA,PDO,NA,NA,Pacific Decadal Oscillation,NA
01-FEB-1907 00:00,1907,2,-0.477,NA,PDO,NA,NA,Pacific Decadal Oscillation,NA
01-MAR-1907 00:00,1907,3,-1.773,NA,PDO,NA,NA,Pacific Decadal Oscillation,NA
01-APR-1907 00:00,1907,4,-1.206,NA,PDO,NA,NA,Pacific Decadal Oscillation,NA
01-MAY-1907 00:00,1907,5,0.446,NA,PDO,NA,NA,Pacific Decadal Oscillation,NA
01-JUN-1907 00:00,1907,6,0.747,NA,PDO,NA,NA,Pacific Decadal Oscillation,NA
01-JUL-1907 00:00,1907,7,0.642,NA,PDO,NA,NA,Pacific Decadal Oscillation,NA
01-AUG-1907 00:00,1907,8,-0.044,NA,PDO,NA,NA,Pacific Decadal Oscillation,NA
01-SEP-1907 00:00,1907,9,1.103,NA,PDO,NA,NA,Pacific Decadal Oscillation,NA
01-OCT-1907 00:00,1907,10,1.905,NA,PDO,NA,NA,Pacific Decadal Oscillation,NA
01-NOV-1907 00:00,1907,11,1.597,NA,PDO,NA,NA,Pacific Decadal Oscillation,NA
01-DEC-1907 00:00,1907,12,1.588,NA,PDO,NA,NA,Pacific Decadal Oscillation,NA
01-JAN-1908 00:00,1908,1,1.259,NA,PDO,NA,NA,Pacific Decadal Oscillation,NA
01-FEB-1908 00:00,1908,2,1.196,NA,PDO,NA,NA,Pacific Decadal Oscillation,NA
01-MAR-1908 00:00,1908,3,0.281,NA,PDO,NA,NA,Pacific Decadal Oscillation,NA
01-APR-1908 00:00,1908,4,-0.008,NA,PDO,NA,NA,Pacific Decadal Oscillation,NA
01-MAY-1908 00:00,1908,5,0.148,NA,PDO,NA,NA,Pacific Decadal Oscillation,NA
01-JUN-1908 00:00,1908,6,0.211,NA,PDO,NA,NA,Pacific Decadal Oscillation,NA
01-JUL-1908 00:00,1908,7,0.293,NA,PDO,NA,NA,Pacific Decadal Oscillation,NA
01-AUG-1908 00:00,1908,8,-0.213,NA,PDO,NA,NA,Pacific Decadal Oscillation,NA
01-SEP-1908 00:00,1908,9,0.816,NA,PDO,NA,NA,Pacific Decadal Oscillation,NA
01-OCT-1908 00:00,1908,10,1.114,NA,PDO,NA,NA,Pacific Decadal Oscillation,NA
01-NOV-1908 00:00,1908,11,1.581,NA,PDO,NA,NA,Pacific Decadal Oscillation,NA
01-DEC-1908 00:00,1908,12,0.829,NA,PDO,NA,NA,Pacific Decadal Oscillation,NA
01-JAN-1909 00:00,1909,1,0.316,NA,PDO,NA,NA,Pacific Decadal Oscillation,NA
01-FEB-1909 00:00,1909,2,0.542,NA,PDO,NA,NA,Pacific Decadal Oscillation,NA
01-MAR-1909 00:00,1909,3,0.664,NA,PDO,NA,NA,Pacific Decadal Oscillation,NA
01-APR-1909 00:00,1909,4,0.127,NA,PDO,NA,NA,Pacific Decadal Oscillation,NA
01-MAY-1909 00:00,1909,5,-0.309,NA,PDO,NA,NA,Pacific Decadal Oscillation,NA
01-JUN-1909 00:00,1909,6,-0.696,NA,PDO,NA,NA,Pacific Decadal Oscillation,NA
01-JUL-1909 00:00,1909,7,-1.218,NA,PDO,NA,NA,Pacific Decadal Oscillation,NA
01-AUG-1909 00:00,1909,8,-2.06,NA,PDO,NA,NA,Pacific Decadal Oscillation,NA
01-SEP-1909 00:00,1909,9,-1.825,NA,PDO,NA,NA,Pacific Decadal Oscillation,NA
01-OCT-1909 00:00,1909,10,-1.213,NA,PDO,NA,NA,Pacific Decadal Oscillation,NA
01-NOV-1909 00:00,1909,11,-1.438,NA,PDO,NA,NA,Pacific Decadal Oscillation,NA
01-DEC-1909 00:00,1909,12,-2.131,NA,PDO,NA,NA,Pacific Decadal Oscillation,NA
01-JAN-1910 00:00,1910,1,-1.58,NA,PDO,NA,NA,Pacific Decadal Oscillation,NA
01-FEB-1910 00:00,1910,2,-1.159,NA,PDO,NA,NA,Pacific Decadal Oscillation,NA
01-MAR-1910 00:00,1910,3,-0.959,NA,PDO,NA,NA,Pacific Decadal Oscillation,NA
01-APR-1910 00:00,1910,4,-1.958,NA,PDO,NA,NA,Pacific Decadal Oscillation,NA
01-MAY-1910 00:00,1910,5,-2.125,NA,PDO,NA,NA,Pacific Decadal Oscillation,NA
01-JUN-1910 00:00,1910,6,-0.354,NA,PDO,NA,NA,Pacific Decadal Oscillation,NA
01-JUL-1910 00:00,1910,7,-0.033,NA,PDO,NA,NA,Pacific Decadal Oscillation,NA
01-AUG-1910 00:00,1910,8,-0.494,NA,PDO,NA,NA,Pacific Decadal Oscillation,NA
01-SEP-1910 00:00,1910,9,0.754,NA,PDO,NA,NA,Pacific Decadal Oscillation,NA
01-OCT-1910 00:00,1910,10,-0.956,NA,PDO,NA,NA,Pacific Decadal Oscillation,NA
01-NOV-1910 00:00,1910,11,-0.633,NA,PDO,NA,NA,Pacific Decadal Oscillation,NA
01-DEC-1910 00:00,1910,12,-0.095,NA,PDO,NA,NA,Pacific Decadal Oscillation,NA
01-JAN-1911 00:00,1911,1,-0.54,NA,PDO,NA,NA,Pacific Decadal Oscillation,NA
01-FEB-1911 00:00,1911,2,-1.129,NA,PDO,NA,NA,Pacific Decadal Oscillation,NA
01-MAR-1911 00:00,1911,3,-1.259,NA,PDO,NA,NA,Pacific Decadal Oscillation,NA
01-APR-1911 00:00,1911,4,-0.616,NA,PDO,NA,NA,Pacific Decadal Oscillation,NA
01-MAY-1911 00:00,1911,5,-0.66,NA,PDO,NA,NA,Pacific Decadal Oscillation,NA
01-JUN-1911 00:00,1911,6,-1.346,NA,PDO,NA,NA,Pacific Decadal Oscillation,NA
01-JUL-1911 00:00,1911,7,-0.363,NA,PDO,NA,NA,Pacific Decadal Oscillation,NA
01-AUG-1911 00:00,1911,8,0.14,NA,PDO,NA,NA,Pacific Decadal Oscillation,NA
01-SEP-1911 00:00,1911,9,-0.084,NA,PDO,NA,NA,Pacific Decadal Oscillation,NA
01-OCT-1911 00:00,1911,10,-0.107,NA,PDO,NA,NA,Pacific Decadal Oscillation,NA
01-NOV-1911 00:00,1911,11,-0.329,NA,PDO,NA,NA,Pacific Decadal Oscillation,NA
01-DEC-1911 00:00,1911,12,-0.858,NA,PDO,NA,NA,Pacific Decadal Oscillation,NA
01-JAN-1912 00:00,1912,1,-0.3,NA,PDO,NA,NA,Pacific Decadal Oscillation,NA
01-FEB-1912 00:00,1912,2,0.088,NA,PDO,NA,NA,Pacific Decadal Oscillation,NA
01-MAR-1912 00:00,1912,3,-0.198,NA,PDO,NA,NA,Pacific Decadal Oscillation,NA
01-APR-1912 00:00,1912,4,-0.268,NA,PDO,NA,NA,Pacific Decadal Oscillation,NA
01-MAY-1912 00:00,1912,5,0.011,NA,PDO,NA,NA,Pacific Decadal Oscillation,NA
01-JUN-1912 00:00,1912,6,0.374,NA,PDO,NA,NA,Pacific Decadal Oscillation,NA
01-JUL-1912 00:00,1912,7,0.299,NA,PDO,NA,NA,Pacific Decadal Oscillation,NA
01-AUG-1912 00:00,1912,8,0.523,NA,PDO,NA,NA,Pacific Decadal Oscillation,NA
01-SEP-1912 00:00,1912,9,1.19,NA,PDO,NA,NA,Pacific Decadal Oscillation,NA
01-OCT-1912 00:00,1912,10,0.691,NA,PDO,NA,NA,Pacific Decadal Oscillation,NA
01-NOV-1912 00:00,1912,11,0.113,NA,PDO,NA,NA,Pacific Decadal Oscillation,NA
01-DEC-1912 00:00,1912,12,-0.265,NA,PDO,NA,NA,Pacific Decadal Oscillation,NA
01-JAN-1913 00:00,1913,1,-0.304,NA,PDO,NA,NA,Pacific Decadal Oscillation,NA
01-FEB-1913 00:00,1913,2,0.211,NA,PDO,NA,NA,Pacific Decadal Oscillation,NA
01-MAR-1913 00:00,1913,3,-0.087,NA,PDO,NA,NA,Pacific Decadal Oscillation,NA
01-APR-1913 00:00,1913,4,-0.506,NA,PDO,NA,NA,Pacific Decadal Oscillation,NA
01-MAY-1913 00:00,1913,5,0.201,NA,PDO,NA,NA,Pacific Decadal Oscillation,NA
01-JUN-1913 00:00,1913,6,0.128,NA,PDO,NA,NA,Pacific Decadal Oscillation,NA
01-JUL-1913 00:00,1913,7,0.743,NA,PDO,NA,NA,Pacific Decadal Oscillation,NA
01-AUG-1913 00:00,1913,8,1.206,NA,PDO,NA,NA,Pacific Decadal Oscillation,NA
01-SEP-1913 00:00,1913,9,0.877,NA,PDO,NA,NA,Pacific Decadal Oscillation,NA
01-OCT-1913 00:00,1913,10,0.617,NA,PDO,NA,NA,Pacific Decadal Oscillation,NA
01-NOV-1913 00:00,1913,11,0.505,NA,PDO,NA,NA,Pacific Decadal Oscillation,NA
01-DEC-1913 00:00,1913,12,0.04,NA,PDO,NA,NA,Pacific Decadal Oscillation,NA
01-JAN-1914 00:00,1914,1,-0.215,NA,PDO,NA,NA,Pacific Decadal Oscillation,NA
01-FEB-1914 00:00,1914,2,-0.027,NA,PDO,NA,NA,Pacific Decadal Oscillation,NA
01-MAR-1914 00:00,1914,3,0.294,NA,PDO,NA,NA,Pacific Decadal Oscillation,NA
01-APR-1914 00:00,1914,4,0.948,NA,PDO,NA,NA,Pacific Decadal Oscillation,NA
01-MAY-1914 00:00,1914,5,0.708,NA,PDO,NA,NA,Pacific Decadal Oscillation,NA
01-JUN-1914 00:00,1914,6,-0.57,NA,PDO,NA,NA,Pacific Decadal Oscillation,NA
01-JUL-1914 00:00,1914,7,-0.39,NA,PDO,NA,NA,Pacific Decadal Oscillation,NA
01-AUG-1914 00:00,1914,8,-0.251,NA,PDO,NA,NA,Pacific Decadal Oscillation,NA
01-SEP-1914 00:00,1914,9,-0.355,NA,PDO,NA,NA,Pacific Decadal Oscillation,NA
01-OCT-1914 00:00,1914,10,-0.137,NA,PDO,NA,NA,Pacific Decadal Oscillation,NA
01-NOV-1914 00:00,1914,11,0.122,NA,PDO,NA,NA,Pacific Decadal Oscillation,NA
01-DEC-1914 00:00,1914,12,0.091,NA,PDO,NA,NA,Pacific Decadal Oscillation,NA
01-JAN-1915 00:00,1915,1,-0.397,NA,PDO,NA,NA,Pacific Decadal Oscillation,NA
01-FEB-1915 00:00,1915,2,-0.286,NA,PDO,NA,NA,Pacific Decadal Oscillation,NA
01-MAR-1915 00:00,1915,3,0.578,NA,PDO,NA,NA,Pacific Decadal Oscillation,NA
01-APR-1915 00:00,1915,4,1.45,NA,PDO,NA,NA,Pacific Decadal Oscillation,NA
01-MAY-1915 00:00,1915,5,1.661,NA,PDO,NA,NA,Pacific Decadal Oscillation,NA
01-JUN-1915 00:00,1915,6,1.605,NA,PDO,NA,NA,Pacific Decadal Oscillation,NA
01-JUL-1915 00:00,1915,7,1.602,NA,PDO,NA,NA,Pacific Decadal Oscillation,NA
01-AUG-1915 00:00,1915,8,1.03,NA,PDO,NA,NA,Pacific Decadal Oscillation,NA
01-SEP-1915 00:00,1915,9,0.585,NA,PDO,NA,NA,Pacific Decadal Oscillation,NA
01-OCT-1915 00:00,1915,10,-0.727,NA,PDO,NA,NA,Pacific Decadal Oscillation,NA
01-NOV-1915 00:00,1915,11,-1.066,NA,PDO,NA,NA,Pacific Decadal Oscillation,NA
01-DEC-1915 00:00,1915,12,-0.641,NA,PDO,NA,NA,Pacific Decadal Oscillation,NA
01-JAN-1916 00:00,1916,1,-1.114,NA,PDO,NA,NA,Pacific Decadal Oscillation,NA
01-FEB-1916 00:00,1916,2,-1.116,NA,PDO,NA,NA,Pacific Decadal Oscillation,NA
01-MAR-1916 00:00,1916,3,-0.941,NA,PDO,NA,NA,Pacific Decadal Oscillation,NA
01-APR-1916 00:00,1916,4,-0.339,NA,PDO,NA,NA,Pacific Decadal Oscillation,NA
01-MAY-1916 00:00,1916,5,-0.204,NA,PDO,NA,NA,Pacific Decadal Oscillation,NA
01-JUN-1916 00:00,1916,6,-1.155,NA,PDO,NA,NA,Pacific Decadal Oscillation,NA
01-JUL-1916 00:00,1916,7,-1.127,NA,PDO,NA,NA,Pacific Decadal Oscillation,NA
01-AUG-1916 00:00,1916,8,-1.568,NA,PDO,NA,NA,Pacific Decadal Oscillation,NA
01-SEP-1916 00:00,1916,9,-1.476,NA,PDO,NA,NA,Pacific Decadal Oscillation,NA
01-OCT-1916 00:00,1916,10,-1.452,NA,PDO,NA,NA,Pacific Decadal Oscillation,NA
01-NOV-1916 00:00,1916,11,-2.164,NA,PDO,NA,NA,Pacific Decadal Oscillation,NA
01-DEC-1916 00:00,1916,12,-2.274,NA,PDO,NA,NA,Pacific Decadal Oscillation,NA
01-JAN-1917 00:00,1917,1,-1.695,NA,PDO,NA,NA,Pacific Decadal Oscillation,NA
01-FEB-1917 00:00,1917,2,-1.624,NA,PDO,NA,NA,Pacific Decadal Oscillation,NA
01-MAR-1917 00:00,1917,3,-1.794,NA,PDO,NA,NA,Pacific Decadal Oscillation,NA
01-APR-1917 00:00,1917,4,-1.591,NA,PDO,NA,NA,Pacific Decadal Oscillation,NA
01-MAY-1917 00:00,1917,5,-1.087,NA,PDO,NA,NA,Pacific Decadal Oscillation,NA
01-JUN-1917 00:00,1917,6,-0.897,NA,PDO,NA,NA,Pacific Decadal Oscillation,NA
01-JUL-1917 00:00,1917,7,-0.51,NA,PDO,NA,NA,Pacific Decadal Oscillation,NA
01-AUG-1917 00:00,1917,8,-0.219,NA,PDO,NA,NA,Pacific Decadal Oscillation,NA
01-SEP-1917 00:00,1917,9,-0.697,NA,PDO,NA,NA,Pacific Decadal Oscillation,NA
01-OCT-1917 00:00,1917,10,-1.155,NA,PDO,NA,NA,Pacific Decadal Oscillation,NA
01-NOV-1917 00:00,1917,11,-0.935,NA,PDO,NA,NA,Pacific Decadal Oscillation,NA
01-DEC-1917 00:00,1917,12,-0.584,NA,PDO,NA,NA,Pacific Decadal Oscillation,NA
01-JAN-1918 00:00,1918,1,0.153,NA,PDO,NA,NA,Pacific Decadal Oscillation,NA
01-FEB-1918 00:00,1918,2,-0.208,NA,PDO,NA,NA,Pacific Decadal Oscillation,NA
01-MAR-1918 00:00,1918,3,-0.725,NA,PDO,NA,NA,Pacific Decadal Oscillation,NA
01-APR-1918 00:00,1918,4,-0.606,NA,PDO,NA,NA,Pacific Decadal Oscillation,NA
01-MAY-1918 00:00,1918,5,-0.761,NA,PDO,NA,NA,Pacific Decadal Oscillation,NA
01-JUN-1918 00:00,1918,6,-0.404,NA,PDO,NA,NA,Pacific Decadal Oscillation,NA
01-JUL-1918 00:00,1918,7,0.066,NA,PDO,NA,NA,Pacific Decadal Oscillation,NA
01-AUG-1918 00:00,1918,8,0.292,NA,PDO,NA,NA,Pacific Decadal Oscillation,NA
01-SEP-1918 00:00,1918,9,0.643,NA,PDO,NA,NA,Pacific Decadal Oscillation,NA
01-OCT-1918 00:00,1918,10,1.407,NA,PDO,NA,NA,Pacific Decadal Oscillation,NA
01-NOV-1918 00:00,1918,11,1.223,NA,PDO,NA,NA,Pacific Decadal Oscillation,NA
01-DEC-1918 00:00,1918,12,0.364,NA,PDO,NA,NA,Pacific Decadal Oscillation,NA
01-JAN-1919 00:00,1919,1,0.354,NA,PDO,NA,NA,Pacific Decadal Oscillation,NA
01-FEB-1919 00:00,1919,2,-0.009,NA,PDO,NA,NA,Pacific Decadal Oscillation,NA
01-MAR-1919 00:00,1919,3,-0.375,NA,PDO,NA,NA,Pacific Decadal Oscillation,NA
01-APR-1919 00:00,1919,4,-0.395,NA,PDO,NA,NA,Pacific Decadal Oscillation,NA
01-MAY-1919 00:00,1919,5,-0.834,NA,PDO,NA,NA,Pacific Decadal Oscillation,NA
01-JUN-1919 00:00,1919,6,-1.216,NA,PDO,NA,NA,Pacific Decadal Oscillation,NA
01-JUL-1919 00:00,1919,7,-1.286,NA,PDO,NA,NA,Pacific Decadal Oscillation,NA
01-AUG-1919 00:00,1919,8,-0.448,NA,PDO,NA,NA,Pacific Decadal Oscillation,NA
01-SEP-1919 00:00,1919,9,0.115,NA,PDO,NA,NA,Pacific Decadal Oscillation,NA
01-OCT-1919 00:00,1919,10,-0.112,NA,PDO,NA,NA,Pacific Decadal Oscillation,NA
01-NOV-1919 00:00,1919,11,-0.569,NA,PDO,NA,NA,Pacific Decadal Oscillation,NA
01-DEC-1919 00:00,1919,12,-0.448,NA,PDO,NA,NA,Pacific Decadal Oscillation,NA
01-JAN-1920 00:00,1920,1,-1.089,NA,PDO,NA,NA,Pacific Decadal Oscillation,NA
01-FEB-1920 00:00,1920,2,-0.685,NA,PDO,NA,NA,Pacific Decadal Oscillation,NA
01-MAR-1920 00:00,1920,3,-0.571,NA,PDO,NA,NA,Pacific Decadal Oscillation,NA
01-APR-1920 00:00,1920,4,-0.815,NA,PDO,NA,NA,Pacific Decadal Oscillation,NA
01-MAY-1920 00:00,1920,5,-0.538,NA,PDO,NA,NA,Pacific Decadal Oscillation,NA
01-JUN-1920 00:00,1920,6,-0.726,NA,PDO,NA,NA,Pacific Decadal Oscillation,NA
01-JUL-1920 00:00,1920,7,-0.877,NA,PDO,NA,NA,Pacific Decadal Oscillation,NA
01-AUG-1920 00:00,1920,8,-1.296,NA,PDO,NA,NA,Pacific Decadal Oscillation,NA
01-SEP-1920 00:00,1920,9,-1.388,NA,PDO,NA,NA,Pacific Decadal Oscillation,NA
01-OCT-1920 00:00,1920,10,-1.154,NA,PDO,NA,NA,Pacific Decadal Oscillation,NA
01-NOV-1920 00:00,1920,11,-0.476,NA,PDO,NA,NA,Pacific Decadal Oscillation,NA
01-DEC-1920 00:00,1920,12,-0.638,NA,PDO,NA,NA,Pacific Decadal Oscillation,NA
01-JAN-1921 00:00,1921,1,-1.021,NA,PDO,NA,NA,Pacific Decadal Oscillation,NA
01-FEB-1921 00:00,1921,2,-1.297,NA,PDO,NA,NA,Pacific Decadal Oscillation,NA
01-MAR-1921 00:00,1921,3,-0.687,NA,PDO,NA,NA,Pacific Decadal Oscillation,NA
01-APR-1921 00:00,1921,4,-1.459,NA,PDO,NA,NA,Pacific Decadal Oscillation,NA
01-MAY-1921 00:00,1921,5,-1.257,NA,PDO,NA,NA,Pacific Decadal Oscillation,NA
01-JUN-1921 00:00,1921,6,-0.986,NA,PDO,NA,NA,Pacific Decadal Oscillation,NA
01-JUL-1921 00:00,1921,7,-1.076,NA,PDO,NA,NA,Pacific Decadal Oscillation,NA
01-AUG-1921 00:00,1921,8,-1.235,NA,PDO,NA,NA,Pacific Decadal Oscillation,NA
01-SEP-1921 00:00,1921,9,-1.098,NA,PDO,NA,NA,Pacific Decadal Oscillation,NA
01-OCT-1921 00:00,1921,10,-1.164,NA,PDO,NA,NA,Pacific Decadal Oscillation,NA
01-NOV-1921 00:00,1921,11,-0.562,NA,PDO,NA,NA,Pacific Decadal Oscillation,NA
01-DEC-1921 00:00,1921,12,-0.097,NA,PDO,NA,NA,Pacific Decadal Oscillation,NA
01-JAN-1922 00:00,1922,1,-0.179,NA,PDO,NA,NA,Pacific Decadal Oscillation,NA
01-FEB-1922 00:00,1922,2,-1.024,NA,PDO,NA,NA,Pacific Decadal Oscillation,NA
01-MAR-1922 00:00,1922,3,-1.27,NA,PDO,NA,NA,Pacific Decadal Oscillation,NA
01-APR-1922 00:00,1922,4,-1.427,NA,PDO,NA,NA,Pacific Decadal Oscillation,NA
01-MAY-1922 00:00,1922,5,-1.436,NA,PDO,NA,NA,Pacific Decadal Oscillation,NA
01-JUN-1922 00:00,1922,6,-0.853,NA,PDO,NA,NA,Pacific Decadal Oscillation,NA
01-JUL-1922 00:00,1922,7,-0.422,NA,PDO,NA,NA,Pacific Decadal Oscillation,NA
01-AUG-1922 00:00,1922,8,-0.095,NA,PDO,NA,NA,Pacific Decadal Oscillation,NA
01-SEP-1922 00:00,1922,9,-0.15,NA,PDO,NA,NA,Pacific Decadal Oscillation,NA
01-OCT-1922 00:00,1922,10,-0.053,NA,PDO,NA,NA,Pacific Decadal Oscillation,NA
01-NOV-1922 00:00,1922,11,-0.483,NA,PDO,NA,NA,Pacific Decadal Oscillation,NA
01-DEC-1922 00:00,1922,12,0.2,NA,PDO,NA,NA,Pacific Decadal Oscillation,NA
01-JAN-1923 00:00,1923,1,0.1,NA,PDO,NA,NA,Pacific Decadal Oscillation,NA
01-FEB-1923 00:00,1923,2,-0.658,NA,PDO,NA,NA,Pacific Decadal Oscillation,NA
01-MAR-1923 00:00,1923,3,-0.785,NA,PDO,NA,NA,Pacific Decadal Oscillation,NA
01-APR-1923 00:00,1923,4,-0.301,NA,PDO,NA,NA,Pacific Decadal Oscillation,NA
01-MAY-1923 00:00,1923,5,0.36,NA,PDO,NA,NA,Pacific Decadal Oscillation,NA
01-JUN-1923 00:00,1923,6,-0.8,NA,PDO,NA,NA,Pacific Decadal Oscillation,NA
01-JUL-1923 00:00,1923,7,0.592,NA,PDO,NA,NA,Pacific Decadal Oscillation,NA
01-AUG-1923 00:00,1923,8,0.336,NA,PDO,NA,NA,Pacific Decadal Oscillation,NA
01-SEP-1923 00:00,1923,9,0.063,NA,PDO,NA,NA,Pacific Decadal Oscillation,NA
01-OCT-1923 00:00,1923,10,0.389,NA,PDO,NA,NA,Pacific Decadal Oscillation,NA
01-NOV-1923 00:00,1923,11,-0.134,NA,PDO,NA,NA,Pacific Decadal Oscillation,NA
01-DEC-1923 00:00,1923,12,-0.252,NA,PDO,NA,NA,Pacific Decadal Oscillation,NA
01-JAN-1924 00:00,1924,1,-0.742,NA,PDO,NA,NA,Pacific Decadal Oscillation,NA
01-FEB-1924 00:00,1924,2,-0.801,NA,PDO,NA,NA,Pacific Decadal Oscillation,NA
01-MAR-1924 00:00,1924,3,-0.443,NA,PDO,NA,NA,Pacific Decadal Oscillation,NA
01-APR-1924 00:00,1924,4,-0.835,NA,PDO,NA,NA,Pacific Decadal Oscillation,NA
01-MAY-1924 00:00,1924,5,-0.132,NA,PDO,NA,NA,Pacific Decadal Oscillation,NA
01-JUN-1924 00:00,1924,6,-0.09,NA,PDO,NA,NA,Pacific Decadal Oscillation,NA
01-JUL-1924 00:00,1924,7,-0.409,NA,PDO,NA,NA,Pacific Decadal Oscillation,NA
01-AUG-1924 00:00,1924,8,-0.771,NA,PDO,NA,NA,Pacific Decadal Oscillation,NA
01-SEP-1924 00:00,1924,9,-1.29,NA,PDO,NA,NA,Pacific Decadal Oscillation,NA
01-OCT-1924 00:00,1924,10,-1.755,NA,PDO,NA,NA,Pacific Decadal Oscillation,NA
01-NOV-1924 00:00,1924,11,-1.393,NA,PDO,NA,NA,Pacific Decadal Oscillation,NA
01-DEC-1924 00:00,1924,12,-0.542,NA,PDO,NA,NA,Pacific Decadal Oscillation,NA
01-JAN-1925 00:00,1925,1,-1.169,NA,PDO,NA,NA,Pacific Decadal Oscillation,NA
01-FEB-1925 00:00,1925,2,-0.856,NA,PDO,NA,NA,Pacific Decadal Oscillation,NA
01-MAR-1925 00:00,1925,3,-0.735,NA,PDO,NA,NA,Pacific Decadal Oscillation,NA
01-APR-1925 00:00,1925,4,-1.012,NA,PDO,NA,NA,Pacific Decadal Oscillation,NA
01-MAY-1925 00:00,1925,5,-0.441,NA,PDO,NA,NA,Pacific Decadal Oscillation,NA
01-JUN-1925 00:00,1925,6,-0.765,NA,PDO,NA,NA,Pacific Decadal Oscillation,NA
01-JUL-1925 00:00,1925,7,-0.33,NA,PDO,NA,NA,Pacific Decadal Oscillation,NA
01-AUG-1925 00:00,1925,8,-0.127,NA,PDO,NA,NA,Pacific Decadal Oscillation,NA
01-SEP-1925 00:00,1925,9,0.445,NA,PDO,NA,NA,Pacific Decadal Oscillation,NA
01-OCT-1925 00:00,1925,10,0.572,NA,PDO,NA,NA,Pacific Decadal Oscillation,NA
01-NOV-1925 00:00,1925,11,0.943,NA,PDO,NA,NA,Pacific Decadal Oscillation,NA
01-DEC-1925 00:00,1925,12,0.662,NA,PDO,NA,NA,Pacific Decadal Oscillation,NA
01-JAN-1926 00:00,1926,1,0.873,NA,PDO,NA,NA,Pacific Decadal Oscillation,NA
01-FEB-1926 00:00,1926,2,1.08,NA,PDO,NA,NA,Pacific Decadal Oscillation,NA
01-MAR-1926 00:00,1926,3,1.156,NA,PDO,NA,NA,Pacific Decadal Oscillation,NA
01-APR-1926 00:00,1926,4,1.766,NA,PDO,NA,NA,Pacific Decadal Oscillation,NA
01-MAY-1926 00:00,1926,5,2.209,NA,PDO,NA,NA,Pacific Decadal Oscillation,NA
01-JUN-1926 00:00,1926,6,1.518,NA,PDO,NA,NA,Pacific Decadal Oscillation,NA
01-JUL-1926 00:00,1926,7,2.102,NA,PDO,NA,NA,Pacific Decadal Oscillation,NA
01-AUG-1926 00:00,1926,8,1.798,NA,PDO,NA,NA,Pacific Decadal Oscillation,NA
01-SEP-1926 00:00,1926,9,1.632,NA,PDO,NA,NA,Pacific Decadal Oscillation,NA
01-OCT-1926 00:00,1926,10,1.569,NA,PDO,NA,NA,Pacific Decadal Oscillation,NA
01-NOV-1926 00:00,1926,11,2.023,NA,PDO,NA,NA,Pacific Decadal Oscillation,NA
01-DEC-1926 00:00,1926,12,1.632,NA,PDO,NA,NA,Pacific Decadal Oscillation,NA
01-JAN-1927 00:00,1927,1,0.713,NA,PDO,NA,NA,Pacific Decadal Oscillation,NA
01-FEB-1927 00:00,1927,2,1.134,NA,PDO,NA,NA,Pacific Decadal Oscillation,NA
01-MAR-1927 00:00,1927,3,0.776,NA,PDO,NA,NA,Pacific Decadal Oscillation,NA
01-APR-1927 00:00,1927,4,0.163,NA,PDO,NA,NA,Pacific Decadal Oscillation,NA
01-MAY-1927 00:00,1927,5,0.137,NA,PDO,NA,NA,Pacific Decadal Oscillation,NA
01-JUN-1927 00:00,1927,6,0.485,NA,PDO,NA,NA,Pacific Decadal Oscillation,NA
01-JUL-1927 00:00,1927,7,-0.171,NA,PDO,NA,NA,Pacific Decadal Oscillation,NA
01-AUG-1927 00:00,1927,8,-0.252,NA,PDO,NA,NA,Pacific Decadal Oscillation,NA
01-SEP-1927 00:00,1927,9,0.266,NA,PDO,NA,NA,Pacific Decadal Oscillation,NA
01-OCT-1927 00:00,1927,10,-0.457,NA,PDO,NA,NA,Pacific Decadal Oscillation,NA
01-NOV-1927 00:00,1927,11,-0.285,NA,PDO,NA,NA,Pacific Decadal Oscillation,NA
01-DEC-1927 00:00,1927,12,-0.24,NA,PDO,NA,NA,Pacific Decadal Oscillation,NA
01-JAN-1928 00:00,1928,1,0.282,NA,PDO,NA,NA,Pacific Decadal Oscillation,NA
01-FEB-1928 00:00,1928,2,0.556,NA,PDO,NA,NA,Pacific Decadal Oscillation,NA
01-MAR-1928 00:00,1928,3,0.815,NA,PDO,NA,NA,Pacific Decadal Oscillation,NA
01-APR-1928 00:00,1928,4,0.526,NA,PDO,NA,NA,Pacific Decadal Oscillation,NA
01-MAY-1928 00:00,1928,5,0.654,NA,PDO,NA,NA,Pacific Decadal Oscillation,NA
01-JUN-1928 00:00,1928,6,1.037,NA,PDO,NA,NA,Pacific Decadal Oscillation,NA
01-JUL-1928 00:00,1928,7,-0.289,NA,PDO,NA,NA,Pacific Decadal Oscillation,NA
01-AUG-1928 00:00,1928,8,-0.446,NA,PDO,NA,NA,Pacific Decadal Oscillation,NA
01-SEP-1928 00:00,1928,9,-1.223,NA,PDO,NA,NA,Pacific Decadal Oscillation,NA
01-OCT-1928 00:00,1928,10,-0.769,NA,PDO,NA,NA,Pacific Decadal Oscillation,NA
01-NOV-1928 00:00,1928,11,0.203,NA,PDO,NA,NA,Pacific Decadal Oscillation,NA
01-DEC-1928 00:00,1928,12,0.387,NA,PDO,NA,NA,Pacific Decadal Oscillation,NA
01-JAN-1929 00:00,1929,1,0.496,NA,PDO,NA,NA,Pacific Decadal Oscillation,NA
01-FEB-1929 00:00,1929,2,0.032,NA,PDO,NA,NA,Pacific Decadal Oscillation,NA
01-MAR-1929 00:00,1929,3,-0.051,NA,PDO,NA,NA,Pacific Decadal Oscillation,NA
01-APR-1929 00:00,1929,4,0.276,NA,PDO,NA,NA,Pacific Decadal Oscillation,NA
01-MAY-1929 00:00,1929,5,0.346,NA,PDO,NA,NA,Pacific Decadal Oscillation,NA
01-JUN-1929 00:00,1929,6,0.314,NA,PDO,NA,NA,Pacific Decadal Oscillation,NA
01-JUL-1929 00:00,1929,7,0.054,NA,PDO,NA,NA,Pacific Decadal Oscillation,NA
01-AUG-1929 00:00,1929,8,0.107,NA,PDO,NA,NA,Pacific Decadal Oscillation,NA
01-SEP-1929 00:00,1929,9,0.912,NA,PDO,NA,NA,Pacific Decadal Oscillation,NA
01-OCT-1929 00:00,1929,10,0.955,NA,PDO,NA,NA,Pacific Decadal Oscillation,NA
01-NOV-1929 00:00,1929,11,0.616,NA,PDO,NA,NA,Pacific Decadal Oscillation,NA
01-DEC-1929 00:00,1929,12,1.37,NA,PDO,NA,NA,Pacific Decadal Oscillation,NA
01-JAN-1930 00:00,1930,1,0.892,NA,PDO,NA,NA,Pacific Decadal Oscillation,NA
01-FEB-1930 00:00,1930,2,0.589,NA,PDO,NA,NA,Pacific Decadal Oscillation,NA
01-MAR-1930 00:00,1930,3,0.292,NA,PDO,NA,NA,Pacific Decadal Oscillation,NA
01-APR-1930 00:00,1930,4,0.292,NA,PDO,NA,NA,Pacific Decadal Oscillation,NA
01-MAY-1930 00:00,1930,5,0.146,NA,PDO,NA,NA,Pacific Decadal Oscillation,NA
01-JUN-1930 00:00,1930,6,0.021,NA,PDO,NA,NA,Pacific Decadal Oscillation,NA
01-JUL-1930 00:00,1930,7,0.171,NA,PDO,NA,NA,Pacific Decadal Oscillation,NA
01-AUG-1930 00:00,1930,8,0.152,NA,PDO,NA,NA,Pacific Decadal Oscillation,NA
01-SEP-1930 00:00,1930,9,0.691,NA,PDO,NA,NA,Pacific Decadal Oscillation,NA
01-OCT-1930 00:00,1930,10,0.321,NA,PDO,NA,NA,Pacific Decadal Oscillation,NA
01-NOV-1930 00:00,1930,11,0.081,NA,PDO,NA,NA,Pacific Decadal Oscillation,NA
01-DEC-1930 00:00,1930,12,0.539,NA,PDO,NA,NA,Pacific Decadal Oscillation,NA
01-JAN-1931 00:00,1931,1,0.834,NA,PDO,NA,NA,Pacific Decadal Oscillation,NA
01-FEB-1931 00:00,1931,2,0.752,NA,PDO,NA,NA,Pacific Decadal Oscillation,NA
01-MAR-1931 00:00,1931,3,0.869,NA,PDO,NA,NA,Pacific Decadal Oscillation,NA
01-APR-1931 00:00,1931,4,1.459,NA,PDO,NA,NA,Pacific Decadal Oscillation,NA
01-MAY-1931 00:00,1931,5,2.018,NA,PDO,NA,NA,Pacific Decadal Oscillation,NA
01-JUN-1931 00:00,1931,6,1.764,NA,PDO,NA,NA,Pacific Decadal Oscillation,NA
01-JUL-1931 00:00,1931,7,2.081,NA,PDO,NA,NA,Pacific Decadal Oscillation,NA
01-AUG-1931 00:00,1931,8,1.172,NA,PDO,NA,NA,Pacific Decadal Oscillation,NA
01-SEP-1931 00:00,1931,9,1.067,NA,PDO,NA,NA,Pacific Decadal Oscillation,NA
01-OCT-1931 00:00,1931,10,0.344,NA,PDO,NA,NA,Pacific Decadal Oscillation,NA
01-NOV-1931 00:00,1931,11,-0.123,NA,PDO,NA,NA,Pacific Decadal Oscillation,NA
01-DEC-1931 00:00,1931,12,-0.756,NA,PDO,NA,NA,Pacific Decadal Oscillation,NA
01-JAN-1932 00:00,1932,1,-1.01,NA,PDO,NA,NA,Pacific Decadal Oscillation,NA
01-FEB-1932 00:00,1932,2,-1.253,NA,PDO,NA,NA,Pacific Decadal Oscillation,NA
01-MAR-1932 00:00,1932,3,-0.427,NA,PDO,NA,NA,Pacific Decadal Oscillation,NA
01-APR-1932 00:00,1932,4,0.509,NA,PDO,NA,NA,Pacific Decadal Oscillation,NA
01-MAY-1932 00:00,1932,5,0.02,NA,PDO,NA,NA,Pacific Decadal Oscillation,NA
01-JUN-1932 00:00,1932,6,-0.187,NA,PDO,NA,NA,Pacific Decadal Oscillation,NA
01-JUL-1932 00:00,1932,7,-0.126,NA,PDO,NA,NA,Pacific Decadal Oscillation,NA
01-AUG-1932 00:00,1932,8,-0.041,NA,PDO,NA,NA,Pacific Decadal Oscillation,NA
01-SEP-1932 00:00,1932,9,-0.76,NA,PDO,NA,NA,Pacific Decadal Oscillation,NA
01-OCT-1932 00:00,1932,10,-0.055,NA,PDO,NA,NA,Pacific Decadal Oscillation,NA
01-NOV-1932 00:00,1932,11,-0.427,NA,PDO,NA,NA,Pacific Decadal Oscillation,NA
01-DEC-1932 00:00,1932,12,-0.14,NA,PDO,NA,NA,Pacific Decadal Oscillation,NA
01-JAN-1933 00:00,1933,1,-0.842,NA,PDO,NA,NA,Pacific Decadal Oscillation,NA
01-FEB-1933 00:00,1933,2,-1.017,NA,PDO,NA,NA,Pacific Decadal Oscillation,NA
01-MAR-1933 00:00,1933,3,-1.116,NA,PDO,NA,NA,Pacific Decadal Oscillation,NA
01-APR-1933 00:00,1933,4,-0.883,NA,PDO,NA,NA,Pacific Decadal Oscillation,NA
01-MAY-1933 00:00,1933,5,-1.534,NA,PDO,NA,NA,Pacific Decadal Oscillation,NA
01-JUN-1933 00:00,1933,6,-2.022,NA,PDO,NA,NA,Pacific Decadal Oscillation,NA
01-JUL-1933 00:00,1933,7,-2.517,NA,PDO,NA,NA,Pacific Decadal Oscillation,NA
01-AUG-1933 00:00,1933,8,-2.138,NA,PDO,NA,NA,Pacific Decadal Oscillation,NA
01-SEP-1933 00:00,1933,9,-2.303,NA,PDO,NA,NA,Pacific Decadal Oscillation,NA
01-OCT-1933 00:00,1933,10,-1.486,NA,PDO,NA,NA,Pacific Decadal Oscillation,NA
01-NOV-1933 00:00,1933,11,-0.459,NA,PDO,NA,NA,Pacific Decadal Oscillation,NA
01-DEC-1933 00:00,1933,12,-0.746,NA,PDO,NA,NA,Pacific Decadal Oscillation,NA
01-JAN-1934 00:00,1934,1,-0.6,NA,PDO,NA,NA,Pacific Decadal Oscillation,NA
01-FEB-1934 00:00,1934,2,-0.017,NA,PDO,NA,NA,Pacific Decadal Oscillation,NA
01-MAR-1934 00:00,1934,3,0.562,NA,PDO,NA,NA,Pacific Decadal Oscillation,NA
01-APR-1934 00:00,1934,4,1.07,NA,PDO,NA,NA,Pacific Decadal Oscillation,NA
01-MAY-1934 00:00,1934,5,0.724,NA,PDO,NA,NA,Pacific Decadal Oscillation,NA
01-JUN-1934 00:00,1934,6,-0.134,NA,PDO,NA,NA,Pacific Decadal Oscillation,NA
01-JUL-1934 00:00,1934,7,0.206,NA,PDO,NA,NA,Pacific Decadal Oscillation,NA
01-AUG-1934 00:00,1934,8,1.171,NA,PDO,NA,NA,Pacific Decadal Oscillation,NA
01-SEP-1934 00:00,1934,9,1.093,NA,PDO,NA,NA,Pacific Decadal Oscillation,NA
01-OCT-1934 00:00,1934,10,1.749,NA,PDO,NA,NA,Pacific Decadal Oscillation,NA
01-NOV-1934 00:00,1934,11,1.439,NA,PDO,NA,NA,Pacific Decadal Oscillation,NA
01-DEC-1934 00:00,1934,12,1.105,NA,PDO,NA,NA,Pacific Decadal Oscillation,NA
01-JAN-1935 00:00,1935,1,0.417,NA,PDO,NA,NA,Pacific Decadal Oscillation,NA
01-FEB-1935 00:00,1935,2,0.081,NA,PDO,NA,NA,Pacific Decadal Oscillation,NA
01-MAR-1935 00:00,1935,3,-0.252,NA,PDO,NA,NA,Pacific Decadal Oscillation,NA
01-APR-1935 00:00,1935,4,0.243,NA,PDO,NA,NA,Pacific Decadal Oscillation,NA
01-MAY-1935 00:00,1935,5,0.81,NA,PDO,NA,NA,Pacific Decadal Oscillation,NA
01-JUN-1935 00:00,1935,6,1.15,NA,PDO,NA,NA,Pacific Decadal Oscillation,NA
01-JUL-1935 00:00,1935,7,0.516,NA,PDO,NA,NA,Pacific Decadal Oscillation,NA
01-AUG-1935 00:00,1935,8,0.516,NA,PDO,NA,NA,Pacific Decadal Oscillation,NA
01-SEP-1935 00:00,1935,9,0.614,NA,PDO,NA,NA,Pacific Decadal Oscillation,NA
01-OCT-1935 00:00,1935,10,0.73,NA,PDO,NA,NA,Pacific Decadal Oscillation,NA
01-NOV-1935 00:00,1935,11,0.486,NA,PDO,NA,NA,Pacific Decadal Oscillation,NA
01-DEC-1935 00:00,1935,12,1.305,NA,PDO,NA,NA,Pacific Decadal Oscillation,NA
01-JAN-1936 00:00,1936,1,1.747,NA,PDO,NA,NA,Pacific Decadal Oscillation,NA
01-FEB-1936 00:00,1936,2,1.416,NA,PDO,NA,NA,Pacific Decadal Oscillation,NA
01-MAR-1936 00:00,1936,3,1.001,NA,PDO,NA,NA,Pacific Decadal Oscillation,NA
01-APR-1936 00:00,1936,4,1.159,NA,PDO,NA,NA,Pacific Decadal Oscillation,NA
01-MAY-1936 00:00,1936,5,1.541,NA,PDO,NA,NA,Pacific Decadal Oscillation,NA
01-JUN-1936 00:00,1936,6,2.028,NA,PDO,NA,NA,Pacific Decadal Oscillation,NA
01-JUL-1936 00:00,1936,7,2.48,NA,PDO,NA,NA,Pacific Decadal Oscillation,NA
01-AUG-1936 00:00,1936,8,1.988,NA,PDO,NA,NA,Pacific Decadal Oscillation,NA
01-SEP-1936 00:00,1936,9,1.202,NA,PDO,NA,NA,Pacific Decadal Oscillation,NA
01-OCT-1936 00:00,1936,10,2.043,NA,PDO,NA,NA,Pacific Decadal Oscillation,NA
01-NOV-1936 00:00,1936,11,2.589,NA,PDO,NA,NA,Pacific Decadal Oscillation,NA
01-DEC-1936 00:00,1936,12,1.343,NA,PDO,NA,NA,Pacific Decadal Oscillation,NA
01-JAN-1937 00:00,1937,1,0.156,NA,PDO,NA,NA,Pacific Decadal Oscillation,NA
01-FEB-1937 00:00,1937,2,-0.187,NA,PDO,NA,NA,Pacific Decadal Oscillation,NA
01-MAR-1937 00:00,1937,3,-0.014,NA,PDO,NA,NA,Pacific Decadal Oscillation,NA
01-APR-1937 00:00,1937,4,-0.403,NA,PDO,NA,NA,Pacific Decadal Oscillation,NA
01-MAY-1937 00:00,1937,5,-0.019,NA,PDO,NA,NA,Pacific Decadal Oscillation,NA
01-JUN-1937 00:00,1937,6,1.383,NA,PDO,NA,NA,Pacific Decadal Oscillation,NA
01-JUL-1937 00:00,1937,7,0.137,NA,PDO,NA,NA,Pacific Decadal Oscillation,NA
01-AUG-1937 00:00,1937,8,-0.254,NA,PDO,NA,NA,Pacific Decadal Oscillation,NA
01-SEP-1937 00:00,1937,9,0.239,NA,PDO,NA,NA,Pacific Decadal Oscillation,NA
01-OCT-1937 00:00,1937,10,0.59,NA,PDO,NA,NA,Pacific Decadal Oscillation,NA
01-NOV-1937 00:00,1937,11,0.868,NA,PDO,NA,NA,Pacific Decadal Oscillation,NA
01-DEC-1937 00:00,1937,12,0.809,NA,PDO,NA,NA,Pacific Decadal Oscillation,NA
01-JAN-1938 00:00,1938,1,1.14,NA,PDO,NA,NA,Pacific Decadal Oscillation,NA
01-FEB-1938 00:00,1938,2,0.063,NA,PDO,NA,NA,Pacific Decadal Oscillation,NA
01-MAR-1938 00:00,1938,3,-0.397,NA,PDO,NA,NA,Pacific Decadal Oscillation,NA
01-APR-1938 00:00,1938,4,-0.081,NA,PDO,NA,NA,Pacific Decadal Oscillation,NA
01-MAY-1938 00:00,1938,5,-0.488,NA,PDO,NA,NA,Pacific Decadal Oscillation,NA
01-JUN-1938 00:00,1938,6,-0.439,NA,PDO,NA,NA,Pacific Decadal Oscillation,NA
01-JUL-1938 00:00,1938,7,-0.23,NA,PDO,NA,NA,Pacific Decadal Oscillation,NA
01-AUG-1938 00:00,1938,8,-0.187,NA,PDO,NA,NA,Pacific Decadal Oscillation,NA
01-SEP-1938 00:00,1938,9,0.066,NA,PDO,NA,NA,Pacific Decadal Oscillation,NA
01-OCT-1938 00:00,1938,10,0.819,NA,PDO,NA,NA,Pacific Decadal Oscillation,NA
01-NOV-1938 00:00,1938,11,0.007,NA,PDO,NA,NA,Pacific Decadal Oscillation,NA
01-DEC-1938 00:00,1938,12,0.683,NA,PDO,NA,NA,Pacific Decadal Oscillation,NA
01-JAN-1939 00:00,1939,1,0.578,NA,PDO,NA,NA,Pacific Decadal Oscillation,NA
01-FEB-1939 00:00,1939,2,-0.25,NA,PDO,NA,NA,Pacific Decadal Oscillation,NA
01-MAR-1939 00:00,1939,3,-0.647,NA,PDO,NA,NA,Pacific Decadal Oscillation,NA
01-APR-1939 00:00,1939,4,-0.007,NA,PDO,NA,NA,Pacific Decadal Oscillation,NA
01-MAY-1939 00:00,1939,5,0.176,NA,PDO,NA,NA,Pacific Decadal Oscillation,NA
01-JUN-1939 00:00,1939,6,0.075,NA,PDO,NA,NA,Pacific Decadal Oscillation,NA
01-JUL-1939 00:00,1939,7,-0.683,NA,PDO,NA,NA,Pacific Decadal Oscillation,NA
01-AUG-1939 00:00,1939,8,-0.59,NA,PDO,NA,NA,Pacific Decadal Oscillation,NA
01-SEP-1939 00:00,1939,9,-0.9,NA,PDO,NA,NA,Pacific Decadal Oscillation,NA
01-OCT-1939 00:00,1939,10,-0.998,NA,PDO,NA,NA,Pacific Decadal Oscillation,NA
01-NOV-1939 00:00,1939,11,-0.729,NA,PDO,NA,NA,Pacific Decadal Oscillation,NA
01-DEC-1939 00:00,1939,12,1.16,NA,PDO,NA,NA,Pacific Decadal Oscillation,NA
01-JAN-1940 00:00,1940,1,1.661,NA,PDO,NA,NA,Pacific Decadal Oscillation,NA
01-FEB-1940 00:00,1940,2,1.411,NA,PDO,NA,NA,Pacific Decadal Oscillation,NA
01-MAR-1940 00:00,1940,3,1.794,NA,PDO,NA,NA,Pacific Decadal Oscillation,NA
01-APR-1940 00:00,1940,4,2.133,NA,PDO,NA,NA,Pacific Decadal Oscillation,NA
01-MAY-1940 00:00,1940,5,1.983,NA,PDO,NA,NA,Pacific Decadal Oscillation,NA
01-JUN-1940 00:00,1940,6,2.301,NA,PDO,NA,NA,Pacific Decadal Oscillation,NA
01-JUL-1940 00:00,1940,7,2.083,NA,PDO,NA,NA,Pacific Decadal Oscillation,NA
01-AUG-1940 00:00,1940,8,1.711,NA,PDO,NA,NA,Pacific Decadal Oscillation,NA
01-SEP-1940 00:00,1940,9,1.543,NA,PDO,NA,NA,Pacific Decadal Oscillation,NA
01-OCT-1940 00:00,1940,10,1.442,NA,PDO,NA,NA,Pacific Decadal Oscillation,NA
01-NOV-1940 00:00,1940,11,1.717,NA,PDO,NA,NA,Pacific Decadal Oscillation,NA
01-DEC-1940 00:00,1940,12,2.425,NA,PDO,NA,NA,Pacific Decadal Oscillation,NA
01-JAN-1941 00:00,1941,1,2.584,NA,PDO,NA,NA,Pacific Decadal Oscillation,NA
01-FEB-1941 00:00,1941,2,2.77,NA,PDO,NA,NA,Pacific Decadal Oscillation,NA
01-MAR-1941 00:00,1941,3,2.392,NA,PDO,NA,NA,Pacific Decadal Oscillation,NA
01-APR-1941 00:00,1941,4,2.417,NA,PDO,NA,NA,Pacific Decadal Oscillation,NA
01-MAY-1941 00:00,1941,5,2.232,NA,PDO,NA,NA,Pacific Decadal Oscillation,NA
01-JUN-1941 00:00,1941,6,2.931,NA,PDO,NA,NA,Pacific Decadal Oscillation,NA
01-JUL-1941 00:00,1941,7,2.971,NA,PDO,NA,NA,Pacific Decadal Oscillation,NA
01-AUG-1941 00:00,1941,8,3.202,NA,PDO,NA,NA,Pacific Decadal Oscillation,NA
01-SEP-1941 00:00,1941,9,2.238,NA,PDO,NA,NA,Pacific Decadal Oscillation,NA
01-OCT-1941 00:00,1941,10,1.456,NA,PDO,NA,NA,Pacific Decadal Oscillation,NA
01-NOV-1941 00:00,1941,11,1.641,NA,PDO,NA,NA,Pacific Decadal Oscillation,NA
01-DEC-1941 00:00,1941,12,2.098,NA,PDO,NA,NA,Pacific Decadal Oscillation,NA
01-JAN-1942 00:00,1942,1,2.144,NA,PDO,NA,NA,Pacific Decadal Oscillation,NA
01-FEB-1942 00:00,1942,2,1.718,NA,PDO,NA,NA,Pacific Decadal Oscillation,NA
01-MAR-1942 00:00,1942,3,1.176,NA,PDO,NA,NA,Pacific Decadal Oscillation,NA
01-APR-1942 00:00,1942,4,1.181,NA,PDO,NA,NA,Pacific Decadal Oscillation,NA
01-MAY-1942 00:00,1942,5,0.832,NA,PDO,NA,NA,Pacific Decadal Oscillation,NA
01-JUN-1942 00:00,1942,6,1.023,NA,PDO,NA,NA,Pacific Decadal Oscillation,NA
01-JUL-1942 00:00,1942,7,0.832,NA,PDO,NA,NA,Pacific Decadal Oscillation,NA
01-AUG-1942 00:00,1942,8,0.87,NA,PDO,NA,NA,Pacific Decadal Oscillation,NA
01-SEP-1942 00:00,1942,9,0.509,NA,PDO,NA,NA,Pacific Decadal Oscillation,NA
01-OCT-1942 00:00,1942,10,0.452,NA,PDO,NA,NA,Pacific Decadal Oscillation,NA
01-NOV-1942 00:00,1942,11,-0.063,NA,PDO,NA,NA,Pacific Decadal Oscillation,NA
01-DEC-1942 00:00,1942,12,-0.877,NA,PDO,NA,NA,Pacific Decadal Oscillation,NA
01-JAN-1943 00:00,1943,1,-1.402,NA,PDO,NA,NA,Pacific Decadal Oscillation,NA
01-FEB-1943 00:00,1943,2,-0.746,NA,PDO,NA,NA,Pacific Decadal Oscillation,NA
01-MAR-1943 00:00,1943,3,0.156,NA,PDO,NA,NA,Pacific Decadal Oscillation,NA
01-APR-1943 00:00,1943,4,1.102,NA,PDO,NA,NA,Pacific Decadal Oscillation,NA
01-MAY-1943 00:00,1943,5,0.576,NA,PDO,NA,NA,Pacific Decadal Oscillation,NA
01-JUN-1943 00:00,1943,6,-0.169,NA,PDO,NA,NA,Pacific Decadal Oscillation,NA
01-JUL-1943 00:00,1943,7,-0.077,NA,PDO,NA,NA,Pacific Decadal Oscillation,NA
01-AUG-1943 00:00,1943,8,-1.249,NA,PDO,NA,NA,Pacific Decadal Oscillation,NA
01-SEP-1943 00:00,1943,9,-1.046,NA,PDO,NA,NA,Pacific Decadal Oscillation,NA
01-OCT-1943 00:00,1943,10,-1.181,NA,PDO,NA,NA,Pacific Decadal Oscillation,NA
01-NOV-1943 00:00,1943,11,-0.264,NA,PDO,NA,NA,Pacific Decadal Oscillation,NA
01-DEC-1943 00:00,1943,12,1.512,NA,PDO,NA,NA,Pacific Decadal Oscillation,NA
01-JAN-1944 00:00,1944,1,1.255,NA,PDO,NA,NA,Pacific Decadal Oscillation,NA
01-FEB-1944 00:00,1944,2,0.224,NA,PDO,NA,NA,Pacific Decadal Oscillation,NA
01-MAR-1944 00:00,1944,3,-0.24,NA,PDO,NA,NA,Pacific Decadal Oscillation,NA
01-APR-1944 00:00,1944,4,-0.442,NA,PDO,NA,NA,Pacific Decadal Oscillation,NA
01-MAY-1944 00:00,1944,5,-1.175,NA,PDO,NA,NA,Pacific Decadal Oscillation,NA
01-JUN-1944 00:00,1944,6,-1.658,NA,PDO,NA,NA,Pacific Decadal Oscillation,NA
01-JUL-1944 00:00,1944,7,-1.116,NA,PDO,NA,NA,Pacific Decadal Oscillation,NA
01-AUG-1944 00:00,1944,8,-0.457,NA,PDO,NA,NA,Pacific Decadal Oscillation,NA
01-SEP-1944 00:00,1944,9,-1.116,NA,PDO,NA,NA,Pacific Decadal Oscillation,NA
01-OCT-1944 00:00,1944,10,-0.88,NA,PDO,NA,NA,Pacific Decadal Oscillation,NA
01-NOV-1944 00:00,1944,11,-0.382,NA,PDO,NA,NA,Pacific Decadal Oscillation,NA
01-DEC-1944 00:00,1944,12,-0.349,NA,PDO,NA,NA,Pacific Decadal Oscillation,NA
01-JAN-1945 00:00,1945,1,0.05,NA,PDO,NA,NA,Pacific Decadal Oscillation,NA
01-FEB-1945 00:00,1945,2,-0.025,NA,PDO,NA,NA,Pacific Decadal Oscillation,NA
01-MAR-1945 00:00,1945,3,0.247,NA,PDO,NA,NA,Pacific Decadal Oscillation,NA
01-APR-1945 00:00,1945,4,-0.026,NA,PDO,NA,NA,Pacific Decadal Oscillation,NA
01-MAY-1945 00:00,1945,5,-0.06,NA,PDO,NA,NA,Pacific Decadal Oscillation,NA
01-JUN-1945 00:00,1945,6,0.402,NA,PDO,NA,NA,Pacific Decadal Oscillation,NA
01-JUL-1945 00:00,1945,7,0.762,NA,PDO,NA,NA,Pacific Decadal Oscillation,NA
01-AUG-1945 00:00,1945,8,0.207,NA,PDO,NA,NA,Pacific Decadal Oscillation,NA
01-SEP-1945 00:00,1945,9,0.214,NA,PDO,NA,NA,Pacific Decadal Oscillation,NA
01-OCT-1945 00:00,1945,10,0.15,NA,PDO,NA,NA,Pacific Decadal Oscillation,NA
01-NOV-1945 00:00,1945,11,-0.841,NA,PDO,NA,NA,Pacific Decadal Oscillation,NA
01-DEC-1945 00:00,1945,12,-1.488,NA,PDO,NA,NA,Pacific Decadal Oscillation,NA
01-JAN-1946 00:00,1946,1,-0.93,NA,PDO,NA,NA,Pacific Decadal Oscillation,NA
01-FEB-1946 00:00,1946,2,0.506,NA,PDO,NA,NA,Pacific Decadal Oscillation,NA
01-MAR-1946 00:00,1946,3,0.704,NA,PDO,NA,NA,Pacific Decadal Oscillation,NA
01-APR-1946 00:00,1946,4,0.72,NA,PDO,NA,NA,Pacific Decadal Oscillation,NA
01-MAY-1946 00:00,1946,5,-0.132,NA,PDO,NA,NA,Pacific Decadal Oscillation,NA
01-JUN-1946 00:00,1946,6,-0.386,NA,PDO,NA,NA,Pacific Decadal Oscillation,NA
01-JUL-1946 00:00,1946,7,0.347,NA,PDO,NA,NA,Pacific Decadal Oscillation,NA
01-AUG-1946 00:00,1946,8,0.158,NA,PDO,NA,NA,Pacific Decadal Oscillation,NA
01-SEP-1946 00:00,1946,9,0.249,NA,PDO,NA,NA,Pacific Decadal Oscillation,NA
01-OCT-1946 00:00,1946,10,-0.603,NA,PDO,NA,NA,Pacific Decadal Oscillation,NA
01-NOV-1946 00:00,1946,11,-1.237,NA,PDO,NA,NA,Pacific Decadal Oscillation,NA
01-DEC-1946 00:00,1946,12,-1.428,NA,PDO,NA,NA,Pacific Decadal Oscillation,NA
01-JAN-1947 00:00,1947,1,0.023,NA,PDO,NA,NA,Pacific Decadal Oscillation,NA
01-FEB-1947 00:00,1947,2,0.461,NA,PDO,NA,NA,Pacific Decadal Oscillation,NA
01-MAR-1947 00:00,1947,3,0.705,NA,PDO,NA,NA,Pacific Decadal Oscillation,NA
01-APR-1947 00:00,1947,4,0.464,NA,PDO,NA,NA,Pacific Decadal Oscillation,NA
01-MAY-1947 00:00,1947,5,-0.005,NA,PDO,NA,NA,Pacific Decadal Oscillation,NA
01-JUN-1947 00:00,1947,6,0.951,NA,PDO,NA,NA,Pacific Decadal Oscillation,NA
01-JUL-1947 00:00,1947,7,0.736,NA,PDO,NA,NA,Pacific Decadal Oscillation,NA
01-AUG-1947 00:00,1947,8,0.8,NA,PDO,NA,NA,Pacific Decadal Oscillation,NA
01-SEP-1947 00:00,1947,9,0.575,NA,PDO,NA,NA,Pacific Decadal Oscillation,NA
01-OCT-1947 00:00,1947,10,1.415,NA,PDO,NA,NA,Pacific Decadal Oscillation,NA
01-NOV-1947 00:00,1947,11,0.673,NA,PDO,NA,NA,Pacific Decadal Oscillation,NA
01-DEC-1947 00:00,1947,12,0.159,NA,PDO,NA,NA,Pacific Decadal Oscillation,NA
01-JAN-1948 00:00,1948,1,0.117,NA,PDO,NA,NA,Pacific Decadal Oscillation,NA
01-FEB-1948 00:00,1948,2,-0.23,NA,PDO,NA,NA,Pacific Decadal Oscillation,NA
01-MAR-1948 00:00,1948,3,-0.884,NA,PDO,NA,NA,Pacific Decadal Oscillation,NA
01-APR-1948 00:00,1948,4,-0.733,NA,PDO,NA,NA,Pacific Decadal Oscillation,NA
01-MAY-1948 00:00,1948,5,-1.298,NA,PDO,NA,NA,Pacific Decadal Oscillation,NA
01-JUN-1948 00:00,1948,6,-0.029,NA,PDO,NA,NA,Pacific Decadal Oscillation,NA
01-JUL-1948 00:00,1948,7,0.012,NA,PDO,NA,NA,Pacific Decadal Oscillation,NA
01-AUG-1948 00:00,1948,8,-0.516,NA,PDO,NA,NA,Pacific Decadal Oscillation,NA
01-SEP-1948 00:00,1948,9,-0.768,NA,PDO,NA,NA,Pacific Decadal Oscillation,NA
01-OCT-1948 00:00,1948,10,-1.391,NA,PDO,NA,NA,Pacific Decadal Oscillation,NA
01-NOV-1948 00:00,1948,11,-0.744,NA,PDO,NA,NA,Pacific Decadal Oscillation,NA
01-DEC-1948 00:00,1948,12,-1.795,NA,PDO,NA,NA,Pacific Decadal Oscillation,NA
01-JAN-1949 00:00,1949,1,-2.345,NA,PDO,NA,NA,Pacific Decadal Oscillation,NA
01-FEB-1949 00:00,1949,2,-2.615,NA,PDO,NA,NA,Pacific Decadal Oscillation,NA
01-MAR-1949 00:00,1949,3,-1.447,NA,PDO,NA,NA,Pacific Decadal Oscillation,NA
01-APR-1949 00:00,1949,4,-1.208,NA,PDO,NA,NA,Pacific Decadal Oscillation,NA
01-MAY-1949 00:00,1949,5,-0.918,NA,PDO,NA,NA,Pacific Decadal Oscillation,NA
01-JUN-1949 00:00,1949,6,-0.753,NA,PDO,NA,NA,Pacific Decadal Oscillation,NA
01-JUL-1949 00:00,1949,7,-0.898,NA,PDO,NA,NA,Pacific Decadal Oscillation,NA
01-AUG-1949 00:00,1949,8,-0.987,NA,PDO,NA,NA,Pacific Decadal Oscillation,NA
01-SEP-1949 00:00,1949,9,-0.948,NA,PDO,NA,NA,Pacific Decadal Oscillation,NA
01-OCT-1949 00:00,1949,10,-1.574,NA,PDO,NA,NA,Pacific Decadal Oscillation,NA
01-NOV-1949 00:00,1949,11,-0.767,NA,PDO,NA,NA,Pacific Decadal Oscillation,NA
01-DEC-1949 00:00,1949,12,-0.699,NA,PDO,NA,NA,Pacific Decadal Oscillation,NA
01-JAN-1950 00:00,1950,1,-1.317,NA,PDO,NA,NA,Pacific Decadal Oscillation,NA
01-FEB-1950 00:00,1950,2,-1.654,NA,PDO,NA,NA,Pacific Decadal Oscillation,NA
01-MAR-1950 00:00,1950,3,-1.346,NA,PDO,NA,NA,Pacific Decadal Oscillation,NA
01-APR-1950 00:00,1950,4,-1.402,NA,PDO,NA,NA,Pacific Decadal Oscillation,NA
01-MAY-1950 00:00,1950,5,-2.424,NA,PDO,NA,NA,Pacific Decadal Oscillation,NA
01-JUN-1950 00:00,1950,6,-1.798,NA,PDO,NA,NA,Pacific Decadal Oscillation,NA
01-JUL-1950 00:00,1950,7,-2.62,NA,PDO,NA,NA,Pacific Decadal Oscillation,NA
01-AUG-1950 00:00,1950,8,-1.74,NA,PDO,NA,NA,Pacific Decadal Oscillation,NA
01-SEP-1950 00:00,1950,9,-1.401,NA,PDO,NA,NA,Pacific Decadal Oscillation,NA
01-OCT-1950 00:00,1950,10,-1.328,NA,PDO,NA,NA,Pacific Decadal Oscillation,NA
01-NOV-1950 00:00,1950,11,-1.106,NA,PDO,NA,NA,Pacific Decadal Oscillation,NA
01-DEC-1950 00:00,1950,12,-0.766,NA,PDO,NA,NA,Pacific Decadal Oscillation,NA
01-JAN-1951 00:00,1951,1,-0.803,NA,PDO,NA,NA,Pacific Decadal Oscillation,NA
01-FEB-1951 00:00,1951,2,-1.14,NA,PDO,NA,NA,Pacific Decadal Oscillation,NA
01-MAR-1951 00:00,1951,3,-1.29,NA,PDO,NA,NA,Pacific Decadal Oscillation,NA
01-APR-1951 00:00,1951,4,-0.883,NA,PDO,NA,NA,Pacific Decadal Oscillation,NA
01-MAY-1951 00:00,1951,5,-0.648,NA,PDO,NA,NA,Pacific Decadal Oscillation,NA
01-JUN-1951 00:00,1951,6,-1.142,NA,PDO,NA,NA,Pacific Decadal Oscillation,NA
01-JUL-1951 00:00,1951,7,0.143,NA,PDO,NA,NA,Pacific Decadal Oscillation,NA
01-AUG-1951 00:00,1951,8,-1.048,NA,PDO,NA,NA,Pacific Decadal Oscillation,NA
01-SEP-1951 00:00,1951,9,-0.129,NA,PDO,NA,NA,Pacific Decadal Oscillation,NA
01-OCT-1951 00:00,1951,10,0.074,NA,PDO,NA,NA,Pacific Decadal Oscillation,NA
01-NOV-1951 00:00,1951,11,-0.145,NA,PDO,NA,NA,Pacific Decadal Oscillation,NA
01-DEC-1951 00:00,1951,12,-1.321,NA,PDO,NA,NA,Pacific Decadal Oscillation,NA
01-JAN-1952 00:00,1952,1,-2.005,NA,PDO,NA,NA,Pacific Decadal Oscillation,NA
01-FEB-1952 00:00,1952,2,-1.153,NA,PDO,NA,NA,Pacific Decadal Oscillation,NA
01-MAR-1952 00:00,1952,3,-1.49,NA,PDO,NA,NA,Pacific Decadal Oscillation,NA
01-APR-1952 00:00,1952,4,-1.498,NA,PDO,NA,NA,Pacific Decadal Oscillation,NA
01-MAY-1952 00:00,1952,5,-1.393,NA,PDO,NA,NA,Pacific Decadal Oscillation,NA
01-JUN-1952 00:00,1952,6,-1.647,NA,PDO,NA,NA,Pacific Decadal Oscillation,NA
01-JUL-1952 00:00,1952,7,-1.458,NA,PDO,NA,NA,Pacific Decadal Oscillation,NA
01-AUG-1952 00:00,1952,8,-0.814,NA,PDO,NA,NA,Pacific Decadal Oscillation,NA
01-SEP-1952 00:00,1952,9,-0.666,NA,PDO,NA,NA,Pacific Decadal Oscillation,NA
01-OCT-1952 00:00,1952,10,-0.322,NA,PDO,NA,NA,Pacific Decadal Oscillation,NA
01-NOV-1952 00:00,1952,11,-0.163,NA,PDO,NA,NA,Pacific Decadal Oscillation,NA
01-DEC-1952 00:00,1952,12,-0.564,NA,PDO,NA,NA,Pacific Decadal Oscillation,NA
01-JAN-1953 00:00,1953,1,-0.091,NA,PDO,NA,NA,Pacific Decadal Oscillation,NA
01-FEB-1953 00:00,1953,2,-0.252,NA,PDO,NA,NA,Pacific Decadal Oscillation,NA
01-MAR-1953 00:00,1953,3,-0.966,NA,PDO,NA,NA,Pacific Decadal Oscillation,NA
01-APR-1953 00:00,1953,4,-0.628,NA,PDO,NA,NA,Pacific Decadal Oscillation,NA
01-MAY-1953 00:00,1953,5,-0.177,NA,PDO,NA,NA,Pacific Decadal Oscillation,NA
01-JUN-1953 00:00,1953,6,-0.179,NA,PDO,NA,NA,Pacific Decadal Oscillation,NA
01-JUL-1953 00:00,1953,7,0.354,NA,PDO,NA,NA,Pacific Decadal Oscillation,NA
01-AUG-1953 00:00,1953,8,-0.41,NA,PDO,NA,NA,Pacific Decadal Oscillation,NA
01-SEP-1953 00:00,1953,9,-0.581,NA,PDO,NA,NA,Pacific Decadal Oscillation,NA
01-OCT-1953 00:00,1953,10,-0.845,NA,PDO,NA,NA,Pacific Decadal Oscillation,NA
01-NOV-1953 00:00,1953,11,-0.231,NA,PDO,NA,NA,Pacific Decadal Oscillation,NA
01-DEC-1953 00:00,1953,12,-0.023,NA,PDO,NA,NA,Pacific Decadal Oscillation,NA
01-JAN-1954 00:00,1954,1,-0.774,NA,PDO,NA,NA,Pacific Decadal Oscillation,NA
01-FEB-1954 00:00,1954,2,-0.605,NA,PDO,NA,NA,Pacific Decadal Oscillation,NA
01-MAR-1954 00:00,1954,3,-0.732,NA,PDO,NA,NA,Pacific Decadal Oscillation,NA
01-APR-1954 00:00,1954,4,-0.702,NA,PDO,NA,NA,Pacific Decadal Oscillation,NA
01-MAY-1954 00:00,1954,5,-0.211,NA,PDO,NA,NA,Pacific Decadal Oscillation,NA
01-JUN-1954 00:00,1954,6,0.592,NA,PDO,NA,NA,Pacific Decadal Oscillation,NA
01-JUL-1954 00:00,1954,7,0.095,NA,PDO,NA,NA,Pacific Decadal Oscillation,NA
01-AUG-1954 00:00,1954,8,0.148,NA,PDO,NA,NA,Pacific Decadal Oscillation,NA
01-SEP-1954 00:00,1954,9,-0.499,NA,PDO,NA,NA,Pacific Decadal Oscillation,NA
01-OCT-1954 00:00,1954,10,0.4,NA,PDO,NA,NA,Pacific Decadal Oscillation,NA
01-NOV-1954 00:00,1954,11,1.003,NA,PDO,NA,NA,Pacific Decadal Oscillation,NA
01-DEC-1954 00:00,1954,12,0.461,NA,PDO,NA,NA,Pacific Decadal Oscillation,NA
01-JAN-1955 00:00,1955,1,-0.067,NA,PDO,NA,NA,Pacific Decadal Oscillation,NA
01-FEB-1955 00:00,1955,2,-0.649,NA,PDO,NA,NA,Pacific Decadal Oscillation,NA
01-MAR-1955 00:00,1955,3,-0.909,NA,PDO,NA,NA,Pacific Decadal Oscillation,NA
01-APR-1955 00:00,1955,4,-1.645,NA,PDO,NA,NA,Pacific Decadal Oscillation,NA
01-MAY-1955 00:00,1955,5,-1.435,NA,PDO,NA,NA,Pacific Decadal Oscillation,NA
01-JUN-1955 00:00,1955,6,-1.903,NA,PDO,NA,NA,Pacific Decadal Oscillation,NA
01-JUL-1955 00:00,1955,7,-2.218,NA,PDO,NA,NA,Pacific Decadal Oscillation,NA
01-AUG-1955 00:00,1955,8,-1.946,NA,PDO,NA,NA,Pacific Decadal Oscillation,NA
01-SEP-1955 00:00,1955,9,-1.829,NA,PDO,NA,NA,Pacific Decadal Oscillation,NA
01-OCT-1955 00:00,1955,10,-2.564,NA,PDO,NA,NA,Pacific Decadal Oscillation,NA
01-NOV-1955 00:00,1955,11,-1.957,NA,PDO,NA,NA,Pacific Decadal Oscillation,NA
01-DEC-1955 00:00,1955,12,-1.64,NA,PDO,NA,NA,Pacific Decadal Oscillation,NA
01-JAN-1956 00:00,1956,1,-1.61,NA,PDO,NA,NA,Pacific Decadal Oscillation,NA
01-FEB-1956 00:00,1956,2,-1.643,NA,PDO,NA,NA,Pacific Decadal Oscillation,NA
01-MAR-1956 00:00,1956,3,-2.328,NA,PDO,NA,NA,Pacific Decadal Oscillation,NA
01-APR-1956 00:00,1956,4,-2.007,NA,PDO,NA,NA,Pacific Decadal Oscillation,NA
01-MAY-1956 00:00,1956,5,-1.241,NA,PDO,NA,NA,Pacific Decadal Oscillation,NA
01-JUN-1956 00:00,1956,6,-1.865,NA,PDO,NA,NA,Pacific Decadal Oscillation,NA
01-JUL-1956 00:00,1956,7,-1.227,NA,PDO,NA,NA,Pacific Decadal Oscillation,NA
01-AUG-1956 00:00,1956,8,-0.532,NA,PDO,NA,NA,Pacific Decadal Oscillation,NA
01-SEP-1956 00:00,1956,9,-0.039,NA,PDO,NA,NA,Pacific Decadal Oscillation,NA
01-OCT-1956 00:00,1956,10,-1.23,NA,PDO,NA,NA,Pacific Decadal Oscillation,NA
01-NOV-1956 00:00,1956,11,-1.884,NA,PDO,NA,NA,Pacific Decadal Oscillation,NA
01-DEC-1956 00:00,1956,12,-1.005,NA,PDO,NA,NA,Pacific Decadal Oscillation,NA
01-JAN-1957 00:00,1957,1,-1.018,NA,PDO,NA,NA,Pacific Decadal Oscillation,NA
01-FEB-1957 00:00,1957,2,-1.22,NA,PDO,NA,NA,Pacific Decadal Oscillation,NA
01-MAR-1957 00:00,1957,3,-0.55,NA,PDO,NA,NA,Pacific Decadal Oscillation,NA
01-APR-1957 00:00,1957,4,-0.417,NA,PDO,NA,NA,Pacific Decadal Oscillation,NA
01-MAY-1957 00:00,1957,5,0.226,NA,PDO,NA,NA,Pacific Decadal Oscillation,NA
01-JUN-1957 00:00,1957,6,1.313,NA,PDO,NA,NA,Pacific Decadal Oscillation,NA
01-JUL-1957 00:00,1957,7,0.498,NA,PDO,NA,NA,Pacific Decadal Oscillation,NA
01-AUG-1957 00:00,1957,8,0.273,NA,PDO,NA,NA,Pacific Decadal Oscillation,NA
01-SEP-1957 00:00,1957,9,1.691,NA,PDO,NA,NA,Pacific Decadal Oscillation,NA
01-OCT-1957 00:00,1957,10,1.591,NA,PDO,NA,NA,Pacific Decadal Oscillation,NA
01-NOV-1957 00:00,1957,11,1.493,NA,PDO,NA,NA,Pacific Decadal Oscillation,NA
01-DEC-1957 00:00,1957,12,0.405,NA,PDO,NA,NA,Pacific Decadal Oscillation,NA
01-JAN-1958 00:00,1958,1,0.706,NA,PDO,NA,NA,Pacific Decadal Oscillation,NA
01-FEB-1958 00:00,1958,2,0.872,NA,PDO,NA,NA,Pacific Decadal Oscillation,NA
01-MAR-1958 00:00,1958,3,0.683,NA,PDO,NA,NA,Pacific Decadal Oscillation,NA
01-APR-1958 00:00,1958,4,0.675,NA,PDO,NA,NA,Pacific Decadal Oscillation,NA
01-MAY-1958 00:00,1958,5,1.393,NA,PDO,NA,NA,Pacific Decadal Oscillation,NA
01-JUN-1958 00:00,1958,6,1.548,NA,PDO,NA,NA,Pacific Decadal Oscillation,NA
01-JUL-1958 00:00,1958,7,0.785,NA,PDO,NA,NA,Pacific Decadal Oscillation,NA
01-AUG-1958 00:00,1958,8,1.169,NA,PDO,NA,NA,Pacific Decadal Oscillation,NA
01-SEP-1958 00:00,1958,9,0.922,NA,PDO,NA,NA,Pacific Decadal Oscillation,NA
01-OCT-1958 00:00,1958,10,0.398,NA,PDO,NA,NA,Pacific Decadal Oscillation,NA
01-NOV-1958 00:00,1958,11,0.407,NA,PDO,NA,NA,Pacific Decadal Oscillation,NA
01-DEC-1958 00:00,1958,12,1.074,NA,PDO,NA,NA,Pacific Decadal Oscillation,NA
01-JAN-1959 00:00,1959,1,1.075,NA,PDO,NA,NA,Pacific Decadal Oscillation,NA
01-FEB-1959 00:00,1959,2,0.541,NA,PDO,NA,NA,Pacific Decadal Oscillation,NA
01-MAR-1959 00:00,1959,3,0.058,NA,PDO,NA,NA,Pacific Decadal Oscillation,NA
01-APR-1959 00:00,1959,4,0.119,NA,PDO,NA,NA,Pacific Decadal Oscillation,NA
01-MAY-1959 00:00,1959,5,0.208,NA,PDO,NA,NA,Pacific Decadal Oscillation,NA
01-JUN-1959 00:00,1959,6,0.254,NA,PDO,NA,NA,Pacific Decadal Oscillation,NA
01-JUL-1959 00:00,1959,7,-0.118,NA,PDO,NA,NA,Pacific Decadal Oscillation,NA
01-AUG-1959 00:00,1959,8,0.002,NA,PDO,NA,NA,Pacific Decadal Oscillation,NA
01-SEP-1959 00:00,1959,9,-0.182,NA,PDO,NA,NA,Pacific Decadal Oscillation,NA
01-OCT-1959 00:00,1959,10,1.083,NA,PDO,NA,NA,Pacific Decadal Oscillation,NA
01-NOV-1959 00:00,1959,11,1.38,NA,PDO,NA,NA,Pacific Decadal Oscillation,NA
01-DEC-1959 00:00,1959,12,0.945,NA,PDO,NA,NA,Pacific Decadal Oscillation,NA
01-JAN-1960 00:00,1960,1,0.359,NA,PDO,NA,NA,Pacific Decadal Oscillation,NA
01-FEB-1960 00:00,1960,2,0.705,NA,PDO,NA,NA,Pacific Decadal Oscillation,NA
01-MAR-1960 00:00,1960,3,0.446,NA,PDO,NA,NA,Pacific Decadal Oscillation,NA
01-APR-1960 00:00,1960,4,0.507,NA,PDO,NA,NA,Pacific Decadal Oscillation,NA
01-MAY-1960 00:00,1960,5,0.642,NA,PDO,NA,NA,Pacific Decadal Oscillation,NA
01-JUN-1960 00:00,1960,6,1.051,NA,PDO,NA,NA,Pacific Decadal Oscillation,NA
01-JUL-1960 00:00,1960,7,-0.09,NA,PDO,NA,NA,Pacific Decadal Oscillation,NA
01-AUG-1960 00:00,1960,8,0.12,NA,PDO,NA,NA,Pacific Decadal Oscillation,NA
01-SEP-1960 00:00,1960,9,-0.498,NA,PDO,NA,NA,Pacific Decadal Oscillation,NA
01-OCT-1960 00:00,1960,10,0.064,NA,PDO,NA,NA,Pacific Decadal Oscillation,NA
01-NOV-1960 00:00,1960,11,0.042,NA,PDO,NA,NA,Pacific Decadal Oscillation,NA
01-DEC-1960 00:00,1960,12,0.103,NA,PDO,NA,NA,Pacific Decadal Oscillation,NA
01-JAN-1961 00:00,1961,1,0.879,NA,PDO,NA,NA,Pacific Decadal Oscillation,NA
01-FEB-1961 00:00,1961,2,0.886,NA,PDO,NA,NA,Pacific Decadal Oscillation,NA
01-MAR-1961 00:00,1961,3,0.684,NA,PDO,NA,NA,Pacific Decadal Oscillation,NA
01-APR-1961 00:00,1961,4,0.486,NA,PDO,NA,NA,Pacific Decadal Oscillation,NA
01-MAY-1961 00:00,1961,5,-0.216,NA,PDO,NA,NA,Pacific Decadal Oscillation,NA
01-JUN-1961 00:00,1961,6,-0.455,NA,PDO,NA,NA,Pacific Decadal Oscillation,NA
01-JUL-1961 00:00,1961,7,-0.671,NA,PDO,NA,NA,Pacific Decadal Oscillation,NA
01-AUG-1961 00:00,1961,8,-0.426,NA,PDO,NA,NA,Pacific Decadal Oscillation,NA
01-SEP-1961 00:00,1961,9,-0.73,NA,PDO,NA,NA,Pacific Decadal Oscillation,NA
01-OCT-1961 00:00,1961,10,-1.262,NA,PDO,NA,NA,Pacific Decadal Oscillation,NA
01-NOV-1961 00:00,1961,11,-0.901,NA,PDO,NA,NA,Pacific Decadal Oscillation,NA
01-DEC-1961 00:00,1961,12,-1.448,NA,PDO,NA,NA,Pacific Decadal Oscillation,NA
01-JAN-1962 00:00,1962,1,-0.85,NA,PDO,NA,NA,Pacific Decadal Oscillation,NA
01-FEB-1962 00:00,1962,2,-0.632,NA,PDO,NA,NA,Pacific Decadal Oscillation,NA
01-MAR-1962 00:00,1962,3,-0.708,NA,PDO,NA,NA,Pacific Decadal Oscillation,NA
01-APR-1962 00:00,1962,4,-0.585,NA,PDO,NA,NA,Pacific Decadal Oscillation,NA
01-MAY-1962 00:00,1962,5,-0.907,NA,PDO,NA,NA,Pacific Decadal Oscillation,NA
01-JUN-1962 00:00,1962,6,-1.504,NA,PDO,NA,NA,Pacific Decadal Oscillation,NA
01-JUL-1962 00:00,1962,7,-1.443,NA,PDO,NA,NA,Pacific Decadal Oscillation,NA
01-AUG-1962 00:00,1962,8,-0.513,NA,PDO,NA,NA,Pacific Decadal Oscillation,NA
01-SEP-1962 00:00,1962,9,-1.13,NA,PDO,NA,NA,Pacific Decadal Oscillation,NA
01-OCT-1962 00:00,1962,10,-1.329,NA,PDO,NA,NA,Pacific Decadal Oscillation,NA
01-NOV-1962 00:00,1962,11,-0.241,NA,PDO,NA,NA,Pacific Decadal Oscillation,NA
01-DEC-1962 00:00,1962,12,-0.21,NA,PDO,NA,NA,Pacific Decadal Oscillation,NA
01-JAN-1963 00:00,1963,1,0.132,NA,PDO,NA,NA,Pacific Decadal Oscillation,NA
01-FEB-1963 00:00,1963,2,0.321,NA,PDO,NA,NA,Pacific Decadal Oscillation,NA
01-MAR-1963 00:00,1963,3,-0.056,NA,PDO,NA,NA,Pacific Decadal Oscillation,NA
01-APR-1963 00:00,1963,4,-0.009,NA,PDO,NA,NA,Pacific Decadal Oscillation,NA
01-MAY-1963 00:00,1963,5,-0.881,NA,PDO,NA,NA,Pacific Decadal Oscillation,NA
01-JUN-1963 00:00,1963,6,-0.62,NA,PDO,NA,NA,Pacific Decadal Oscillation,NA
01-JUL-1963 00:00,1963,7,-0.957,NA,PDO,NA,NA,Pacific Decadal Oscillation,NA
01-AUG-1963 00:00,1963,8,-0.704,NA,PDO,NA,NA,Pacific Decadal Oscillation,NA
01-SEP-1963 00:00,1963,9,1.059,NA,PDO,NA,NA,Pacific Decadal Oscillation,NA
01-OCT-1963 00:00,1963,10,0.248,NA,PDO,NA,NA,Pacific Decadal Oscillation,NA
01-NOV-1963 00:00,1963,11,-0.377,NA,PDO,NA,NA,Pacific Decadal Oscillation,NA
01-DEC-1963 00:00,1963,12,0.318,NA,PDO,NA,NA,Pacific Decadal Oscillation,NA
01-JAN-1964 00:00,1964,1,0.301,NA,PDO,NA,NA,Pacific Decadal Oscillation,NA
01-FEB-1964 00:00,1964,2,0.135,NA,PDO,NA,NA,Pacific Decadal Oscillation,NA
01-MAR-1964 00:00,1964,3,-0.506,NA,PDO,NA,NA,Pacific Decadal Oscillation,NA
01-APR-1964 00:00,1964,4,-0.821,NA,PDO,NA,NA,Pacific Decadal Oscillation,NA
01-MAY-1964 00:00,1964,5,-1.71,NA,PDO,NA,NA,Pacific Decadal Oscillation,NA
01-JUN-1964 00:00,1964,6,-0.485,NA,PDO,NA,NA,Pacific Decadal Oscillation,NA
01-JUL-1964 00:00,1964,7,-0.7,NA,PDO,NA,NA,Pacific Decadal Oscillation,NA
01-AUG-1964 00:00,1964,8,-1.119,NA,PDO,NA,NA,Pacific Decadal Oscillation,NA
01-SEP-1964 00:00,1964,9,-0.858,NA,PDO,NA,NA,Pacific Decadal Oscillation,NA
01-OCT-1964 00:00,1964,10,-0.372,NA,PDO,NA,NA,Pacific Decadal Oscillation,NA
01-NOV-1964 00:00,1964,11,-0.424,NA,PDO,NA,NA,Pacific Decadal Oscillation,NA
01-DEC-1964 00:00,1964,12,-0.427,NA,PDO,NA,NA,Pacific Decadal Oscillation,NA
01-JAN-1965 00:00,1965,1,-0.741,NA,PDO,NA,NA,Pacific Decadal Oscillation,NA
01-FEB-1965 00:00,1965,2,-0.341,NA,PDO,NA,NA,Pacific Decadal Oscillation,NA
01-MAR-1965 00:00,1965,3,0.052,NA,PDO,NA,NA,Pacific Decadal Oscillation,NA
01-APR-1965 00:00,1965,4,0.143,NA,PDO,NA,NA,Pacific Decadal Oscillation,NA
01-MAY-1965 00:00,1965,5,-0.277,NA,PDO,NA,NA,Pacific Decadal Oscillation,NA
01-JUN-1965 00:00,1965,6,-0.513,NA,PDO,NA,NA,Pacific Decadal Oscillation,NA
01-JUL-1965 00:00,1965,7,-0.485,NA,PDO,NA,NA,Pacific Decadal Oscillation,NA
01-AUG-1965 00:00,1965,8,0.526,NA,PDO,NA,NA,Pacific Decadal Oscillation,NA
01-SEP-1965 00:00,1965,9,1.053,NA,PDO,NA,NA,Pacific Decadal Oscillation,NA
01-OCT-1965 00:00,1965,10,0.647,NA,PDO,NA,NA,Pacific Decadal Oscillation,NA
01-NOV-1965 00:00,1965,11,0.559,NA,PDO,NA,NA,Pacific Decadal Oscillation,NA
01-DEC-1965 00:00,1965,12,0.218,NA,PDO,NA,NA,Pacific Decadal Oscillation,NA
01-JAN-1966 00:00,1966,1,-0.528,NA,PDO,NA,NA,Pacific Decadal Oscillation,NA
01-FEB-1966 00:00,1966,2,-0.228,NA,PDO,NA,NA,Pacific Decadal Oscillation,NA
01-MAR-1966 00:00,1966,3,-0.633,NA,PDO,NA,NA,Pacific Decadal Oscillation,NA
01-APR-1966 00:00,1966,4,-0.085,NA,PDO,NA,NA,Pacific Decadal Oscillation,NA
01-MAY-1966 00:00,1966,5,-0.332,NA,PDO,NA,NA,Pacific Decadal Oscillation,NA
01-JUN-1966 00:00,1966,6,0.154,NA,PDO,NA,NA,Pacific Decadal Oscillation,NA
01-JUL-1966 00:00,1966,7,0.118,NA,PDO,NA,NA,Pacific Decadal Oscillation,NA
01-AUG-1966 00:00,1966,8,0.101,NA,PDO,NA,NA,Pacific Decadal Oscillation,NA
01-SEP-1966 00:00,1966,9,0.051,NA,PDO,NA,NA,Pacific Decadal Oscillation,NA
01-OCT-1966 00:00,1966,10,-0.184,NA,PDO,NA,NA,Pacific Decadal Oscillation,NA
01-NOV-1966 00:00,1966,11,-0.32,NA,PDO,NA,NA,Pacific Decadal Oscillation,NA
01-DEC-1966 00:00,1966,12,-0.057,NA,PDO,NA,NA,Pacific Decadal Oscillation,NA
01-JAN-1967 00:00,1967,1,-0.153,NA,PDO,NA,NA,Pacific Decadal Oscillation,NA
01-FEB-1967 00:00,1967,2,-0.118,NA,PDO,NA,NA,Pacific Decadal Oscillation,NA
01-MAR-1967 00:00,1967,3,-0.508,NA,PDO,NA,NA,Pacific Decadal Oscillation,NA
01-APR-1967 00:00,1967,4,-0.754,NA,PDO,NA,NA,Pacific Decadal Oscillation,NA
01-MAY-1967 00:00,1967,5,-1.107,NA,PDO,NA,NA,Pacific Decadal Oscillation,NA
01-JUN-1967 00:00,1967,6,-0.872,NA,PDO,NA,NA,Pacific Decadal Oscillation,NA
01-JUL-1967 00:00,1967,7,-0.635,NA,PDO,NA,NA,Pacific Decadal Oscillation,NA
01-AUG-1967 00:00,1967,8,-0.861,NA,PDO,NA,NA,Pacific Decadal Oscillation,NA
01-SEP-1967 00:00,1967,9,-0.231,NA,PDO,NA,NA,Pacific Decadal Oscillation,NA
01-OCT-1967 00:00,1967,10,0.041,NA,PDO,NA,NA,Pacific Decadal Oscillation,NA
01-NOV-1967 00:00,1967,11,0.247,NA,PDO,NA,NA,Pacific Decadal Oscillation,NA
01-DEC-1967 00:00,1967,12,-0.652,NA,PDO,NA,NA,Pacific Decadal Oscillation,NA
01-JAN-1968 00:00,1968,1,-0.549,NA,PDO,NA,NA,Pacific Decadal Oscillation,NA
01-FEB-1968 00:00,1968,2,-0.103,NA,PDO,NA,NA,Pacific Decadal Oscillation,NA
01-MAR-1968 00:00,1968,3,0.196,NA,PDO,NA,NA,Pacific Decadal Oscillation,NA
01-APR-1968 00:00,1968,4,-0.322,NA,PDO,NA,NA,Pacific Decadal Oscillation,NA
01-MAY-1968 00:00,1968,5,-0.299,NA,PDO,NA,NA,Pacific Decadal Oscillation,NA
01-JUN-1968 00:00,1968,6,0.311,NA,PDO,NA,NA,Pacific Decadal Oscillation,NA
01-JUL-1968 00:00,1968,7,0.716,NA,PDO,NA,NA,Pacific Decadal Oscillation,NA
01-AUG-1968 00:00,1968,8,0.276,NA,PDO,NA,NA,Pacific Decadal Oscillation,NA
01-SEP-1968 00:00,1968,9,0.464,NA,PDO,NA,NA,Pacific Decadal Oscillation,NA
01-OCT-1968 00:00,1968,10,0.2,NA,PDO,NA,NA,Pacific Decadal Oscillation,NA
01-NOV-1968 00:00,1968,11,0.278,NA,PDO,NA,NA,Pacific Decadal Oscillation,NA
01-DEC-1968 00:00,1968,12,0.117,NA,PDO,NA,NA,Pacific Decadal Oscillation,NA
01-JAN-1969 00:00,1969,1,-0.318,NA,PDO,NA,NA,Pacific Decadal Oscillation,NA
01-FEB-1969 00:00,1969,2,-0.792,NA,PDO,NA,NA,Pacific Decadal Oscillation,NA
01-MAR-1969 00:00,1969,3,-0.791,NA,PDO,NA,NA,Pacific Decadal Oscillation,NA
01-APR-1969 00:00,1969,4,-0.733,NA,PDO,NA,NA,Pacific Decadal Oscillation,NA
01-MAY-1969 00:00,1969,5,-0.585,NA,PDO,NA,NA,Pacific Decadal Oscillation,NA
01-JUN-1969 00:00,1969,6,1.078,NA,PDO,NA,NA,Pacific Decadal Oscillation,NA
01-JUL-1969 00:00,1969,7,0.054,NA,PDO,NA,NA,Pacific Decadal Oscillation,NA
01-AUG-1969 00:00,1969,8,-0.347,NA,PDO,NA,NA,Pacific Decadal Oscillation,NA
01-SEP-1969 00:00,1969,9,-0.548,NA,PDO,NA,NA,Pacific Decadal Oscillation,NA
01-OCT-1969 00:00,1969,10,1.124,NA,PDO,NA,NA,Pacific Decadal Oscillation,NA
01-NOV-1969 00:00,1969,11,0.755,NA,PDO,NA,NA,Pacific Decadal Oscillation,NA
01-DEC-1969 00:00,1969,12,1.102,NA,PDO,NA,NA,Pacific Decadal Oscillation,NA
01-JAN-1970 00:00,1970,1,1.111,NA,PDO,NA,NA,Pacific Decadal Oscillation,NA
01-FEB-1970 00:00,1970,2,1.114,NA,PDO,NA,NA,Pacific Decadal Oscillation,NA
01-MAR-1970 00:00,1970,3,1.214,NA,PDO,NA,NA,Pacific Decadal Oscillation,NA
01-APR-1970 00:00,1970,4,0.428,NA,PDO,NA,NA,Pacific Decadal Oscillation,NA
01-MAY-1970 00:00,1970,5,-0.547,NA,PDO,NA,NA,Pacific Decadal Oscillation,NA
01-JUN-1970 00:00,1970,6,0.068,NA,PDO,NA,NA,Pacific Decadal Oscillation,NA
01-JUL-1970 00:00,1970,7,-0.521,NA,PDO,NA,NA,Pacific Decadal Oscillation,NA
01-AUG-1970 00:00,1970,8,-1.213,NA,PDO,NA,NA,Pacific Decadal Oscillation,NA
01-SEP-1970 00:00,1970,9,-1.072,NA,PDO,NA,NA,Pacific Decadal Oscillation,NA
01-OCT-1970 00:00,1970,10,-0.73,NA,PDO,NA,NA,Pacific Decadal Oscillation,NA
01-NOV-1970 00:00,1970,11,-0.543,NA,PDO,NA,NA,Pacific Decadal Oscillation,NA
01-DEC-1970 00:00,1970,12,-0.718,NA,PDO,NA,NA,Pacific Decadal Oscillation,NA
01-JAN-1971 00:00,1971,1,-0.989,NA,PDO,NA,NA,Pacific Decadal Oscillation,NA
01-FEB-1971 00:00,1971,2,-1.001,NA,PDO,NA,NA,Pacific Decadal Oscillation,NA
01-MAR-1971 00:00,1971,3,-1.029,NA,PDO,NA,NA,Pacific Decadal Oscillation,NA
01-APR-1971 00:00,1971,4,-1.208,NA,PDO,NA,NA,Pacific Decadal Oscillation,NA
01-MAY-1971 00:00,1971,5,-1.259,NA,PDO,NA,NA,Pacific Decadal Oscillation,NA
01-JUN-1971 00:00,1971,6,-1.484,NA,PDO,NA,NA,Pacific Decadal Oscillation,NA
01-JUL-1971 00:00,1971,7,-1.896,NA,PDO,NA,NA,Pacific Decadal Oscillation,NA
01-AUG-1971 00:00,1971,8,-0.189,NA,PDO,NA,NA,Pacific Decadal Oscillation,NA
01-SEP-1971 00:00,1971,9,0.05,NA,PDO,NA,NA,Pacific Decadal Oscillation,NA
01-OCT-1971 00:00,1971,10,-0.154,NA,PDO,NA,NA,Pacific Decadal Oscillation,NA
01-NOV-1971 00:00,1971,11,-0.985,NA,PDO,NA,NA,Pacific Decadal Oscillation,NA
01-DEC-1971 00:00,1971,12,-1.519,NA,PDO,NA,NA,Pacific Decadal Oscillation,NA
01-JAN-1972 00:00,1972,1,-1.674,NA,PDO,NA,NA,Pacific Decadal Oscillation,NA
01-FEB-1972 00:00,1972,2,-1.53,NA,PDO,NA,NA,Pacific Decadal Oscillation,NA
01-MAR-1972 00:00,1972,3,-1.114,NA,PDO,NA,NA,Pacific Decadal Oscillation,NA
01-APR-1972 00:00,1972,4,-1.235,NA,PDO,NA,NA,Pacific Decadal Oscillation,NA
01-MAY-1972 00:00,1972,5,-1.603,NA,PDO,NA,NA,Pacific Decadal Oscillation,NA
01-JUN-1972 00:00,1972,6,-1.409,NA,PDO,NA,NA,Pacific Decadal Oscillation,NA
01-JUL-1972 00:00,1972,7,-0.972,NA,PDO,NA,NA,Pacific Decadal Oscillation,NA
01-AUG-1972 00:00,1972,8,0.258,NA,PDO,NA,NA,Pacific Decadal Oscillation,NA
01-SEP-1972 00:00,1972,9,0.243,NA,PDO,NA,NA,Pacific Decadal Oscillation,NA
01-OCT-1972 00:00,1972,10,0.125,NA,PDO,NA,NA,Pacific Decadal Oscillation,NA
01-NOV-1972 00:00,1972,11,0.133,NA,PDO,NA,NA,Pacific Decadal Oscillation,NA
01-DEC-1972 00:00,1972,12,-0.287,NA,PDO,NA,NA,Pacific Decadal Oscillation,NA
01-JAN-1973 00:00,1973,1,-0.067,NA,PDO,NA,NA,Pacific Decadal Oscillation,NA
01-FEB-1973 00:00,1973,2,-0.267,NA,PDO,NA,NA,Pacific Decadal Oscillation,NA
01-MAR-1973 00:00,1973,3,-0.521,NA,PDO,NA,NA,Pacific Decadal Oscillation,NA
01-APR-1973 00:00,1973,4,-0.821,NA,PDO,NA,NA,Pacific Decadal Oscillation,NA
01-MAY-1973 00:00,1973,5,-1.017,NA,PDO,NA,NA,Pacific Decadal Oscillation,NA
01-JUN-1973 00:00,1973,6,-0.988,NA,PDO,NA,NA,Pacific Decadal Oscillation,NA
01-JUL-1973 00:00,1973,7,-0.708,NA,PDO,NA,NA,Pacific Decadal Oscillation,NA
01-AUG-1973 00:00,1973,8,-0.738,NA,PDO,NA,NA,Pacific Decadal Oscillation,NA
01-SEP-1973 00:00,1973,9,-0.37,NA,PDO,NA,NA,Pacific Decadal Oscillation,NA
01-OCT-1973 00:00,1973,10,-0.686,NA,PDO,NA,NA,Pacific Decadal Oscillation,NA
01-NOV-1973 00:00,1973,11,-0.929,NA,PDO,NA,NA,Pacific Decadal Oscillation,NA
01-DEC-1973 00:00,1973,12,-0.69,NA,PDO,NA,NA,Pacific Decadal Oscillation,NA
01-JAN-1974 00:00,1974,1,-0.537,NA,PDO,NA,NA,Pacific Decadal Oscillation,NA
01-FEB-1974 00:00,1974,2,-0.98,NA,PDO,NA,NA,Pacific Decadal Oscillation,NA
01-MAR-1974 00:00,1974,3,-0.834,NA,PDO,NA,NA,Pacific Decadal Oscillation,NA
01-APR-1974 00:00,1974,4,-0.374,NA,PDO,NA,NA,Pacific Decadal Oscillation,NA
01-MAY-1974 00:00,1974,5,-0.432,NA,PDO,NA,NA,Pacific Decadal Oscillation,NA
01-JUN-1974 00:00,1974,6,-0.326,NA,PDO,NA,NA,Pacific Decadal Oscillation,NA
01-JUL-1974 00:00,1974,7,0.188,NA,PDO,NA,NA,Pacific Decadal Oscillation,NA
01-AUG-1974 00:00,1974,8,0.205,NA,PDO,NA,NA,Pacific Decadal Oscillation,NA
01-SEP-1974 00:00,1974,9,0.886,NA,PDO,NA,NA,Pacific Decadal Oscillation,NA
01-OCT-1974 00:00,1974,10,0.433,NA,PDO,NA,NA,Pacific Decadal Oscillation,NA
01-NOV-1974 00:00,1974,11,0.642,NA,PDO,NA,NA,Pacific Decadal Oscillation,NA
01-DEC-1974 00:00,1974,12,0.239,NA,PDO,NA,NA,Pacific Decadal Oscillation,NA
01-JAN-1975 00:00,1975,1,-0.411,NA,PDO,NA,NA,Pacific Decadal Oscillation,NA
01-FEB-1975 00:00,1975,2,-0.576,NA,PDO,NA,NA,Pacific Decadal Oscillation,NA
01-MAR-1975 00:00,1975,3,-0.706,NA,PDO,NA,NA,Pacific Decadal Oscillation,NA
01-APR-1975 00:00,1975,4,-1.3,NA,PDO,NA,NA,Pacific Decadal Oscillation,NA
01-MAY-1975 00:00,1975,5,-1.568,NA,PDO,NA,NA,Pacific Decadal Oscillation,NA
01-JUN-1975 00:00,1975,6,-1.184,NA,PDO,NA,NA,Pacific Decadal Oscillation,NA
01-JUL-1975 00:00,1975,7,-0.559,NA,PDO,NA,NA,Pacific Decadal Oscillation,NA
01-AUG-1975 00:00,1975,8,-0.816,NA,PDO,NA,NA,Pacific Decadal Oscillation,NA
01-SEP-1975 00:00,1975,9,-0.779,NA,PDO,NA,NA,Pacific Decadal Oscillation,NA
01-OCT-1975 00:00,1975,10,-0.987,NA,PDO,NA,NA,Pacific Decadal Oscillation,NA
01-NOV-1975 00:00,1975,11,-1.242,NA,PDO,NA,NA,Pacific Decadal Oscillation,NA
01-DEC-1975 00:00,1975,12,-1.188,NA,PDO,NA,NA,Pacific Decadal Oscillation,NA
01-JAN-1976 00:00,1976,1,-0.841,NA,PDO,NA,NA,Pacific Decadal Oscillation,NA
01-FEB-1976 00:00,1976,2,-0.794,NA,PDO,NA,NA,Pacific Decadal Oscillation,NA
01-MAR-1976 00:00,1976,3,-0.942,NA,PDO,NA,NA,Pacific Decadal Oscillation,NA
01-APR-1976 00:00,1976,4,-1.027,NA,PDO,NA,NA,Pacific Decadal Oscillation,NA
01-MAY-1976 00:00,1976,5,-0.795,NA,PDO,NA,NA,Pacific Decadal Oscillation,NA
01-JUN-1976 00:00,1976,6,-1.028,NA,PDO,NA,NA,Pacific Decadal Oscillation,NA
01-JUL-1976 00:00,1976,7,0.368,NA,PDO,NA,NA,Pacific Decadal Oscillation,NA
01-AUG-1976 00:00,1976,8,1.023,NA,PDO,NA,NA,Pacific Decadal Oscillation,NA
01-SEP-1976 00:00,1976,9,0.732,NA,PDO,NA,NA,Pacific Decadal Oscillation,NA
01-OCT-1976 00:00,1976,10,1.235,NA,PDO,NA,NA,Pacific Decadal Oscillation,NA
01-NOV-1976 00:00,1976,11,1.215,NA,PDO,NA,NA,Pacific Decadal Oscillation,NA
01-DEC-1976 00:00,1976,12,0.97,NA,PDO,NA,NA,Pacific Decadal Oscillation,NA
01-JAN-1977 00:00,1977,1,1.051,NA,PDO,NA,NA,Pacific Decadal Oscillation,NA
01-FEB-1977 00:00,1977,2,1.349,NA,PDO,NA,NA,Pacific Decadal Oscillation,NA
01-MAR-1977 00:00,1977,3,0.689,NA,PDO,NA,NA,Pacific Decadal Oscillation,NA
01-APR-1977 00:00,1977,4,0.075,NA,PDO,NA,NA,Pacific Decadal Oscillation,NA
01-MAY-1977 00:00,1977,5,-0.105,NA,PDO,NA,NA,Pacific Decadal Oscillation,NA
01-JUN-1977 00:00,1977,6,0.292,NA,PDO,NA,NA,Pacific Decadal Oscillation,NA
01-JUL-1977 00:00,1977,7,0.382,NA,PDO,NA,NA,Pacific Decadal Oscillation,NA
01-AUG-1977 00:00,1977,8,0.51,NA,PDO,NA,NA,Pacific Decadal Oscillation,NA
01-SEP-1977 00:00,1977,9,-0.095,NA,PDO,NA,NA,Pacific Decadal Oscillation,NA
01-OCT-1977 00:00,1977,10,-0.337,NA,PDO,NA,NA,Pacific Decadal Oscillation,NA
01-NOV-1977 00:00,1977,11,0.014,NA,PDO,NA,NA,Pacific Decadal Oscillation,NA
01-DEC-1977 00:00,1977,12,0.149,NA,PDO,NA,NA,Pacific Decadal Oscillation,NA
01-JAN-1978 00:00,1978,1,0.71,NA,PDO,NA,NA,Pacific Decadal Oscillation,NA
01-FEB-1978 00:00,1978,2,0.925,NA,PDO,NA,NA,Pacific Decadal Oscillation,NA
01-MAR-1978 00:00,1978,3,1.307,NA,PDO,NA,NA,Pacific Decadal Oscillation,NA
01-APR-1978 00:00,1978,4,1.165,NA,PDO,NA,NA,Pacific Decadal Oscillation,NA
01-MAY-1978 00:00,1978,5,1.027,NA,PDO,NA,NA,Pacific Decadal Oscillation,NA
01-JUN-1978 00:00,1978,6,0.575,NA,PDO,NA,NA,Pacific Decadal Oscillation,NA
01-JUL-1978 00:00,1978,7,-0.8,NA,PDO,NA,NA,Pacific Decadal Oscillation,NA
01-AUG-1978 00:00,1978,8,-0.305,NA,PDO,NA,NA,Pacific Decadal Oscillation,NA
01-SEP-1978 00:00,1978,9,-0.348,NA,PDO,NA,NA,Pacific Decadal Oscillation,NA
01-OCT-1978 00:00,1978,10,0.331,NA,PDO,NA,NA,Pacific Decadal Oscillation,NA
01-NOV-1978 00:00,1978,11,0.256,NA,PDO,NA,NA,Pacific Decadal Oscillation,NA
01-DEC-1978 00:00,1978,12,-0.284,NA,PDO,NA,NA,Pacific Decadal Oscillation,NA
01-JAN-1979 00:00,1979,1,0.002,NA,PDO,NA,NA,Pacific Decadal Oscillation,NA
01-FEB-1979 00:00,1979,2,-0.765,NA,PDO,NA,NA,Pacific Decadal Oscillation,NA
01-MAR-1979 00:00,1979,3,-0.224,NA,PDO,NA,NA,Pacific Decadal Oscillation,NA
01-APR-1979 00:00,1979,4,0.195,NA,PDO,NA,NA,Pacific Decadal Oscillation,NA
01-MAY-1979 00:00,1979,5,0.84,NA,PDO,NA,NA,Pacific Decadal Oscillation,NA
01-JUN-1979 00:00,1979,6,0.475,NA,PDO,NA,NA,Pacific Decadal Oscillation,NA
01-JUL-1979 00:00,1979,7,0.627,NA,PDO,NA,NA,Pacific Decadal Oscillation,NA
01-AUG-1979 00:00,1979,8,0.469,NA,PDO,NA,NA,Pacific Decadal Oscillation,NA
01-SEP-1979 00:00,1979,9,1.127,NA,PDO,NA,NA,Pacific Decadal Oscillation,NA
01-OCT-1979 00:00,1979,10,1.302,NA,PDO,NA,NA,Pacific Decadal Oscillation,NA
01-NOV-1979 00:00,1979,11,0.805,NA,PDO,NA,NA,Pacific Decadal Oscillation,NA
01-DEC-1979 00:00,1979,12,0.378,NA,PDO,NA,NA,Pacific Decadal Oscillation,NA
01-JAN-1980 00:00,1980,1,0.36,NA,PDO,NA,NA,Pacific Decadal Oscillation,NA
01-FEB-1980 00:00,1980,2,0.863,NA,PDO,NA,NA,Pacific Decadal Oscillation,NA
01-MAR-1980 00:00,1980,3,0.797,NA,PDO,NA,NA,Pacific Decadal Oscillation,NA
01-APR-1980 00:00,1980,4,1.023,NA,PDO,NA,NA,Pacific Decadal Oscillation,NA
01-MAY-1980 00:00,1980,5,1.036,NA,PDO,NA,NA,Pacific Decadal Oscillation,NA
01-JUN-1980 00:00,1980,6,-0.39,NA,PDO,NA,NA,Pacific Decadal Oscillation,NA
01-JUL-1980 00:00,1980,7,0.1,NA,PDO,NA,NA,Pacific Decadal Oscillation,NA
01-AUG-1980 00:00,1980,8,0.184,NA,PDO,NA,NA,Pacific Decadal Oscillation,NA
01-SEP-1980 00:00,1980,9,0.161,NA,PDO,NA,NA,Pacific Decadal Oscillation,NA
01-OCT-1980 00:00,1980,10,1.265,NA,PDO,NA,NA,Pacific Decadal Oscillation,NA
01-NOV-1980 00:00,1980,11,0.874,NA,PDO,NA,NA,Pacific Decadal Oscillation,NA
01-DEC-1980 00:00,1980,12,0.476,NA,PDO,NA,NA,Pacific Decadal Oscillation,NA
01-JAN-1981 00:00,1981,1,1.167,NA,PDO,NA,NA,Pacific Decadal Oscillation,NA
01-FEB-1981 00:00,1981,2,1.32,NA,PDO,NA,NA,Pacific Decadal Oscillation,NA
01-MAR-1981 00:00,1981,3,1.35,NA,PDO,NA,NA,Pacific Decadal Oscillation,NA
01-APR-1981 00:00,1981,4,1.228,NA,PDO,NA,NA,Pacific Decadal Oscillation,NA
01-MAY-1981 00:00,1981,5,1.379,NA,PDO,NA,NA,Pacific Decadal Oscillation,NA
01-JUN-1981 00:00,1981,6,1.708,NA,PDO,NA,NA,Pacific Decadal Oscillation,NA
01-JUL-1981 00:00,1981,7,1.001,NA,PDO,NA,NA,Pacific Decadal Oscillation,NA
01-AUG-1981 00:00,1981,8,0.54,NA,PDO,NA,NA,Pacific Decadal Oscillation,NA
01-SEP-1981 00:00,1981,9,0.784,NA,PDO,NA,NA,Pacific Decadal Oscillation,NA
01-OCT-1981 00:00,1981,10,0.171,NA,PDO,NA,NA,Pacific Decadal Oscillation,NA
01-NOV-1981 00:00,1981,11,0.618,NA,PDO,NA,NA,Pacific Decadal Oscillation,NA
01-DEC-1981 00:00,1981,12,0.61,NA,PDO,NA,NA,Pacific Decadal Oscillation,NA
01-JAN-1982 00:00,1982,1,0.204,NA,PDO,NA,NA,Pacific Decadal Oscillation,NA
01-FEB-1982 00:00,1982,2,0.077,NA,PDO,NA,NA,Pacific Decadal Oscillation,NA
01-MAR-1982 00:00,1982,3,0.045,NA,PDO,NA,NA,Pacific Decadal Oscillation,NA
01-APR-1982 00:00,1982,4,-0.271,NA,PDO,NA,NA,Pacific Decadal Oscillation,NA
01-MAY-1982 00:00,1982,5,-0.662,NA,PDO,NA,NA,Pacific Decadal Oscillation,NA
01-JUN-1982 00:00,1982,6,-0.501,NA,PDO,NA,NA,Pacific Decadal Oscillation,NA
01-JUL-1982 00:00,1982,7,0.576,NA,PDO,NA,NA,Pacific Decadal Oscillation,NA
01-AUG-1982 00:00,1982,8,0.397,NA,PDO,NA,NA,Pacific Decadal Oscillation,NA
01-SEP-1982 00:00,1982,9,0.883,NA,PDO,NA,NA,Pacific Decadal Oscillation,NA
01-OCT-1982 00:00,1982,10,0.441,NA,PDO,NA,NA,Pacific Decadal Oscillation,NA
01-NOV-1982 00:00,1982,11,-0.231,NA,PDO,NA,NA,Pacific Decadal Oscillation,NA
01-DEC-1982 00:00,1982,12,0.161,NA,PDO,NA,NA,Pacific Decadal Oscillation,NA
01-JAN-1983 00:00,1983,1,0.329,NA,PDO,NA,NA,Pacific Decadal Oscillation,NA
01-FEB-1983 00:00,1983,2,0.944,NA,PDO,NA,NA,Pacific Decadal Oscillation,NA
01-MAR-1983 00:00,1983,3,1.735,NA,PDO,NA,NA,Pacific Decadal Oscillation,NA
01-APR-1983 00:00,1983,4,1.445,NA,PDO,NA,NA,Pacific Decadal Oscillation,NA
01-MAY-1983 00:00,1983,5,1.181,NA,PDO,NA,NA,Pacific Decadal Oscillation,NA
01-JUN-1983 00:00,1983,6,1.756,NA,PDO,NA,NA,Pacific Decadal Oscillation,NA
01-JUL-1983 00:00,1983,7,2.273,NA,PDO,NA,NA,Pacific Decadal Oscillation,NA
01-AUG-1983 00:00,1983,8,1.302,NA,PDO,NA,NA,Pacific Decadal Oscillation,NA
01-SEP-1983 00:00,1983,9,0.669,NA,PDO,NA,NA,Pacific Decadal Oscillation,NA
01-OCT-1983 00:00,1983,10,0.702,NA,PDO,NA,NA,Pacific Decadal Oscillation,NA
01-NOV-1983 00:00,1983,11,1.032,NA,PDO,NA,NA,Pacific Decadal Oscillation,NA
01-DEC-1983 00:00,1983,12,1.389,NA,PDO,NA,NA,Pacific Decadal Oscillation,NA
01-JAN-1984 00:00,1984,1,1.178,NA,PDO,NA,NA,Pacific Decadal Oscillation,NA
01-FEB-1984 00:00,1984,2,1.046,NA,PDO,NA,NA,Pacific Decadal Oscillation,NA
01-MAR-1984 00:00,1984,3,1.381,NA,PDO,NA,NA,Pacific Decadal Oscillation,NA
01-APR-1984 00:00,1984,4,1.001,NA,PDO,NA,NA,Pacific Decadal Oscillation,NA
01-MAY-1984 00:00,1984,5,0.942,NA,PDO,NA,NA,Pacific Decadal Oscillation,NA
01-JUN-1984 00:00,1984,6,0.074,NA,PDO,NA,NA,Pacific Decadal Oscillation,NA
01-JUL-1984 00:00,1984,7,0.098,NA,PDO,NA,NA,Pacific Decadal Oscillation,NA
01-AUG-1984 00:00,1984,8,0.505,NA,PDO,NA,NA,Pacific Decadal Oscillation,NA
01-SEP-1984 00:00,1984,9,0.479,NA,PDO,NA,NA,Pacific Decadal Oscillation,NA
01-OCT-1984 00:00,1984,10,0.7,NA,PDO,NA,NA,Pacific Decadal Oscillation,NA
01-NOV-1984 00:00,1984,11,0.636,NA,PDO,NA,NA,Pacific Decadal Oscillation,NA
01-DEC-1984 00:00,1984,12,0.476,NA,PDO,NA,NA,Pacific Decadal Oscillation,NA
01-JAN-1985 00:00,1985,1,0.831,NA,PDO,NA,NA,Pacific Decadal Oscillation,NA
01-FEB-1985 00:00,1985,2,0.587,NA,PDO,NA,NA,Pacific Decadal Oscillation,NA
01-MAR-1985 00:00,1985,3,-0.038,NA,PDO,NA,NA,Pacific Decadal Oscillation,NA
01-APR-1985 00:00,1985,4,-0.182,NA,PDO,NA,NA,Pacific Decadal Oscillation,NA
01-MAY-1985 00:00,1985,5,-0.271,NA,PDO,NA,NA,Pacific Decadal Oscillation,NA
01-JUN-1985 00:00,1985,6,0.338,NA,PDO,NA,NA,Pacific Decadal Oscillation,NA
01-JUL-1985 00:00,1985,7,0.84,NA,PDO,NA,NA,Pacific Decadal Oscillation,NA
01-AUG-1985 00:00,1985,8,0.687,NA,PDO,NA,NA,Pacific Decadal Oscillation,NA
01-SEP-1985 00:00,1985,9,0.565,NA,PDO,NA,NA,Pacific Decadal Oscillation,NA
01-OCT-1985 00:00,1985,10,0.441,NA,PDO,NA,NA,Pacific Decadal Oscillation,NA
01-NOV-1985 00:00,1985,11,-0.402,NA,PDO,NA,NA,Pacific Decadal Oscillation,NA
01-DEC-1985 00:00,1985,12,0.401,NA,PDO,NA,NA,Pacific Decadal Oscillation,NA
01-JAN-1986 00:00,1986,1,1.053,NA,PDO,NA,NA,Pacific Decadal Oscillation,NA
01-FEB-1986 00:00,1986,2,1.57,NA,PDO,NA,NA,Pacific Decadal Oscillation,NA
01-MAR-1986 00:00,1986,3,1.769,NA,PDO,NA,NA,Pacific Decadal Oscillation,NA
01-APR-1986 00:00,1986,4,1.261,NA,PDO,NA,NA,Pacific Decadal Oscillation,NA
01-MAY-1986 00:00,1986,5,0.99,NA,PDO,NA,NA,Pacific Decadal Oscillation,NA
01-JUN-1986 00:00,1986,6,0.835,NA,PDO,NA,NA,Pacific Decadal Oscillation,NA
01-JUL-1986 00:00,1986,7,1.304,NA,PDO,NA,NA,Pacific Decadal Oscillation,NA
01-AUG-1986 00:00,1986,8,0.475,NA,PDO,NA,NA,Pacific Decadal Oscillation,NA
01-SEP-1986 00:00,1986,9,0.617,NA,PDO,NA,NA,Pacific Decadal Oscillation,NA
01-OCT-1986 00:00,1986,10,1.266,NA,PDO,NA,NA,Pacific Decadal Oscillation,NA
01-NOV-1986 00:00,1986,11,1.763,NA,PDO,NA,NA,Pacific Decadal Oscillation,NA
01-DEC-1986 00:00,1986,12,1.519,NA,PDO,NA,NA,Pacific Decadal Oscillation,NA
01-JAN-1987 00:00,1987,1,1.423,NA,PDO,NA,NA,Pacific Decadal Oscillation,NA
01-FEB-1987 00:00,1987,2,1.59,NA,PDO,NA,NA,Pacific Decadal Oscillation,NA
01-MAR-1987 00:00,1987,3,1.501,NA,PDO,NA,NA,Pacific Decadal Oscillation,NA
01-APR-1987 00:00,1987,4,1.572,NA,PDO,NA,NA,Pacific Decadal Oscillation,NA
01-MAY-1987 00:00,1987,5,1.267,NA,PDO,NA,NA,Pacific Decadal Oscillation,NA
01-JUN-1987 00:00,1987,6,0.548,NA,PDO,NA,NA,Pacific Decadal Oscillation,NA
01-JUL-1987 00:00,1987,7,1.694,NA,PDO,NA,NA,Pacific Decadal Oscillation,NA
01-AUG-1987 00:00,1987,8,1.917,NA,PDO,NA,NA,Pacific Decadal Oscillation,NA
01-SEP-1987 00:00,1987,9,1.769,NA,PDO,NA,NA,Pacific Decadal Oscillation,NA
01-OCT-1987 00:00,1987,10,1.1,NA,PDO,NA,NA,Pacific Decadal Oscillation,NA
01-NOV-1987 00:00,1987,11,1.092,NA,PDO,NA,NA,Pacific Decadal Oscillation,NA
01-DEC-1987 00:00,1987,12,0.861,NA,PDO,NA,NA,Pacific Decadal Oscillation,NA
01-JAN-1988 00:00,1988,1,0.399,NA,PDO,NA,NA,Pacific Decadal Oscillation,NA
01-FEB-1988 00:00,1988,2,0.643,NA,PDO,NA,NA,Pacific Decadal Oscillation,NA
01-MAR-1988 00:00,1988,3,0.633,NA,PDO,NA,NA,Pacific Decadal Oscillation,NA
01-APR-1988 00:00,1988,4,0.475,NA,PDO,NA,NA,Pacific Decadal Oscillation,NA
01-MAY-1988 00:00,1988,5,0.49,NA,PDO,NA,NA,Pacific Decadal Oscillation,NA
01-JUN-1988 00:00,1988,6,0.307,NA,PDO,NA,NA,Pacific Decadal Oscillation,NA
01-JUL-1988 00:00,1988,7,0.172,NA,PDO,NA,NA,Pacific Decadal Oscillation,NA
01-AUG-1988 00:00,1988,8,-0.362,NA,PDO,NA,NA,Pacific Decadal Oscillation,NA
01-SEP-1988 00:00,1988,9,-0.334,NA,PDO,NA,NA,Pacific Decadal Oscillation,NA
01-OCT-1988 00:00,1988,10,-0.05,NA,PDO,NA,NA,Pacific Decadal Oscillation,NA
01-NOV-1988 00:00,1988,11,0.056,NA,PDO,NA,NA,Pacific Decadal Oscillation,NA
01-DEC-1988 00:00,1988,12,-0.136,NA,PDO,NA,NA,Pacific Decadal Oscillation,NA
01-JAN-1989 00:00,1989,1,-0.989,NA,PDO,NA,NA,Pacific Decadal Oscillation,NA
01-FEB-1989 00:00,1989,2,-1.094,NA,PDO,NA,NA,Pacific Decadal Oscillation,NA
01-MAR-1989 00:00,1989,3,-0.87,NA,PDO,NA,NA,Pacific Decadal Oscillation,NA
01-APR-1989 00:00,1989,4,-0.122,NA,PDO,NA,NA,Pacific Decadal Oscillation,NA
01-MAY-1989 00:00,1989,5,0.011,NA,PDO,NA,NA,Pacific Decadal Oscillation,NA
01-JUN-1989 00:00,1989,6,0.071,NA,PDO,NA,NA,Pacific Decadal Oscillation,NA
01-JUL-1989 00:00,1989,7,0.571,NA,PDO,NA,NA,Pacific Decadal Oscillation,NA
01-AUG-1989 00:00,1989,8,-0.079,NA,PDO,NA,NA,Pacific Decadal Oscillation,NA
01-SEP-1989 00:00,1989,9,-0.202,NA,PDO,NA,NA,Pacific Decadal Oscillation,NA
01-OCT-1989 00:00,1989,10,-0.231,NA,PDO,NA,NA,Pacific Decadal Oscillation,NA
01-NOV-1989 00:00,1989,11,-0.552,NA,PDO,NA,NA,Pacific Decadal Oscillation,NA
01-DEC-1989 00:00,1989,12,-0,NA,PDO,NA,NA,Pacific Decadal Oscillation,NA
01-JAN-1990 00:00,1990,1,-0.254,NA,PDO,NA,NA,Pacific Decadal Oscillation,NA
01-FEB-1990 00:00,1990,2,-0.837,NA,PDO,NA,NA,Pacific Decadal Oscillation,NA
01-MAR-1990 00:00,1990,3,-0.707,NA,PDO,NA,NA,Pacific Decadal Oscillation,NA
01-APR-1990 00:00,1990,4,0.105,NA,PDO,NA,NA,Pacific Decadal Oscillation,NA
01-MAY-1990 00:00,1990,5,-0.047,NA,PDO,NA,NA,Pacific Decadal Oscillation,NA
01-JUN-1990 00:00,1990,6,-0.136,NA,PDO,NA,NA,Pacific Decadal Oscillation,NA
01-JUL-1990 00:00,1990,7,-0.047,NA,PDO,NA,NA,Pacific Decadal Oscillation,NA
01-AUG-1990 00:00,1990,8,0.004,NA,PDO,NA,NA,Pacific Decadal Oscillation,NA
01-SEP-1990 00:00,1990,9,0.058,NA,PDO,NA,NA,Pacific Decadal Oscillation,NA
01-OCT-1990 00:00,1990,10,-0.701,NA,PDO,NA,NA,Pacific Decadal Oscillation,NA
01-NOV-1990 00:00,1990,11,-1.439,NA,PDO,NA,NA,Pacific Decadal Oscillation,NA
01-DEC-1990 00:00,1990,12,-1.722,NA,PDO,NA,NA,Pacific Decadal Oscillation,NA
01-JAN-1991 00:00,1991,1,-1.302,NA,PDO,NA,NA,Pacific Decadal Oscillation,NA
01-FEB-1991 00:00,1991,2,-0.65,NA,PDO,NA,NA,Pacific Decadal Oscillation,NA
01-MAR-1991 00:00,1991,3,-0.61,NA,PDO,NA,NA,Pacific Decadal Oscillation,NA
01-APR-1991 00:00,1991,4,-1.198,NA,PDO,NA,NA,Pacific Decadal Oscillation,NA
01-MAY-1991 00:00,1991,5,-1.176,NA,PDO,NA,NA,Pacific Decadal Oscillation,NA
01-JUN-1991 00:00,1991,6,-1.826,NA,PDO,NA,NA,Pacific Decadal Oscillation,NA
01-JUL-1991 00:00,1991,7,-1.171,NA,PDO,NA,NA,Pacific Decadal Oscillation,NA
01-AUG-1991 00:00,1991,8,-0.317,NA,PDO,NA,NA,Pacific Decadal Oscillation,NA
01-SEP-1991 00:00,1991,9,0.613,NA,PDO,NA,NA,Pacific Decadal Oscillation,NA
01-OCT-1991 00:00,1991,10,0.545,NA,PDO,NA,NA,Pacific Decadal Oscillation,NA
01-NOV-1991 00:00,1991,11,0.598,NA,PDO,NA,NA,Pacific Decadal Oscillation,NA
01-DEC-1991 00:00,1991,12,-0.042,NA,PDO,NA,NA,Pacific Decadal Oscillation,NA
01-JAN-1992 00:00,1992,1,0.244,NA,PDO,NA,NA,Pacific Decadal Oscillation,NA
01-FEB-1992 00:00,1992,2,0.27,NA,PDO,NA,NA,Pacific Decadal Oscillation,NA
01-MAR-1992 00:00,1992,3,0.207,NA,PDO,NA,NA,Pacific Decadal Oscillation,NA
01-APR-1992 00:00,1992,4,0.615,NA,PDO,NA,NA,Pacific Decadal Oscillation,NA
01-MAY-1992 00:00,1992,5,1.349,NA,PDO,NA,NA,Pacific Decadal Oscillation,NA
01-JUN-1992 00:00,1992,6,1.239,NA,PDO,NA,NA,Pacific Decadal Oscillation,NA
01-JUL-1992 00:00,1992,7,1.579,NA,PDO,NA,NA,Pacific Decadal Oscillation,NA
01-AUG-1992 00:00,1992,8,1.113,NA,PDO,NA,NA,Pacific Decadal Oscillation,NA
01-SEP-1992 00:00,1992,9,0.872,NA,PDO,NA,NA,Pacific Decadal Oscillation,NA
01-OCT-1992 00:00,1992,10,1.377,NA,PDO,NA,NA,Pacific Decadal Oscillation,NA
01-NOV-1992 00:00,1992,11,1.35,NA,PDO,NA,NA,Pacific Decadal Oscillation,NA
01-DEC-1992 00:00,1992,12,0.474,NA,PDO,NA,NA,Pacific Decadal Oscillation,NA
01-JAN-1993 00:00,1993,1,0.01,NA,PDO,NA,NA,Pacific Decadal Oscillation,NA
01-FEB-1993 00:00,1993,2,0.312,NA,PDO,NA,NA,Pacific Decadal Oscillation,NA
01-MAR-1993 00:00,1993,3,0.545,NA,PDO,NA,NA,Pacific Decadal Oscillation,NA
01-APR-1993 00:00,1993,4,1.123,NA,PDO,NA,NA,Pacific Decadal Oscillation,NA
01-MAY-1993 00:00,1993,5,1.776,NA,PDO,NA,NA,Pacific Decadal Oscillation,NA
01-JUN-1993 00:00,1993,6,1.928,NA,PDO,NA,NA,Pacific Decadal Oscillation,NA
01-JUL-1993 00:00,1993,7,1.464,NA,PDO,NA,NA,Pacific Decadal Oscillation,NA
01-AUG-1993 00:00,1993,8,1.962,NA,PDO,NA,NA,Pacific Decadal Oscillation,NA
01-SEP-1993 00:00,1993,9,1.437,NA,PDO,NA,NA,Pacific Decadal Oscillation,NA
01-OCT-1993 00:00,1993,10,1.478,NA,PDO,NA,NA,Pacific Decadal Oscillation,NA
01-NOV-1993 00:00,1993,11,1.229,NA,PDO,NA,NA,Pacific Decadal Oscillation,NA
01-DEC-1993 00:00,1993,12,0.752,NA,PDO,NA,NA,Pacific Decadal Oscillation,NA
01-JAN-1994 00:00,1994,1,0.945,NA,PDO,NA,NA,Pacific Decadal Oscillation,NA
01-FEB-1994 00:00,1994,2,0.556,NA,PDO,NA,NA,Pacific Decadal Oscillation,NA
01-MAR-1994 00:00,1994,3,0.481,NA,PDO,NA,NA,Pacific Decadal Oscillation,NA
01-APR-1994 00:00,1994,4,0.717,NA,PDO,NA,NA,Pacific Decadal Oscillation,NA
01-MAY-1994 00:00,1994,5,0.684,NA,PDO,NA,NA,Pacific Decadal Oscillation,NA
01-JUN-1994 00:00,1994,6,0.152,NA,PDO,NA,NA,Pacific Decadal Oscillation,NA
01-JUL-1994 00:00,1994,7,-0.472,NA,PDO,NA,NA,Pacific Decadal Oscillation,NA
01-AUG-1994 00:00,1994,8,-0.426,NA,PDO,NA,NA,Pacific Decadal Oscillation,NA
01-SEP-1994 00:00,1994,9,-0.886,NA,PDO,NA,NA,Pacific Decadal Oscillation,NA
01-OCT-1994 00:00,1994,10,-0.591,NA,PDO,NA,NA,Pacific Decadal Oscillation,NA
01-NOV-1994 00:00,1994,11,-1.428,NA,PDO,NA,NA,Pacific Decadal Oscillation,NA
01-DEC-1994 00:00,1994,12,-1.852,NA,PDO,NA,NA,Pacific Decadal Oscillation,NA
01-JAN-1995 00:00,1995,1,-0.578,NA,PDO,NA,NA,Pacific Decadal Oscillation,NA
01-FEB-1995 00:00,1995,2,0.239,NA,PDO,NA,NA,Pacific Decadal Oscillation,NA
01-MAR-1995 00:00,1995,3,0.71,NA,PDO,NA,NA,Pacific Decadal Oscillation,NA
01-APR-1995 00:00,1995,4,0.712,NA,PDO,NA,NA,Pacific Decadal Oscillation,NA
01-MAY-1995 00:00,1995,5,1.153,NA,PDO,NA,NA,Pacific Decadal Oscillation,NA
01-JUN-1995 00:00,1995,6,1.15,NA,PDO,NA,NA,Pacific Decadal Oscillation,NA
01-JUL-1995 00:00,1995,7,1.262,NA,PDO,NA,NA,Pacific Decadal Oscillation,NA
01-AUG-1995 00:00,1995,8,0.277,NA,PDO,NA,NA,Pacific Decadal Oscillation,NA
01-SEP-1995 00:00,1995,9,1.342,NA,PDO,NA,NA,Pacific Decadal Oscillation,NA
01-OCT-1995 00:00,1995,10,0.692,NA,PDO,NA,NA,Pacific Decadal Oscillation,NA
01-NOV-1995 00:00,1995,11,0.182,NA,PDO,NA,NA,Pacific Decadal Oscillation,NA
01-DEC-1995 00:00,1995,12,0.425,NA,PDO,NA,NA,Pacific Decadal Oscillation,NA
01-JAN-1996 00:00,1996,1,0.947,NA,PDO,NA,NA,Pacific Decadal Oscillation,NA
01-FEB-1996 00:00,1996,2,1.068,NA,PDO,NA,NA,Pacific Decadal Oscillation,NA
01-MAR-1996 00:00,1996,3,1.013,NA,PDO,NA,NA,Pacific Decadal Oscillation,NA
01-APR-1996 00:00,1996,4,1.285,NA,PDO,NA,NA,Pacific Decadal Oscillation,NA
01-MAY-1996 00:00,1996,5,1.898,NA,PDO,NA,NA,Pacific Decadal Oscillation,NA
01-JUN-1996 00:00,1996,6,1.026,NA,PDO,NA,NA,Pacific Decadal Oscillation,NA
01-JUL-1996 00:00,1996,7,0.577,NA,PDO,NA,NA,Pacific Decadal Oscillation,NA
01-AUG-1996 00:00,1996,8,-0.212,NA,PDO,NA,NA,Pacific Decadal Oscillation,NA
01-SEP-1996 00:00,1996,9,0.511,NA,PDO,NA,NA,Pacific Decadal Oscillation,NA
01-OCT-1996 00:00,1996,10,0.717,NA,PDO,NA,NA,Pacific Decadal Oscillation,NA
01-NOV-1996 00:00,1996,11,0.688,NA,PDO,NA,NA,Pacific Decadal Oscillation,NA
01-DEC-1996 00:00,1996,12,0.22,NA,PDO,NA,NA,Pacific Decadal Oscillation,NA
01-JAN-1997 00:00,1997,1,0.815,NA,PDO,NA,NA,Pacific Decadal Oscillation,NA
01-FEB-1997 00:00,1997,2,0.592,NA,PDO,NA,NA,Pacific Decadal Oscillation,NA
01-MAR-1997 00:00,1997,3,0.732,NA,PDO,NA,NA,Pacific Decadal Oscillation,NA
01-APR-1997 00:00,1997,4,0.961,NA,PDO,NA,NA,Pacific Decadal Oscillation,NA
01-MAY-1997 00:00,1997,5,1.657,NA,PDO,NA,NA,Pacific Decadal Oscillation,NA
01-JUN-1997 00:00,1997,6,2.382,NA,PDO,NA,NA,Pacific Decadal Oscillation,NA
01-JUL-1997 00:00,1997,7,1.442,NA,PDO,NA,NA,Pacific Decadal Oscillation,NA
01-AUG-1997 00:00,1997,8,2.123,NA,PDO,NA,NA,Pacific Decadal Oscillation,NA
01-SEP-1997 00:00,1997,9,1.639,NA,PDO,NA,NA,Pacific Decadal Oscillation,NA
01-OCT-1997 00:00,1997,10,1.587,NA,PDO,NA,NA,Pacific Decadal Oscillation,NA
01-NOV-1997 00:00,1997,11,1.281,NA,PDO,NA,NA,Pacific Decadal Oscillation,NA
01-DEC-1997 00:00,1997,12,0.867,NA,PDO,NA,NA,Pacific Decadal Oscillation,NA
01-JAN-1998 00:00,1998,1,0.991,NA,PDO,NA,NA,Pacific Decadal Oscillation,NA
01-FEB-1998 00:00,1998,2,1.482,NA,PDO,NA,NA,Pacific Decadal Oscillation,NA
01-MAR-1998 00:00,1998,3,1.407,NA,PDO,NA,NA,Pacific Decadal Oscillation,NA
01-APR-1998 00:00,1998,4,0.31,NA,PDO,NA,NA,Pacific Decadal Oscillation,NA
01-MAY-1998 00:00,1998,5,-0.355,NA,PDO,NA,NA,Pacific Decadal Oscillation,NA
01-JUN-1998 00:00,1998,6,-0.519,NA,PDO,NA,NA,Pacific Decadal Oscillation,NA
01-JUL-1998 00:00,1998,7,-0.681,NA,PDO,NA,NA,Pacific Decadal Oscillation,NA
01-AUG-1998 00:00,1998,8,-0.171,NA,PDO,NA,NA,Pacific Decadal Oscillation,NA
01-SEP-1998 00:00,1998,9,-0.867,NA,PDO,NA,NA,Pacific Decadal Oscillation,NA
01-OCT-1998 00:00,1998,10,-1.576,NA,PDO,NA,NA,Pacific Decadal Oscillation,NA
01-NOV-1998 00:00,1998,11,-0.612,NA,PDO,NA,NA,Pacific Decadal Oscillation,NA
01-DEC-1998 00:00,1998,12,-0.874,NA,PDO,NA,NA,Pacific Decadal Oscillation,NA
01-JAN-1999 00:00,1999,1,-0.543,NA,PDO,NA,NA,Pacific Decadal Oscillation,NA
01-FEB-1999 00:00,1999,2,-0.756,NA,PDO,NA,NA,Pacific Decadal Oscillation,NA
01-MAR-1999 00:00,1999,3,-0.867,NA,PDO,NA,NA,Pacific Decadal Oscillation,NA
01-APR-1999 00:00,1999,4,-1.452,NA,PDO,NA,NA,Pacific Decadal Oscillation,NA
01-MAY-1999 00:00,1999,5,-1.864,NA,PDO,NA,NA,Pacific Decadal Oscillation,NA
01-JUN-1999 00:00,1999,6,-1.91,NA,PDO,NA,NA,Pacific Decadal Oscillation,NA
01-JUL-1999 00:00,1999,7,-1.321,NA,PDO,NA,NA,Pacific Decadal Oscillation,NA
01-AUG-1999 00:00,1999,8,-1.189,NA,PDO,NA,NA,Pacific Decadal Oscillation,NA
01-SEP-1999 00:00,1999,9,-1.379,NA,PDO,NA,NA,Pacific Decadal Oscillation,NA
01-OCT-1999 00:00,1999,10,-1.849,NA,PDO,NA,NA,Pacific Decadal Oscillation,NA
01-NOV-1999 00:00,1999,11,-1.754,NA,PDO,NA,NA,Pacific Decadal Oscillation,NA
01-DEC-1999 00:00,1999,12,-1.64,NA,PDO,NA,NA,Pacific Decadal Oscillation,NA
01-JAN-2000 00:00,2000,1,-1.784,NA,PDO,NA,NA,Pacific Decadal Oscillation,NA
01-FEB-2000 00:00,2000,2,-0.969,NA,PDO,NA,NA,Pacific Decadal Oscillation,NA
01-MAR-2000 00:00,2000,3,-0.475,NA,PDO,NA,NA,Pacific Decadal Oscillation,NA
01-APR-2000 00:00,2000,4,-0.392,NA,PDO,NA,NA,Pacific Decadal Oscillation,NA
01-MAY-2000 00:00,2000,5,-0.568,NA,PDO,NA,NA,Pacific Decadal Oscillation,NA
01-JUN-2000 00:00,2000,6,-0.521,NA,PDO,NA,NA,Pacific Decadal Oscillation,NA
01-JUL-2000 00:00,2000,7,-0.903,NA,PDO,NA,NA,Pacific Decadal Oscillation,NA
01-AUG-2000 00:00,2000,8,-1.102,NA,PDO,NA,NA,Pacific Decadal Oscillation,NA
01-SEP-2000 00:00,2000,9,-0.811,NA,PDO,NA,NA,Pacific Decadal Oscillation,NA
01-OCT-2000 00:00,2000,10,-1.082,NA,PDO,NA,NA,Pacific Decadal Oscillation,NA
01-NOV-2000 00:00,2000,11,-0.804,NA,PDO,NA,NA,Pacific Decadal Oscillation,NA
01-DEC-2000 00:00,2000,12,0.024,NA,PDO,NA,NA,Pacific Decadal Oscillation,NA
01-JAN-2001 00:00,2001,1,0.519,NA,PDO,NA,NA,Pacific Decadal Oscillation,NA
01-FEB-2001 00:00,2001,2,0.145,NA,PDO,NA,NA,Pacific Decadal Oscillation,NA
01-MAR-2001 00:00,2001,3,-0.035,NA,PDO,NA,NA,Pacific Decadal Oscillation,NA
01-APR-2001 00:00,2001,4,-0.837,NA,PDO,NA,NA,Pacific Decadal Oscillation,NA
01-MAY-2001 00:00,2001,5,-0.755,NA,PDO,NA,NA,Pacific Decadal Oscillation,NA
01-JUN-2001 00:00,2001,6,-1.02,NA,PDO,NA,NA,Pacific Decadal Oscillation,NA
01-JUL-2001 00:00,2001,7,-1.73,NA,PDO,NA,NA,Pacific Decadal Oscillation,NA
01-AUG-2001 00:00,2001,8,-1.09,NA,PDO,NA,NA,Pacific Decadal Oscillation,NA
01-SEP-2001 00:00,2001,9,-1.217,NA,PDO,NA,NA,Pacific Decadal Oscillation,NA
01-OCT-2001 00:00,2001,10,-1.201,NA,PDO,NA,NA,Pacific Decadal Oscillation,NA
01-NOV-2001 00:00,2001,11,-0.793,NA,PDO,NA,NA,Pacific Decadal Oscillation,NA
01-DEC-2001 00:00,2001,12,-0.889,NA,PDO,NA,NA,Pacific Decadal Oscillation,NA
01-JAN-2002 00:00,2002,1,-0.154,NA,PDO,NA,NA,Pacific Decadal Oscillation,NA
01-FEB-2002 00:00,2002,2,-0.961,NA,PDO,NA,NA,Pacific Decadal Oscillation,NA
01-MAR-2002 00:00,2002,3,-0.779,NA,PDO,NA,NA,Pacific Decadal Oscillation,NA
01-APR-2002 00:00,2002,4,-0.701,NA,PDO,NA,NA,Pacific Decadal Oscillation,NA
01-MAY-2002 00:00,2002,5,-0.996,NA,PDO,NA,NA,Pacific Decadal Oscillation,NA
01-JUN-2002 00:00,2002,6,-0.868,NA,PDO,NA,NA,Pacific Decadal Oscillation,NA
01-JUL-2002 00:00,2002,7,-0.422,NA,PDO,NA,NA,Pacific Decadal Oscillation,NA
01-AUG-2002 00:00,2002,8,0.285,NA,PDO,NA,NA,Pacific Decadal Oscillation,NA
01-SEP-2002 00:00,2002,9,0.123,NA,PDO,NA,NA,Pacific Decadal Oscillation,NA
01-OCT-2002 00:00,2002,10,0.3,NA,PDO,NA,NA,Pacific Decadal Oscillation,NA
01-NOV-2002 00:00,2002,11,1.081,NA,PDO,NA,NA,Pacific Decadal Oscillation,NA
01-DEC-2002 00:00,2002,12,1.473,NA,PDO,NA,NA,Pacific Decadal Oscillation,NA
01-JAN-2003 00:00,2003,1,1.442,NA,PDO,NA,NA,Pacific Decadal Oscillation,NA
01-FEB-2003 00:00,2003,2,1.262,NA,PDO,NA,NA,Pacific Decadal Oscillation,NA
01-MAR-2003 00:00,2003,3,1.282,NA,PDO,NA,NA,Pacific Decadal Oscillation,NA
01-APR-2003 00:00,2003,4,0.529,NA,PDO,NA,NA,Pacific Decadal Oscillation,NA
01-MAY-2003 00:00,2003,5,0.324,NA,PDO,NA,NA,Pacific Decadal Oscillation,NA
01-JUN-2003 00:00,2003,6,-0.182,NA,PDO,NA,NA,Pacific Decadal Oscillation,NA
01-JUL-2003 00:00,2003,7,0.493,NA,PDO,NA,NA,Pacific Decadal Oscillation,NA
01-AUG-2003 00:00,2003,8,0.745,NA,PDO,NA,NA,Pacific Decadal Oscillation,NA
01-SEP-2003 00:00,2003,9,0.049,NA,PDO,NA,NA,Pacific Decadal Oscillation,NA
01-OCT-2003 00:00,2003,10,0.757,NA,PDO,NA,NA,Pacific Decadal Oscillation,NA
01-NOV-2003 00:00,2003,11,-0.02,NA,PDO,NA,NA,Pacific Decadal Oscillation,NA
01-DEC-2003 00:00,2003,12,-0.361,NA,PDO,NA,NA,Pacific Decadal Oscillation,NA
01-JAN-2004 00:00,2004,1,-0.226,NA,PDO,NA,NA,Pacific Decadal Oscillation,NA
01-FEB-2004 00:00,2004,2,0.032,NA,PDO,NA,NA,Pacific Decadal Oscillation,NA
01-MAR-2004 00:00,2004,3,0.128,NA,PDO,NA,NA,Pacific Decadal Oscillation,NA
01-APR-2004 00:00,2004,4,0.095,NA,PDO,NA,NA,Pacific Decadal Oscillation,NA
01-MAY-2004 00:00,2004,5,0.496,NA,PDO,NA,NA,Pacific Decadal Oscillation,NA
01-JUN-2004 00:00,2004,6,-0.288,NA,PDO,NA,NA,Pacific Decadal Oscillation,NA
01-JUL-2004 00:00,2004,7,0.032,NA,PDO,NA,NA,Pacific Decadal Oscillation,NA
01-AUG-2004 00:00,2004,8,0.292,NA,PDO,NA,NA,Pacific Decadal Oscillation,NA
01-SEP-2004 00:00,2004,9,0.108,NA,PDO,NA,NA,Pacific Decadal Oscillation,NA
01-OCT-2004 00:00,2004,10,-0.52,NA,PDO,NA,NA,Pacific Decadal Oscillation,NA
01-NOV-2004 00:00,2004,11,-0.946,NA,PDO,NA,NA,Pacific Decadal Oscillation,NA
01-DEC-2004 00:00,2004,12,-0.531,NA,PDO,NA,NA,Pacific Decadal Oscillation,NA
01-JAN-2005 00:00,2005,1,-0.068,NA,PDO,NA,NA,Pacific Decadal Oscillation,NA
01-FEB-2005 00:00,2005,2,0.169,NA,PDO,NA,NA,Pacific Decadal Oscillation,NA
01-MAR-2005 00:00,2005,3,0.795,NA,PDO,NA,NA,Pacific Decadal Oscillation,NA
01-APR-2005 00:00,2005,4,0.402,NA,PDO,NA,NA,Pacific Decadal Oscillation,NA
01-MAY-2005 00:00,2005,5,1.147,NA,PDO,NA,NA,Pacific Decadal Oscillation,NA
01-JUN-2005 00:00,2005,6,0.528,NA,PDO,NA,NA,Pacific Decadal Oscillation,NA
01-JUL-2005 00:00,2005,7,0.014,NA,PDO,NA,NA,Pacific Decadal Oscillation,NA
01-AUG-2005 00:00,2005,8,-0.198,NA,PDO,NA,NA,Pacific Decadal Oscillation,NA
01-SEP-2005 00:00,2005,9,-0.712,NA,PDO,NA,NA,Pacific Decadal Oscillation,NA
01-OCT-2005 00:00,2005,10,-1.566,NA,PDO,NA,NA,Pacific Decadal Oscillation,NA
01-NOV-2005 00:00,2005,11,-1.544,NA,PDO,NA,NA,Pacific Decadal Oscillation,NA
01-DEC-2005 00:00,2005,12,-0.059,NA,PDO,NA,NA,Pacific Decadal Oscillation,NA
01-JAN-2006 00:00,2006,1,0.554,NA,PDO,NA,NA,Pacific Decadal Oscillation,NA
01-FEB-2006 00:00,2006,2,0.507,NA,PDO,NA,NA,Pacific Decadal Oscillation,NA
01-MAR-2006 00:00,2006,3,-0.351,NA,PDO,NA,NA,Pacific Decadal Oscillation,NA
01-APR-2006 00:00,2006,4,-0.358,NA,PDO,NA,NA,Pacific Decadal Oscillation,NA
01-MAY-2006 00:00,2006,5,-0.284,NA,PDO,NA,NA,Pacific Decadal Oscillation,NA
01-JUN-2006 00:00,2006,6,0.091,NA,PDO,NA,NA,Pacific Decadal Oscillation,NA
01-JUL-2006 00:00,2006,7,0.377,NA,PDO,NA,NA,Pacific Decadal Oscillation,NA
01-AUG-2006 00:00,2006,8,-0.466,NA,PDO,NA,NA,Pacific Decadal Oscillation,NA
01-SEP-2006 00:00,2006,9,-0.997,NA,PDO,NA,NA,Pacific Decadal Oscillation,NA
01-OCT-2006 00:00,2006,10,-0.169,NA,PDO,NA,NA,Pacific Decadal Oscillation,NA
01-NOV-2006 00:00,2006,11,-0.442,NA,PDO,NA,NA,Pacific Decadal Oscillation,NA
01-DEC-2006 00:00,2006,12,-0.296,NA,PDO,NA,NA,Pacific Decadal Oscillation,NA
01-JAN-2007 00:00,2007,1,-0.468,NA,PDO,NA,NA,Pacific Decadal Oscillation,NA
01-FEB-2007 00:00,2007,2,-0.382,NA,PDO,NA,NA,Pacific Decadal Oscillation,NA
01-MAR-2007 00:00,2007,3,-0.734,NA,PDO,NA,NA,Pacific Decadal Oscillation,NA
01-APR-2007 00:00,2007,4,-0.24,NA,PDO,NA,NA,Pacific Decadal Oscillation,NA
01-MAY-2007 00:00,2007,5,-0.116,NA,PDO,NA,NA,Pacific Decadal Oscillation,NA
01-JUN-2007 00:00,2007,6,0.086,NA,PDO,NA,NA,Pacific Decadal Oscillation,NA
01-JUL-2007 00:00,2007,7,0.547,NA,PDO,NA,NA,Pacific Decadal Oscillation,NA
01-AUG-2007 00:00,2007,8,0.185,NA,PDO,NA,NA,Pacific Decadal Oscillation,NA
01-SEP-2007 00:00,2007,9,-0.582,NA,PDO,NA,NA,Pacific Decadal Oscillation,NA
01-OCT-2007 00:00,2007,10,-1.871,NA,PDO,NA,NA,Pacific Decadal Oscillation,NA
01-NOV-2007 00:00,2007,11,-1.23,NA,PDO,NA,NA,Pacific Decadal Oscillation,NA
01-DEC-2007 00:00,2007,12,-0.759,NA,PDO,NA,NA,Pacific Decadal Oscillation,NA
01-JAN-2008 00:00,2008,1,-1.23,NA,PDO,NA,NA,Pacific Decadal Oscillation,NA
01-FEB-2008 00:00,2008,2,-1.188,NA,PDO,NA,NA,Pacific Decadal Oscillation,NA
01-MAR-2008 00:00,2008,3,-0.955,NA,PDO,NA,NA,Pacific Decadal Oscillation,NA
01-APR-2008 00:00,2008,4,-1.498,NA,PDO,NA,NA,Pacific Decadal Oscillation,NA
01-MAY-2008 00:00,2008,5,-1.348,NA,PDO,NA,NA,Pacific Decadal Oscillation,NA
01-JUN-2008 00:00,2008,6,-1.625,NA,PDO,NA,NA,Pacific Decadal Oscillation,NA
01-JUL-2008 00:00,2008,7,-1.373,NA,PDO,NA,NA,Pacific Decadal Oscillation,NA
01-AUG-2008 00:00,2008,8,-1.218,NA,PDO,NA,NA,Pacific Decadal Oscillation,NA
01-SEP-2008 00:00,2008,9,-1.347,NA,PDO,NA,NA,Pacific Decadal Oscillation,NA
01-OCT-2008 00:00,2008,10,-1.538,NA,PDO,NA,NA,Pacific Decadal Oscillation,NA
01-NOV-2008 00:00,2008,11,-1.384,NA,PDO,NA,NA,Pacific Decadal Oscillation,NA
01-DEC-2008 00:00,2008,12,-1.266,NA,PDO,NA,NA,Pacific Decadal Oscillation,NA
01-JAN-2009 00:00,2009,1,-1.619,NA,PDO,NA,NA,Pacific Decadal Oscillation,NA
01-FEB-2009 00:00,2009,2,-1.464,NA,PDO,NA,NA,Pacific Decadal Oscillation,NA
01-MAR-2009 00:00,2009,3,-1.742,NA,PDO,NA,NA,Pacific Decadal Oscillation,NA
01-APR-2009 00:00,2009,4,-1.872,NA,PDO,NA,NA,Pacific Decadal Oscillation,NA
01-MAY-2009 00:00,2009,5,-1.008,NA,PDO,NA,NA,Pacific Decadal Oscillation,NA
01-JUN-2009 00:00,2009,6,-0.665,NA,PDO,NA,NA,Pacific Decadal Oscillation,NA
01-JUL-2009 00:00,2009,7,-0.523,NA,PDO,NA,NA,Pacific Decadal Oscillation,NA
01-AUG-2009 00:00,2009,8,-0.25,NA,PDO,NA,NA,Pacific Decadal Oscillation,NA
01-SEP-2009 00:00,2009,9,0.454,NA,PDO,NA,NA,Pacific Decadal Oscillation,NA
01-OCT-2009 00:00,2009,10,0.078,NA,PDO,NA,NA,Pacific Decadal Oscillation,NA
01-NOV-2009 00:00,2009,11,-0.759,NA,PDO,NA,NA,Pacific Decadal Oscillation,NA
01-DEC-2009 00:00,2009,12,-0.429,NA,PDO,NA,NA,Pacific Decadal Oscillation,NA
01-JAN-2010 00:00,2010,1,0.134,NA,PDO,NA,NA,Pacific Decadal Oscillation,NA
01-FEB-2010 00:00,2010,2,0.361,NA,PDO,NA,NA,Pacific Decadal Oscillation,NA
01-MAR-2010 00:00,2010,3,0.036,NA,PDO,NA,NA,Pacific Decadal Oscillation,NA
01-APR-2010 00:00,2010,4,0.043,NA,PDO,NA,NA,Pacific Decadal Oscillation,NA
01-MAY-2010 00:00,2010,5,-0.132,NA,PDO,NA,NA,Pacific Decadal Oscillation,NA
01-JUN-2010 00:00,2010,6,-0.699,NA,PDO,NA,NA,Pacific Decadal Oscillation,NA
01-JUL-2010 00:00,2010,7,-1.579,NA,PDO,NA,NA,Pacific Decadal Oscillation,NA
01-AUG-2010 00:00,2010,8,-1.499,NA,PDO,NA,NA,Pacific Decadal Oscillation,NA
01-SEP-2010 00:00,2010,9,-1.639,NA,PDO,NA,NA,Pacific Decadal Oscillation,NA
01-OCT-2010 00:00,2010,10,-1.083,NA,PDO,NA,NA,Pacific Decadal Oscillation,NA
01-NOV-2010 00:00,2010,11,-1.183,NA,PDO,NA,NA,Pacific Decadal Oscillation,NA
01-DEC-2010 00:00,2010,12,-1.677,NA,PDO,NA,NA,Pacific Decadal Oscillation,NA
01-JAN-2011 00:00,2011,1,-1.469,NA,PDO,NA,NA,Pacific Decadal Oscillation,NA
01-FEB-2011 00:00,2011,2,-1.069,NA,PDO,NA,NA,Pacific Decadal Oscillation,NA
01-MAR-2011 00:00,2011,3,-0.931,NA,PDO,NA,NA,Pacific Decadal Oscillation,NA
01-APR-2011 00:00,2011,4,-0.823,NA,PDO,NA,NA,Pacific Decadal Oscillation,NA
01-MAY-2011 00:00,2011,5,-0.898,NA,PDO,NA,NA,Pacific Decadal Oscillation,NA
01-JUN-2011 00:00,2011,6,-1.445,NA,PDO,NA,NA,Pacific Decadal Oscillation,NA
01-JUL-2011 00:00,2011,7,-2.137,NA,PDO,NA,NA,Pacific Decadal Oscillation,NA
01-AUG-2011 00:00,2011,8,-1.997,NA,PDO,NA,NA,Pacific Decadal Oscillation,NA
01-SEP-2011 00:00,2011,9,-1.867,NA,PDO,NA,NA,Pacific Decadal Oscillation,NA
01-OCT-2011 00:00,2011,10,-1.553,NA,PDO,NA,NA,Pacific Decadal Oscillation,NA
01-NOV-2011 00:00,2011,11,-2.48,NA,PDO,NA,NA,Pacific Decadal Oscillation,NA
01-DEC-2011 00:00,2011,12,-2.184,NA,PDO,NA,NA,Pacific Decadal Oscillation,NA
01-JAN-2012 00:00,2012,1,-1.669,NA,PDO,NA,NA,Pacific Decadal Oscillation,NA
01-FEB-2012 00:00,2012,2,-1.148,NA,PDO,NA,NA,Pacific Decadal Oscillation,NA
01-MAR-2012 00:00,2012,3,-1.348,NA,PDO,NA,NA,Pacific Decadal Oscillation,NA
01-APR-2012 00:00,2012,4,-0.761,NA,PDO,NA,NA,Pacific Decadal Oscillation,NA
01-MAY-2012 00:00,2012,5,-1.626,NA,PDO,NA,NA,Pacific Decadal Oscillation,NA
01-JUN-2012 00:00,2012,6,-1.426,NA,PDO,NA,NA,Pacific Decadal Oscillation,NA
01-JUL-2012 00:00,2012,7,-1.953,NA,PDO,NA,NA,Pacific Decadal Oscillation,NA
01-AUG-2012 00:00,2012,8,-1.936,NA,PDO,NA,NA,Pacific Decadal Oscillation,NA
01-SEP-2012 00:00,2012,9,-2.309,NA,PDO,NA,NA,Pacific Decadal Oscillation,NA
01-OCT-2012 00:00,2012,10,-0.918,NA,PDO,NA,NA,Pacific Decadal Oscillation,NA
01-NOV-2012 00:00,2012,11,-0.577,NA,PDO,NA,NA,Pacific Decadal Oscillation,NA
01-DEC-2012 00:00,2012,12,-1.301,NA,PDO,NA,NA,Pacific Decadal Oscillation,NA
01-JAN-2013 00:00,2013,1,-1,NA,PDO,NA,NA,Pacific Decadal Oscillation,NA
01-FEB-2013 00:00,2013,2,-1.109,NA,PDO,NA,NA,Pacific Decadal Oscillation,NA
01-MAR-2013 00:00,2013,3,-1.109,NA,PDO,NA,NA,Pacific Decadal Oscillation,NA
01-APR-2013 00:00,2013,4,-0.556,NA,PDO,NA,NA,Pacific Decadal Oscillation,NA
01-MAY-2013 00:00,2013,5,-0.294,NA,PDO,NA,NA,Pacific Decadal Oscillation,NA
01-JUN-2013 00:00,2013,6,-1.069,NA,PDO,NA,NA,Pacific Decadal Oscillation,NA
01-JUL-2013 00:00,2013,7,-1.139,NA,PDO,NA,NA,Pacific Decadal Oscillation,NA
01-AUG-2013 00:00,2013,8,-1.088,NA,PDO,NA,NA,Pacific Decadal Oscillation,NA
01-SEP-2013 00:00,2013,9,-0.658,NA,PDO,NA,NA,Pacific Decadal Oscillation,NA
01-OCT-2013 00:00,2013,10,-1.267,NA,PDO,NA,NA,Pacific Decadal Oscillation,NA
01-NOV-2013 00:00,2013,11,-0.895,NA,PDO,NA,NA,Pacific Decadal Oscillation,NA
01-DEC-2013 00:00,2013,12,-0.928,NA,PDO,NA,NA,Pacific Decadal Oscillation,NA
01-JAN-2014 00:00,2014,1,-0.496,NA,PDO,NA,NA,Pacific Decadal Oscillation,NA
01-FEB-2014 00:00,2014,2,-0.227,NA,PDO,NA,NA,Pacific Decadal Oscillation,NA
01-MAR-2014 00:00,2014,3,0.464,NA,PDO,NA,NA,Pacific Decadal Oscillation,NA
01-APR-2014 00:00,2014,4,0.526,NA,PDO,NA,NA,Pacific Decadal Oscillation,NA
01-MAY-2014 00:00,2014,5,1.153,NA,PDO,NA,NA,Pacific Decadal Oscillation,NA
01-JUN-2014 00:00,2014,6,-0.324,NA,PDO,NA,NA,Pacific Decadal Oscillation,NA
01-JUL-2014 00:00,2014,7,0.4,NA,PDO,NA,NA,Pacific Decadal Oscillation,NA
01-AUG-2014 00:00,2014,8,0.361,NA,PDO,NA,NA,Pacific Decadal Oscillation,NA
01-SEP-2014 00:00,2014,9,0.621,NA,PDO,NA,NA,Pacific Decadal Oscillation,NA
01-OCT-2014 00:00,2014,10,1.202,NA,PDO,NA,NA,Pacific Decadal Oscillation,NA
01-NOV-2014 00:00,2014,11,1.132,NA,PDO,NA,NA,Pacific Decadal Oscillation,NA
01-DEC-2014 00:00,2014,12,1.567,NA,PDO,NA,NA,Pacific Decadal Oscillation,NA
01-JAN-2015 00:00,2015,1,1.336,NA,PDO,NA,NA,Pacific Decadal Oscillation,NA
01-FEB-2015 00:00,2015,2,1.426,NA,PDO,NA,NA,Pacific Decadal Oscillation,NA
01-MAR-2015 00:00,2015,3,1.26,NA,PDO,NA,NA,Pacific Decadal Oscillation,NA
01-APR-2015 00:00,2015,4,0.83,NA,PDO,NA,NA,Pacific Decadal Oscillation,NA
01-MAY-2015 00:00,2015,5,0.389,NA,PDO,NA,NA,Pacific Decadal Oscillation,NA
01-JUN-2015 00:00,2015,6,0.657,NA,PDO,NA,NA,Pacific Decadal Oscillation,NA
01-JUL-2015 00:00,2015,7,1.144,NA,PDO,NA,NA,Pacific Decadal Oscillation,NA
01-AUG-2015 00:00,2015,8,0.889,NA,PDO,NA,NA,Pacific Decadal Oscillation,NA
01-SEP-2015 00:00,2015,9,0.936,NA,PDO,NA,NA,Pacific Decadal Oscillation,NA
01-OCT-2015 00:00,2015,10,0.72,NA,PDO,NA,NA,Pacific Decadal Oscillation,NA
01-NOV-2015 00:00,2015,11,0.067,NA,PDO,NA,NA,Pacific Decadal Oscillation,NA
01-DEC-2015 00:00,2015,12,0.01,NA,PDO,NA,NA,Pacific Decadal Oscillation,NA
01-JAN-2016 00:00,2016,1,0.521,NA,PDO,NA,NA,Pacific Decadal Oscillation,NA
01-FEB-2016 00:00,2016,2,1.113,NA,PDO,NA,NA,Pacific Decadal Oscillation,NA
01-MAR-2016 00:00,2016,3,1.447,NA,PDO,NA,NA,Pacific Decadal Oscillation,NA
01-APR-2016 00:00,2016,4,1.619,NA,PDO,NA,NA,Pacific Decadal Oscillation,NA
01-MAY-2016 00:00,2016,5,1.498,NA,PDO,NA,NA,Pacific Decadal Oscillation,NA
01-JUN-2016 00:00,2016,6,0.676,NA,PDO,NA,NA,Pacific Decadal Oscillation,NA
01-JUL-2016 00:00,2016,7,0.478,NA,PDO,NA,NA,Pacific Decadal Oscillation,NA
01-AUG-2016 00:00,2016,8,-0.124,NA,PDO,NA,NA,Pacific Decadal Oscillation,NA
01-SEP-2016 00:00,2016,9,-0.327,NA,PDO,NA,NA,Pacific Decadal Oscillation,NA
01-OCT-2016 00:00,2016,10,-0.296,NA,PDO,NA,NA,Pacific Decadal Oscillation,NA
01-NOV-2016 00:00,2016,11,0.66,NA,PDO,NA,NA,Pacific Decadal Oscillation,NA
01-DEC-2016 00:00,2016,12,0.315,NA,PDO,NA,NA,Pacific Decadal Oscillation,NA
01-JAN-2017 00:00,2017,1,-0.091,NA,PDO,NA,NA,Pacific Decadal Oscillation,NA
01-FEB-2017 00:00,2017,2,0.108,NA,PDO,NA,NA,Pacific Decadal Oscillation,NA
01-MAR-2017 00:00,2017,3,0.196,NA,PDO,NA,NA,Pacific Decadal Oscillation,NA
01-APR-2017 00:00,2017,4,0.492,NA,PDO,NA,NA,Pacific Decadal Oscillation,NA
01-MAY-2017 00:00,2017,5,0.397,NA,PDO,NA,NA,Pacific Decadal Oscillation,NA
01-JUN-2017 00:00,2017,6,0.122,NA,PDO,NA,NA,Pacific Decadal Oscillation,NA
01-JUL-2017 00:00,2017,7,-0.445,NA,PDO,NA,NA,Pacific Decadal Oscillation,NA
01-AUG-2017 00:00,2017,8,-0.334,NA,PDO,NA,NA,Pacific Decadal Oscillation,NA
01-SEP-2017 00:00,2017,9,0.038,NA,PDO,NA,NA,Pacific Decadal Oscillation,NA
01-OCT-2017 00:00,2017,10,-0.46,NA,PDO,NA,NA,Pacific Decadal Oscillation,NA
01-NOV-2017 00:00,2017,11,-0.547,NA,PDO,NA,NA,Pacific Decadal Oscillation,NA
01-DEC-2017 00:00,2017,12,-0.23,NA,PDO,NA,NA,Pacific Decadal Oscillation,NA
01-JAN-2018 00:00,2018,1,0.174,NA,PDO,NA,NA,Pacific Decadal Oscillation,NA
01-FEB-2018 00:00,2018,2,-0.193,NA,PDO,NA,NA,Pacific Decadal Oscillation,NA
01-MAR-2018 00:00,2018,3,-0.549,NA,PDO,NA,NA,Pacific Decadal Oscillation,NA
01-APR-2018 00:00,2018,4,-0.511,NA,PDO,NA,NA,Pacific Decadal Oscillation,NA
01-MAY-2018 00:00,2018,5,-0.312,NA,PDO,NA,NA,Pacific Decadal Oscillation,NA
01-JUN-2018 00:00,2018,6,-0.713,NA,PDO,NA,NA,Pacific Decadal Oscillation,NA
01-JUL-2018 00:00,2018,7,-0.083,NA,PDO,NA,NA,Pacific Decadal Oscillation,NA
01-AUG-2018 00:00,2018,8,-0.123,NA,PDO,NA,NA,Pacific Decadal Oscillation,NA
01-SEP-2018 00:00,2018,9,-0.138,NA,PDO,NA,NA,Pacific Decadal Oscillation,NA
01-OCT-2018 00:00,2018,10,-0.428,NA,PDO,NA,NA,Pacific Decadal Oscillation,NA
01-NOV-2018 00:00,2018,11,-0.529,NA,PDO,NA,NA,Pacific Decadal Oscillation,NA
01-DEC-2018 00:00,2018,12,-0.23,NA,PDO,NA,NA,Pacific Decadal Oscillation,NA
01-JAN-2019 00:00,2019,1,-0.306,NA,PDO,NA,NA,Pacific Decadal Oscillation,NA
01-FEB-2019 00:00,2019,2,-0.51,NA,PDO,NA,NA,Pacific Decadal Oscillation,NA
01-MAR-2019 00:00,2019,3,-0.216,NA,PDO,NA,NA,Pacific Decadal Oscillation,NA
01-APR-2019 00:00,2019,4,0.202,NA,PDO,NA,NA,Pacific Decadal Oscillation,NA
01-MAY-2019 00:00,2019,5,0.436,NA,PDO,NA,NA,Pacific Decadal Oscillation,NA
01-JUN-2019 00:00,2019,6,0.033,NA,PDO,NA,NA,Pacific Decadal Oscillation,NA
01-JUL-2019 00:00,2019,7,0.53,NA,PDO,NA,NA,Pacific Decadal Oscillation,NA
01-AUG-2019 00:00,2019,8,0.232,NA,PDO,NA,NA,Pacific Decadal Oscillation,NA
01-SEP-2019 00:00,2019,9,0.171,NA,PDO,NA,NA,Pacific Decadal Oscillation,NA
01-OCT-2019 00:00,2019,10,-0.705,NA,PDO,NA,NA,Pacific Decadal Oscillation,NA
01-NOV-2019 00:00,2019,11,-0.353,NA,PDO,NA,NA,Pacific Decadal Oscillation,NA
01-DEC-2019 00:00,2019,12,0.01,NA,PDO,NA,NA,Pacific Decadal Oscillation,NA
01-JAN-2020 00:00,2020,1,-1.21,NA,PDO,NA,NA,Pacific Decadal Oscillation,NA
01-FEB-2020 00:00,2020,2,-1.14,NA,PDO,NA,NA,Pacific Decadal Oscillation,NA
01-MAR-2020 00:00,2020,3,-1.426,NA,PDO,NA,NA,Pacific Decadal Oscillation,NA
01-APR-2020 00:00,2020,4,-1.082,NA,PDO,NA,NA,Pacific Decadal Oscillation,NA
01-MAY-2020 00:00,2020,5,-0.456,NA,PDO,NA,NA,Pacific Decadal Oscillation,NA
01-JUN-2020 00:00,2020,6,-0.813,NA,PDO,NA,NA,Pacific Decadal Oscillation,NA
01-JUL-2020 00:00,2020,7,-0.938,NA,PDO,NA,NA,Pacific Decadal Oscillation,NA
01-AUG-2020 00:00,2020,8,-1.24,NA,PDO,NA,NA,Pacific Decadal Oscillation,NA
01-SEP-2020 00:00,2020,9,-1.053,NA,PDO,NA,NA,Pacific Decadal Oscillation,NA
01-OCT-2020 00:00,2020,10,-0.686,NA,PDO,NA,NA,Pacific Decadal Oscillation,NA
01-NOV-2020 00:00,2020,11,-1.497,NA,PDO,NA,NA,Pacific Decadal Oscillation,NA
01-DEC-2020 00:00,2020,12,-0.955,NA,PDO,NA,NA,Pacific Decadal Oscillation,NA
01-JAN-2021 00:00,2021,1,-0.56,NA,PDO,NA,NA,Pacific Decadal Oscillation,NA
01-FEB-2021 00:00,2021,2,-0.87,NA,PDO,NA,NA,Pacific Decadal Oscillation,NA
01-MAR-2021 00:00,2021,3,-1.331,NA,PDO,NA,NA,Pacific Decadal Oscillation,NA
01-APR-2021 00:00,2021,4,-1.438,NA,PDO,NA,NA,Pacific Decadal Oscillation,NA
01-MAY-2021 00:00,2021,5,-1.616,NA,PDO,NA,NA,Pacific Decadal Oscillation,NA
01-JUN-2021 00:00,2021,6,-1.655,NA,PDO,NA,NA,Pacific Decadal Oscillation,NA
01-JUL-2021 00:00,2021,7,-1.572,NA,PDO,NA,NA,Pacific Decadal Oscillation,NA
01-AUG-2021 00:00,2021,8,-0.776,NA,PDO,NA,NA,Pacific Decadal Oscillation,NA
01-SEP-2021 00:00,2021,9,-1.626,NA,PDO,NA,NA,Pacific Decadal Oscillation,NA
01-OCT-2021 00:00,2021,10,-2.686,NA,PDO,NA,NA,Pacific Decadal Oscillation,NA
01-NOV-2021 00:00,2021,11,-2.468,NA,PDO,NA,NA,Pacific Decadal Oscillation,NA
01-DEC-2021 00:00,2021,12,-2.417,NA,PDO,NA,NA,Pacific Decadal Oscillation,NA
01-JAN-2022 00:00,2022,1,-2.05,NA,PDO,NA,NA,Pacific Decadal Oscillation,NA
01-FEB-2022 00:00,2022,2,-1.583,NA,PDO,NA,NA,Pacific Decadal Oscillation,NA
01-MAR-2022 00:00,2022,3,-1.361,NA,PDO,NA,NA,Pacific Decadal Oscillation,NA
01-APR-2022 00:00,2022,4,-1.805,NA,PDO,NA,NA,Pacific Decadal Oscillation,NA
01-MAY-2022 00:00,2022,5,-2.033,NA,PDO,NA,NA,Pacific Decadal Oscillation,NA
01-JUN-2022 00:00,2022,6,-1.405,NA,PDO,NA,NA,Pacific Decadal Oscillation,NA
01-JUL-2022 00:00,2022,7,-2.262,NA,PDO,NA,NA,Pacific Decadal Oscillation,NA
01-AUG-2022 00:00,2022,8,-1.947,NA,PDO,NA,NA,Pacific Decadal Oscillation,NA
01-SEP-2022 00:00,2022,9,-1.723,NA,PDO,NA,NA,Pacific Decadal Oscillation,NA
01-OCT-2022 00:00,2022,10,-1.364,NA,PDO,NA,NA,Pacific Decadal Oscillation,NA
01-NOV-2022 00:00,2022,11,-1.986,NA,PDO,NA,NA,Pacific Decadal Oscillation,NA
01-DEC-2022 00:00,2022,12,-1.836,NA,PDO,NA,NA,Pacific Decadal Oscillation,NA
01-JAN-2023 00:00,2023,1,-0.947,NA,PDO,NA,NA,Pacific Decadal Oscillation,NA
01-FEB-2023 00:00,2023,2,-1.273,NA,PDO,NA,NA,Pacific Decadal Oscillation,NA
01-MAR-2023 00:00,2023,3,-1.892,NA,PDO,NA,NA,Pacific Decadal Oscillation,NA
01-APR-2023 00:00,2023,4,-2.484,NA,PDO,NA,NA,Pacific Decadal Oscillation,NA
01-MAY-2023 00:00,2023,5,-1.949,NA,PDO,NA,NA,Pacific Decadal Oscillation,NA
01-JUN-2023 00:00,2023,6,-2.16,NA,PDO,NA,NA,Pacific Decadal Oscillation,NA
01-JUL-2023 00:00,2023,7,-2.148,NA,PDO,NA,NA,Pacific Decadal Oscillation,NA
01-AUG-2023 00:00,2023,8,-1.971,NA,PDO,NA,NA,Pacific Decadal Oscillation,NA
01-SEP-2023 00:00,2023,9,-2.39,NA,PDO,NA,NA,Pacific Decadal Oscillation,NA
01-OCT-2023 00:00,2023,10,-2.021,NA,PDO,NA,NA,Pacific Decadal Oscillation,NA
01-NOV-2023 00:00,2023,11,-1.621,NA,PDO,NA,NA,Pacific Decadal Oscillation,NA
01-DEC-2023 00:00,2023,12,-1.68,NA,PDO,NA,NA,Pacific Decadal Oscillation,NA
01-JAN-2024 00:00,2024,1,-1.4,NA,PDO,NA,NA,Pacific Decadal Oscillation,NA
01-FEB-2024 00:00,2024,2,-1.077,NA,PDO,NA,NA,Pacific Decadal Oscillation,NA
01-MAR-2024 00:00,2024,3,-1.274,NA,PDO,NA,NA,Pacific Decadal Oscillation,NA
01-APR-2024 00:00,2024,4,-1.69,NA,PDO,NA,NA,Pacific Decadal Oscillation,NA
01-MAY-2024 00:00,2024,5,-2.607,NA,PDO,NA,NA,Pacific Decadal Oscillation,NA
01-JUN-2024 00:00,2024,6,-2.744,NA,PDO,NA,NA,Pacific Decadal Oscillation,NA
01-JUL-2024 00:00,2024,7,-2.315,NA,PDO,NA,NA,Pacific Decadal Oscillation,NA
01-AUG-2024 00:00,2024,8,-2.079,NA,PDO,NA,NA,Pacific Decadal Oscillation,NA
01-SEP-2024 00:00,2024,9,-2.652,NA,PDO,NA,NA,Pacific Decadal Oscillation,NA
01-OCT-2024 00:00,2024,10,-3.043,NA,PDO,NA,NA,Pacific Decadal Oscillation,NA
01-NOV-2024 00:00,2024,11,-2.628,NA,PDO,NA,NA,Pacific Decadal Oscillation,NA
01-DEC-2024 00:00,2024,12,-1.788,NA,PDO,NA,NA,Pacific Decadal Oscillation,NA
01-JAN-2025 00:00,2025,1,-1.086,NA,PDO,NA,NA,Pacific Decadal Oscillation,NA
01-FEB-2025 00:00,2025,2,-1.11,NA,PDO,NA,NA,Pacific Decadal Oscillation,NA
01-MAR-2025 00:00,2025,3,-0.892,NA,PDO,NA,NA,Pacific Decadal Oscillation,NA
01-APR-2025 00:00,2025,4,-1.017,NA,PDO,NA,NA,Pacific Decadal Oscillation,NA
01-MAY-2025 00:00,2025,5,-1.595,NA,PDO,NA,NA,Pacific Decadal Oscillation,NA
01-JUN-2025 00:00,2025,6,-2.666,NA,PDO,NA,NA,Pacific Decadal Oscillation,NA
01-JUL-2025 00:00,2025,7,-3.59,NA,PDO,NA,NA,Pacific Decadal Oscillation,NA
01-AUG-2025 00:00,2025,8,-2.691,NA,PDO,NA,NA,Pacific Decadal Oscillation,NA
01-SEP-2025 00:00,2025,9,-1.976,NA,PDO,NA,NA,Pacific Decadal Oscillation,NA
01-OCT-2025 00:00,2025,10,-2.125,NA,PDO,NA,NA,Pacific Decadal Oscillation,NA
01-NOV-2025 00:00,2025,11,-1.489,NA,PDO,NA,NA,Pacific Decadal Oscillation,NA
01-DEC-2025 00:00,2025,12,-1.08,NA,PDO,NA,NA,Pacific Decadal Oscillation,NA
01-Jan-1985 00:00,1985,1,27.1686135977981,-0.151281744192307,SST,27.9214127582207,-0.475295973220333,Deg C,1
01-Feb-1985 00:00,1985,2,26.540256134784,-0.302646942518368,SST,27.9234599479059,-0.473359940742857,Deg C,2
01-Mar-1985 00:00,1985,3,26.3834240376518,-0.531567771465667,SST,27.9255071375911,-0.471423908265381,Deg C,3
01-Apr-1985 00:00,1985,4,27.1604804465463,-0.454517927018685,SST,27.9275543272763,-0.469487875787905,Deg C,4
01-May-1985 00:00,1985,5,27.6329623830992,-0.905107508092431,SST,27.9296015169615,-0.467551843310429,Deg C,5
01-Jun-1985 00:00,1985,6,28.4278205416137,-0.909063897481808,SST,27.9316487066467,-0.465615810832953,Deg C,6
01-Jul-1985 00:00,1985,7,29.3357134687918,-0.225163383466374,SST,27.9336958963318,-0.463679778355477,Deg C,7
01-Aug-1985 00:00,1985,8,28.7037177967784,-0.791857051650759,SST,27.935743086017,-0.461743745878001,Deg C,8
01-Sep-1985 00:00,1985,9,28.8665239016675,-0.553633347882549,SST,27.9377902757022,-0.459807713400526,Deg C,9
01-Oct-1985 00:00,1985,10,29.2196989730195,0.0340670183339391,SST,27.9398374653874,-0.45787168092305,Deg C,10
01-Nov-1985 00:00,1985,11,28.9603039660088,0.19250261480391,SST,27.9418846550726,-0.455935648445574,Deg C,11
01-Dec-1985 00:00,1985,12,27.8544153210741,-0.235773401730608,SST,27.9439318447577,-0.453999615968098,Deg C,12
01-Jan-1986 00:00,1986,1,27.3411418114316,0.0212464694411807,SST,27.9459790344429,-0.452063583490622,Deg C,13
01-Feb-1986 00:00,1986,2,26.5369233003057,-0.305979776996697,SST,27.9480262241281,-0.450127551013146,Deg C,14
01-Mar-1986 00:00,1986,3,26.3892489100675,-0.525742899049927,SST,27.9500734138133,-0.44819151853567,Deg C,15
01-Apr-1986 00:00,1986,4,27.2492952241911,-0.365703149373893,SST,27.9521206034985,-0.446255486058194,Deg C,16
01-May-1986 00:00,1986,5,28.1356469219224,-0.402422969269168,SST,27.9541677931837,-0.444319453580718,Deg C,17
01-Jun-1986 00:00,1986,6,29.0328842281778,-0.304000210917703,SST,27.9562149828688,-0.442383421103242,Deg C,18
01-Jul-1986 00:00,1986,7,29.0486193702466,-0.51225748201156,SST,27.958262172554,-0.440447388625766,Deg C,19
01-Aug-1986 00:00,1986,8,28.6866584719866,-0.808916376442493,SST,27.9603093622392,-0.438511356148291,Deg C,20
01-Sep-1986 00:00,1986,9,28.4271548658998,-0.993002383650296,SST,27.9623565519244,-0.436575323670815,Deg C,21
01-Oct-1986 00:00,1986,10,28.4040983854258,-0.781533569259725,SST,27.9644037416096,-0.434639291193339,Deg C,22
01-Nov-1986 00:00,1986,11,28.1525991412216,-0.615202209983263,SST,27.9664509312947,-0.432703258715863,Deg C,23
01-Dec-1986 00:00,1986,12,27.2488957795669,-0.841292943237779,SST,27.9684981209799,-0.430767226238387,Deg C,24
01-Jan-1987 00:00,1987,1,26.7855600525433,-0.534335289447132,SST,27.9705453106651,-0.428831193760911,Deg C,25
01-Feb-1987 00:00,1987,2,26.5440694499809,-0.29883362732145,SST,27.9725925003503,-0.426895161283435,Deg C,26
01-Mar-1987 00:00,1987,3,26.6353096737012,-0.279682135416223,SST,27.9746396900355,-0.424959128805959,Deg C,27
01-Apr-1987 00:00,1987,4,27.2670231831574,-0.34797519040761,SST,27.9766868797207,-0.423023096328483,Deg C,28
01-May-1987 00:00,1987,5,28.2606714935965,-0.277398397595082,SST,27.9787340694058,-0.421087063851008,Deg C,29
01-Jun-1987 00:00,1987,6,28.8374283535263,-0.499456085569172,SST,27.980781259091,-0.419151031373532,Deg C,30
01-Jul-1987 00:00,1987,7,28.8286353490805,-0.732241503177697,SST,27.9828284487762,-0.417214998896056,Deg C,31
01-Aug-1987 00:00,1987,8,29.2396960773275,-0.255878771101649,SST,27.9848756384614,-0.41527896641858,Deg C,32
01-Sep-1987 00:00,1987,9,29.4939247666841,0.0737675171340229,SST,27.9869228281466,-0.413342933941104,Deg C,33
01-Oct-1987 00:00,1987,10,28.8876627928959,-0.297969161789634,SST,27.9889700178317,-0.411406901463628,Deg C,34
01-Nov-1987 00:00,1987,11,28.7561606027628,-0.0116407484420797,SST,27.9910172075169,-0.409470868986152,Deg C,35
01-Dec-1987 00:00,1987,12,28.1130390650284,0.0228503422237161,SST,27.9930643972021,-0.407534836508676,Deg C,36
01-Jan-1988 00:00,1988,1,27.2604978075593,-0.0593975344310387,SST,27.9951115868873,-0.4055988040312,Deg C,37
01-Feb-1988 00:00,1988,2,26.9803342932385,0.137431215936125,SST,27.9971587765725,-0.403662771553724,Deg C,38
01-Mar-1988 00:00,1988,3,27.1871794732365,0.272187664119095,SST,27.9992059662577,-0.401726739076249,Deg C,39
01-Apr-1988 00:00,1988,4,27.7011953422889,0.0861969687238258,SST,28.0012531559428,-0.399790706598773,Deg C,40
01-May-1988 00:00,1988,5,28.9134471760817,0.375377284890156,SST,28.003300345628,-0.397854674121297,Deg C,41
01-Jun-1988 00:00,1988,6,29.4117944698085,0.0749100307130561,SST,28.0053475353132,-0.395918641643821,Deg C,42
01-Jul-1988 00:00,1988,7,29.4313097223704,-0.129567129887747,SST,28.0073947249984,-0.393982609166345,Deg C,43
01-Aug-1988 00:00,1988,8,29.490693201377,-0.00488164705216221,SST,28.0094419146836,-0.392046576688869,Deg C,44
01-Sep-1988 00:00,1988,9,29.6864544110774,0.26629716152738,SST,28.0114891043687,-0.390110544211393,Deg C,45
01-Oct-1988 00:00,1988,10,29.6296381822026,0.444006227517058,SST,28.0135362940539,-0.388174511733917,Deg C,46
01-Nov-1988 00:00,1988,11,29.2920723850234,0.524271033818462,SST,28.0155834837391,-0.386238479256441,Deg C,47
01-Dec-1988 00:00,1988,12,28.766765550042,0.676576827237337,SST,28.0176306734243,-0.384302446778966,Deg C,48
01-Jan-1989 00:00,1989,1,27.7193053464986,0.399410004508219,SST,28.0196778631095,-0.38236641430149,Deg C,49
01-Feb-1989 00:00,1989,2,27.41440954443,0.571506467127659,SST,28.0217250527947,-0.380430381824014,Deg C,50
01-Mar-1989 00:00,1989,3,27.0144703339219,0.099478524804443,SST,28.0237722424798,-0.378494349346538,Deg C,51
01-Apr-1989 00:00,1989,4,27.6193458830396,0.00434750947454887,SST,28.025819432165,-0.376558316869062,Deg C,52
01-May-1989 00:00,1989,5,28.3008234377363,-0.237246453455313,SST,28.0278666218502,-0.374622284391586,Deg C,53
01-Jun-1989 00:00,1989,6,29.2201215669491,-0.116762872146367,SST,28.0299138115354,-0.37268625191411,Deg C,54
01-Jul-1989 00:00,1989,7,29.2057134929166,-0.355163359341603,SST,28.0319610012206,-0.370750219436634,Deg C,55
01-Aug-1989 00:00,1989,8,28.6334023165116,-0.862172531917501,SST,28.0340081909057,-0.368814186959158,Deg C,56
01-Sep-1989 00:00,1989,9,28.9003617611014,-0.519795488448633,SST,28.0360553805909,-0.366878154481682,Deg C,57
01-Oct-1989 00:00,1989,10,28.3492040791491,-0.836427875536454,SST,28.0381025702761,-0.364942122004207,Deg C,58
01-Nov-1989 00:00,1989,11,28.2846367271523,-0.483164624052609,SST,28.0401497599613,-0.363006089526731,Deg C,59
01-Dec-1989 00:00,1989,12,27.7342590436921,-0.355929679112563,SST,28.0421969496465,-0.361070057049255,Deg C,60
01-Jan-1990 00:00,1990,1,26.6240897442255,-0.695805597764839,SST,28.0442441393317,-0.359134024571779,Deg C,61
01-Feb-1990 00:00,1990,2,26.5748958234332,-0.268007253869154,SST,28.0462913290168,-0.357197992094303,Deg C,62
01-Mar-1990 00:00,1990,3,26.1175006899579,-0.797491119159602,SST,28.048338518702,-0.355261959616827,Deg C,63
01-Apr-1990 00:00,1990,4,26.8398162237297,-0.77518214983532,SST,28.0503857083872,-0.353325927139351,Deg C,64
01-May-1990 00:00,1990,5,27.8279117355126,-0.710158155678972,SST,28.0524328980724,-0.351389894661875,Deg C,65
01-Jun-1990 00:00,1990,6,28.7941823390734,-0.542702100022055,SST,28.0544800877576,-0.349453862184399,Deg C,66
01-Jul-1990 00:00,1990,7,29.4602923303541,-0.100584521904096,SST,28.0565272774428,-0.347517829706923,Deg C,67
01-Aug-1990 00:00,1990,8,29.0632474714354,-0.432327376993761,SST,28.0585744671279,-0.345581797229448,Deg C,68
01-Sep-1990 00:00,1990,9,28.8166338626624,-0.603523386887638,SST,28.0606216568131,-0.343645764751972,Deg C,69
01-Oct-1990 00:00,1990,10,28.6603067947365,-0.525325159948974,SST,28.0626688464983,-0.341709732274496,Deg C,70
01-Nov-1990 00:00,1990,11,28.1540593187302,-0.613742032474743,SST,28.0647160361835,-0.33977369979702,Deg C,71
01-Dec-1990 00:00,1990,12,27.2145991462012,-0.875589576603499,SST,28.0667632258687,-0.337837667319544,Deg C,72
01-Jan-1991 00:00,1991,1,26.6168133146338,-0.703082027356565,SST,28.0688104155538,-0.335901634842068,Deg C,73
01-Feb-1991 00:00,1991,2,26.0644616423743,-0.778441434928073,SST,28.070857605239,-0.333965602364592,Deg C,74
01-Mar-1991 00:00,1991,3,25.6101591745093,-1.30483263460818,SST,28.0729047949242,-0.332029569887116,Deg C,75
01-Apr-1991 00:00,1991,4,26.9476165233231,-0.667381850241885,SST,28.0749519846094,-0.33009353740964,Deg C,76
01-May-1991 00:00,1991,5,27.8787076552594,-0.659362235932203,SST,28.0769991742946,-0.328157504932165,Deg C,77
01-Jun-1991 00:00,1991,6,28.7549218855442,-0.581962553551246,SST,28.0790463639797,-0.326221472454689,Deg C,78
01-Jul-1991 00:00,1991,7,29.2471114311825,-0.313765421075626,SST,28.0810935536649,-0.324285439977213,Deg C,79
01-Aug-1991 00:00,1991,8,29.7120767030288,0.216501854599684,SST,28.0831407433501,-0.322349407499737,Deg C,80
01-Sep-1991 00:00,1991,9,28.7877858116382,-0.632371437911875,SST,28.0851879330353,-0.320413375022261,Deg C,81
01-Oct-1991 00:00,1991,10,28.6107684733036,-0.574863481381904,SST,28.0872351227205,-0.318477342544785,Deg C,82
01-Nov-1991 00:00,1991,11,28.1488191124327,-0.618982238772201,SST,28.0892823124057,-0.316541310067309,Deg C,83
01-Dec-1991 00:00,1991,12,27.1406164944948,-0.949572228309854,SST,28.0913295020908,-0.314605277589833,Deg C,84
01-Jan-1992 00:00,1992,1,26.7432055372577,-0.576689804732649,SST,28.093376691776,-0.312669245112357,Deg C,85
01-Feb-1992 00:00,1992,2,26.4123226739909,-0.430580403311502,SST,28.0954238814612,-0.310733212634881,Deg C,86
01-Mar-1992 00:00,1992,3,26.2830839590467,-0.631907850070718,SST,28.0974710711464,-0.308797180157406,Deg C,87
01-Apr-1992 00:00,1992,4,27.0061244752059,-0.608873898359167,SST,28.0995182608316,-0.30686114767993,Deg C,88
01-May-1992 00:00,1992,5,27.7699493860888,-0.768120505102804,SST,28.1015654505167,-0.304925115202454,Deg C,89
01-Jun-1992 00:00,1992,6,28.5763270597554,-0.760557379340028,SST,28.1036126402019,-0.302989082724978,Deg C,90
01-Jul-1992 00:00,1992,7,29.1454689183215,-0.415407933936685,SST,28.1056598298871,-0.301053050247502,Deg C,91
01-Aug-1992 00:00,1992,8,29.1660882767651,-0.32948657166401,SST,28.1077070195723,-0.299117017770026,Deg C,92
01-Sep-1992 00:00,1992,9,28.6814558628154,-0.738701386734654,SST,28.1097542092575,-0.29718098529255,Deg C,93
01-Oct-1992 00:00,1992,10,28.8666034560473,-0.319028498638243,SST,28.1118013989427,-0.295244952815074,Deg C,94
01-Nov-1992 00:00,1992,11,28.3629696193204,-0.404831731884535,SST,28.1138485886278,-0.293308920337598,Deg C,95
01-Dec-1992 00:00,1992,12,26.9895832150096,-1.10060550779507,SST,28.115895778313,-0.291372887860122,Deg C,96
01-Jan-1993 00:00,1993,1,26.2790810429066,-1.04081429908376,SST,28.1179429679982,-0.289436855382647,Deg C,97
01-Feb-1993 00:00,1993,2,25.7837091534251,-1.05919392387725,SST,28.1199901576834,-0.287500822905171,Deg C,98
01-Mar-1993 00:00,1993,3,25.943451520365,-0.971540288752472,SST,28.1220373473686,-0.285564790427695,Deg C,99
01-Apr-1993 00:00,1993,4,26.9042025799344,-0.710795793630645,SST,28.1240845370538,-0.283628757950219,Deg C,100
01-May-1993 00:00,1993,5,27.7336700351124,-0.804399856079144,SST,28.1261317267389,-0.281692725472743,Deg C,101
01-Jun-1993 00:00,1993,6,29.1709218722177,-0.165962566877809,SST,28.1281789164241,-0.279756692995267,Deg C,102
01-Jul-1993 00:00,1993,7,29.1093762263893,-0.451500625868853,SST,28.1302261061093,-0.277820660517791,Deg C,103
01-Aug-1993 00:00,1993,8,29.1263270721767,-0.369247776252429,SST,28.1322732957945,-0.275884628040315,Deg C,104
01-Sep-1993 00:00,1993,9,29.2268465845354,-0.1933106650147,SST,28.1343204854797,-0.273948595562839,Deg C,105
01-Oct-1993 00:00,1993,10,28.7932764252084,-0.392355529477076,SST,28.1363676751648,-0.272012563085364,Deg C,106
01-Nov-1993 00:00,1993,11,28.1044616657814,-0.663339685423466,SST,28.13841486485,-0.270076530607888,Deg C,107
01-Dec-1993 00:00,1993,12,27.5314486162707,-0.558740106533953,SST,28.1404620545352,-0.268140498130412,Deg C,108
01-Jan-1994 00:00,1994,1,27.1903241592275,-0.129571182762884,SST,28.1425092442204,-0.266204465652936,Deg C,109
01-Feb-1994 00:00,1994,2,26.6749652517515,-0.167937825550908,SST,28.1445564339056,-0.26426843317546,Deg C,110
01-Mar-1994 00:00,1994,3,27.1154052049827,0.200413395865205,SST,28.1466036235907,-0.262332400697984,Deg C,111
01-Apr-1994 00:00,1994,4,27.5706309910622,-0.044367382502859,SST,28.1486508132759,-0.260396368220508,Deg C,112
01-May-1994 00:00,1994,5,28.3766714976596,-0.161398393531943,SST,28.1506980029611,-0.258460335743032,Deg C,113
01-Jun-1994 00:00,1994,6,29.3759073483789,0.0390229092833962,SST,28.1527451926463,-0.256524303265556,Deg C,114
01-Jul-1994 00:00,1994,7,29.7438639777442,0.182987125486004,SST,28.1547923823315,-0.25458827078808,Deg C,115
01-Aug-1994 00:00,1994,8,29.7492749618552,0.253700113426106,SST,28.1568395720167,-0.252652238310605,Deg C,116
01-Sep-1994 00:00,1994,9,29.7663893024759,0.34623205292587,SST,28.1588867617018,-0.250716205833129,Deg C,117
01-Oct-1994 00:00,1994,10,29.2131432366268,0.0275112819412442,SST,28.160933951387,-0.248780173355653,Deg C,118
01-Nov-1994 00:00,1994,11,27.6089594867226,-1.1588418644823,SST,28.1629811410722,-0.246844140878177,Deg C,119
01-Dec-1994 00:00,1994,12,27.0756295164139,-1.01455920639081,SST,28.1650283307574,-0.244908108400701,Deg C,120
01-Jan-1995 00:00,1995,1,26.6075181030848,-0.712377238905603,SST,28.1670755204426,-0.242972075923225,Deg C,121
01-Feb-1995 00:00,1995,2,26.2187236040615,-0.624179473240922,SST,28.1691227101278,-0.241036043445749,Deg C,122
01-Mar-1995 00:00,1995,3,26.3810361398456,-0.533955669271812,SST,28.1711698998129,-0.239100010968273,Deg C,123
01-Apr-1995 00:00,1995,4,27.064549952064,-0.550448421501034,SST,28.1732170894981,-0.237163978490797,Deg C,124
01-May-1995 00:00,1995,5,27.973347295383,-0.56472259580864,SST,28.1752642791833,-0.235227946013322,Deg C,125
01-Jun-1995 00:00,1995,6,28.6255933275789,-0.711291111516609,SST,28.1773114688685,-0.233291913535846,Deg C,126
01-Jul-1995 00:00,1995,7,29.1632272033029,-0.397649648955262,SST,28.1793586585537,-0.23135588105837,Deg C,127
01-Aug-1995 00:00,1995,8,29.4364443186913,-0.0591305297378142,SST,28.1814058482388,-0.229419848580894,Deg C,128
01-Sep-1995 00:00,1995,9,29.2011548645417,-0.219002385008359,SST,28.183453037924,-0.227483816103418,Deg C,129
01-Oct-1995 00:00,1995,10,28.9355672703811,-0.250064684304455,SST,28.1855002276092,-0.225547783625942,Deg C,130
01-Nov-1995 00:00,1995,11,28.814275011761,0.0464736605560674,SST,28.1875474172944,-0.223611751148466,Deg C,131
01-Dec-1995 00:00,1995,12,28.1407800428774,0.0505913200727335,SST,28.1895946069796,-0.22167571867099,Deg C,132
01-Jan-1996 00:00,1996,1,27.0840318221605,-0.235863519829898,SST,28.1916417966648,-0.219739686193514,Deg C,133
01-Feb-1996 00:00,1996,2,26.5385369012394,-0.304366176062949,SST,28.1936889863499,-0.217803653716038,Deg C,134
01-Mar-1996 00:00,1996,3,26.8145441419654,-0.10044766715205,SST,28.1957361760351,-0.215867621238563,Deg C,135
01-Apr-1996 00:00,1996,4,27.3569044389186,-0.258093934646414,SST,28.1977833657203,-0.213931588761087,Deg C,136
01-May-1996 00:00,1996,5,28.9439305784388,0.405860687247248,SST,28.1998305554055,-0.211995556283611,Deg C,137
01-Jun-1996 00:00,1996,6,29.5256222864308,0.188737847335368,SST,28.2018777450907,-0.210059523806135,Deg C,138
01-Jul-1996 00:00,1996,7,29.4050810354318,-0.155795816826345,SST,28.2039249347758,-0.208123491328659,Deg C,139
01-Aug-1996 00:00,1996,8,29.468057871762,-0.0275169766671759,SST,28.205972124461,-0.206187458851183,Deg C,140
01-Sep-1996 00:00,1996,9,28.9640361636834,-0.45612108586668,SST,28.2080193141462,-0.204251426373707,Deg C,141
01-Oct-1996 00:00,1996,10,28.8237988233221,-0.361833131363404,SST,28.2100665038314,-0.202315393896231,Deg C,142
01-Nov-1996 00:00,1996,11,28.2909740067081,-0.476827344496837,SST,28.2121136935166,-0.200379361418755,Deg C,143
01-Dec-1996 00:00,1996,12,27.3965774238024,-0.693611299002324,SST,28.2141608832018,-0.198443328941279,Deg C,144
01-Jan-1997 00:00,1997,1,26.8642633796946,-0.455631962295744,SST,28.2162080728869,-0.196507296463804,Deg C,145
01-Feb-1997 00:00,1997,2,26.5396338585662,-0.303269218736208,SST,28.2182552625721,-0.194571263986328,Deg C,146
01-Mar-1997 00:00,1997,3,26.2806961031968,-0.634295705920664,SST,28.2203024522573,-0.192635231508852,Deg C,147
01-Apr-1997 00:00,1997,4,26.9902894261605,-0.624708947404557,SST,28.2223496419425,-0.190699199031376,Deg C,148
01-May-1997 00:00,1997,5,27.892274953729,-0.6457949374626,SST,28.2243968316277,-0.1887631665539,Deg C,149
01-Jun-1997 00:00,1997,6,28.7391649933524,-0.597719445743088,SST,28.2264440213128,-0.186827134076424,Deg C,150
01-Jul-1997 00:00,1997,7,29.0895614784119,-0.471315373846242,SST,28.228491210998,-0.184891101598948,Deg C,151
01-Aug-1997 00:00,1997,8,28.9978060922471,-0.497768756182033,SST,28.2305384006832,-0.182955069121472,Deg C,152
01-Sep-1997 00:00,1997,9,28.9103719236537,-0.509785325896367,SST,28.2325855903684,-0.181019036643996,Deg C,153
01-Oct-1997 00:00,1997,10,28.9367192534738,-0.24891270121174,SST,28.2346327800536,-0.17908300416652,Deg C,154
01-Nov-1997 00:00,1997,11,28.0549189422652,-0.712882408939752,SST,28.2366799697388,-0.177146971689045,Deg C,155
01-Dec-1997 00:00,1997,12,27.5812908531443,-0.50889786966041906,SST,28.2387271594239,-0.175210939211569,Deg C,156
01-Jan-1998 00:00,1998,1,27.0077930097124,-0.312102332277959,SST,28.2407743491091,-0.173274906734093,Deg C,157
01-Feb-1998 00:00,1998,2,26.888331372693,0.0454282953906358,SST,28.2428215387943,-0.171338874256617,Deg C,158
01-Mar-1998 00:00,1998,3,26.7109479194784,-0.204043889639006,SST,28.2448687284795,-0.169402841779141,Deg C,159
01-Apr-1998 00:00,1998,4,27.221772803929,-0.393225569636002,SST,28.2469159181647,-0.167466809301665,Deg C,160
01-May-1998 00:00,1998,5,27.9326453958337,-0.605424495357845,SST,28.2489631078498,-0.165530776824189,Deg C,161
01-Jun-1998 00:00,1998,6,28.7941099992192,-0.542774439876307,SST,28.251010297535,-0.163594744346713,Deg C,162
01-Jul-1998 00:00,1998,7,29.3872937593032,-0.173583092954942,SST,28.2530574872202,-0.161658711869237,Deg C,163
01-Aug-1998 00:00,1998,8,29.6624384983576,0.166863649928477,SST,28.2551046769054,-0.159722679391762,Deg C,164
01-Sep-1998 00:00,1998,9,29.5113531189958,0.0911958694457944,SST,28.2571518665906,-0.157786646914286,Deg C,165
01-Oct-1998 00:00,1998,10,29.2425484711113,0.0569165164257726,SST,28.2591990562758,-0.15585061443681,Deg C,166
01-Nov-1998 00:00,1998,11,28.9396902548076,0.171888903602735,SST,28.2612462459609,-0.153914581959334,Deg C,167
01-Dec-1998 00:00,1998,12,28.4368914704937,0.346702747689005,SST,28.2632934356461,-0.151978549481858,Deg C,168
01-Jan-1999 00:00,1999,1,27.6646367339426,0.344741391952169,SST,28.2653406253313,-0.150042517004382,Deg C,169
01-Feb-1999 00:00,1999,2,27.2013415801715,0.358438502869124,SST,28.2673878150165,-0.148106484526906,Deg C,170
01-Mar-1999 00:00,1999,3,27.876237315828,0.961245506710526,SST,28.2694350047017,-0.14617045204943,Deg C,171
01-Apr-1999 00:00,1999,4,28.3816034800064,0.766605106441407,SST,28.2714821943868,-0.144234419571954,Deg C,172
01-May-1999 00:00,1999,5,28.8516874327156,0.313617541523982,SST,28.273529384072,-0.142298387094479,Deg C,173
01-Jun-1999 00:00,1999,6,29.3902778730379,0.0533934339423929,SST,28.2755765737572,-0.140362354617003,Deg C,174
01-Jul-1999 00:00,1999,7,29.3270622543247,-0.233814597933502,SST,28.2776237634424,-0.138426322139527,Deg C,175
01-Aug-1999 00:00,1999,8,29.3584239904511,-0.137150857977996,SST,28.2796709531276,-0.136490289662051,Deg C,176
01-Sep-1999 00:00,1999,9,29.4421577495017,0.0220004999516803,SST,28.2817181428128,-0.134554257184575,Deg C,177
01-Oct-1999 00:00,1999,10,29.4001244057795,0.214492451093946,SST,28.2837653324979,-0.132618224707099,Deg C,178
01-Nov-1999 00:00,1999,11,28.8899710670394,0.122169715834502,SST,28.2858125221831,-0.130682192229623,Deg C,179
01-Dec-1999 00:00,1999,12,28.288596292377,0.198407569572314,SST,28.2878597118683,-0.128746159752147,Deg C,180
01-Jan-2000 00:00,2000,1,27.5223284844206,0.202433142430252,SST,28.2899069015535,-0.126810127274671,Deg C,181
01-Feb-2000 00:00,2000,2,26.9282691585689,0.0853660812665602,SST,28.2919540912387,-0.124874094797195,Deg C,182
01-Mar-2000 00:00,2000,3,27.1124066511559,0.197414842038459,SST,28.2940012809238,-0.122938062319719,Deg C,183
01-Apr-2000 00:00,2000,4,28.0831751010525,0.468176727487453,SST,28.296048470609,-0.121002029842244,Deg C,184
01-May-2000 00:00,2000,5,28.815716356479,0.277646465287361,SST,28.2980956602942,-0.119065997364768,Deg C,185
01-Jun-2000 00:00,2000,6,29.2511909981712,-0.0856934409242314,SST,28.3001428499794,-0.117129964887292,Deg C,186
01-Jul-2000 00:00,2000,7,29.1747120273441,-0.386164824914069,SST,28.3021900396646,-0.115193932409816,Deg C,187
01-Aug-2000 00:00,2000,8,29.2492735251331,-0.246301323295995,SST,28.3042372293498,-0.11325789993234,Deg C,188
01-Sep-2000 00:00,2000,9,29.0577163643844,-0.36244088516566503,SST,28.3062844190349,-0.111321867454864,Deg C,189
01-Oct-2000 00:00,2000,10,29.0393762720994,-0.146255682586101,SST,28.3083316087201,-0.109385834977388,Deg C,190
01-Nov-2000 00:00,2000,11,28.6291635245559,-0.138637826648974,SST,28.3103787984053,-0.107449802499912,Deg C,191
01-Dec-2000 00:00,2000,12,28.0622705964725,-0.0279181263322172,SST,28.3124259880905,-0.105513770022436,Deg C,192
01-Jan-2001 00:00,2001,1,27.5604052053692,0.240509863378797,SST,28.3144731777757,-0.103577737544961,Deg C,193
01-Feb-2001 00:00,2001,2,27.1842981255693,0.341395048266897,SST,28.3165203674608,-0.101641705067485,Deg C,194
01-Mar-2001 00:00,2001,3,27.1250969559688,0.210105146851305,SST,28.318567557146,-0.0997056725900087,Deg C,195
01-Apr-2001 00:00,2001,4,28.1443429830968,0.529344609531758,SST,28.3206147468312,-0.0977696401125329,Deg C,196
01-May-2001 00:00,2001,5,29.2309609293075,0.692891038115917,SST,28.3226619365164,-0.095833607635057,Deg C,197
01-Jun-2001 00:00,2001,6,29.7970217162379,0.460137277142451,SST,28.3247091262016,-0.0938975751575811,Deg C,198
01-Jul-2001 00:00,2001,7,29.9373487643671,0.376471912108936,SST,28.3267563158868,-0.0919615426801051,Deg C,199
01-Aug-2001 00:00,2001,8,29.2497771281064,-0.245797720322695,SST,28.3288035055719,-0.0900255102026293,Deg C,200
01-Sep-2001 00:00,2001,9,29.4069609127238,-0.0131963368262547,SST,28.3308506952571,-0.0880894777251534,Deg C,201
01-Oct-2001 00:00,2001,10,29.2544935041502,0.0688615494646925,SST,28.3328978849423,-0.0861534452476775,Deg C,202
01-Nov-2001 00:00,2001,11,28.692344438909,-0.0754569122959516,SST,28.3349450746275,-0.0842174127702016,Deg C,203
01-Dec-2001 00:00,2001,12,27.6848567209092,-0.405332001895538,SST,28.3369922643127,-0.0822813802927257,Deg C,204
01-Jan-2002 00:00,2002,1,26.6326613521438,-0.68723398984654,SST,28.3390394539978,-0.0803453478152498,Deg C,205
01-Feb-2002 00:00,2002,2,26.3460058024583,-0.496897274844116,SST,28.341086643683,-0.0784093153377739,Deg C,206
01-Mar-2002 00:00,2002,3,27.1652995660232,0.250307756905752,SST,28.3431338333682,-0.076473282860298,Deg C,207
01-Apr-2002 00:00,2002,4,27.4323646777273,-0.182633695837687,SST,28.3451810230534,-0.0745372503828221,Deg C,208
01-May-2002 00:00,2002,5,28.3891692411365,-0.148900650055111,SST,28.3472282127386,-0.0726012179053462,Deg C,209
01-Jun-2002 00:00,2002,6,29.2659826640282,-0.0709017750672487,SST,28.3492754024238,-0.0706651854278703,Deg C,210
01-Jul-2002 00:00,2002,7,29.3209623891607,-0.239914463097502,SST,28.3513225921089,-0.0687291529503944,Deg C,211
01-Aug-2002 00:00,2002,8,29.3883415774223,-0.107233271006873,SST,28.3533697817941,-0.0667931204729185,Deg C,212
01-Sep-2002 00:00,2002,9,29.5591707638135,0.139013514263418,SST,28.3554169714793,-0.0648570879954427,Deg C,213
01-Oct-2002 00:00,2002,10,29.0649247452423,-0.12070720944325,SST,28.3574641611645,-0.0629210555179667,Deg C,214
01-Nov-2002 00:00,2002,11,28.6874978240768,-0.0803035271280805,SST,28.3595113508497,-0.0609850230404908,Deg C,215
01-Dec-2002 00:00,2002,12,27.7714254630457,-0.318763259758963,SST,28.3615585405348,-0.0590489905630149,Deg C,216
01-Jan-2003 00:00,2003,1,27.3207829327729,8.875907824688e-4,SST,28.36360573022,-0.0571129580855391,Deg C,217
01-Feb-2003 00:00,2003,2,26.6433039255322,-0.199599151770169,SST,28.3656529199052,-0.0551769256080631,Deg C,218
01-Mar-2003 00:00,2003,3,26.752266316614,-0.162725492503405,SST,28.3677001095904,-0.0532408931305872,Deg C,219
01-Apr-2003 00:00,2003,4,27.4319652543571,-0.183033119207888,SST,28.3697472992756,-0.0513048606531114,Deg C,220
01-May-2003 00:00,2003,5,28.145596210794402,-0.392473680397202,SST,28.3717944889608,-0.0493688281756355,Deg C,221
01-Jun-2003 00:00,2003,6,29.0662633465271,-0.27062109256833,SST,28.3738416786459,-0.0474327956981596,Deg C,222
01-Jul-2003 00:00,2003,7,29.6593979776164,0.0985211253582818,SST,28.3758888683311,-0.0454967632206836,Deg C,223
01-Aug-2003 00:00,2003,8,29.7757178120261,0.280142963596976,SST,28.3779360580163,-0.0435607307432078,Deg C,224
01-Sep-2003 00:00,2003,9,29.9078378856786,0.487680636128538,SST,28.3799832477015,-0.0416246982657319,Deg C,225
01-Oct-2003 00:00,2003,10,29.4499508011703,0.264318846484805,SST,28.3820304373867,-0.039688665788256,Deg C,226
01-Nov-2003 00:00,2003,11,28.7268277652702,-0.040973585934708,SST,28.3840776270718,-0.03775263331078,Deg C,227
01-Dec-2003 00:00,2003,12,27.9048437113009,-0.18534501150376,SST,28.386124816757,-0.0358166008333042,Deg C,228
01-Jan-2004 00:00,2004,1,27.0909146384807,-0.228980703509727,SST,28.3881720064422,-0.0338805683558283,Deg C,229
01-Feb-2004 00:00,2004,2,26.4879290802952,-0.354973997007189,SST,28.3902191961274,-0.0319445358783524,Deg C,230
01-Mar-2004 00:00,2004,3,27.0908003057653,0.175808496647864,SST,28.3922663858126,-0.0300085034008765,Deg C,231
01-Apr-2004 00:00,2004,4,27.991386391216,0.376388017650985,SST,28.3943135754978,-0.0280724709234006,Deg C,232
01-May-2004 00:00,2004,5,28.6092865310426,0.071216639851027,SST,28.3963607651829,-0.0261364384459247,Deg C,233
01-Jun-2004 00:00,2004,6,29.2082793060502,-0.128605133045326,SST,28.3984079548681,-0.0242004059684488,Deg C,234
01-Jul-2004 00:00,2004,7,29.0588075127167,-0.502069339541467,SST,28.400455144553298,-0.0222643734909729,Deg C,235
01-Aug-2004 00:00,2004,8,29.0247901715004,-0.47078467692873,SST,28.4025023342385,-0.020328341013497,Deg C,236
01-Sep-2004 00:00,2004,9,28.9815528519074,-0.438604397642624,SST,28.4045495239237,-0.0183923085360211,Deg C,237
01-Oct-2004 00:00,2004,10,29.2540940471047,0.0684620924192281,SST,28.4065967136088,-0.0164562760585452,Deg C,238
01-Nov-2004 00:00,2004,11,28.765089670173,-0.00271168103190078,SST,28.408643903294,-0.0145202435810693,Deg C,239
01-Dec-2004 00:00,2004,12,27.9030274569212,-0.187161265883532,SST,28.4106910929792,-0.0125842111035934,Deg C,240
01-Jan-2005 00:00,2005,1,26.9764529585666,-0.34344238342382,SST,28.4127382826644,-0.0106481786261176,Deg C,241
01-Feb-2005 00:00,2005,2,26.7188263439062,-0.12407673339618,SST,28.4147854723496,-0.00871214614864163,Deg C,242
01-Mar-2005 00:00,2005,3,27.0443111367232,0.129319327605756,SST,28.4168326620348,-0.00677611367116571,Deg C,243
01-Apr-2005 00:00,2005,4,27.3475224314136,-0.267475942151396,SST,28.4188798517199,-0.00484008119368984,Deg C,244
01-May-2005 00:00,2005,5,28.4155253491767,-0.122544542014843,SST,28.4209270414051,-0.00290404871621397,Deg C,245
01-Jun-2005 00:00,2005,6,29.0944616679345,-0.242422771160996,SST,28.4229742310903,-9.6801623873804e-4,Deg C,246
01-Jul-2005 00:00,2005,7,29.5145803183792,-0.0462965338789907,SST,28.4250214207755,9.6801623873787e-4,Deg C,247
01-Aug-2005 00:00,2005,8,29.2858451592077,-0.209729689221447,SST,28.4270686104607,0.00290404871621375,Deg C,248
01-Sep-2005 00:00,2005,9,29.0634847872854,-0.356672462264637,SST,28.4291158001458,0.00484008119368962,Deg C,249
01-Oct-2005 00:00,2005,10,29.1099536605923,-0.0756782940931977,SST,28.431162989831,0.00677611367116554,Deg C,250
01-Nov-2005 00:00,2005,11,28.827377754907,0.0595764037020992,SST,28.433210179516198,0.00871214614864146,Deg C,251
01-Dec-2005 00:00,2005,12,28.3037742429808,0.213585520176053,SST,28.4352573692014,0.0106481786261173,Deg C,252
01-Jan-2006 00:00,2006,1,27.3639262192502,0.0440308772597824,SST,28.4373045588866,0.0125842111035932,Deg C,253
01-Feb-2006 00:00,2006,2,26.8463183630737,0.00341528577136074,SST,28.4393517485718,0.0145202435810691,Deg C,254
01-Mar-2006 00:00,2006,3,27.0634297786331,0.14843796951569,SST,28.4413989382569,0.016456276058545,Deg C,255
01-Apr-2006 00:00,2006,4,27.5461418276068,-0.0688565459582655,SST,28.4434461279421,0.0183923085360209,Deg C,256
01-May-2006 00:00,2006,5,28.6300752595606,0.0920053683690227,SST,28.4454933176273,0.0203283410134968,Deg C,257
01-Jun-2006 00:00,2006,6,29.1962040667941,-0.140680372301382,SST,28.4475405073125,0.0222643734909727,Deg C,258
01-Jul-2006 00:00,2006,7,29.1742532848794,-0.386623567378756,SST,28.4495876969977,0.0242004059684486,Deg C,259
01-Aug-2006 00:00,2006,8,29.2824181977643,-0.213156650664807,SST,28.4516348866828,0.0261364384459245,Deg C,260
01-Sep-2006 00:00,2006,9,29.8086468565481,0.388489606998093,SST,28.453682076368,0.0280724709234004,Deg C,261
01-Oct-2006 00:00,2006,10,28.8672301172347,-0.318401837450786,SST,28.4557292660532,0.0300085034008764,Deg C,262
01-Nov-2006 00:00,2006,11,28.4321953518173,-0.33560599938756,SST,28.4577764557384,0.0319445358783522,Deg C,263
01-Dec-2006 00:00,2006,12,27.8766975353147,-0.213491187489968,SST,28.4598236454236,0.0338805683558281,Deg C,264
01-Jan-2007 00:00,2007,1,27.2771172246091,-0.0427781173812889,SST,28.4618708351088,0.035816600833304,Deg C,265
01-Feb-2007 00:00,2007,2,26.9223646884371,0.0794616111347644,SST,28.4639180247939,0.0377526333107798,Deg C,266
01-Mar-2007 00:00,2007,3,26.520753974749,-0.3942378343685,SST,28.465965214479102,0.0396886657882558,Deg C,267
01-Apr-2007 00:00,2007,4,27.3118147614033,-0.303183612161746,SST,28.4680124041643,0.0416246982657317,Deg C,268
01-May-2007 00:00,2007,5,28.5388408453868,7.7095419522876e-4,SST,28.4700595938495,0.0435607307432075,Deg C,269
01-Jun-2007 00:00,2007,6,29.6510941037566,0.314209664661114,SST,28.4721067835347,0.0454967632206835,Deg C,270
01-Jul-2007 00:00,2007,7,30.1709204040284,0.610043551770278,SST,28.4741539732198,0.0474327956981594,Deg C,271
01-Aug-2007 00:00,2007,8,29.70239070804,0.20681585961092,SST,28.476201162905,0.0493688281756353,Deg C,272
01-Sep-2007 00:00,2007,9,29.6086584563193,0.188501206769267,SST,28.4782483525902,0.0513048606531111,Deg C,273
01-Oct-2007 00:00,2007,10,29.3186569857011,0.13302503101557,SST,28.4802955422754,0.053240893130587,Deg C,274
01-Nov-2007 00:00,2007,11,28.8555412623713,0.0877399111664303,SST,28.4823427319606,0.055176925608063,Deg C,275
01-Dec-2007 00:00,2007,12,28.502833548296,0.412644825491324,SST,28.4843899216458,0.0571129580855388,Deg C,276
01-Jan-2008 00:00,2008,1,27.7196020217432,0.399706679752786,SST,28.4864371113309,0.0590489905630147,Deg C,277
01-Feb-2008 00:00,2008,2,27.3429334320312,0.500030354728803,SST,28.4884843010161,0.0609850230404907,Deg C,278
01-Mar-2008 00:00,2008,3,27.3115238992937,0.396532090176226,SST,28.4905314907013,0.0629210555179666,Deg C,279
01-Apr-2008 00:00,2008,4,28.3708132919113,0.755814918346264,SST,28.4925786803865,0.0648570879954424,Deg C,280
01-May-2008 00:00,2008,5,29.0875774375264,0.549507546334816,SST,28.4946258700717,0.0667931204729183,Deg C,281
01-Jun-2008 00:00,2008,6,29.4697901376594,0.132905698563967,SST,28.4966730597568,0.0687291529503942,Deg C,282
01-Jul-2008 00:00,2008,7,29.7177380441757,0.156861191917507,SST,28.498720249442002,0.0706651854278701,Deg C,283
01-Aug-2008 00:00,2008,8,29.6477192789014,0.152144430472319,SST,28.5007674391272,0.072601217905346,Deg C,284
01-Sep-2008 00:00,2008,9,29.8404833524514,0.420326102901303,SST,28.5028146288124,0.0745372503828219,Deg C,285
01-Oct-2008 00:00,2008,10,29.7313430021537,0.545711047468199,SST,28.5048618184976,0.0764732828602979,Deg C,286
01-Nov-2008 00:00,2008,11,29.217506505301,0.449705154096069,SST,28.5069090081828,0.0784093153377737,Deg C,287
01-Dec-2008 00:00,2008,12,28.6761490271164,0.585960304311708,SST,28.5089561978679,0.0803453478152496,Deg C,288
01-Jan-2009 00:00,2009,1,27.6696975376775,0.349802195687065,SST,28.5110033875531,0.0822813802927255,Deg C,289
01-Feb-2009 00:00,2009,2,27.3250159066251,0.482112829322752,SST,28.5130505772383,0.0842174127702013,Deg C,290
01-Mar-2009 00:00,2009,3,27.0821895557961,0.167197746678685,SST,28.5150977669235,0.0861534452476773,Deg C,291
01-Apr-2009 00:00,2009,4,28.0258494803598,0.410851106794805,SST,28.5171449566087,0.0880894777251532,Deg C,292
01-May-2009 00:00,2009,5,28.8312112526679,0.293141361476351,SST,28.5191921462939,0.090025510202629,Deg C,293
01-Jun-2009 00:00,2009,6,29.548177979962,0.211293540866524,SST,28.521239335979,0.091961542680105,Deg C,294
01-Jul-2009 00:00,2009,7,29.9968856913653,0.436008839107181,SST,28.5232865256642,0.0938975751575809,Deg C,295
01-Aug-2009 00:00,2009,8,29.8207062366557,0.325131388226616,SST,28.5253337153494,0.0958336076350568,Deg C,296
01-Sep-2009 00:00,2009,9,29.3515383583764,-0.0686188911736352,SST,28.5273809050346,0.0977696401125326,Deg C,297
01-Oct-2009 00:00,2009,10,28.8987395268618,-0.286892427823702,SST,28.5294280947198,0.0997056725900085,Deg C,298
01-Nov-2009 00:00,2009,11,28.6292590432505,-0.138542307954371,SST,28.531475284404902,0.101641705067484,Deg C,299
01-Dec-2009 00:00,2009,12,28.0946020460336,0.00441332322888144,SST,28.5335224740901,0.10357773754496,Deg C,300
01-Jan-2010 00:00,2010,1,27.2915470542852,-0.0283482877051568,SST,28.5355696637753,0.105513770022436,Deg C,301
01-Feb-2010 00:00,2010,2,26.8332228573634,-0.0096802199389252,SST,28.5376168534605,0.107449802499912,Deg C,302
01-Mar-2010 00:00,2010,3,26.7588306639543,-0.156161145163171,SST,28.5396640431457,0.109385834977388,Deg C,303
01-Apr-2010 00:00,2010,4,27.3114008228617,-0.303597550703333,SST,28.5417112328308,0.111321867454864,Deg C,304
01-May-2010 00:00,2010,5,28.7160231837315,0.17795329253995,SST,28.543758422516,0.11325789993234,Deg C,305
01-Jun-2010 00:00,2010,6,29.6018046209333,0.264920181837784,SST,28.5458056122012,0.115193932409816,Deg C,306
01-Jul-2010 00:00,2010,7,29.7320361928208,0.171159340562678,SST,28.5478528018864,0.117129964887292,Deg C,307
01-Aug-2010 00:00,2010,8,29.4614138993789,-0.0341609490502179,SST,28.5498999915716,0.119065997364768,Deg C,308
01-Sep-2010 00:00,2010,9,29.4844703994508,0.0643131499007552,SST,28.5519471812568,0.121002029842243,Deg C,309
01-Oct-2010 00:00,2010,10,29.2923603278683,0.10672837318279,SST,28.5539943709419,0.122938062319719,Deg C,310
01-Nov-2010 00:00,2010,11,29.0631316876446,0.295330336439683,SST,28.5560415606271,0.124874094797195,Deg C,311
01-Dec-2010 00:00,2010,12,28.60971201415,0.519523291345315,SST,28.5580887503123,0.126810127274671,Deg C,312
01-Jan-2011 00:00,2011,1,27.7629623791243,0.443067037133936,SST,28.5601359399975,0.128746159752147,Deg C,313
01-Feb-2011 00:00,2011,2,27.0987380652973,0.255834987994881,SST,28.5621831296827,0.130682192229623,Deg C,314
01-Mar-2011 00:00,2011,3,27.0825224311927,0.167530622075297,SST,28.5642303193679,0.132618224707099,Deg C,315
01-Apr-2011 00:00,2011,4,27.5658943524065,-0.0491040211585734,SST,28.566277509053,0.134554257184575,Deg C,316
01-May-2011 00:00,2011,5,28.691995665996,0.153925774804407,SST,28.5683246987382,0.136490289662051,Deg C,317
01-Jun-2011 00:00,2011,6,29.461655603787,0.124771164691484,SST,28.5703718884234,0.138426322139527,Deg C,318
01-Jul-2011 00:00,2011,7,29.5330043566382,-0.0278724956199419,SST,28.5724190781086,0.140362354617002,Deg C,319
01-Aug-2011 00:00,2011,8,29.4099450090687,-0.0856298393604327,SST,28.5744662677938,0.142298387094478,Deg C,320
01-Sep-2011 00:00,2011,9,29.0946902381356,-0.325467011414474,SST,28.5765134574789,0.144234419571954,Deg C,321
01-Oct-2011 00:00,2011,10,29.0630391111249,-0.122592843560575,SST,28.5785606471641,0.14617045204943,Deg C,322
01-Nov-2011 00:00,2011,11,28.5503009856869,-0.217500365518017,SST,28.5806078368493,0.148106484526906,Deg C,323
01-Dec-2011 00:00,2011,12,27.9331706846157,-0.157018038189012,SST,28.5826550265345,0.150042517004382,Deg C,324
01-Jan-2012 00:00,2012,1,27.3296859578355,0.0097906158451444,SST,28.5847022162197,0.151978549481858,Deg C,325
01-Feb-2012 00:00,2012,2,26.9789493527668,0.13604627546443,SST,28.5867494059049,0.153914581959334,Deg C,326
01-Mar-2012 00:00,2012,3,26.9112648001973,-0.00372700892019395,SST,28.58879659559,0.15585061443681,Deg C,327
01-Apr-2012 00:00,2012,4,27.7062865540192,0.0912881804541499,SST,28.5908437852752,0.157786646914285,Deg C,328
01-May-2012 00:00,2012,5,29.0267525420348,0.488682650843192,SST,28.5928909749604,0.159722679391761,Deg C,329
01-Jun-2012 00:00,2012,6,29.453856724354,0.116972285258541,SST,28.5949381646456,0.161658711869237,Deg C,330
01-Jul-2012 00:00,2012,7,29.7863965253927,0.225519673134492,SST,28.5969853543308,0.163594744346713,Deg C,331
01-Aug-2012 00:00,2012,8,29.2873863835756,-0.208188464853567,SST,28.5990325440159,0.165530776824189,Deg C,332
01-Sep-2012 00:00,2012,9,29.427350211523,0.0071929619729616,SST,28.6010797337011,0.167466809301665,Deg C,333
01-Oct-2012 00:00,2012,10,29.0431186706389,-0.142513284046665,SST,28.6031269233863,0.169402841779141,Deg C,334
01-Nov-2012 00:00,2012,11,28.728086809139,-0.0397145420659193,SST,28.6051741130715,0.171338874256617,Deg C,335
01-Dec-2012 00:00,2012,12,28.0220738125261,-0.0681149102785668,SST,28.6072213027567,0.173274906734093,Deg C,336
01-Jan-2013 00:00,2013,1,27.4675919147719,0.147696572781474,SST,28.6092684924418,0.175210939211568,Deg C,337
01-Feb-2013 00:00,2013,2,26.8280911792032,-0.0148118980991576,SST,28.611315682127,0.177146971689044,Deg C,338
01-Mar-2013 00:00,2013,3,27.1050752562483,0.19008344713086,SST,28.6133628718122,0.17908300416652,Deg C,339
01-Apr-2013 00:00,2013,4,28.1787062397914,0.563707866226402,SST,28.6154100614974,0.181019036643996,Deg C,340
01-May-2013 00:00,2013,5,29.0697134774259,0.531643586234317,SST,28.6174572511826,0.182955069121472,Deg C,341
01-Jun-2013 00:00,2013,6,29.6120086783093,0.275124239213827,SST,28.6195044408678,0.184891101598948,Deg C,342
01-Jul-2013 00:00,2013,7,29.9654529651581,0.404576112899942,SST,28.6215516305529,0.186827134076424,Deg C,343
01-Aug-2013 00:00,2013,8,30.1622171059704,0.666642257541241,SST,28.6235988202381,0.1887631665539,Deg C,344
01-Sep-2013 00:00,2013,9,29.9365962460486,0.51643899649855,SST,28.6256460099233,0.190699199031376,Deg C,345
01-Oct-2013 00:00,2013,10,29.196510856231,0.0108789015454285,SST,28.6276931996085,0.192635231508852,Deg C,346
01-Nov-2013 00:00,2013,11,28.795675824244,0.0278744730391267,SST,28.6297403892937,0.194571263986328,Deg C,347
01-Dec-2013 00:00,2013,12,28.2450535436097,0.154864820805003,SST,28.6317875789789,0.196507296463803,Deg C,348
01-Jan-2014 00:00,2014,1,27.4004471810613,0.080551839070889,SST,28.633834768664,0.198443328941279,Deg C,349
01-Feb-2014 00:00,2014,2,26.9815673005563,0.138664223253937,SST,28.6358819583492,0.200379361418755,Deg C,350
01-Mar-2014 00:00,2014,3,26.7452243208712,-0.169767488246229,SST,28.6379291480344,0.202315393896231,Deg C,351
01-Apr-2014 00:00,2014,4,27.9617611927854,0.346762819220398,SST,28.6399763377196,0.204251426373707,Deg C,352
01-May-2014 00:00,2014,5,28.8930101372571,0.354940246065549,SST,28.6420235274048,0.206187458851183,Deg C,353
01-Jun-2014 00:00,2014,6,30.3689247735847,1.03204033448926,SST,28.6440707170899,0.208123491328659,Deg C,354
01-Jul-2014 00:00,2014,7,30.2021519593323,0.641275107074112,SST,28.6461179067751,0.210059523806135,Deg C,355
01-Aug-2014 00:00,2014,8,29.9724139308791,0.476839082450002,SST,28.6481650964603,0.211995556283611,Deg C,356
01-Sep-2014 00:00,2014,9,30.0958349895891,0.675677740039081,SST,28.6502122861455,0.213931588761086,Deg C,357
01-Oct-2014 00:00,2014,10,29.3476092709819,0.161977316296351,SST,28.6522594758307,0.215867621238562,Deg C,358
01-Nov-2014 00:00,2014,11,29.0718263380434,0.304024986838517,SST,28.6543066655159,0.217803653716038,Deg C,359
01-Dec-2014 00:00,2014,12,28.5859218671939,0.495733144389227,SST,28.656353855201,0.219739686193514,Deg C,360
01-Jan-2015 00:00,2015,1,27.5003198369712,0.180424494980805,SST,28.6584010448862,0.22167571867099,Deg C,361
01-Feb-2015 00:00,2015,2,26.664759765382,-0.178143311920383,SST,28.6604482345714,0.223611751148466,Deg C,362
01-Mar-2015 00:00,2015,3,26.9015875599664,-0.013404249151094,SST,28.6624954242566,0.225547783625942,Deg C,363
01-Apr-2015 00:00,2015,4,27.3048133281481,-0.310185045416898,SST,28.6645426139418,0.227483816103418,Deg C,364
01-May-2015 00:00,2015,5,28.3674182359113,-0.17065165528027,SST,28.6665898036269,0.229419848580894,Deg C,365
01-Jun-2015 00:00,2015,6,29.0989782962716,-0.237906142823864,SST,28.6686369933121,0.23135588105837,Deg C,366
01-Jul-2015 00:00,2015,7,29.3307597746897,-0.230117077568426,SST,28.6706841829973,0.233291913535845,Deg C,367
01-Aug-2015 00:00,2015,8,29.3211461885621,-0.174428659867065,SST,28.6727313726825,0.235227946013321,Deg C,368
01-Sep-2015 00:00,2015,9,29.5923299817032,0.172172732153097,SST,28.6747785623677,0.237163978490797,Deg C,369
01-Oct-2015 00:00,2015,10,29.1615064943924,-0.0241254602931598,SST,28.6768257520529,0.239100010968273,Deg C,370
01-Nov-2015 00:00,2015,11,28.6451230102959,-0.12267834090904,SST,28.678872941738,0.241036043445749,Deg C,371
01-Dec-2015 00:00,2015,12,27.9819391890994,-0.10824953370533,SST,28.6809201314232,0.242972075923225,Deg C,372
01-Jan-2016 00:00,2016,1,27.3820318743737,0.0621365323833594,SST,28.6829673211084,0.244908108400701,Deg C,373
01-Feb-2016 00:00,2016,2,26.8461620877345,0.00325901043208887,SST,28.6850145107936,0.246844140878177,Deg C,374
01-Mar-2016 00:00,2016,3,27.1076222752352,0.19263046611773,SST,28.6870617004788,0.248780173355653,Deg C,375
01-Apr-2016 00:00,2016,4,27.6760434060987,0.0610450325336913,SST,28.6891088901639,0.250716205833128,Deg C,376
01-May-2016 00:00,2016,5,28.5082156309688,-0.0298542602227698,SST,28.6911560798491,0.252652238310604,Deg C,377
01-Jun-2016 00:00,2016,6,29.6096787382311,0.272794299135597,SST,28.6932032695343,0.25458827078808,Deg C,378
01-Jul-2016 00:00,2016,7,30.297065145545,0.736188293286844,SST,28.6952504592195,0.256524303265556,Deg C,379
01-Aug-2016 00:00,2016,8,29.9633632221029,0.467788373673731,SST,28.6972976489047,0.258460335743032,Deg C,380
01-Sep-2016 00:00,2016,9,29.6308625236434,0.210705274093336,SST,28.6993448385899,0.260396368220508,Deg C,381
01-Oct-2016 00:00,2016,10,29.6832373349953,0.497605380309789,SST,28.701392028275,0.262332400697984,Deg C,382
01-Nov-2016 00:00,2016,11,29.0963140319294,0.328512680724536,SST,28.7034392179602,0.26426843317546,Deg C,383
01-Dec-2016 00:00,2016,12,28.4393675394238,0.349178816619069,SST,28.7054864076454,0.266204465652936,Deg C,384
01-Jan-2017 00:00,2017,1,27.5479146134837,0.228019271493302,SST,28.7075335973306,0.268140498130412,Deg C,385
01-Feb-2017 00:00,2017,2,26.841707672362,-0.00119540494035775,SST,28.7095807870158,0.270076530607887,Deg C,386
01-Mar-2017 00:00,2017,3,27.1333589098387,0.21836710072127,SST,28.7116279767009,0.272012563085363,Deg C,387
01-Apr-2017 00:00,2017,4,27.7977366274932,0.182738253928175,SST,28.7136751663861,0.273948595562839,Deg C,388
01-May-2017 00:00,2017,5,28.7014645967055,0.163394705513959,SST,28.7157223560713,0.275884628040315,Deg C,389
01-Jun-2017 00:00,2017,6,30.0794312541978,0.74254681510234,SST,28.7177695457565,0.277820660517791,Deg C,390
01-Jul-2017 00:00,2017,7,30.1367497092218,0.575872856963631,SST,28.7198167354417,0.279756692995267,Deg C,391
01-Aug-2017 00:00,2017,8,30.5998263545388,1.10425150610969,SST,28.7218639251269,0.281692725472743,Deg C,392
01-Sep-2017 00:00,2017,9,29.9071302830742,0.486973033524126,SST,28.723911114812,0.283628757950219,Deg C,393
01-Oct-2017 00:00,2017,10,29.7080593727432,0.522427418057674,SST,28.7259583044972,0.285564790427695,Deg C,394
01-Nov-2017 00:00,2017,11,29.3151389369054,0.547337585700458,SST,28.7280054941824,0.287500822905171,Deg C,395
01-Dec-2017 00:00,2017,12,28.7071547791168,0.61696605631208,SST,28.7300526838676,0.289436855382646,Deg C,396
01-Jan-2018 00:00,2018,1,28.0545166112234,0.734621269233028,SST,28.7320998735528,0.291372887860122,Deg C,397
01-Feb-2018 00:00,2018,2,27.3750853650305,0.532182287728091,SST,28.7341470632379,0.293308920337598,Deg C,398
01-Mar-2018 00:00,2018,3,27.4866019921088,0.571610182991389,SST,28.7361942529231,0.295244952815074,Deg C,399
01-Apr-2018 00:00,2018,4,27.6938682865303,0.0788699129652848,SST,28.7382414426083,0.29718098529255,Deg C,400
01-May-2018 00:00,2018,5,28.8859131629491,0.347843271757519,SST,28.7402886322935,0.299117017770026,Deg C,401
01-Jun-2018 00:00,2018,6,29.3861664157873,0.0492819766918231,SST,28.7423358219787,0.301053050247502,Deg C,402
01-Jul-2018 00:00,2018,7,29.2551128715924,-0.305763980665791,SST,28.7443830116639,0.302989082724978,Deg C,403
01-Aug-2018 00:00,2018,8,29.1837337193027,-0.311841129126453,SST,28.746430201349,0.304925115202454,Deg C,404
01-Sep-2018 00:00,2018,9,28.923994206209102,-0.496163043340971,SST,28.7484773910342,0.306861147679929,Deg C,405
01-Oct-2018 00:00,2018,10,29.1261114733264,-0.0595204813591224,SST,28.7505245807194,0.308797180157405,Deg C,406
01-Nov-2018 00:00,2018,11,28.8152590330706,0.0474576818657368,SST,28.7525717704046,0.310733212634881,Deg C,407
01-Dec-2018 00:00,2018,12,28.2861055940002,0.195916871195468,SST,28.7546189600898,0.312669245112357,Deg C,408
01-Jan-2019 00:00,2019,1,27.3749377597086,0.0550424177181696,SST,28.7566661497749,0.314605277589833,Deg C,409
01-Feb-2019 00:00,2019,2,26.8058857033118,-0.0370173739905333,SST,28.7587133394601,0.316541310067309,Deg C,410
01-Mar-2019 00:00,2019,3,27.1111635390308,0.196171729913317,SST,28.7607605291453,0.318477342544785,Deg C,411
01-Apr-2019 00:00,2019,4,27.8638885442842,0.248890170719125,SST,28.7628077188305,0.320413375022261,Deg C,412
01-May-2019 00:00,2019,5,29.0385658255879,0.500495934396348,SST,28.7648549085157,0.322349407499737,Deg C,413
01-Jun-2019 00:00,2019,6,29.7543546094218,0.417470170326347,SST,28.7669020982009,0.324285439977213,Deg C,414
01-Jul-2019 00:00,2019,7,30.2111693206986,0.65029246844043,SST,28.768949287886,0.326221472454688,Deg C,415
01-Aug-2019 00:00,2019,8,29.6491071022023,0.153532253773136,SST,28.7709964775712,0.328157504932164,Deg C,416
01-Sep-2019 00:00,2019,9,29.5621736341551,0.142016384605039,SST,28.7730436672564,0.33009353740964,Deg C,417
01-Oct-2019 00:00,2019,10,29.108195359524,-0.0774365951614833,SST,28.7750908569416,0.332029569887116,Deg C,418
01-Nov-2019 00:00,2019,11,28.9725716650227,0.204770313817814,SST,28.7771380466268,0.333965602364592,Deg C,419
01-Dec-2019 00:00,2019,12,28.2209507860772,0.130762063272478,SST,28.7791852363119,0.335901634842068,Deg C,420
01-Jan-2020 00:00,2020,1,27.3086193854833,-0.011275956507113,SST,28.7812324259971,0.337837667319544,Deg C,421
01-Feb-2020 00:00,2020,2,26.8388422373925,-0.00406083990990425,SST,28.7832796156823,0.33977369979702,Deg C,422
01-Mar-2020 00:00,2020,3,26.9983125899186,0.0833207808011842,SST,28.7853268053675,0.341709732274496,Deg C,423
01-Apr-2020 00:00,2020,4,27.6057163693971,-0.00928200416793956,SST,28.7873739950527,0.343645764751972,Deg C,424
01-May-2020 00:00,2020,5,28.7839131663056,0.245843275114012,SST,28.7894211847379,0.345581797229447,Deg C,425
01-Jun-2020 00:00,2020,6,29.5603386253766,0.223454186281089,SST,28.791468374423,0.347517829706923,Deg C,426
01-Jul-2020 00:00,2020,7,29.7757048147287,0.214827962470537,SST,28.7935155641082,0.349453862184399,Deg C,427
01-Aug-2020 00:00,2020,8,30.1874326923994,0.691857843970297,SST,28.7955627537934,0.351389894661875,Deg C,428
01-Sep-2020 00:00,2020,9,30.11627350654,0.6961162569899,SST,28.7976099434786,0.353325927139351,Deg C,429
01-Oct-2020 00:00,2020,10,29.8006859339094,0.615053979223909,SST,28.7996571331638,0.355261959616827,Deg C,430
01-Nov-2020 00:00,2020,11,29.3914632029885,0.623661851783641,SST,28.8017043228489,0.357197992094303,Deg C,431
01-Dec-2020 00:00,2020,12,28.7219971175132,0.631808394708457,SST,28.8037515125341,0.359134024571779,Deg C,432
01-Jan-2021 00:00,2021,1,28.0826670990321,0.762771757041751,SST,28.8057987022193,0.361070057049255,Deg C,433
01-Feb-2021 00:00,2021,2,27.6741361121193,0.83123303481694,SST,28.8078458919045,0.36300608952673,Deg C,434
01-Mar-2021 00:00,2021,3,27.9521924826239,1.03720067350649,SST,28.8098930815897,0.364942122004206,Deg C,435
01-Apr-2021 00:00,2021,4,28.851999981462,1.23700160789696,SST,28.8119402712749,0.366878154481682,Deg C,436
01-May-2021 00:00,2021,5,28.8901345657371,0.352064674545481,SST,28.81398746096,0.368814186959158,Deg C,437
01-Jun-2021 00:00,2021,6,29.9462648273032,0.609380388207708,SST,28.8160346506452,0.370750219436634,Deg C,438
01-Jul-2021 00:00,2021,7,29.7422937026072,0.181416850349059,SST,28.8180818403304,0.37268625191411,Deg C,439
01-Aug-2021 00:00,2021,8,29.493175114357,-0.00239973407213867,SST,28.8201290300156,0.374622284391586,Deg C,440
01-Sep-2021 00:00,2021,9,29.7483401410314,0.328182891481344,SST,28.8221762197008,0.376558316869062,Deg C,441
01-Oct-2021 00:00,2021,10,29.6719522070436,0.486320252358098,SST,28.824223409386,0.378494349346538,Deg C,442
01-Nov-2021 00:00,2021,11,29.3823082290407,0.614506877835762,SST,28.8262705990711,0.380430381824014,Deg C,443
01-Dec-2021 00:00,2021,12,28.5085788494944,0.418390126689669,SST,28.8283177887563,0.382366414301489,Deg C,444
01-Jan-2022 00:00,2022,1,27.5524110148164,0.232515672826029,SST,28.8303649784415,0.384302446778965,Deg C,445
01-Feb-2022 00:00,2022,2,27.1354255000002,0.29252242269785,SST,28.8324121681267,0.386238479256441,Deg C,446
01-Mar-2022 00:00,2022,3,27.3232358907652,0.408244081647769,SST,28.8344593578119,0.388174511733917,Deg C,447
01-Apr-2022 00:00,2022,4,27.7380940159909,0.123095642425909,SST,28.836506547497,0.390110544211393,Deg C,448
01-May-2022 00:00,2022,5,28.7717207137134,0.233650822521817,SST,28.8385537371822,0.392046576688869,Deg C,449
01-Jun-2022 00:00,2022,6,29.7717511228128,0.43486668371732,SST,28.8406009268674,0.393982609166345,Deg C,450
01-Jul-2022 00:00,2022,7,29.855601988101,0.294725135842828,SST,28.8426481165526,0.395918641643821,Deg C,451
01-Aug-2022 00:00,2022,8,30.0311794305848,0.535604582155692,SST,28.8446953062378,0.397854674121297,Deg C,452
01-Sep-2022 00:00,2022,9,29.8778393625351,0.457682112985001,SST,28.8467424959229,0.39979070659877203,Deg C,453
01-Oct-2022 00:00,2022,10,29.5985933499812,0.412961395295728,SST,28.8487896856081,0.401726739076248,Deg C,454
01-Nov-2022 00:00,2022,11,29.4472330231397,0.679431671934847,SST,28.8508368752933,0.403662771553724,Deg C,455
01-Dec-2022 00:00,2022,12,28.7054905768586,0.615301854053911,SST,28.8528840649785,0.4055988040312,Deg C,456
01-Jan-2023 00:00,2023,1,27.6230419757915,0.303146633801067,SST,28.8549312546637,0.407534836508676,Deg C,457
01-Feb-2023 00:00,2023,2,27.2192532496584,0.376350172355991,SST,28.8569784443489,0.409470868986152,Deg C,458
01-Mar-2023 00:00,2023,3,27.1694225841252,0.254430775007705,SST,28.859025634034,0.411406901463628,Deg C,459
01-Apr-2023 00:00,2023,4,27.8118075165148,0.1968091429498,SST,28.8610728237192,0.413342933941104,Deg C,460
01-May-2023 00:00,2023,5,28.593952248514,0.0558823573223854,SST,28.8631200134044,0.41527896641858,Deg C,461
01-Jun-2023 00:00,2023,6,29.1969855210543,-0.139898918041187,SST,28.8651672030896,0.417214998896056,Deg C,462
01-Jul-2023 00:00,2023,7,29.837997119092,0.27712026683387597,SST,28.8672143927748,0.419151031373531,Deg C,463
01-Aug-2023 00:00,2023,8,30.083467407613,0.587892559183871,SST,28.8692615824599,0.421087063851007,Deg C,464
01-Sep-2023 00:00,2023,9,29.9448523862317,0.524695136681654,SST,28.8713087721451,0.423023096328483,Deg C,465
01-Oct-2023 00:00,2023,10,29.4348784550226,0.249246500337129,SST,28.8733559618303,0.424959128805959,Deg C,466
01-Nov-2023 00:00,2023,11,29.2693400445102,0.501538693305285,SST,28.8754031515155,0.426895161283435,Deg C,467
01-Dec-2023 00:00,2023,12,28.7112300312467,0.621041308442042,SST,28.8774503412007,0.428831193760911,Deg C,468
01-Jan-2024 00:00,2024,1,27.9150144847533,0.595119142762911,SST,28.8794975308859,0.430767226238387,Deg C,469
01-Feb-2024 00:00,2024,2,26.9441143386443,0.101211261341952,SST,28.881544720571,0.432703258715863,Deg C,470
01-Mar-2024 00:00,2024,3,27.0055687328841,0.0905769237666831,SST,28.8835919102562,0.434639291193339,Deg C,471
01-Apr-2024 00:00,2024,4,27.7128784414311,0.0978800678660754,SST,28.8856390999414,0.436575323670815,Deg C,472
01-May-2024 00:00,2024,5,28.7853285443076,0.247258653115981,SST,28.8876862896266,0.43851135614829,Deg C,473
01-Jun-2024 00:00,2024,6,29.7695860886194,0.432701649523946,SST,28.8897334793118,0.440447388625766,Deg C,474
01-Jul-2024 00:00,2024,7,30.0620144712942,0.501137619036058,SST,28.891780668997,0.442383421103242,Deg C,475
01-Aug-2024 00:00,2024,8,30.0188711605265,0.523296312097401,SST,28.8938278586821,0.444319453580718,Deg C,476
01-Sep-2024 00:00,2024,9,29.7193299510199,0.299172701469878,SST,28.8958750483673,0.446255486058194,Deg C,477
01-Oct-2024 00:00,2024,10,29.5084747107433,0.322842756057753,SST,28.8979222380525,0.44819151853567,Deg C,478
01-Nov-2024 00:00,2024,11,29.1372243566554,0.369423005450543,SST,28.8999694277377,0.450127551013146,Deg C,479
01-Dec-2024 00:00,2024,12,28.8307438785536,0.740555155748922,SST,28.9020166174229,0.452063583490622,Deg C,480
01-Jan-2025 00:00,2025,1,28.4312358411797,1.11134049918936,SST,28.904063807108,0.453999615968098,Deg C,481
01-Feb-2025 00:00,2025,2,27.834905971632,0.992002894329609,SST,28.9061109967932,0.455935648445573,Deg C,482
01-Mar-2025 00:00,2025,3,27.7119074063777,0.796915597260227,SST,28.9081581864784,0.457871680923049,Deg C,483
01-Apr-2025 00:00,2025,4,28.4678104632498,0.852812089684726,SST,28.9102053761636,0.459807713400525,Deg C,484
01-May-2025 00:00,2025,5,29.2184370504619,0.680367159270347,SST,28.9122525658488,0.461743745878001,Deg C,485
01-Jun-2025 00:00,2025,6,29.9149319710849,0.578047531989405,SST,28.9142997555339,0.463679778355477,Deg C,486
01-Jul-2025 00:00,2025,7,29.6185035934669,0.0576267412087503,SST,28.9163469452191,0.465615810832953,Deg C,487
01-Aug-2025 00:00,2025,8,29.5725571490231,0.0769823005939898,SST,28.9183941349043,0.467551843310429,Deg C,488
01-Sep-2025 00:00,2025,9,29.8957236302399,0.47556638068988,SST,28.9204413245895,0.469487875787905,Deg C,489
01-Oct-2025 00:00,2025,10,29.9046555285861,0.719023573900579,SST,28.9224885142747,0.471423908265381,Deg C,490
01-Nov-2025 00:00,2025,11,29.5211837727151,0.753382421510153,SST,28.9245357039599,0.473359940742857,Deg C,491
01-Dec-2025 00:00,2025,12,28.8943791926338,0.804190469829116,SST,28.926582893645,0.475295973220332,Deg C,492
01-Jan-1998 00:00,1998,1,0.0623384907760446,0.00272168098172974,Chl,0.0586556871876533,0.00501507957114166,mg chl per m3,1
01-Feb-1998 00:00,1998,2,0.0552039879997416,-0.00115434071093852,Chl,0.0586255672290494,0.00498513879758261,mg chl per m3,2
01-Mar-1998 00:00,1998,3,0.0568471083816516,0.00580622922371099,Chl,0.0585954472704454,0.00495519802402355,mg chl per m3,3
01-Apr-1998 00:00,1998,4,0.0530949543155236,0.00341312979685386,Chl,0.0585653273118415,0.0049252572504645,mg chl per m3,4
01-May-1998 00:00,1998,5,0.0497471547412334,-4.2957440635831e-4,Chl,0.0585352073532376,0.00489531647690544,mg chl per m3,5
01-Jun-1998 00:00,1998,6,0.0573067264109299,0.00462089328179968,Chl,0.0585050873946337,0.00486537570334639,mg chl per m3,6
01-Jul-1998 00:00,1998,7,0.0654789903484412,0.00841761215909564,Chl,0.0584749674360298,0.00483543492978733,mg chl per m3,7
01-Aug-1998 00:00,1998,8,0.051956191998733,-0.00255719587186687,Chl,0.0584448474774259,0.00480549415622828,mg chl per m3,8
01-Sep-1998 00:00,1998,9,0.0510274168698924,-3.921594359782e-4,Chl,0.058414727518822,0.00477555338266922,mg chl per m3,9
01-Oct-1998 00:00,1998,10,0.0525521197997444,1.6563251521734e-4,Chl,0.0583846075602181,0.00474561260911017,mg chl per m3,10
01-Nov-1998 00:00,1998,11,0.056945642469445,0.00435228695065833,Chl,0.0583544876016142,0.00471567183555111,mg chl per m3,11
01-Dec-1998 00:00,1998,12,0.0600472833847216,0.0042547435541941,Chl,0.0583243676430103,0.00468573106199206,mg chl per m3,12
01-Jan-1999 00:00,1999,1,0.0585085561622353,-0.00110825363207956,Chl,0.0582942476844064,0.004655790288433,mg chl per m3,13
01-Feb-1999 00:00,1999,2,0.0562079379991091,-1.5039071157099e-4,Chl,0.0582641277258025,0.00462584951487395,mg chl per m3,14
01-Mar-1999 00:00,1999,3,0.0504267970805868,-6.1408207735385e-4,Chl,0.0582340077671986,0.0045959087413149,mg chl per m3,15
01-Apr-1999 00:00,1999,4,0.0539608862502627,0.00427906173159293,Chl,0.0582038878085946,0.00456596796775584,mg chl per m3,16
01-May-1999 00:00,1999,5,0.0532396361543472,0.00306290700675551,Chl,0.0581737678499907,0.00453602719419679,mg chl per m3,17
01-Jun-1999 00:00,1999,6,0.060963406256642,0.00827757312751178,Chl,0.0581436478913868,0.00450608642063773,mg chl per m3,18
01-Jul-1999 00:00,1999,7,0.0646998135110646,0.007638435321719,Chl,0.0581135279327829,0.00447614564707868,mg chl per m3,19
01-Aug-1999 00:00,1999,8,0.0554078345457992,8.9444667519939e-4,Chl,0.058083407974179,0.00444620487351962,mg chl per m3,20
01-Sep-1999 00:00,1999,9,0.0505054241751503,-9.1415213072036e-4,Chl,0.0580532880155751,0.00441626409996057,mg chl per m3,21
01-Oct-1999 00:00,1999,10,0.0522017657734939,-0.00018472151103317001,Chl,0.0580231680569712,0.00438632332640151,mg chl per m3,22
01-Nov-1999 00:00,1999,11,0.0522422341346339,-3.5112138415278e-4,Chl,0.0579930480983673,0.00435638255284246,mg chl per m3,23
01-Dec-1999 00:00,1999,12,0.059856819541475,0.00406427971094749,Chl,0.0579629281397634,0.0043264417792834,mg chl per m3,24
01-Jan-2000 00:00,2000,1,0.0677824609832893,0.00816565118897448,Chl,0.0579328081811595,0.00429650100572435,mg chl per m3,25
01-Feb-2000 00:00,2000,2,0.0574481597692969,0.00108983105861679,Chl,0.0579026882225556,0.00426656023216529,mg chl per m3,26
01-Mar-2000 00:00,2000,3,0.051910077091658,8.6919793371736e-4,Chl,0.0578725682639517,0.00423661945860624,mg chl per m3,27
01-Apr-2000 00:00,2000,4,0.0510331526055805,0.00135132808691072,Chl,0.0578424483053478,0.00420667868504718,mg chl per m3,28
01-May-2000 00:00,2000,5,0.0534345939765217,0.00325786482892999,Chl,0.0578123283467438,0.00417673791148813,mg chl per m3,29
01-Jun-2000 00:00,2000,6,0.0536921309259764,0.00100629779684621,Chl,0.0577822083881399,0.00414679713792908,mg chl per m3,30
01-Jul-2000 00:00,2000,7,0.054457281291437,-0.00260409689790855,Chl,0.057752088429536,0.00411685636437002,mg chl per m3,31
01-Aug-2000 00:00,2000,8,0.0546883586018976,1.7497073129781e-4,Chl,0.0577219684709321,0.00408691559081097,mg chl per m3,32
01-Sep-2000 00:00,2000,9,0.0487659075601589,-0.00265366874571177,Chl,0.0576918485123282,0.00405697481725191,mg chl per m3,33
01-Oct-2000 00:00,2000,10,0.0525055185407782,1.1903125625116e-4,Chl,0.0576617285537243,0.00402703404369286,mg chl per m3,34
01-Nov-2000 00:00,2000,11,0.0537338049989756,0.00114044948018886,Chl,0.0576316085951204,0.0039970932701338,mg chl per m3,35
01-Dec-2000 00:00,2000,12,0.0567367781267279,9.4423829620041e-4,Chl,0.0576014886365165,0.00396715249657475,mg chl per m3,36
01-Jan-2001 00:00,2001,1,0.0609519701599164,0.00133516036560154,Chl,0.0575713686779126,0.00393721172301569,mg chl per m3,37
01-Feb-2001 00:00,2001,2,0.0575959181546911,0.00123758944401101,Chl,0.0575412487193087,0.00390727094945664,mg chl per m3,38
01-Mar-2001 00:00,2001,3,0.0575781196595778,0.0065372405016371,Chl,0.0575111287607048,0.00387733017589758,mg chl per m3,39
01-Apr-2001 00:00,2001,4,0.0596622804653176,0.00998045594664781,Chl,0.0574810088021009,0.00384738940233853,mg chl per m3,40
01-May-2001 00:00,2001,5,0.0590606256470699,0.00888389649947821,Chl,0.057450888843497,0.00381744862877947,mg chl per m3,41
01-Jun-2001 00:00,2001,6,0.055755116653725303,0.00306928352459507,Chl,0.057420768884893,0.00378750785522042,mg chl per m3,42
01-Jul-2001 00:00,2001,7,0.0600412807441241,0.00297990255477854,Chl,0.0573906489262891,0.00375756708166136,mg chl per m3,43
01-Aug-2001 00:00,2001,8,0.0650362663053298,0.01052287843473,Chl,0.0573605289676852,0.00372762630810231,mg chl per m3,44
01-Sep-2001 00:00,2001,9,0.0570534485683674,0.00563387226249674,Chl,0.0573304090090813,0.00369768553454325,mg chl per m3,45
01-Oct-2001 00:00,2001,10,0.05137146265798,-0.00101502462654708,Chl,0.0573002890504774,0.0036677447609842,mg chl per m3,46
01-Nov-2001 00:00,2001,11,0.0544208655633219,0.00182751004453521,Chl,0.0572701690918735,0.00363780398742515,mg chl per m3,47
01-Dec-2001 00:00,2001,12,0.0652367942019036,0.00944425437137612,Chl,0.0572400491332696,0.00360786321386609,mg chl per m3,48
01-Jan-2002 00:00,2002,1,0.0663533781719762,0.00673656837766137,Chl,0.0572099291746657,0.00357792244030704,mg chl per m3,49
01-Feb-2002 00:00,2002,2,0.0590473793633521,0.00268905065267196,Chl,0.0571798092160618,0.00354798166674798,mg chl per m3,50
01-Mar-2002 00:00,2002,3,0.0509660227391921,-7.4856418748527e-5,Chl,0.0571496892574579,0.00351804089318893,mg chl per m3,51
01-Apr-2002 00:00,2002,4,0.0546406678851535,0.00495884336648368,Chl,0.057119569298854,0.00348810011962987,mg chl per m3,52
01-May-2002 00:00,2002,5,0.0511589116279743,9.8218248038266e-4,Chl,0.0570894493402501,0.00345815934607082,mg chl per m3,53
01-Jun-2002 00:00,2002,6,0.0532400709878996,5.5423785876932e-4,Chl,0.0570593293816462,0.00342821857251176,mg chl per m3,54
01-Jul-2002 00:00,2002,7,0.0575754115709256,5.1403338158004e-4,Chl,0.0570292094230422,0.00339827779895271,mg chl per m3,55
01-Aug-2002 00:00,2002,8,0.0556707429949097,0.00115735512430983,Chl,0.0569990894644383,0.00336833702539365,mg chl per m3,56
01-Sep-2002 00:00,2002,9,0.0586773624889083,0.0072577861830377,Chl,0.0569689695058344,0.0033383962518346,mg chl per m3,57
01-Oct-2002 00:00,2002,10,0.0561414292924365,0.0037549420079094,Chl,0.0569388495472305,0.00330845547827554,mg chl per m3,58
01-Nov-2002 00:00,2002,11,0.0568311350814574,0.00423777956267068,Chl,0.0569087295886266,0.00327851470471649,mg chl per m3,59
01-Dec-2002 00:00,2002,12,0.0575890594380766,0.0017965196075491,Chl,0.0568786096300227,0.00324857393115743,mg chl per m3,60
01-Jan-2003 00:00,2003,1,0.0565247167140015,-0.00309209308031337,Chl,0.0568484896714188,0.00321863315759838,mg chl per m3,61
01-Feb-2003 00:00,2003,2,0.0536729203971155,-0.00268540831356462,Chl,0.0568183697128149,0.00318869238403932,mg chl per m3,62
01-Mar-2003 00:00,2003,3,0.0544863653644906,0.00344548620654996,Chl,0.056788249754211,0.00315875161048027,mg chl per m3,63
01-Apr-2003 00:00,2003,4,0.0543473966780698,0.00466557215939997,Chl,0.0567581297956071,0.00312881083692122,mg chl per m3,64
01-May-2003 00:00,2003,5,0.0590362834164422,0.00885955426885056,Chl,0.0567280098370032,0.00309887006336216,mg chl per m3,65
01-Jun-2003 00:00,2003,6,0.0552873077266927,0.00260147459756242,Chl,0.0566978898783993,0.00306892928980311,mg chl per m3,66
01-Jul-2003 00:00,2003,7,0.0946780879446639,0.0376167097553183,Chl,0.0566677699197954,0.00303898851624405,mg chl per m3,67
01-Aug-2003 00:00,2003,8,0.0685803168954877,0.0140669290248878,Chl,0.0566376499611914,0.003009047742685,mg chl per m3,68
01-Sep-2003 00:00,2003,9,0.059173151263639,0.00775357495776834,Chl,0.0566075300025875,0.00297910696912594,mg chl per m3,69
01-Oct-2003 00:00,2003,10,0.0632974780408245,0.0109109907562975,Chl,0.0565774100439836,0.00294916619556689,mg chl per m3,70
01-Nov-2003 00:00,2003,11,0.0658865896772586,0.0132932341584719,Chl,0.0565472900853797,0.00291922542200783,mg chl per m3,71
01-Dec-2003 00:00,2003,12,0.0641685939958068,0.00837605416527928,Chl,0.0565171701267758,0.00288928464844878,mg chl per m3,72
01-Jan-2004 00:00,2004,1,0.0648519395007603,0.00523512970644542,Chl,0.0564870501681719,0.00285934387488972,mg chl per m3,73
01-Feb-2004 00:00,2004,2,0.0644919016889299,0.00813357297824974,Chl,0.056456930209568,0.00282940310133067,mg chl per m3,74
01-Mar-2004 00:00,2004,3,0.0541718241966745,0.00313094503873389,Chl,0.0564268102509641,0.00279946232777161,mg chl per m3,75
01-Apr-2004 00:00,2004,4,0.0500442092762665,3.6238475759668e-4,Chl,0.0563966902923602,0.00276952155421256,mg chl per m3,76
01-May-2004 00:00,2004,5,0.0530303333774907,0.00285360422989899,Chl,0.0563665703337563,0.0027395807806535,mg chl per m3,77
01-Jun-2004 00:00,2004,6,0.0573372577903393,0.00465142466120908,Chl,0.0563364503751524,0.00270964000709445,mg chl per m3,78
01-Jul-2004 00:00,2004,7,0.0609306904323494,0.00386931224300386,Chl,0.0563063304165485,0.0026796992335354,mg chl per m3,79
01-Aug-2004 00:00,2004,8,0.0588583229804756,0.00434493510987575,Chl,0.0562762104579446,0.00264975845997634,mg chl per m3,80
01-Sep-2004 00:00,2004,9,0.0570217708728387,0.00560219456696803,Chl,0.0562460904993406,0.00261981768641729,mg chl per m3,81
01-Oct-2004 00:00,2004,10,0.0556924331209898,0.00330594583646274,Chl,0.0562159705407367,0.00258987691285823,mg chl per m3,82
01-Nov-2004 00:00,2004,11,0.0566607235237348,0.00406736800494811,Chl,0.0561858505821328,0.00255993613929918,mg chl per m3,83
01-Dec-2004 00:00,2004,12,0.0573249977787928,0.00153245794826533,Chl,0.0561557306235289,0.00252999536574012,mg chl per m3,84
01-Jan-2005 00:00,2005,1,0.059419582276978,-1.9722751733681e-4,Chl,0.056125610664925,0.00250005459218107,mg chl per m3,85
01-Feb-2005 00:00,2005,2,0.0576700514208624,0.00131172271018222,Chl,0.0560954907063211,0.00247011381862201,mg chl per m3,86
01-Mar-2005 00:00,2005,3,0.0544974108964414,0.00345653173850071,Chl,0.0560653707477172,0.00244017304506296,mg chl per m3,87
01-Apr-2005 00:00,2005,4,0.05704062941951,0.00735880490084023,Chl,0.0560352507891133,0.0024102322715039,mg chl per m3,88
01-May-2005 00:00,2005,5,0.0573429670160209,0.00716623786842927,Chl,0.0560051308305094,0.00238029149794485,mg chl per m3,89
01-Jun-2005 00:00,2005,6,0.0654668648409332,0.0127810317118029,Chl,0.0559750108719055,0.00235035072438579,mg chl per m3,90
01-Jul-2005 00:00,2005,7,0.0678842927852212,0.0108229145958757,Chl,0.0559448909133016,0.00232040995082674,mg chl per m3,91
01-Aug-2005 00:00,2005,8,0.0756620990475829,0.021148711176983,Chl,0.0559147709546977,0.00229046917726768,mg chl per m3,92
01-Sep-2005 00:00,2005,9,0.0604122614950116,0.00899268518914098,Chl,0.0558846509960938,0.00226052840370863,mg chl per m3,93
01-Oct-2005 00:00,2005,10,0.0617652819274881,0.00937879464296107,Chl,0.0558545310374898,0.00223058763014957,mg chl per m3,94
01-Nov-2005 00:00,2005,11,0.0618420571866087,0.00924870166782196,Chl,0.0558244110788859,0.00220064685659052,mg chl per m3,95
01-Dec-2005 00:00,2005,12,0.055737468923615,-5.50709069124938e-5,Chl,0.055794291120282,0.00217070608303147,mg chl per m3,96
01-Jan-2006 00:00,2006,1,0.0638204658430949,0.00420365604878002,Chl,0.0557641711616781,0.00214076530947241,mg chl per m3,97
01-Feb-2006 00:00,2006,2,0.0610297284470343,0.00467139973635415,Chl,0.0557340512030742,0.00211082453591336,mg chl per m3,98
01-Mar-2006 00:00,2006,3,0.0577677826367537,0.00672690347881304,Chl,0.0557039312444703,0.0020808837623543,mg chl per m3,99
01-Apr-2006 00:00,2006,4,0.0590684986422628,0.00938667412359297,Chl,0.0556738112858664,0.00205094298879525,mg chl per m3,100
01-May-2006 00:00,2006,5,0.0573755277299515,0.00719879858235985,Chl,0.0556436913272625,0.00202100221523619,mg chl per m3,101
01-Jun-2006 00:00,2006,6,0.0596614425904273,0.00697560946129706,Chl,0.0556135713686586,0.00199106144167714,mg chl per m3,102
01-Jul-2006 00:00,2006,7,0.058816072377747,0.00175469418840137,Chl,0.0555834514100547,0.00196112066811808,mg chl per m3,103
01-Aug-2006 00:00,2006,8,0.0575004697982859,0.00298708192768604,Chl,0.0555533314514508,0.00193117989455903,mg chl per m3,104
01-Sep-2006 00:00,2006,9,0.0515398394174948,1.2026311162419e-4,Chl,0.0555232114928469,0.00190123912099997,mg chl per m3,105
01-Oct-2006 00:00,2006,10,0.0592873304604838,0.00690084317595668,Chl,0.055493091534243,0.00187129834744092,mg chl per m3,106
01-Nov-2006 00:00,2006,11,0.0571018855162426,0.00450852999745584,Chl,0.055462971575639,0.00184135757388186,mg chl per m3,107
01-Dec-2006 00:00,2006,12,0.054403136668579,-0.00138940316194854,Chl,0.0554328516170351,0.00181141680032281,mg chl per m3,108
01-Jan-2007 00:00,2007,1,0.0591503658286695,-4.6644396564531e-4,Chl,0.0554027316584312,0.00178147602676375,mg chl per m3,109
01-Feb-2007 00:00,2007,2,0.0589908915209074,0.00263256281022727,Chl,0.0553726116998273,0.0017515352532047,mg chl per m3,110
01-Mar-2007 00:00,2007,3,0.060200326322199,0.0091594471642584,Chl,0.0553424917412234,0.00172159447964565,mg chl per m3,111
01-Apr-2007 00:00,2007,4,0.0504787791959759,7.9695467730613e-4,Chl,0.0553123717826195,0.00169165370608659,mg chl per m3,112
01-May-2007 00:00,2007,5,0.049160435187349,-0.00101629396024266,Chl,0.0552822518240156,0.00166171293252754,mg chl per m3,113
01-Jun-2007 00:00,2007,6,0.0486013778737028,-0.00408445525542748,Chl,0.0552521318654117,0.00163177215896848,mg chl per m3,114
01-Jul-2007 00:00,2007,7,0.0548656701228186,-0.00219570806652698,Chl,0.0552220119068078,0.00160183138540943,mg chl per m3,115
01-Aug-2007 00:00,2007,8,0.0538063562332468,-7.0703163735301e-4,Chl,0.0551918919482039,0.00157189061185037,mg chl per m3,116
01-Sep-2007 00:00,2007,9,0.0512758285773366,-1.4374772853405e-4,Chl,0.0551617719896,0.00154194983829132,mg chl per m3,117
01-Oct-2007 00:00,2007,10,0.052454007872674,6.75205881469493e-5,Chl,0.0551316520309961,0.00151200906473226,mg chl per m3,118
01-Nov-2007 00:00,2007,11,0.051652802587648,-9.4055293113874e-4,Chl,0.0551015320723921,0.00148206829117321,mg chl per m3,119
01-Dec-2007 00:00,2007,12,0.0518835223206743,-0.00390901750985323,Chl,0.0550714121137882,0.00145212751761415,mg chl per m3,120
01-Jan-2008 00:00,2008,1,0.056290357273396,-0.00332645252091889,Chl,0.0550412921551843,0.0014221867440551,mg chl per m3,121
01-Feb-2008 00:00,2008,2,0.0530392904932895,-0.00331903821739066,Chl,0.0550111721965804,0.00139224597049604,mg chl per m3,122
01-Mar-2008 00:00,2008,3,0.0531430624509955,0.00210218329305487,Chl,0.0549810522379765,0.00136230519693699,mg chl per m3,123
01-Apr-2008 00:00,2008,4,0.0516356878450552,0.00195386332638537,Chl,0.0549509322793726,0.00133236442337793,mg chl per m3,124
01-May-2008 00:00,2008,5,0.0554838234489112,0.00530709430131956,Chl,0.0549208123207687,0.00130242364981888,mg chl per m3,125
01-Jun-2008 00:00,2008,6,0.056295925692356,0.00361009256322581,Chl,0.0548906923621648,0.00127248287625982,mg chl per m3,126
01-Jul-2008 00:00,2008,7,0.0527567266477004,-0.00430465154164519,Chl,0.0548605724035609,0.00124254210270077,mg chl per m3,127
01-Aug-2008 00:00,2008,8,0.0506374900449601,-0.00387589782563976,Chl,0.054830452444957,0.00121260132914172,mg chl per m3,128
01-Sep-2008 00:00,2008,9,0.0514478747329694,2.82984270987344e-5,Chl,0.0548003324863531,0.00118266055558266,mg chl per m3,129
01-Oct-2008 00:00,2008,10,0.0478527518757319,-0.00453373540879513,Chl,0.0547702125277492,0.00115271978202361,mg chl per m3,130
01-Nov-2008 00:00,2008,11,0.0491421416498906,-0.00345121386889612,Chl,0.0547400925691453,0.00112277900846455,mg chl per m3,131
01-Dec-2008 00:00,2008,12,0.0567321174177489,9.3957758722137e-4,Chl,0.0547099726105413,0.0010928382349055,mg chl per m3,132
01-Jan-2009 00:00,2009,1,0.0605071625660982,8.903527717834e-4,Chl,0.0546798526519374,0.00106289746134644,mg chl per m3,133
01-Feb-2009 00:00,2009,2,0.0620550665922896,0.00569673788160951,Chl,0.0546497326933335,0.00103295668778739,mg chl per m3,134
01-Mar-2009 00:00,2009,3,0.0541248183820691,0.00308393922412848,Chl,0.0546196127347296,0.00100301591422833,mg chl per m3,135
01-Apr-2009 00:00,2009,4,0.0517110599061355,0.00202923538746577,Chl,0.0545894927761257,9.7307514066927e-4,mg chl per m3,136
01-May-2009 00:00,2009,5,0.0576791370969322,0.00750240794934057,Chl,0.0545593728175218,9.4313436711022e-4,mg chl per m3,137
01-Jun-2009 00:00,2009,6,0.0538312987358456,0.00114546560671539,Chl,0.0545292528589179,9.1319359355116e-4,mg chl per m3,138
01-Jul-2009 00:00,2009,7,0.0533521581310356,-0.00370922005831,Chl,0.054499132900314,8.8325281999211e-4,mg chl per m3,139
01-Aug-2009 00:00,2009,8,0.0509440641027039,-0.00356932376789591,Chl,0.0544690129417101,8.5331204643305e-4,mg chl per m3,140
01-Sep-2009 00:00,2009,9,0.0516384869831769,2.1891067730628e-4,Chl,0.0544388929831062,8.23371272874e-4,mg chl per m3,141
01-Oct-2009 00:00,2009,10,0.0525876521021457,2.0116481761865e-4,Chl,0.0544087730245023,7.9343049931495e-4,mg chl per m3,142
01-Nov-2009 00:00,2009,11,0.0537879988934249,0.00119464337463822,Chl,0.0543786530658984,7.6348972575589e-4,mg chl per m3,143
01-Dec-2009 00:00,2009,12,0.0532012417535556,-0.00259129807697188,Chl,0.0543485331072945,7.3354895219684e-4,mg chl per m3,144
01-Jan-2010 00:00,2010,1,0.0635798252820116,0.0039630154876968,Chl,0.0543184131486906,7.0360817863778e-4,mg chl per m3,145
01-Feb-2010 00:00,2010,2,0.0587687837953075,0.00241045508462734,Chl,0.0542882931900866,6.7366740507873e-4,mg chl per m3,146
01-Mar-2010 00:00,2010,3,0.0483661683538706,-0.00267471080407003,Chl,0.0542581732314827,6.4372663151967e-4,mg chl per m3,147
01-Apr-2010 00:00,2010,4,0.0487490220803838,-9.3280243828595e-4,Chl,0.0542280532728788,6.1378585796062e-4,mg chl per m3,148
01-May-2010 00:00,2010,5,0.0494202244164228,-7.565047311689e-4,Chl,0.0541979333142749,5.8384508440156e-4,mg chl per m3,149
01-Jun-2010 00:00,2010,6,0.0543655062337779,0.00167967310464763,Chl,0.054167813355671,5.5390431084251e-4,mg chl per m3,150
01-Jul-2010 00:00,2010,7,0.0568037031818308,-2.5767500751475e-4,Chl,0.0541376933970671,5.2396353728345e-4,mg chl per m3,151
01-Aug-2010 00:00,2010,8,0.0559317742441923,0.00141838637359249,Chl,0.0541075734384632,4.940227637244e-4,mg chl per m3,152
01-Sep-2010 00:00,2010,9,0.0518772234369128,4.5764713104219e-4,Chl,0.0540774534798593,4.6408199016534e-4,mg chl per m3,153
01-Oct-2010 00:00,2010,10,0.052376713325799,-9.77395872810843e-6,Chl,0.0540473335212554,4.3414121660629e-4,mg chl per m3,154
01-Nov-2010 00:00,2010,11,0.0552683312307485,0.00267497571196174,Chl,0.0540172135626515,4.0420044304723e-4,mg chl per m3,155
01-Dec-2010 00:00,2010,12,0.0584417840285262,0.00264924419799871,Chl,0.0539870936040476,3.7425966948818e-4,mg chl per m3,156
01-Jan-2011 00:00,2011,1,0.0667177318817499,0.00710092208743501,Chl,0.0539569736454437,3.4431889592912e-4,mg chl per m3,157
01-Feb-2011 00:00,2011,2,0.0605860436824377,0.00422771497175754,Chl,0.0539268536868398,3.1437812237007e-4,mg chl per m3,158
01-Mar-2011 00:00,2011,3,0.0560730758721935,0.00503219671425288,Chl,0.0538967337282358,2.8443734881102e-4,mg chl per m3,159
01-Apr-2011 00:00,2011,4,0.0522872494099297,0.00260542489125992,Chl,0.0538666137696319,2.5449657525196e-4,mg chl per m3,160
01-May-2011 00:00,2011,5,0.0487928753791735,-0.00138385376841816,Chl,0.053836493811028,2.2455580169291e-4,mg chl per m3,161
01-Jun-2011 00:00,2011,6,0.0543929194426317,0.00170708631350149,Chl,0.0538063738524241,1.9461502813385e-4,mg chl per m3,162
01-Jul-2011 00:00,2011,7,0.066158977432087,0.00909759924274137,Chl,0.0537762538938202,1.646742545748e-4,mg chl per m3,163
01-Aug-2011 00:00,2011,8,0.068652104119088,0.0141387162484882,Chl,0.0537461339352163,1.3473348101574e-4,mg chl per m3,164
01-Sep-2011 00:00,2011,9,0.0584770738652664,0.00705749755939571,Chl,0.0537160139766124,1.0479270745669e-4,mg chl per m3,165
01-Oct-2011 00:00,2011,10,0.0490874165121312,-0.00329907077239584,Chl,0.0536858940180085,7.48519338976371e-5,mg chl per m3,166
01-Nov-2011 00:00,2011,11,0.0523619392719492,-2.3141624683748e-4,Chl,0.0536557740594046,4.49111603385826e-5,mg chl per m3,167
01-Dec-2011 00:00,2011,12,0.0520260016227611,-0.00376653820776642,Chl,0.0536256541008007,1.49703867795281e-5,mg chl per m3,168
01-Jan-2012 00:00,2012,1,0.0601922928990361,5.7548310472124e-4,Chl,0.0535955341421968,-1.49703867795272e-5,mg chl per m3,169
01-Feb-2012 00:00,2012,2,0.055995662147389,-3.6266656329113e-4,Chl,0.053565414183592903,-4.49111603385817e-5,mg chl per m3,170
01-Mar-2012 00:00,2012,3,0.0548429830855771,0.00380210392763643,Chl,0.053535294224989,-7.48519338976362e-5,mg chl per m3,171
01-Apr-2012 00:00,2012,4,0.0512460480114752,0.00156422349280546,Chl,0.053505174266385,-1.0479270745669e-4,mg chl per m3,172
01-May-2012 00:00,2012,5,0.0498625949546221,-3.1413419296956e-4,Chl,0.0534750543077811,-1.3473348101574e-4,mg chl per m3,173
01-Jun-2012 00:00,2012,6,0.0500399506208645,-0.00264588250826574,Chl,0.0534449343491772,-1.646742545748e-4,mg chl per m3,174
01-Jul-2012 00:00,2012,7,0.0511493518770521,-0.00591202631229345,Chl,0.0534148143905733,-1.9461502813385e-4,mg chl per m3,175
01-Aug-2012 00:00,2012,8,0.0518436206910388,-0.00266976717956108,Chl,0.0533846944319694,-2.2455580169291e-4,mg chl per m3,176
01-Sep-2012 00:00,2012,9,0.047472412530837,-0.0039471637750336,Chl,0.0533545744733655,-2.5449657525196e-4,mg chl per m3,177
01-Oct-2012 00:00,2012,10,0.0504955184243649,-0.00189096886016221,Chl,0.0533244545147616,-2.8443734881101e-4,mg chl per m3,178
01-Nov-2012 00:00,2012,11,0.0496535519415225,-0.00293980357726426,Chl,0.0532943345561577,-3.1437812237007e-4,mg chl per m3,179
01-Dec-2012 00:00,2012,12,0.0537779566261618,-0.0020145832043657,Chl,0.0532642145975538,-3.4431889592912e-4,mg chl per m3,180
01-Jan-2013 00:00,2013,1,0.0607806813689165,0.0011638715746017,Chl,0.0532340946389499,-3.7425966948818e-4,mg chl per m3,181
01-Feb-2013 00:00,2013,2,0.0565580179684865,1.9968925780634e-4,Chl,0.053203974680346,-4.0420044304723e-4,mg chl per m3,182
01-Mar-2013 00:00,2013,3,0.0492522449387038,-0.00178863421923683,Chl,0.0531738547217421,-4.3414121660629e-4,mg chl per m3,183
01-Apr-2013 00:00,2013,4,0.0467497593336193,-0.00293206518505049,Chl,0.0531437347631382,-4.6408199016534e-4,mg chl per m3,184
01-May-2013 00:00,2013,5,0.0469843142736245,-0.00319241487396715,Chl,0.0531136148045342,-4.940227637244e-4,mg chl per m3,185
01-Jun-2013 00:00,2013,6,0.0500659110913494,-0.00261992203778083,Chl,0.0530834948459303,-5.2396353728345e-4,mg chl per m3,186
01-Jul-2013 00:00,2013,7,0.0493733959704078,-0.00768798221893782,Chl,0.0530533748873264,-5.5390431084251e-4,mg chl per m3,187
01-Aug-2013 00:00,2013,8,0.0480047697570376,-0.00650861811356224,Chl,0.0530232549287225,-5.8384508440156e-4,mg chl per m3,188
01-Sep-2013 00:00,2013,9,0.0498155385654939,-0.0016040377403767,Chl,0.0529931349701186,-6.1378585796062e-4,mg chl per m3,189
01-Oct-2013 00:00,2013,10,0.0573373583524724,0.00495087106794537,Chl,0.0529630150115147,-6.4372663151967e-4,mg chl per m3,190
01-Nov-2013 00:00,2013,11,0.0523430821398173,-2.5027337896942e-4,Chl,0.0529328950529108,-6.7366740507873e-4,mg chl per m3,191
01-Dec-2013 00:00,2013,12,0.0580188040363809,0.00222626420585339,Chl,0.0529027750943069,-7.0360817863778e-4,mg chl per m3,192
01-Jan-2014 00:00,2014,1,0.063475196346734,0.0038583865524191,Chl,0.052872655135703,-7.3354895219683e-4,mg chl per m3,193
01-Feb-2014 00:00,2014,2,0.0586329357516777,0.00227460704099754,Chl,0.0528425351770991,-7.6348972575589e-4,mg chl per m3,194
01-Mar-2014 00:00,2014,3,0.0514648049447457,4.2392578680503e-4,Chl,0.0528124152184952,-7.9343049931494e-4,mg chl per m3,195
01-Apr-2014 00:00,2014,4,0.045830663994801,-0.00385116052386874,Chl,0.0527822952598913,-8.23371272874e-4,mg chl per m3,196
01-May-2014 00:00,2014,5,0.0442257161801512,-0.00595101296744042,Chl,0.0527521753012874,-8.5331204643305e-4,mg chl per m3,197
01-Jun-2014 00:00,2014,6,0.0477469928269189,-0.00493884030221135,Chl,0.0527220553426834,-8.8325281999211e-4,mg chl per m3,198
01-Jul-2014 00:00,2014,7,0.0526400396508365,-0.00442133853850911,Chl,0.0526919353840795,-9.1319359355116e-4,mg chl per m3,199
01-Aug-2014 00:00,2014,8,0.0476544155569727,-0.00685897231362718,Chl,0.0526618154254756,-9.4313436711022e-4,mg chl per m3,200
01-Sep-2014 00:00,2014,9,0.0476287194825014,-0.00379085682336924,Chl,0.0526316954668717,-9.7307514066927e-4,mg chl per m3,201
01-Oct-2014 00:00,2014,10,0.0476976253265722,-0.00468886195795491,Chl,0.0526015755082678,-0.00100301591422833,mg chl per m3,202
01-Nov-2014 00:00,2014,11,0.0490246720407739,-0.0035686834780128,Chl,0.0525714555496639,-0.00103295668778739,mg chl per m3,203
01-Dec-2014 00:00,2014,12,0.0514561974837219,-0.00433634234680565,Chl,0.05254133559106,-0.00106289746134644,mg chl per m3,204
01-Jan-2015 00:00,2015,1,0.057912303994892,-0.00170450579942279,Chl,0.0525112156324561,-0.0010928382349055,mg chl per m3,205
01-Feb-2015 00:00,2015,2,0.0585467742475426,0.00218844553686248,Chl,0.0524810956738522,-0.00112277900846455,mg chl per m3,206
01-Mar-2015 00:00,2015,3,0.0500037492792537,-0.00103712987868698,Chl,0.0524509757152483,-0.00115271978202361,mg chl per m3,207
01-Apr-2015 00:00,2015,4,0.0453722574873564,-0.00430956703131338,Chl,0.0524208557566444,-0.00118266055558266,mg chl per m3,208
01-May-2015 00:00,2015,5,0.0466107485414172,-0.00356598060617451,Chl,0.0523907357980405,-0.00121260132914171,mg chl per m3,209
01-Jun-2015 00:00,2015,6,0.0458209932250498,-0.00686483990408041,Chl,0.0523606158394366,-0.00124254210270077,mg chl per m3,210
01-Jul-2015 00:00,2015,7,0.0497598881865008,-0.00730149000284477,Chl,0.0523304958808326,-0.00127248287625982,mg chl per m3,211
01-Aug-2015 00:00,2015,8,0.0502109143267139,-0.00430247354388593,Chl,0.0523003759222287,-0.00130242364981888,mg chl per m3,212
01-Sep-2015 00:00,2015,9,0.0496324963167861,-0.00178707998908455,Chl,0.0522702559636248,-0.00133236442337793,mg chl per m3,213
01-Oct-2015 00:00,2015,10,0.0582317240746394,0.00584523679011236,Chl,0.0522401360050209,-0.00136230519693699,mg chl per m3,214
01-Nov-2015 00:00,2015,11,0.0558625682299827,0.00326921271119598,Chl,0.052210016046417,-0.00139224597049604,mg chl per m3,215
01-Dec-2015 00:00,2015,12,0.0576343540379358,0.0018418142074083,Chl,0.0521798960878131,-0.0014221867440551,mg chl per m3,216
01-Jan-2016 00:00,2016,1,0.051570260040218,-0.0080465497540968,Chl,0.0521497761292092,-0.00145212751761415,mg chl per m3,217
01-Feb-2016 00:00,2016,2,0.0492546049746735,-0.00710372373600668,Chl,0.0521196561706053,-0.00148206829117321,mg chl per m3,218
01-Mar-2016 00:00,2016,3,0.0443811535467601,-0.00665972561118054,Chl,0.0520895362120014,-0.00151200906473226,mg chl per m3,219
01-Apr-2016 00:00,2016,4,0.0436921719261602,-0.00598965259250959,Chl,0.0520594162533975,-0.00154194983829132,mg chl per m3,220
01-May-2016 00:00,2016,5,0.0444596732480165,-0.00571705589957518,Chl,0.0520292962947936,-0.00157189061185037,mg chl per m3,221
01-Jun-2016 00:00,2016,6,0.0480433582931563,-0.00464247483597396,Chl,0.0519991763361897,-0.00160183138540943,mg chl per m3,222
01-Jul-2016 00:00,2016,7,0.0488257685780935,-0.00823560961125207,Chl,0.0519690563775858,-0.00163177215896848,mg chl per m3,223
01-Aug-2016 00:00,2016,8,0.050434602238658,-0.00407878563194183,Chl,0.0519389364189818,-0.00166171293252753,mg chl per m3,224
01-Sep-2016 00:00,2016,9,0.0502512700032077,-0.00116830630266295,Chl,0.0519088164603779,-0.00169165370608659,mg chl per m3,225
01-Oct-2016 00:00,2016,10,0.0485972743815843,-0.00378921290294276,Chl,0.051878696501774,-0.00172159447964564,mg chl per m3,226
01-Nov-2016 00:00,2016,11,0.0543028452585809,0.00170948973979421,Chl,0.0518485765431701,-0.0017515352532047,mg chl per m3,227
01-Dec-2016 00:00,2016,12,0.0540419542594203,-0.00175058557110721,Chl,0.0518184565845662,-0.00178147602676375,mg chl per m3,228
01-Jan-2017 00:00,2017,1,0.057528759561027,-0.00208805023328781,Chl,0.0517883366259623,-0.00181141680032281,mg chl per m3,229
01-Feb-2017 00:00,2017,2,0.0563404896008303,-1.78391098497946e-5,Chl,0.0517582166673584,-0.00184135757388186,mg chl per m3,230
01-Mar-2017 00:00,2017,3,0.0484639642579151,-0.00257691490002552,Chl,0.0517280967087545,-0.00187129834744092,mg chl per m3,231
01-Apr-2017 00:00,2017,4,0.0444925910705397,-0.0051892334481301,Chl,0.0516979767501506,-0.00190123912099997,mg chl per m3,232
01-May-2017 00:00,2017,5,0.0456646099628835,-0.0045121191847082,Chl,0.0516678567915467,-0.00193117989455903,mg chl per m3,233
01-Jun-2017 00:00,2017,6,0.0511090476687263,-0.00157678546040393,Chl,0.0516377368329428,-0.00196112066811808,mg chl per m3,234
01-Jul-2017 00:00,2017,7,0.0498732125978252,-0.00718816559152038,Chl,0.0516076168743389,-0.00199106144167714,mg chl per m3,235
01-Aug-2017 00:00,2017,8,0.0475411776440897,-0.00697221022651016,Chl,0.051577496915735,-0.00202100221523619,mg chl per m3,236
01-Sep-2017 00:00,2017,9,0.0466406578199501,-0.00477891848592057,Chl,0.051547376957131,-0.00205094298879525,mg chl per m3,237
01-Oct-2017 00:00,2017,10,0.0475848454936427,-0.00480164179088435,Chl,0.0515172569985271,-0.0020808837623543,mg chl per m3,238
01-Nov-2017 00:00,2017,11,0.0441269653219083,-0.00846639019687843,Chl,0.0514871370399232,-0.00211082453591336,mg chl per m3,239
01-Dec-2017 00:00,2017,12,0.0524184850460312,-0.00337405478449634,Chl,0.0514570170813193,-0.00214076530947241,mg chl per m3,240
01-Jan-2018 00:00,2018,1,0.0570931442993769,-0.00252366549493791,Chl,0.0514268971227154,-0.00217070608303146,mg chl per m3,241
01-Feb-2018 00:00,2018,2,0.0547840135128856,-0.0015743151977945,Chl,0.0513967771641115,-0.00220064685659052,mg chl per m3,242
01-Mar-2018 00:00,2018,3,0.049000853256317,-0.00204002590162364,Chl,0.0513666572055076,-0.00223058763014957,mg chl per m3,243
01-Apr-2018 00:00,2018,4,0.0483653459794582,-0.00131647853921157,Chl,0.0513365372469037,-0.00226052840370863,mg chl per m3,244
01-May-2018 00:00,2018,5,0.0479322518164568,-0.00224447733113488,Chl,0.0513064172882998,-0.00229046917726768,mg chl per m3,245
01-Jun-2018 00:00,2018,6,0.0512169710818769,-0.00146886204725337,Chl,0.0512762973296959,-0.00232040995082674,mg chl per m3,246
01-Jul-2018 00:00,2018,7,0.0501068675710995,-0.00695451061824608,Chl,0.051246177371092,-0.00235035072438579,mg chl per m3,247
01-Aug-2018 00:00,2018,8,0.0521388145541734,-0.00237457331642648,Chl,0.0512160574124881,-0.00238029149794485,mg chl per m3,248
01-Sep-2018 00:00,2018,9,0.0517401902264651,3.2061392059448e-4,Chl,0.0511859374538842,-0.0024102322715039,mg chl per m3,249
01-Oct-2018 00:00,2018,10,0.0520929798571988,-2.9350742732824e-4,Chl,0.0511558174952802,-0.00244017304506296,mg chl per m3,250
01-Nov-2018 00:00,2018,11,0.0490949552251477,-0.003498400293639,Chl,0.0511256975366763,-0.00247011381862201,mg chl per m3,251
01-Dec-2018 00:00,2018,12,0.050383865143625,-0.00540867468690247,Chl,0.0510955775780724,-0.00250005459218107,mg chl per m3,252
01-Jan-2019 00:00,2019,1,0.0577092537177381,-0.00190755607657669,Chl,0.0510654576194685,-0.00252999536574012,mg chl per m3,253
01-Feb-2019 00:00,2019,2,0.0524612895061466,-0.00389703920453349,Chl,0.0510353376608646,-0.00255993613929918,mg chl per m3,254
01-Mar-2019 00:00,2019,3,0.0438486638104926,-0.00719221534744804,Chl,0.0510052177022607,-0.00258987691285823,mg chl per m3,255
01-Apr-2019 00:00,2019,4,0.0452465033649728,-0.00443532115369696,Chl,0.0509750977436568,-0.00261981768641728,mg chl per m3,256
01-May-2019 00:00,2019,5,0.043791514481695,-0.00638521466589662,Chl,0.0509449777850529,-0.00264975845997634,mg chl per m3,257
01-Jun-2019 00:00,2019,6,0.0461670529535924,-0.00651878017553786,Chl,0.050914857826449,-0.00267969923353539,mg chl per m3,258
01-Jul-2019 00:00,2019,7,0.0470051298587846,-0.010056248330561,Chl,0.0508847378678451,-0.00270964000709445,mg chl per m3,259
01-Aug-2019 00:00,2019,8,0.0470889170979131,-0.00742447077268676,Chl,0.0508546179092412,-0.0027395807806535,mg chl per m3,260
01-Sep-2019 00:00,2019,9,0.0492640586127343,-0.00215551769313631,Chl,0.0508244979506373,-0.00276952155421256,mg chl per m3,261
01-Oct-2019 00:00,2019,10,0.0547116202982915,0.00232513301376446,Chl,0.0507943779920334,-0.00279946232777161,mg chl per m3,262
01-Nov-2019 00:00,2019,11,0.0519920972957362,-6.0125822305057e-4,Chl,0.0507642580334294,-0.00282940310133067,mg chl per m3,263
01-Dec-2019 00:00,2019,12,0.0598316950234282,0.00403915519290071,Chl,0.0507341380748255,-0.00285934387488972,mg chl per m3,264
01-Jan-2020 00:00,2020,1,0.0570646699072717,-0.00255213988704314,Chl,0.0507040181162216,-0.00288928464844878,mg chl per m3,265
01-Feb-2020 00:00,2020,2,0.051505511297005,-0.00485281741367512,Chl,0.0506738981576177,-0.00291922542200783,mg chl per m3,266
01-Mar-2020 00:00,2020,3,0.0434424748873362,-0.00759840427060442,Chl,0.0506437781990138,-0.00294916619556689,mg chl per m3,267
01-Apr-2020 00:00,2020,4,0.0430018799120164,-0.00667994460665338,Chl,0.0506136582404099,-0.00297910696912594,mg chl per m3,268
01-May-2020 00:00,2020,5,0.0433931712349454,-0.0067835579126463,Chl,0.050583538281806,-0.003009047742685,mg chl per m3,269
01-Jun-2020 00:00,2020,6,0.0454884336347186,-0.00719739949441167,Chl,0.0505534183232021,-0.00303898851624405,mg chl per m3,270
01-Jul-2020 00:00,2020,7,0.046537132069757,-0.0105242461195886,Chl,0.0505232983645982,-0.00306892928980311,mg chl per m3,271
01-Aug-2020 00:00,2020,8,0.0436410397747344,-0.0108723480958654,Chl,0.0504931784059943,-0.00309887006336216,mg chl per m3,272
01-Sep-2020 00:00,2020,9,0.043479927822528,-0.00793964848334264,Chl,0.0504630584473904,-0.00312881083692121,mg chl per m3,273
01-Oct-2020 00:00,2020,10,0.0454784969106953,-0.00690799037383181,Chl,0.0504329384887865,-0.00315875161048027,mg chl per m3,274
01-Nov-2020 00:00,2020,11,0.0454663092194344,-0.00712704629935235,Chl,0.0504028185301826,-0.00318869238403932,mg chl per m3,275
01-Dec-2020 00:00,2020,12,0.0510153919074729,-0.0047771479230546,Chl,0.0503726985715786,-0.00321863315759838,mg chl per m3,276
01-Jan-2021 00:00,2021,1,0.0511361921262162,-0.00848061766809861,Chl,0.0503425786129747,-0.00324857393115743,mg chl per m3,277
01-Feb-2021 00:00,2021,2,0.0501292340098899,-0.00622909470079027,Chl,0.0503124586543708,-0.00327851470471649,mg chl per m3,278
01-Mar-2021 00:00,2021,3,0.0457379900957129,-0.00530288906222773,Chl,0.0502823386957669,-0.00330845547827554,mg chl per m3,279
01-Apr-2021 00:00,2021,4,0.046521316492081403,-0.00316050802658842,Chl,0.050252218737163,-0.0033383962518346,mg chl per m3,280
01-May-2021 00:00,2021,5,0.0464669833270908,-0.00370974582050086,Chl,0.0502220987785591,-0.00336833702539365,mg chl per m3,281
01-Jun-2021 00:00,2021,6,0.0494001779499337,-0.0032856551791965,Chl,0.0501919788199552,-0.00339827779895271,mg chl per m3,282
01-Jul-2021 00:00,2021,7,0.0491042481097743,-0.00795713007957132,Chl,0.0501618588613513,-0.00342821857251176,mg chl per m3,283
01-Aug-2021 00:00,2021,8,0.0530167578324462,-0.00149663003815366,Chl,0.0501317389027474,-0.00345815934607082,mg chl per m3,284
01-Sep-2021 00:00,2021,9,0.0525184480904849,0.00109887178461428,Chl,0.0501016189441435,-0.00348810011962987,mg chl per m3,285
01-Oct-2021 00:00,2021,10,0.0506744104418525,-0.0017120768426746,Chl,0.0500714989855396,-0.00351804089318893,mg chl per m3,286
01-Nov-2021 00:00,2021,11,0.0504687973043652,-0.00212455821442149,Chl,0.0500413790269357,-0.00354798166674798,mg chl per m3,287
01-Dec-2021 00:00,2021,12,0.0570242708357978,0.00123173100527026,Chl,0.0500112590683318,-0.00357792244030704,mg chl per m3,288
01-Jan-2022 00:00,2022,1,0.066412177009812,0.00679536721549714,Chl,0.0499811391097278,-0.00360786321386609,mg chl per m3,289
01-Feb-2022 00:00,2022,2,0.0570757733530654,7.1744464238521e-4,Chl,0.0499510191511239,-0.00363780398742514,mg chl per m3,290
01-Mar-2022 00:00,2022,3,0.0458624084485338,-0.00517847070940687,Chl,0.04992089919252,-0.0036677447609842,mg chl per m3,291
01-Apr-2022 00:00,2022,4,0.0439770630716828,-0.005704761446987,Chl,0.0498907792339161,-0.00369768553454325,mg chl per m3,292
01-May-2022 00:00,2022,5,0.0477809617876458,-0.00239576735994582,Chl,0.0498606592753122,-0.00372762630810231,mg chl per m3,293
01-Jun-2022 00:00,2022,6,0.0537453863426312,0.00105955321350094,Chl,0.0498305393167083,-0.00375756708166136,mg chl per m3,294
01-Jul-2022 00:00,2022,7,0.0791532173378728,0.0220918391485272,Chl,0.0498004193581044,-0.00378750785522042,mg chl per m3,295
01-Aug-2022 00:00,2022,8,0.0576675056646298,0.00315411779402996,Chl,0.0497702993995005,-0.00381744862877947,mg chl per m3,296
01-Sep-2022 00:00,2022,9,0.0477557271842901,-0.00366384912158055,Chl,0.0497401794408966,-0.00384738940233853,mg chl per m3,297
01-Oct-2022 00:00,2022,10,0.0464914417668247,-0.00589504551770237,Chl,0.0497100594822927,-0.00387733017589758,mg chl per m3,298
01-Nov-2022 00:00,2022,11,0.0467285790462817,-0.00586477647250502,Chl,0.0496799395236888,-0.00390727094945664,mg chl per m3,299
01-Dec-2022 00:00,2022,12,0.0538167247494744,-0.0019758150810531,Chl,0.0496498195650849,-0.00393721172301569,mg chl per m3,300
01-Jan-2023 00:00,2023,1,0.0564119539593277,-0.00320485583498715,Chl,0.049619699606481,-0.00396715249657475,mg chl per m3,301
01-Feb-2023 00:00,2023,2,0.0519725866930303,-0.00438574201764983,Chl,0.049589579647877,-0.0039970932701338,mg chl per m3,302
01-Mar-2023 00:00,2023,3,0.0482467236432576,-0.00279415551468305,Chl,0.0495594596892731,-0.00402703404369286,mg chl per m3,303
01-Apr-2023 00:00,2023,4,0.0470852477825877,-0.00259657673608207,Chl,0.0495293397306692,-0.00405697481725191,mg chl per m3,304
01-May-2023 00:00,2023,5,0.0480746437310352,-0.00210208541655643,Chl,0.0494992197720653,-0.00408691559081097,mg chl per m3,305
01-Jun-2023 00:00,2023,6,0.0501902925899687,-0.00249554053916158,Chl,0.0494690998134614,-0.00411685636437002,mg chl per m3,306
01-Jul-2023 00:00,2023,7,0.0525560941611953,-0.00450528402815031,Chl,0.0494389798548575,-0.00414679713792907,mg chl per m3,307
01-Aug-2023 00:00,2023,8,0.0549649509791952,4.5156310859536e-4,Chl,0.0494088598962536,-0.00417673791148813,mg chl per m3,308
01-Sep-2023 00:00,2023,9,0.0507762733509625,-6.4330295490815e-4,Chl,0.0493787399376497,-0.00420667868504718,mg chl per m3,309
01-Oct-2023 00:00,2023,10,0.0515859542564256,-8.0053302810145e-4,Chl,0.0493486199790458,-0.00423661945860624,mg chl per m3,310
01-Nov-2023 00:00,2023,11,0.0516459003366018,-9.4745518218492e-4,Chl,0.0493185000204419,-0.00426656023216529,mg chl per m3,311
01-Dec-2023 00:00,2023,12,0.0498003609616825,-0.00599217886884498,Chl,0.049288380061838,-0.00429650100572435,mg chl per m3,312
01-Jan-2024 00:00,2024,1,0.055028022957458,-0.00458878683685683,Chl,0.0492582601032341,-0.0043264417792834,mg chl per m3,313
01-Feb-2024 00:00,2024,2,0.0545384160905246,-0.00181991262015551,Chl,0.0492281401446302,-0.00435638255284246,mg chl per m3,314
01-Mar-2024 00:00,2024,3,0.0484030496194533,-0.00263782953848736,Chl,0.0491980201860262,-0.00438632332640151,mg chl per m3,315
01-Apr-2024 00:00,2024,4,0.046096547191305,-0.00358527732736475,Chl,0.0491679002274223,-0.00441626409996057,mg chl per m3,316
01-May-2024 00:00,2024,5,0.0503858215325475,2.0909238495581e-4,Chl,0.0491377802688184,-0.00444620487351962,mg chl per m3,317
01-Jun-2024 00:00,2024,6,0.0483905501233085,-0.00429528300582172,Chl,0.0491076603102145,-0.00447614564707868,mg chl per m3,318
01-Jul-2024 00:00,2024,7,0.0545361100360819,-0.00252526815326371,Chl,0.0490775403516106,-0.00450608642063773,mg chl per m3,319
01-Aug-2024 00:00,2024,8,0.0472538985501534,-0.00725948932044644,Chl,0.0490474203930067,-0.00453602719419679,mg chl per m3,320
01-Sep-2024 00:00,2024,9,0.0467824825316607,-0.00463709377420992,Chl,0.0490173004344028,-0.00456596796775584,mg chl per m3,321
01-Oct-2024 00:00,2024,10,0.0473989199299527,-0.00498756735457435,Chl,0.0489871804757989,-0.0045959087413149,mg chl per m3,322
01-Nov-2024 00:00,2024,11,0.0469470615735755,-0.00564629394521124,Chl,0.048957060517195,-0.00462584951487395,mg chl per m3,323
01-Dec-2024 00:00,2024,12,0.0527058245350366,-0.00308671529549088,Chl,0.0489269405585911,-0.004655790288433,mg chl per m3,324
01-Jan-2025 00:00,2025,1,0.0501587626325695,-0.00945804716174539,Chl,0.0488968205999872,-0.00468573106199206,mg chl per m3,325
01-Feb-2025 00:00,2025,2,0.0544298334215322,-0.00192849528914793,Chl,0.0488667006413833,-0.00471567183555111,mg chl per m3,326
01-Mar-2025 00:00,2025,3,0.0456345931799249,-0.00540628597801572,Chl,0.0488365806827794,-0.00474561260911017,mg chl per m3,327
01-Apr-2025 00:00,2025,4,0.0456592169292707,-0.00402260758939905,Chl,0.0488064607241755,-0.00477555338266922,mg chl per m3,328
01-May-2025 00:00,2025,5,0.0453528818445947,-0.00482384730299701,Chl,0.0487763407655715,-0.00480549415622828,mg chl per m3,329
01-Jun-2025 00:00,2025,6,0.0515808570516718,-0.00110497607745848,Chl,0.0487462208069676,-0.00483543492978733,mg chl per m3,330
01-Jul-2025 00:00,2025,7,0.0485989767749486,-0.00846240141439694,Chl,0.0487161008483637,-0.00486537570334639,mg chl per m3,331
01-Aug-2025 00:00,2025,8,0.0515810837963469,-0.00293230407425289,Chl,0.0486859808897598,-0.00489531647690544,mg chl per m3,332
01-Sep-2025 00:00,2025,9,0.0470968637193526,-0.00432271258651802,Chl,0.0486558609311559,-0.0049252572504645,mg chl per m3,333
01-Oct-2025 00:00,2025,10,0.0492701131495398,-0.00311637413498724,Chl,0.048625740972552,-0.00495519802402355,mg chl per m3,334
01-Nov-2025 00:00,2025,11,0.0470784178069603,-0.00551493771182641,Chl,0.0485956210139481,-0.0049851387975826,mg chl per m3,335
01-Dec-2025 00:00,2025,12,0.0568796314056364,0.00108709157510892,Chl,0.0485655010553442,-0.00501507957114166,mg chl per m3,336
01-Jan-1979 00:00,1979,1,2.4755859375,0.298204787234043,Rainfall,4.35881062496077,0.0942616885944264,mm per day,1
01-Feb-1979 00:00,1979,2,0.9892578125,-0.284242021276596,Rainfall,4.35869599543932,0.0939268335727766,mm per day,2
01-Mar-1979 00:00,1979,3,1.677734375,0.666950631648936,Rainfall,4.35858136591787,0.0935919785511268,mm per day,3
01-Apr-1979 00:00,1979,4,1.2392578125,-0.211207613031915,Rainfall,4.35846673639641,0.093257123529477,mm per day,4
01-May-1979 00:00,1979,5,1.91015625,-0.0646609042553192,Rainfall,4.35835210687496,0.0929222685078271,mm per day,5
01-Jun-1979 00:00,1979,6,3.5869140625,0.54774767287234,Rainfall,4.35823747735351,0.0925874134861773,mm per day,6
01-Jul-1979 00:00,1979,7,6.8095703125,-0.539291057180851,Rainfall,4.35812284783206,0.0922525584645275,mm per day,7
01-Aug-1979 00:00,1979,8,9.1806640625,-1.74220827792553,Rainfall,4.35800821831061,0.0919177034428776,mm per day,8
01-Sep-1979 00:00,1979,9,6.810546875,-2.50455036569149,Rainfall,4.35789358878915,0.0915828484212278,mm per day,9
01-Oct-1979 00:00,1979,10,11.1220703125,4.20962849069149,Rainfall,4.3577789592677,0.091247993399578,mm per day,10
01-Nov-1979 00:00,1979,11,3.2236328125,-0.623877992021277,Rainfall,4.35766432974625,0.0909131383779282,mm per day,11
01-Dec-1979 00:00,1979,12,3.162109375,0.51649767287234,Rainfall,4.3575497002248,0.0905782833562783,mm per day,12
01-Jan-1980 00:00,1980,1,1.7958984375,-0.381482712765957,Rainfall,4.35743507070335,0.0902434283346285,mm per day,13
01-Feb-1980 00:00,1980,2,3.1025390625,1.8290392287234,Rainfall,4.35732044118189,0.0899085733129787,mm per day,14
01-Mar-1980 00:00,1980,3,0.5400390625,-0.470744680851064,Rainfall,4.35720581166044,0.0895737182913288,mm per day,15
01-Apr-1980 00:00,1980,4,0.9736328125,-0.476832613031915,Rainfall,4.35709118213899,0.089238863269679,mm per day,16
01-May-1980 00:00,1980,5,3.53125,1.55643284574468,Rainfall,4.35697655261754,0.0889040082480292,mm per day,17
01-Jun-1980 00:00,1980,6,2.107421875,-0.93174451462766,Rainfall,4.35686192309608,0.0885691532263794,mm per day,18
01-Jul-1980 00:00,1980,7,5.072265625,-2.27659574468085,Rainfall,4.35674729357463,0.0882342982047295,mm per day,19
01-Aug-1980 00:00,1980,8,5.515625,-5.40724734042553,Rainfall,4.35663266405318,0.0878994431830797,mm per day,20
01-Sep-1980 00:00,1980,9,16.427734375,7.11263713430851,Rainfall,4.35651803453173,0.0875645881614299,mm per day,21
01-Oct-1980 00:00,1980,10,7.3369140625,0.42447224069149,Rainfall,4.35640340501028,0.08722973313978,mm per day,22
01-Nov-1980 00:00,1980,11,5.1923828125,1.34487200797872,Rainfall,4.35628877548882,0.0868948781181302,mm per day,23
01-Dec-1980 00:00,1980,12,4.4296875,1.78407579787234,Rainfall,4.35617414596737,0.0865600230964804,mm per day,24
01-Jan-1981 00:00,1981,1,5.259765625,3.08238447473404,Rainfall,4.35605951644592,0.0862251680748306,mm per day,25
01-Feb-1981 00:00,1981,2,0.52734375,-0.746156083776596,Rainfall,4.35594488692447,0.0858903130531807,mm per day,26
01-Mar-1981 00:00,1981,3,0.9072265625,-0.103557180851064,Rainfall,4.35583025740301,0.0855554580315309,mm per day,27
01-Apr-1981 00:00,1981,4,1.580078125,0.129612699468085,Rainfall,4.35571562788156,0.0852206030098811,mm per day,28
01-May-1981 00:00,1981,5,1.287109375,-0.687707779255319,Rainfall,4.35560099836011,0.0848857479882313,mm per day,29
01-Jun-1981 00:00,1981,6,2.5732421875,-0.46592420212766,Rainfall,4.35548636883866,0.0845508929665814,mm per day,30
01-Jul-1981 00:00,1981,7,9,1.65113863031915,Rainfall,4.35537173931721,0.0842160379449316,mm per day,31
01-Aug-1981 00:00,1981,8,17.1982421875,6.27536984707447,Rainfall,4.35525710979575,0.0838811829232818,mm per day,32
01-Sep-1981 00:00,1981,9,5.5712890625,-3.74380817819149,Rainfall,4.3551424802743,0.0835463279016319,mm per day,33
01-Oct-1981 00:00,1981,10,4.94921875,-1.96322307180851,Rainfall,4.35502785075285,0.0832114728799821,mm per day,34
01-Nov-1981 00:00,1981,11,6.1103515625,2.26284075797872,Rainfall,4.3549132212314,0.0828766178583323,mm per day,35
01-Dec-1981 00:00,1981,12,5.3720703125,2.72645861037234,Rainfall,4.35479859170994,0.0825417628366825,mm per day,36
01-Jan-1982 00:00,1982,1,3.84375,1.66636884973404,Rainfall,4.35468396218849,0.0822069078150326,mm per day,37
01-Feb-1982 00:00,1982,2,2.1103515625,0.836851728723404,Rainfall,4.35456933266704,0.0818720527933828,mm per day,38
01-Mar-1982 00:00,1982,3,0.5537109375,-0.457072805851064,Rainfall,4.35445470314559,0.081537197771733,mm per day,39
01-Apr-1982 00:00,1982,4,1.150390625,-0.300074800531915,Rainfall,4.35434007362414,0.0812023427500831,mm per day,40
01-May-1982 00:00,1982,5,1.8740234375,-0.100793716755319,Rainfall,4.35422544410268,0.0808674877284333,mm per day,41
01-Jun-1982 00:00,1982,6,4.5615234375,1.52235704787234,Rainfall,4.35411081458123,0.0805326327067835,mm per day,42
01-Jul-1982 00:00,1982,7,6.3203125,-1.02854886968085,Rainfall,4.35399618505978,0.0801977776851337,mm per day,43
01-Aug-1982 00:00,1982,8,5.4482421875,-5.47463015292553,Rainfall,4.35388155553833,0.0798629226634838,mm per day,44
01-Sep-1982 00:00,1982,9,7.71875,-1.59634724069149,Rainfall,4.35376692601687,0.079528067641834,mm per day,45
01-Oct-1982 00:00,1982,10,10.78515625,3.87271442819149,Rainfall,4.35365229649542,0.0791932126201842,mm per day,46
01-Nov-1982 00:00,1982,11,2.7099609375,-1.13754986702128,Rainfall,4.35353766697397,0.0788583575985344,mm per day,47
01-Dec-1982 00:00,1982,12,1.8857421875,-0.75986951462766,Rainfall,4.35342303745252,0.0785235025768845,mm per day,48
01-Jan-1983 00:00,1983,1,1.2841796875,-0.893201462765957,Rainfall,4.35330840793107,0.0781886475552347,mm per day,49
01-Feb-1983 00:00,1983,2,0.5224609375,-0.751038896276596,Rainfall,4.35319377840961,0.0778537925335849,mm per day,50
01-Mar-1983 00:00,1983,3,0.5107421875,-0.500041555851064,Rainfall,4.35307914888816,0.077518937511935,mm per day,51
01-Apr-1983 00:00,1983,4,0.6376953125,-0.812770113031915,Rainfall,4.35296451936671,0.0771840824902852,mm per day,52
01-May-1983 00:00,1983,5,0.7119140625,-1.26290309175532,Rainfall,4.35284988984526,0.0768492274686354,mm per day,53
01-Jun-1983 00:00,1983,6,0.85546875,-2.18369763962766,Rainfall,4.3527352603238,0.0765143724469856,mm per day,54
01-Jul-1983 00:00,1983,7,2.7685546875,-4.58030668218085,Rainfall,4.35262063080235,0.0761795174253357,mm per day,55
01-Aug-1983 00:00,1983,8,15.884765625,4.96189328457447,Rainfall,4.3525060012809,0.0758446624036859,mm per day,56
01-Sep-1983 00:00,1983,9,3.734375,-5.58072224069149,Rainfall,4.35239137175945,0.0755098073820361,mm per day,57
01-Oct-1983 00:00,1983,10,7.4560546875,0.54361286569149,Rainfall,4.352276742238,0.0751749523603862,mm per day,58
01-Nov-1983 00:00,1983,11,6.8740234375,3.02651263297872,Rainfall,4.35216211271654,0.0748400973387364,mm per day,59
01-Dec-1983 00:00,1983,12,4.068359375,1.42274767287234,Rainfall,4.35204748319509,0.0745052423170866,mm per day,60
01-Jan-1984 00:00,1984,1,3.5009765625,1.32359541223404,Rainfall,4.35193285367364,0.0741703872954368,mm per day,61
01-Feb-1984 00:00,1984,2,0.9697265625,-0.303773271276596,Rainfall,4.35181822415219,0.0738355322737869,mm per day,62
01-Mar-1984 00:00,1984,3,1.2724609375,0.261677194148936,Rainfall,4.35170359463074,0.0735006772521371,mm per day,63
01-Apr-1984 00:00,1984,4,1.349609375,-0.100856050531915,Rainfall,4.35158896510928,0.0731658222304873,mm per day,64
01-May-1984 00:00,1984,5,1.8330078125,-0.141809341755319,Rainfall,4.35147433558783,0.0728309672088374,mm per day,65
01-Jun-1984 00:00,1984,6,6.486328125,3.44716173537234,Rainfall,4.35135970606638,0.0724961121871876,mm per day,66
01-Jul-1984 00:00,1984,7,8.08203125,0.733169880319149,Rainfall,4.35124507654493,0.0721612571655378,mm per day,67
01-Aug-1984 00:00,1984,8,12.814453125,1.89158078457447,Rainfall,4.35113044702348,0.071826402143888,mm per day,68
01-Sep-1984 00:00,1984,9,5.8095703125,-3.50552692819149,Rainfall,4.35101581750202,0.0714915471222381,mm per day,69
01-Oct-1984 00:00,1984,10,5.892578125,-1.01986369680851,Rainfall,4.35090118798057,0.0711566921005883,mm per day,70
01-Nov-1984 00:00,1984,11,4.8291015625,0.981590757978723,Rainfall,4.35078655845912,0.0708218370789385,mm per day,71
01-Dec-1984 00:00,1984,12,3.7333984375,1.08778673537234,Rainfall,4.35067192893767,0.0704869820572886,mm per day,72
01-Jan-1985 00:00,1985,1,4.6669921875,2.48961103723404,Rainfall,4.35055729941621,0.0701521270356388,mm per day,73
01-Feb-1985 00:00,1985,2,0.55078125,-0.722718583776596,Rainfall,4.35044266989476,0.069817272013989,mm per day,74
01-Mar-1985 00:00,1985,3,0.6044921875,-0.406291555851064,Rainfall,4.35032804037331,0.0694824169923392,mm per day,75
01-Apr-1985 00:00,1985,4,2.2568359375,0.806370511968085,Rainfall,4.35021341085186,0.0691475619706893,mm per day,76
01-May-1985 00:00,1985,5,3.4296875,1.45487034574468,Rainfall,4.35009878133041,0.0688127069490395,mm per day,77
01-Jun-1985 00:00,1985,6,4.857421875,1.81825548537234,Rainfall,4.34998415180895,0.0684778519273897,mm per day,78
01-Jul-1985 00:00,1985,7,8.3310546875,0.982193317819149,Rainfall,4.3498695222875,0.0681429969057399,mm per day,79
01-Aug-1985 00:00,1985,8,17.345703125,6.42283078457447,Rainfall,4.34975489276605,0.06780814188409,mm per day,80
01-Sep-1985 00:00,1985,9,5.748046875,-3.56705036569149,Rainfall,4.3496402632446,0.0674732868624402,mm per day,81
01-Oct-1985 00:00,1985,10,3.8837890625,-3.02865275930851,Rainfall,4.34952563372314,0.0671384318407904,mm per day,82
01-Nov-1985 00:00,1985,11,3.6005859375,-0.246924867021277,Rainfall,4.34941100420169,0.0668035768191405,mm per day,83
01-Dec-1985 00:00,1985,12,4.73046875,2.08485704787234,Rainfall,4.34929637468024,0.0664687217974907,mm per day,84
01-Jan-1986 00:00,1986,1,1.255859375,-0.921521775265957,Rainfall,4.34918174515879,0.0661338667758409,mm per day,85
01-Feb-1986 00:00,1986,2,4.615234375,3.3417345412234,Rainfall,4.34906711563734,0.0657990117541911,mm per day,86
01-Mar-1986 00:00,1986,3,1.6357421875,0.624958444148936,Rainfall,4.34895248611588,0.0654641567325412,mm per day,87
01-Apr-1986 00:00,1986,4,1.9140625,0.463597074468085,Rainfall,4.34883785659443,0.0651293017108914,mm per day,88
01-May-1986 00:00,1986,5,2.6123046875,0.637487533244681,Rainfall,4.34872322707298,0.0647944466892416,mm per day,89
01-Jun-1986 00:00,1986,6,3.9208984375,0.88173204787234,Rainfall,4.34860859755153,0.0644595916675917,mm per day,90
01-Jul-1986 00:00,1986,7,6.73828125,-0.610580119680851,Rainfall,4.34849396803008,0.0641247366459419,mm per day,91
01-Aug-1986 00:00,1986,8,13.14453125,2.22165890957447,Rainfall,4.34837933850862,0.0637898816242921,mm per day,92
01-Sep-1986 00:00,1986,9,8.4560546875,-0.85904255319149,Rainfall,4.34826470898717,0.0634550266026423,mm per day,93
01-Oct-1986 00:00,1986,10,5.0751953125,-1.83724650930851,Rainfall,4.34815007946572,0.0631201715809924,mm per day,94
01-Nov-1986 00:00,1986,11,1.873046875,-1.97446392952128,Rainfall,4.34803544994427,0.0627853165593426,mm per day,95
01-Dec-1986 00:00,1986,12,5.322265625,2.67665392287234,Rainfall,4.34792082042281,0.0624504615376928,mm per day,96
01-Jan-1987 00:00,1987,1,1.8388671875,-0.338513962765957,Rainfall,4.34780619090136,0.0621156065160429,mm per day,97
01-Feb-1987 00:00,1987,2,0.5654296875,-0.708070146276596,Rainfall,4.34769156137991,0.0617807514943931,mm per day,98
01-Mar-1987 00:00,1987,3,0.2861328125,-0.724650930851064,Rainfall,4.34757693185846,0.0614458964727433,mm per day,99
01-Apr-1987 00:00,1987,4,0.5537109375,-0.896754488031915,Rainfall,4.34746230233701,0.0611110414510935,mm per day,100
01-May-1987 00:00,1987,5,1.4345703125,-0.540246841755319,Rainfall,4.34734767281555,0.0607761864294436,mm per day,101
01-Jun-1987 00:00,1987,6,2.2763671875,-0.76279920212766,Rainfall,4.3472330432941,0.0604413314077938,mm per day,102
01-Jul-1987 00:00,1987,7,8.330078125,0.981216755319149,Rainfall,4.34711841377265,0.060106476386144,mm per day,103
01-Aug-1987 00:00,1987,8,5.37109375,-5.55177859042553,Rainfall,4.3470037842512,0.0597716213644941,mm per day,104
01-Sep-1987 00:00,1987,9,7.0400390625,-2.27505817819149,Rainfall,4.34688915472974,0.0594367663428443,mm per day,105
01-Oct-1987 00:00,1987,10,8.0283203125,1.11587849069149,Rainfall,4.34677452520829,0.0591019113211945,mm per day,106
01-Nov-1987 00:00,1987,11,2.984375,-0.863135804521277,Rainfall,4.34665989568684,0.0587670562995447,mm per day,107
01-Dec-1987 00:00,1987,12,2.080078125,-0.56553357712766,Rainfall,4.34654526616539,0.0584322012778948,mm per day,108
01-Jan-1988 00:00,1988,1,2.2294921875,0.0521110372340425,Rainfall,4.34643063664394,0.058097346256245,mm per day,109
01-Feb-1988 00:00,1988,2,0.4609375,-0.812562333776596,Rainfall,4.34631600712248,0.0577624912345952,mm per day,110
01-Mar-1988 00:00,1988,3,0.3642578125,-0.646525930851064,Rainfall,4.34620137760103,0.0574276362129454,mm per day,111
01-Apr-1988 00:00,1988,4,0.6279296875,-0.822535738031915,Rainfall,4.34608674807958,0.0570927811912955,mm per day,112
01-May-1988 00:00,1988,5,2.7001953125,0.725378158244681,Rainfall,4.34597211855813,0.0567579261696457,mm per day,113
01-Jun-1988 00:00,1988,6,4.158203125,1.11903673537234,Rainfall,4.34585748903667,0.0564230711479959,mm per day,114
01-Jul-1988 00:00,1988,7,13.775390625,6.42652925531915,Rainfall,4.34574285951522,0.056088216126346,mm per day,115
01-Aug-1988 00:00,1988,8,5.515625,-5.40724734042553,Rainfall,4.34562822999377,0.0557533611046962,mm per day,116
01-Sep-1988 00:00,1988,9,10.3896484375,1.07455119680851,Rainfall,4.34551360047232,0.0554185060830464,mm per day,117
01-Oct-1988 00:00,1988,10,7.2421875,0.32974567819149,Rainfall,4.34539897095087,0.0550836510613966,mm per day,118
01-Nov-1988 00:00,1988,11,5.3017578125,1.45424700797872,Rainfall,4.34528434142941,0.0547487960397467,mm per day,119
01-Dec-1988 00:00,1988,12,2.93359375,0.28798204787234,Rainfall,4.34516971190796,0.0544139410180969,mm per day,120
01-Jan-1989 00:00,1989,1,2.556640625,0.379259474734043,Rainfall,4.34505508238651,0.0540790859964471,mm per day,121
01-Feb-1989 00:00,1989,2,2.2470703125,0.973570478723404,Rainfall,4.34494045286506,0.0537442309747972,mm per day,122
01-Mar-1989 00:00,1989,3,2.1181640625,1.10738031914894,Rainfall,4.34482582334361,0.0534093759531474,mm per day,123
01-Apr-1989 00:00,1989,4,1.919921875,0.469456449468085,Rainfall,4.34471119382215,0.0530745209314976,mm per day,124
01-May-1989 00:00,1989,5,0.701171875,-1.27364527925532,Rainfall,4.3445965643007,0.0527396659098478,mm per day,125
01-Jun-1989 00:00,1989,6,2.8388671875,-0.20029920212766,Rainfall,4.34448193477925,0.0524048108881979,mm per day,126
01-Jul-1989 00:00,1989,7,11.6640625,4.31520113031915,Rainfall,4.3443673052578,0.0520699558665481,mm per day,127
01-Aug-1989 00:00,1989,8,13.076171875,2.15329953457447,Rainfall,4.34425267573634,0.0517351008448983,mm per day,128
01-Sep-1989 00:00,1989,9,8.6875,-0.62759724069149,Rainfall,4.34413804621489,0.0514002458232484,mm per day,129
01-Oct-1989 00:00,1989,10,8.623046875,1.71060505319149,Rainfall,4.34402341669344,0.0510653908015986,mm per day,130
01-Nov-1989 00:00,1989,11,2.92578125,-0.921729554521277,Rainfall,4.34390878717199,0.0507305357799488,mm per day,131
01-Dec-1989 00:00,1989,12,2.80078125,0.15516954787234,Rainfall,4.34379415765054,0.050395680758299,mm per day,132
01-Jan-1990 00:00,1990,1,4.7529296875,2.57554853723404,Rainfall,4.34367952812908,0.0500608257366491,mm per day,133
01-Feb-1990 00:00,1990,2,0.365234375,-0.908265458776596,Rainfall,4.34356489860763,0.0497259707149993,mm per day,134
01-Mar-1990 00:00,1990,3,0.55859375,-0.452189993351064,Rainfall,4.34345026908618,0.0493911156933495,mm per day,135
01-Apr-1990 00:00,1990,4,0.9375,-0.512965425531915,Rainfall,4.34333563956473,0.0490562606716997,mm per day,136
01-May-1990 00:00,1990,5,1.251953125,-0.722864029255319,Rainfall,4.34322101004328,0.0487214056500498,mm per day,137
01-Jun-1990 00:00,1990,6,4.009765625,0.97059923537234,Rainfall,4.34310638052182,0.0483865506284,mm per day,138
01-Jul-1990 00:00,1990,7,8.2138671875,0.865005817819149,Rainfall,4.34299175100037,0.0480516956067502,mm per day,139
01-Aug-1990 00:00,1990,8,16.2255859375,5.30271359707447,Rainfall,4.34287712147892,0.0477168405851003,mm per day,140
01-Sep-1990 00:00,1990,9,11.775390625,2.46029338430851,Rainfall,4.34276249195747,0.0473819855634505,mm per day,141
01-Oct-1990 00:00,1990,10,7.1826171875,0.27017536569149,Rainfall,4.34264786243601,0.0470471305418007,mm per day,142
01-Nov-1990 00:00,1990,11,4.30078125,0.453270445478723,Rainfall,4.34253323291456,0.0467122755201509,mm per day,143
01-Dec-1990 00:00,1990,12,2.677734375,0.0321226728723403,Rainfall,4.34241860339311,0.046377420498501,mm per day,144
01-Jan-1991 00:00,1991,1,1.064453125,-1.11292802526596,Rainfall,4.34230397387166,0.0460425654768512,mm per day,145
01-Feb-1991 00:00,1991,2,0.8896484375,-0.383851396276596,Rainfall,4.34218934435021,0.0457077104552014,mm per day,146
01-Mar-1991 00:00,1991,3,0.505859375,-0.504924368351064,Rainfall,4.34207471482875,0.0453728554335515,mm per day,147
01-Apr-1991 00:00,1991,4,1.1591796875,-0.291285738031915,Rainfall,4.3419600853073,0.0450380004119017,mm per day,148
01-May-1991 00:00,1991,5,1.5888671875,-0.385949966755319,Rainfall,4.34184545578585,0.0447031453902519,mm per day,149
01-Jun-1991 00:00,1991,6,3.8359375,0.79677111037234,Rainfall,4.3417308262644,0.0443682903686021,mm per day,150
01-Jul-1991 00:00,1991,7,4.7236328125,-2.62522855718085,Rainfall,4.34161619674294,0.0440334353469522,mm per day,151
01-Aug-1991 00:00,1991,8,11.248046875,0.325174534574469,Rainfall,4.34150156722149,0.0436985803253024,mm per day,152
01-Sep-1991 00:00,1991,9,9.5654296875,0.25033244680851,Rainfall,4.34138693770004,0.0433637253036526,mm per day,153
01-Oct-1991 00:00,1991,10,8.2138671875,1.30142536569149,Rainfall,4.34127230817859,0.0430288702820027,mm per day,154
01-Nov-1991 00:00,1991,11,8.365234375,4.51772357047872,Rainfall,4.34115767865714,0.0426940152603529,mm per day,155
01-Dec-1991 00:00,1991,12,1.1748046875,-1.47080701462766,Rainfall,4.34104304913568,0.0423591602387031,mm per day,156
01-Jan-1992 00:00,1992,1,3.01171875,0.834337599734043,Rainfall,4.34092841961423,0.0420243052170533,mm per day,157
01-Feb-1992 00:00,1992,2,0.306640625,-0.966859208776596,Rainfall,4.34081379009278,0.0416894501954034,mm per day,158
01-Mar-1992 00:00,1992,3,0.3125,-0.698283743351064,Rainfall,4.34069916057133,0.0413545951737536,mm per day,159
01-Apr-1992 00:00,1992,4,0.7490234375,-0.701441988031915,Rainfall,4.34058453104987,0.0410197401521038,mm per day,160
01-May-1992 00:00,1992,5,1.64453125,-0.330285904255319,Rainfall,4.34046990152842,0.040684885130454,mm per day,161
01-Jun-1992 00:00,1992,6,1.138671875,-1.90049451462766,Rainfall,4.34035527200697,0.0403500301088041,mm per day,162
01-Jul-1992 00:00,1992,7,3.0556640625,-4.29319730718085,Rainfall,4.34024064248552,0.0400151750871543,mm per day,163
01-Aug-1992 00:00,1992,8,11.9501953125,1.02732297207447,Rainfall,4.34012601296407,0.0396803200655045,mm per day,164
01-Sep-1992 00:00,1992,9,8.0146484375,-1.30044880319149,Rainfall,4.34001138344261,0.0393454650438546,mm per day,165
01-Oct-1992 00:00,1992,10,4.7373046875,-2.17513713430851,Rainfall,4.33989675392116,0.0390106100222048,mm per day,166
01-Nov-1992 00:00,1992,11,5.814453125,1.96694232047872,Rainfall,4.33978212439971,0.038675755000555,mm per day,167
01-Dec-1992 00:00,1992,12,1.0634765625,-1.58213513962766,Rainfall,4.33966749487826,0.0383408999789052,mm per day,168
01-Jan-1993 00:00,1993,1,0.900390625,-1.27699052526596,Rainfall,4.3395528653568,0.0380060449572553,mm per day,169
01-Feb-1993 00:00,1993,2,0.7412109375,-0.532288896276596,Rainfall,4.33943823583535,0.0376711899356055,mm per day,170
01-Mar-1993 00:00,1993,3,0.7119140625,-0.298869680851064,Rainfall,4.3393236063139,0.0373363349139557,mm per day,171
01-Apr-1993 00:00,1993,4,0.4091796875,-1.04128573803191,Rainfall,4.33920897679245,0.0370014798923058,mm per day,172
01-May-1993 00:00,1993,5,0.505859375,-1.46895777925532,Rainfall,4.339094347271,0.036666624870656,mm per day,173
01-Jun-1993 00:00,1993,6,0.9111328125,-2.12803357712766,Rainfall,4.33897971774954,0.0363317698490062,mm per day,174
01-Jul-1993 00:00,1993,7,6.0810546875,-1.26780668218085,Rainfall,4.33886508822809,0.0359969148273564,mm per day,175
01-Aug-1993 00:00,1993,8,8.578125,-2.34474734042553,Rainfall,4.33875045870664,0.0356620598057065,mm per day,176
01-Sep-1993 00:00,1993,9,9.0439453125,-0.27115192819149,Rainfall,4.33863582918519,0.0353272047840567,mm per day,177
01-Oct-1993 00:00,1993,10,4.5703125,-2.34212932180851,Rainfall,4.33852119966374,0.0349923497624069,mm per day,178
01-Nov-1993 00:00,1993,11,4.2333984375,0.385887632978723,Rainfall,4.33840657014228,0.034657494740757,mm per day,179
01-Dec-1993 00:00,1993,12,1.4501953125,-1.19541638962766,Rainfall,4.33829194062083,0.0343226397191072,mm per day,180
01-Jan-1994 00:00,1994,1,1.58984375,-0.587537400265957,Rainfall,4.33817731109938,0.0339877846974574,mm per day,181
01-Feb-1994 00:00,1994,2,1.1494140625,-0.124085771276596,Rainfall,4.33806268157793,0.0336529296758076,mm per day,182
01-Mar-1994 00:00,1994,3,2.236328125,1.22554438164894,Rainfall,4.33794805205647,0.0333180746541577,mm per day,183
01-Apr-1994 00:00,1994,4,1.6376953125,0.187229886968085,Rainfall,4.33783342253502,0.0329832196325079,mm per day,184
01-May-1994 00:00,1994,5,2.7470703125,0.772253158244681,Rainfall,4.33771879301357,0.0326483646108581,mm per day,185
01-Jun-1994 00:00,1994,6,2.1357421875,-0.90342420212766,Rainfall,4.33760416349212,0.0323135095892082,mm per day,186
01-Jul-1994 00:00,1994,7,7.8603515625,0.511490192819149,Rainfall,4.33748953397067,0.0319786545675584,mm per day,187
01-Aug-1994 00:00,1994,8,9.220703125,-1.70216921542553,Rainfall,4.33737490444921,0.0316437995459086,mm per day,188
01-Sep-1994 00:00,1994,9,12.001953125,2.68685588430851,Rainfall,4.33726027492776,0.0313089445242588,mm per day,189
01-Oct-1994 00:00,1994,10,7.443359375,0.53091755319149,Rainfall,4.33714564540631,0.0309740895026089,mm per day,190
01-Nov-1994 00:00,1994,11,2.3076171875,-1.53989361702128,Rainfall,4.33703101588486,0.0306392344809591,mm per day,191
01-Dec-1994 00:00,1994,12,2.712890625,0.0672789228723403,Rainfall,4.33691638636341,0.0303043794593093,mm per day,192
01-Jan-1995 00:00,1995,1,1.1220703125,-1.05531083776596,Rainfall,4.33680175684195,0.0299695244376594,mm per day,193
01-Feb-1995 00:00,1995,2,0.7080078125,-0.565492021276596,Rainfall,4.3366871273205,0.0296346694160096,mm per day,194
01-Mar-1995 00:00,1995,3,0.5234375,-0.487346243351064,Rainfall,4.33657249779905,0.0292998143943598,mm per day,195
01-Apr-1995 00:00,1995,4,0.7587890625,-0.691676363031915,Rainfall,4.3364578682776,0.02896495937271,mm per day,196
01-May-1995 00:00,1995,5,1.7509765625,-0.223840591755319,Rainfall,4.33634323875614,0.0286301043510601,mm per day,197
01-Jun-1995 00:00,1995,6,1.7626953125,-1.27647107712766,Rainfall,4.33622860923469,0.0282952493294103,mm per day,198
01-Jul-1995 00:00,1995,7,5.1142578125,-2.23460355718085,Rainfall,4.33611397971324,0.0279603943077605,mm per day,199
01-Aug-1995 00:00,1995,8,6.2099609375,-4.71291140292553,Rainfall,4.33599935019179,0.0276255392861107,mm per day,200
01-Sep-1995 00:00,1995,9,13.4453125,4.13021525930851,Rainfall,4.33588472067034,0.0272906842644608,mm per day,201
01-Oct-1995 00:00,1995,10,7.0908203125,0.17837849069149,Rainfall,4.33577009114888,0.026955829242811,mm per day,202
01-Nov-1995 00:00,1995,11,2.15234375,-1.69516705452128,Rainfall,4.33565546162743,0.0266209742211612,mm per day,203
01-Dec-1995 00:00,1995,12,4.7158203125,2.07020861037234,Rainfall,4.33554083210598,0.0262861191995113,mm per day,204
01-Jan-1996 00:00,1996,1,1.9443359375,-0.233045212765957,Rainfall,4.33542620258453,0.0259512641778615,mm per day,205
01-Feb-1996 00:00,1996,2,1.1591796875,-0.114320146276596,Rainfall,4.33531157306308,0.0256164091562117,mm per day,206
01-Mar-1996 00:00,1996,3,0.6201171875,-0.390666555851064,Rainfall,4.33519694354162,0.0252815541345619,mm per day,207
01-Apr-1996 00:00,1996,4,2.4716796875,1.02121426196809,Rainfall,4.33508231402017,0.024946699112912,mm per day,208
01-May-1996 00:00,1996,5,1.412109375,-0.562707779255319,Rainfall,4.33496768449872,0.0246118440912622,mm per day,209
01-Jun-1996 00:00,1996,6,1.5888671875,-1.45029920212766,Rainfall,4.33485305497727,0.0242769890696124,mm per day,210
01-Jul-1996 00:00,1996,7,12.3642578125,5.01539644281915,Rainfall,4.33473842545581,0.0239421340479626,mm per day,211
01-Aug-1996 00:00,1996,8,6.7392578125,-4.18361452792553,Rainfall,4.33462379593436,0.0236072790263127,mm per day,212
01-Sep-1996 00:00,1996,9,17.4521484375,8.13705119680851,Rainfall,4.33450916641291,0.0232724240046629,mm per day,213
01-Oct-1996 00:00,1996,10,4.5107421875,-2.40169963430851,Rainfall,4.33439453689146,0.0229375689830131,mm per day,214
01-Nov-1996 00:00,1996,11,6.642578125,2.79506732047872,Rainfall,4.33427990737001,0.0226027139613632,mm per day,215
01-Dec-1996 00:00,1996,12,4.5849609375,1.93934923537234,Rainfall,4.33416527784855,0.0222678589397134,mm per day,216
01-Jan-1997 00:00,1997,1,2.9892578125,0.811876662234043,Rainfall,4.3340506483271,0.0219330039180636,mm per day,217
01-Feb-1997 00:00,1997,2,1.0087890625,-0.264710771276596,Rainfall,4.33393601880565,0.0215981488964137,mm per day,218
01-Mar-1997 00:00,1997,3,0.466796875,-0.543986868351064,Rainfall,4.3338213892842,0.0212632938747639,mm per day,219
01-Apr-1997 00:00,1997,4,1.626953125,0.176487699468085,Rainfall,4.33370675976274,0.0209284388531141,mm per day,220
01-May-1997 00:00,1997,5,0.81640625,-1.15841090425532,Rainfall,4.33359213024129,0.0205935838314643,mm per day,221
01-Jun-1997 00:00,1997,6,4.3642578125,1.32509142287234,Rainfall,4.33347750071984,0.0202587288098144,mm per day,222
01-Jul-1997 00:00,1997,7,4.154296875,-3.19456449468085,Rainfall,4.33336287119839,0.0199238737881646,mm per day,223
01-Aug-1997 00:00,1997,8,12.7841796875,1.86130734707447,Rainfall,4.33324824167694,0.0195890187665148,mm per day,224
01-Sep-1997 00:00,1997,9,2.7890625,-6.52603474069149,Rainfall,4.33313361215548,0.019254163744865,mm per day,225
01-Oct-1997 00:00,1997,10,4.701171875,-2.21126994680851,Rainfall,4.33301898263403,0.0189193087232151,mm per day,226
01-Nov-1997 00:00,1997,11,4.568359375,0.720848570478723,Rainfall,4.33290435311258,0.0185844537015653,mm per day,227
01-Dec-1997 00:00,1997,12,3.599609375,0.95399767287234,Rainfall,4.33278972359113,0.0182495986799155,mm per day,228
01-Jan-1998 00:00,1998,1,1.2880859375,-0.889295212765957,Rainfall,4.33267509406967,0.0179147436582656,mm per day,229
01-Feb-1998 00:00,1998,2,0.4453125,-0.828187333776596,Rainfall,4.33256046454822,0.0175798886366158,mm per day,230
01-Mar-1998 00:00,1998,3,0.78125,-0.229533743351064,Rainfall,4.33244583502677,0.017245033614966,mm per day,231
01-Apr-1998 00:00,1998,4,0.3896484375,-1.06081698803191,Rainfall,4.33233120550532,0.0169101785933162,mm per day,232
01-May-1998 00:00,1998,5,1.390625,-0.584192154255319,Rainfall,4.33221657598387,0.0165753235716663,mm per day,233
01-Jun-1998 00:00,1998,6,1.1005859375,-1.93858045212766,Rainfall,4.33210194646241,0.0162404685500165,mm per day,234
01-Jul-1998 00:00,1998,7,6.5126953125,-0.836166057180851,Rainfall,4.33198731694096,0.0159056135283667,mm per day,235
01-Aug-1998 00:00,1998,8,6.0068359375,-4.91603640292553,Rainfall,4.33187268741951,0.0155707585067169,mm per day,236
01-Sep-1998 00:00,1998,9,8.7392578125,-0.57583942819149,Rainfall,4.33175805789806,0.015235903485067,mm per day,237
01-Oct-1998 00:00,1998,10,4.3984375,-2.51400432180851,Rainfall,4.3316434283766,0.0149010484634172,mm per day,238
01-Nov-1998 00:00,1998,11,2.2490234375,-1.59848736702128,Rainfall,4.33152879885515,0.0145661934417674,mm per day,239
01-Dec-1998 00:00,1998,12,1.5478515625,-1.09776013962766,Rainfall,4.3314141693337,0.0142313384201175,mm per day,240
01-Jan-1999 00:00,1999,1,2.994140625,0.816759474734043,Rainfall,4.33129953981225,0.0138964833984677,mm per day,241
01-Feb-1999 00:00,1999,2,2.9365234375,1.6630236037234,Rainfall,4.3311849102908,0.0135616283768179,mm per day,242
01-Mar-1999 00:00,1999,3,0.8740234375,-0.136760305851064,Rainfall,4.33107028076934,0.013226773355168,mm per day,243
01-Apr-1999 00:00,1999,4,3.3134765625,1.86301113696809,Rainfall,4.33095565124789,0.0128919183335182,mm per day,244
01-May-1999 00:00,1999,5,2.525390625,0.550573470744681,Rainfall,4.33084102172644,0.0125570633118684,mm per day,245
01-Jun-1999 00:00,1999,6,4.046875,1.00770861037234,Rainfall,4.33072639220499,0.0122222082902186,mm per day,246
01-Jul-1999 00:00,1999,7,10.6171875,3.26832613031915,Rainfall,4.33061176268354,0.0118873532685687,mm per day,247
01-Aug-1999 00:00,1999,8,9.0947265625,-1.82814577792553,Rainfall,4.33049713316208,0.0115524982469189,mm per day,248
01-Sep-1999 00:00,1999,9,11.6689453125,2.35384807180851,Rainfall,4.33038250364063,0.0112176432252691,mm per day,249
01-Oct-1999 00:00,1999,10,5.6689453125,-1.24349650930851,Rainfall,4.33026787411918,0.0108827882036193,mm per day,250
01-Nov-1999 00:00,1999,11,5.58984375,1.74233294547872,Rainfall,4.33015324459773,0.0105479331819694,mm per day,251
01-Dec-1999 00:00,1999,12,1.3935546875,-1.25205701462766,Rainfall,4.33003861507628,0.0102130781603196,mm per day,252
01-Jan-2000 00:00,2000,1,1.4658203125,-0.711560837765957,Rainfall,4.32992398555482,0.00987822313866978,mm per day,253
01-Feb-2000 00:00,2000,2,1.1533203125,-0.120179521276596,Rainfall,4.32980935603337,0.00954336811701995,mm per day,254
01-Mar-2000 00:00,2000,3,1.2998046875,0.289020944148936,Rainfall,4.32969472651192,0.00920851309537012,mm per day,255
01-Apr-2000 00:00,2000,4,1.3388671875,-0.111598238031915,Rainfall,4.32958009699047,0.00887365807372029,mm per day,256
01-May-2000 00:00,2000,5,4.7685546875,2.79373753324468,Rainfall,4.32946546746901,0.00853880305207046,mm per day,257
01-Jun-2000 00:00,2000,6,3.2294921875,0.19032579787234,Rainfall,4.32935083794756,0.00820394803042063,mm per day,258
01-Jul-2000 00:00,2000,7,7.337890625,-0.0109707446808507,Rainfall,4.32923620842611,0.0078690930087708,mm per day,259
01-Aug-2000 00:00,2000,8,10.7802734375,-0.142598902925531,Rainfall,4.32912157890466,0.00753423798712097,mm per day,260
01-Sep-2000 00:00,2000,9,7.7998046875,-1.51529255319149,Rainfall,4.32900694938321,0.00719938296547115,mm per day,261
01-Oct-2000 00:00,2000,10,6.3115234375,-0.60091838430851,Rainfall,4.32889231986175,0.00686452794382132,mm per day,262
01-Nov-2000 00:00,2000,11,2.654296875,-1.19321392952128,Rainfall,4.3287776903403,0.00652967292217149,mm per day,263
01-Dec-2000 00:00,2000,12,3.099609375,0.45399767287234,Rainfall,4.32866306081885,0.00619481790052166,mm per day,264
01-Jan-2001 00:00,2001,1,2.25,0.0726188497340425,Rainfall,4.3285484312974,0.00585996287887183,mm per day,265
01-Feb-2001 00:00,2001,2,1.1484375,-0.125062333776596,Rainfall,4.32843380177594,0.005525107857222,mm per day,266
01-Mar-2001 00:00,2001,3,0.6884765625,-0.322307180851064,Rainfall,4.32831917225449,0.00519025283557217,mm per day,267
01-Apr-2001 00:00,2001,4,1.03125,-0.419215425531915,Rainfall,4.32820454273304,0.00485539781392234,mm per day,268
01-May-2001 00:00,2001,5,1.5498046875,-0.425012466755319,Rainfall,4.32808991321159,0.00452054279227253,mm per day,269
01-Jun-2001 00:00,2001,6,2.6962890625,-0.34287732712766,Rainfall,4.32797528369014,0.0041856877706227,mm per day,270
01-Jul-2001 00:00,2001,7,7.6748046875,0.325943317819149,Rainfall,4.32786065416868,0.00385083274897287,mm per day,271
01-Aug-2001 00:00,2001,8,16.625,5.70212765957447,Rainfall,4.32774602464723,0.00351597772732304,mm per day,272
01-Sep-2001 00:00,2001,9,6.68359375,-2.63150349069149,Rainfall,4.32763139512578,0.00318112270567321,mm per day,273
01-Oct-2001 00:00,2001,10,4.0458984375,-2.86654338430851,Rainfall,4.32751676560433,0.00284626768402338,mm per day,274
01-Nov-2001 00:00,2001,11,5.46875,1.62123919547872,Rainfall,4.32740213608287,0.00251141266237355,mm per day,275
01-Dec-2001 00:00,2001,12,3.150390625,0.50477892287234,Rainfall,4.32728750656142,0.00217655764072372,mm per day,276
01-Jan-2002 00:00,2002,1,2.0791015625,-0.0982795877659575,Rainfall,4.3271728770399696,0.0018417026190739,mm per day,277
01-Feb-2002 00:00,2002,2,1.4619140625,0.188414228723404,Rainfall,4.32705824751852,0.00150684759742407,mm per day,278
01-Mar-2002 00:00,2002,3,0.876953125,-0.133830618351064,Rainfall,4.32694361799707,0.00117199257577424,mm per day,279
01-Apr-2002 00:00,2002,4,0.99609375,-0.454371675531915,Rainfall,4.32682898847561,8.3713755412441e-4,mm per day,280
01-May-2002 00:00,2002,5,2.720703125,0.745885970744681,Rainfall,4.32671435895416,5.0228253247458e-4,mm per day,281
01-Jun-2002 00:00,2002,6,1.3505859375,-1.68858045212766,Rainfall,4.32659972943271,1.6742751082475e-4,mm per day,282
01-Jul-2002 00:00,2002,7,10.541015625,3.19215425531915,Rainfall,4.32648509991126,-1.6742751082507e-4,mm per day,283
01-Aug-2002 00:00,2002,8,10.4375,-0.485372340425531,Rainfall,4.3263704703898,-5.022825324749e-4,mm per day,284
01-Sep-2002 00:00,2002,9,8.7001953125,-0.61490192819149,Rainfall,4.32625584086835,-8.3713755412472e-4,mm per day,285
01-Oct-2002 00:00,2002,10,3.8974609375,-3.01498088430851,Rainfall,4.3261412113469,-0.00117199257577455,mm per day,286
01-Nov-2002 00:00,2002,11,3.779296875,-0.0682139295212769,Rainfall,4.32602658182545,-0.00150684759742438,mm per day,287
01-Dec-2002 00:00,2002,12,4.4951171875,1.84950548537234,Rainfall,4.325911952304,-0.00184170261907421,mm per day,288
01-Jan-2003 00:00,2003,1,2.23828125,0.0609000997340425,Rainfall,4.32579732278254,-0.00217655764072404,mm per day,289
01-Feb-2003 00:00,2003,2,0.8193359375,-0.454163896276596,Rainfall,4.32568269326109,-0.00251141266237387,mm per day,290
01-Mar-2003 00:00,2003,3,1.1396484375,0.128864694148936,Rainfall,4.32556806373964,-0.0028462676840237,mm per day,291
01-Apr-2003 00:00,2003,4,2.548828125,1.09836269946809,Rainfall,4.32545343421819,-0.00318112270567353,mm per day,292
01-May-2003 00:00,2003,5,2.9921875,1.01737034574468,Rainfall,4.32533880469674,-0.00351597772732336,mm per day,293
01-Jun-2003 00:00,2003,6,2.5126953125,-0.52647107712766,Rainfall,4.32522417517528,-0.00385083274897317,mm per day,294
01-Jul-2003 00:00,2003,7,3.5908203125,-3.75804105718085,Rainfall,4.32510954565383,-0.004185687770623,mm per day,295
01-Aug-2003 00:00,2003,8,10.0400390625,-0.882833277925531,Rainfall,4.32499491613238,-0.00452054279227283,mm per day,296
01-Sep-2003 00:00,2003,9,13.287109375,3.97201213430851,Rainfall,4.32488028661093,-0.00485539781392266,mm per day,297
01-Oct-2003 00:00,2003,10,9.294921875,2.38248005319149,Rainfall,4.32476565708947,-0.00519025283557249,mm per day,298
01-Nov-2003 00:00,2003,11,5.91015625,2.06264544547872,Rainfall,4.32465102756802,-0.00552510785722232,mm per day,299
01-Dec-2003 00:00,2003,12,2.7509765625,0.10536486037234,Rainfall,4.32453639804657,-0.00585996287887215,mm per day,300
01-Jan-2004 00:00,2004,1,1.283203125,-0.894178025265957,Rainfall,4.32442176852512,-0.00619481790052198,mm per day,301
01-Feb-2004 00:00,2004,2,2.5712890625,1.2977892287234,Rainfall,4.32430713900367,-0.0065296729221718,mm per day,302
01-Mar-2004 00:00,2004,3,1.2216796875,0.210895944148936,Rainfall,4.32419250948221,-0.00686452794382163,mm per day,303
01-Apr-2004 00:00,2004,4,1.5078125,0.0573470744680851,Rainfall,4.32407787996076,-0.00719938296547146,mm per day,304
01-May-2004 00:00,2004,5,1.83984375,-0.134973404255319,Rainfall,4.32396325043931,-0.00753423798712129,mm per day,305
01-Jun-2004 00:00,2004,6,13.4765625,10.4373961103723,Rainfall,4.32384862091786,-0.00786909300877112,mm per day,306
01-Jul-2004 00:00,2004,7,4.2021484375,-3.14671293218085,Rainfall,4.32373399139641,-0.00820394803042095,mm per day,307
01-Aug-2004 00:00,2004,8,15.443359375,4.52048703457447,Rainfall,4.32361936187495,-0.00853880305207078,mm per day,308
01-Sep-2004 00:00,2004,9,6.3076171875,-3.00748005319149,Rainfall,4.3235047323535,-0.0088736580737206,mm per day,309
01-Oct-2004 00:00,2004,10,5.7080078125,-1.20443400930851,Rainfall,4.32339010283205,-0.00920851309537042,mm per day,310
01-Nov-2004 00:00,2004,11,4.564453125,0.716942320478723,Rainfall,4.3232754733106,-0.00954336811702025,mm per day,311
01-Dec-2004 00:00,2004,12,2.306640625,-0.33897107712766,Rainfall,4.32316084378914,-0.00987822313867008,mm per day,312
01-Jan-2005 00:00,2005,1,2.0517578125,-0.125623337765957,Rainfall,4.32304621426769,-0.0102130781603199,mm per day,313
01-Feb-2005 00:00,2005,2,0.5361328125,-0.737367021276596,Rainfall,4.32293158474624,-0.0105479331819697,mm per day,314
01-Mar-2005 00:00,2005,3,1.38671875,0.375935006648936,Rainfall,4.32281695522479,-0.0108827882036196,mm per day,315
01-Apr-2005 00:00,2005,4,2.2421875,0.791722074468085,Rainfall,4.32270232570334,-0.0112176432252694,mm per day,316
01-May-2005 00:00,2005,5,1.904296875,-0.0705202792553192,Rainfall,4.32258769618188,-0.0115524982469192,mm per day,317
01-Jun-2005 00:00,2005,6,2.1044921875,-0.93467420212766,Rainfall,4.32247306666043,-0.011887353268569,mm per day,318
01-Jul-2005 00:00,2005,7,9.03515625,1.68629488031915,Rainfall,4.32235843713898,-0.0122222082902189,mm per day,319
01-Aug-2005 00:00,2005,8,12.28125,1.35837765957447,Rainfall,4.32224380761753,-0.0125570633118687,mm per day,320
01-Sep-2005 00:00,2005,9,10.279296875,0.96419963430851,Rainfall,4.32212917809608,-0.0128919183335185,mm per day,321
01-Oct-2005 00:00,2005,10,7.6064453125,0.69400349069149,Rainfall,4.32201454857462,-0.0132267733551684,mm per day,322
01-Nov-2005 00:00,2005,11,4.6337890625,0.786278257978723,Rainfall,4.32189991905317,-0.0135616283768182,mm per day,323
01-Dec-2005 00:00,2005,12,2.3388671875,-0.30674451462766,Rainfall,4.32178528953172,-0.013896483398468,mm per day,324
01-Jan-2006 00:00,2006,1,1.9833984375,-0.193982712765957,Rainfall,4.32167066001027,-0.0142313384201179,mm per day,325
01-Feb-2006 00:00,2006,2,1.236328125,-0.0371717087765957,Rainfall,4.32155603048881,-0.0145661934417677,mm per day,326
01-Mar-2006 00:00,2006,3,0.9521484375,-0.0586353058510638,Rainfall,4.32144140096736,-0.0149010484634175,mm per day,327
01-Apr-2006 00:00,2006,4,0.6328125,-0.817652925531915,Rainfall,4.32132677144591,-0.0152359034850673,mm per day,328
01-May-2006 00:00,2006,5,2.1279296875,0.153112533244681,Rainfall,4.32121214192446,-0.0155707585067172,mm per day,329
01-Jun-2006 00:00,2006,6,2.486328125,-0.55283826462766,Rainfall,4.32109751240301,-0.015905613528367,mm per day,330
01-Jul-2006 00:00,2006,7,6.8505859375,-0.498275432180851,Rainfall,4.32098288288155,-0.0162404685500168,mm per day,331
01-Aug-2006 00:00,2006,8,11.5947265625,0.671854222074469,Rainfall,4.3208682533601,-0.0165753235716666,mm per day,332
01-Sep-2006 00:00,2006,9,6.53515625,-2.77994099069149,Rainfall,4.32075362383865,-0.0169101785933165,mm per day,333
01-Oct-2006 00:00,2006,10,11.4052734375,4.49283161569149,Rainfall,4.3206389943172,-0.0172450336149663,mm per day,334
01-Nov-2006 00:00,2006,11,2.5966796875,-1.25083111702128,Rainfall,4.32052436479574,-0.0175798886366161,mm per day,335
01-Dec-2006 00:00,2006,12,1.9765625,-0.66904920212766,Rainfall,4.32040973527429,-0.017914743658266,mm per day,336
01-Jan-2007 00:00,2007,1,1.0439453125,-1.13343583776596,Rainfall,4.32029510575284,-0.0182495986799158,mm per day,337
01-Feb-2007 00:00,2007,2,1.5947265625,0.321226728723404,Rainfall,4.32018047623139,-0.0185844537015656,mm per day,338
01-Mar-2007 00:00,2007,3,1.271484375,0.260700631648936,Rainfall,4.32006584670994,-0.0189193087232154,mm per day,339
01-Apr-2007 00:00,2007,4,2.3447265625,0.894261136968085,Rainfall,4.31995121718848,-0.0192541637448653,mm per day,340
01-May-2007 00:00,2007,5,1.609375,-0.365442154255319,Rainfall,4.31983658766703,-0.0195890187665151,mm per day,341
01-Jun-2007 00:00,2007,6,1.5146484375,-1.52451795212766,Rainfall,4.31972195814558,-0.0199238737881649,mm per day,342
01-Jul-2007 00:00,2007,7,6.58984375,-0.759017619680851,Rainfall,4.31960732862413,-0.0202587288098147,mm per day,343
01-Aug-2007 00:00,2007,8,9.90625,-1.01662234042553,Rainfall,4.31949269910267,-0.0205935838314646,mm per day,344
01-Sep-2007 00:00,2007,9,8.9794921875,-0.33560505319149,Rainfall,4.31937806958122,-0.0209284388531144,mm per day,345
01-Oct-2007 00:00,2007,10,8.6318359375,1.71939411569149,Rainfall,4.31926344005977,-0.0212632938747642,mm per day,346
01-Nov-2007 00:00,2007,11,5.97265625,2.12514544547872,Rainfall,4.31914881053832,-0.0215981488964141,mm per day,347
01-Dec-2007 00:00,2007,12,1.96484375,-0.68076795212766,Rainfall,4.31903418101687,-0.0219330039180639,mm per day,348
01-Jan-2008 00:00,2008,1,1.6953125,-0.482068650265957,Rainfall,4.31891955149541,-0.0222678589397137,mm per day,349
01-Feb-2008 00:00,2008,2,1.677734375,0.404234541223404,Rainfall,4.31880492197396,-0.0226027139613636,mm per day,350
01-Mar-2008 00:00,2008,3,1.185546875,0.174763131648936,Rainfall,4.31869029245251,-0.0229375689830134,mm per day,351
01-Apr-2008 00:00,2008,4,0.88671875,-0.563746675531915,Rainfall,4.31857566293106,-0.0232724240046632,mm per day,352
01-May-2008 00:00,2008,5,1.9091796875,-0.0656374667553192,Rainfall,4.3184610334096,-0.023607279026313,mm per day,353
01-Jun-2008 00:00,2008,6,3.3681640625,0.32899767287234,Rainfall,4.31834640388815,-0.0239421340479629,mm per day,354
01-Jul-2008 00:00,2008,7,8.49609375,1.14723238031915,Rainfall,4.3182317743667,-0.0242769890696127,mm per day,355
01-Aug-2008 00:00,2008,8,9.068359375,-1.85451296542553,Rainfall,4.3181171448452504,-0.0246118440912625,mm per day,356
01-Sep-2008 00:00,2008,9,9.8017578125,0.48666057180851,Rainfall,4.3180025153238,-0.0249466991129123,mm per day,357
01-Oct-2008 00:00,2008,10,3.7138671875,-3.19857463430851,Rainfall,4.31788788580234,-0.0252815541345622,mm per day,358
01-Nov-2008 00:00,2008,11,1.93359375,-1.91391705452128,Rainfall,4.31777325628089,-0.025616409156212,mm per day,359
01-Dec-2008 00:00,2008,12,1.99609375,-0.64951795212766,Rainfall,4.31765862675944,-0.0259512641778618,mm per day,360
01-Jan-2009 00:00,2009,1,2.5625,0.385118849734043,Rainfall,4.31754399723799,-0.0262861191995117,mm per day,361
01-Feb-2009 00:00,2009,2,0.826171875,-0.447327958776596,Rainfall,4.31742936771654,-0.0266209742211615,mm per day,362
01-Mar-2009 00:00,2009,3,0.748046875,-0.262736868351064,Rainfall,4.31731473819508,-0.0269558292428113,mm per day,363
01-Apr-2009 00:00,2009,4,2.9599609375,1.50949551196809,Rainfall,4.31720010867363,-0.0272906842644611,mm per day,364
01-May-2009 00:00,2009,5,4.6982421875,2.72342503324468,Rainfall,4.31708547915218,-0.027625539286111,mm per day,365
01-Jun-2009 00:00,2009,6,3.5283203125,0.48915392287234,Rainfall,4.31697084963073,-0.0279603943077608,mm per day,366
01-Jul-2009 00:00,2009,7,6.560546875,-0.788314494680851,Rainfall,4.31685622010928,-0.0282952493294106,mm per day,367
01-Aug-2009 00:00,2009,8,12.8564453125,1.93357297207447,Rainfall,4.31674159058782,-0.0286301043510604,mm per day,368
01-Sep-2009 00:00,2009,9,11.78515625,2.47005900930851,Rainfall,4.31662696106637,-0.0289649593727103,mm per day,369
01-Oct-2009 00:00,2009,10,8.09765625,1.18521442819149,Rainfall,4.31651233154492,-0.0292998143943601,mm per day,370
01-Nov-2009 00:00,2009,11,3.1005859375,-0.746924867021277,Rainfall,4.31639770202347,-0.0296346694160099,mm per day,371
01-Dec-2009 00:00,2009,12,4.1435546875,1.49794298537234,Rainfall,4.31628307250201,-0.0299695244376598,mm per day,372
01-Jan-2010 00:00,2010,1,1.6875,-0.489881150265957,Rainfall,4.31616844298056,-0.0303043794593096,mm per day,373
01-Feb-2010 00:00,2010,2,0.615234375,-0.658265458776596,Rainfall,4.31605381345911,-0.0306392344809594,mm per day,374
01-Mar-2010 00:00,2010,3,0.720703125,-0.290080618351064,Rainfall,4.31593918393766,-0.0309740895026093,mm per day,375
01-Apr-2010 00:00,2010,4,0.587890625,-0.862574800531915,Rainfall,4.31582455441621,-0.0313089445242591,mm per day,376
01-May-2010 00:00,2010,5,1.1181640625,-0.856653091755319,Rainfall,4.31570992489475,-0.0316437995459089,mm per day,377
01-Jun-2010 00:00,2010,6,3.22265625,0.18348986037234,Rainfall,4.3155952953733,-0.0319786545675587,mm per day,378
01-Jul-2010 00:00,2010,7,4.5703125,-2.77854886968085,Rainfall,4.31548066585185,-0.0323135095892086,mm per day,379
01-Aug-2010 00:00,2010,8,9.8818359375,-1.04103640292553,Rainfall,4.3153660363304,-0.0326483646108584,mm per day,380
01-Sep-2010 00:00,2010,9,12.001953125,2.68685588430851,Rainfall,4.31525140680894,-0.0329832196325082,mm per day,381
01-Oct-2010 00:00,2010,10,4.5166015625,-2.39584025930851,Rainfall,4.31513677728749,-0.033318074654158,mm per day,382
01-Nov-2010 00:00,2010,11,2.21484375,-1.63266705452128,Rainfall,4.31502214776604,-0.0336529296758079,mm per day,383
01-Dec-2010 00:00,2010,12,2.1044921875,-0.54111951462766,Rainfall,4.31490751824459,-0.0339877846974577,mm per day,384
01-Jan-2011 00:00,2011,1,2.611328125,0.433946974734043,Rainfall,4.31479288872314,-0.0343226397191075,mm per day,385
01-Feb-2011 00:00,2011,2,2.466796875,1.1932970412234,Rainfall,4.31467825920168,-0.0346574947407574,mm per day,386
01-Mar-2011 00:00,2011,3,1.5478515625,0.537067819148936,Rainfall,4.31456362968023,-0.0349923497624072,mm per day,387
01-Apr-2011 00:00,2011,4,3.57421875,2.12375332446809,Rainfall,4.31444900015878,-0.035327204784057,mm per day,388
01-May-2011 00:00,2011,5,0.810546875,-1.16427027925532,Rainfall,4.31433437063733,-0.0356620598057068,mm per day,389
01-Jun-2011 00:00,2011,6,2.0380859375,-1.00108045212766,Rainfall,4.31421974111587,-0.0359969148273567,mm per day,390
01-Jul-2011 00:00,2011,7,9.6279296875,2.27906831781915,Rainfall,4.31410511159442,-0.0363317698490065,mm per day,391
01-Aug-2011 00:00,2011,8,14.26953125,3.34665890957447,Rainfall,4.31399048207297,-0.0366666248706563,mm per day,392
01-Sep-2011 00:00,2011,9,11.990234375,2.67513713430851,Rainfall,4.31387585255152,-0.0370014798923062,mm per day,393
01-Oct-2011 00:00,2011,10,5.6748046875,-1.23763713430851,Rainfall,4.31376122303007,-0.037336334913956,mm per day,394
01-Nov-2011 00:00,2011,11,1.740234375,-2.10727642952128,Rainfall,4.31364659350861,-0.0376711899356058,mm per day,395
01-Dec-2011 00:00,2011,12,1.2060546875,-1.43955701462766,Rainfall,4.31353196398716,-0.0380060449572556,mm per day,396
01-Jan-2012 00:00,2012,1,0.908203125,-1.26917802526596,Rainfall,4.31341733446571,-0.0383408999789055,mm per day,397
01-Feb-2012 00:00,2012,2,0.9501953125,-0.323304521276596,Rainfall,4.31330270494426,-0.0386757550005553,mm per day,398
01-Mar-2012 00:00,2012,3,0.65625,-0.354533743351064,Rainfall,4.3131880754228,-0.0390106100222051,mm per day,399
01-Apr-2012 00:00,2012,4,0.8193359375,-0.631129488031915,Rainfall,4.31307344590135,-0.039345465043855,mm per day,400
01-May-2012 00:00,2012,5,4.5068359375,2.53201878324468,Rainfall,4.3129588163799,-0.0396803200655048,mm per day,401
01-Jun-2012 00:00,2012,6,2.474609375,-0.56455701462766,Rainfall,4.31284418685845,-0.0400151750871546,mm per day,402
01-Jul-2012 00:00,2012,7,8.6533203125,1.30445894281915,Rainfall,4.312729557337,-0.0403500301088044,mm per day,403
01-Aug-2012 00:00,2012,8,15.021484375,4.09861203457447,Rainfall,4.31261492781554,-0.0406848851304543,mm per day,404
01-Sep-2012 00:00,2012,9,7.65234375,-1.66275349069149,Rainfall,4.31250029829409,-0.0410197401521041,mm per day,405
01-Oct-2012 00:00,2012,10,11.876953125,4.96451130319149,Rainfall,4.31238566877264,-0.0413545951737539,mm per day,406
01-Nov-2012 00:00,2012,11,1.7431640625,-2.10434674202128,Rainfall,4.31227103925119,-0.0416894501954038,mm per day,407
01-Dec-2012 00:00,2012,12,1.4033203125,-1.24229138962766,Rainfall,4.31215640972974,-0.0420243052170536,mm per day,408
01-Jan-2013 00:00,2013,1,1.30078125,-0.876599900265957,Rainfall,4.31204178020828,-0.0423591602387034,mm per day,409
01-Feb-2013 00:00,2013,2,0.810546875,-0.462952958776596,Rainfall,4.31192715068683,-0.0426940152603532,mm per day,410
01-Mar-2013 00:00,2013,3,1.0556640625,0.0448803191489362,Rainfall,4.31181252116538,-0.0430288702820031,mm per day,411
01-Apr-2013 00:00,2013,4,0.8251953125,-0.625270113031915,Rainfall,4.31169789164393,-0.0433637253036529,mm per day,412
01-May-2013 00:00,2013,5,1.978515625,0.00369847074468077,Rainfall,4.31158326212247,-0.0436985803253027,mm per day,413
01-Jun-2013 00:00,2013,6,2.0166015625,-1.02256482712766,Rainfall,4.31146863260102,-0.0440334353469525,mm per day,414
01-Jul-2013 00:00,2013,7,3.69140625,-3.65745511968085,Rainfall,4.31135400307957,-0.0443682903686024,mm per day,415
01-Aug-2013 00:00,2013,8,7.6416015625,-3.28127077792553,Rainfall,4.31123937355812,-0.0447031453902522,mm per day,416
01-Sep-2013 00:00,2013,9,14.314453125,4.99935588430851,Rainfall,4.31112474403667,-0.045038000411902,mm per day,417
01-Oct-2013 00:00,2013,10,11.0556640625,4.14322224069149,Rainfall,4.31101011451521,-0.0453728554335519,mm per day,418
01-Nov-2013 00:00,2013,11,1.6884765625,-2.15903424202128,Rainfall,4.31089548499376,-0.0457077104552017,mm per day,419
01-Dec-2013 00:00,2013,12,1.8720703125,-0.77354138962766,Rainfall,4.31078085547231,-0.0460425654768515,mm per day,420
01-Jan-2014 00:00,2014,1,4.6162109375,2.43882978723404,Rainfall,4.31066622595086,-0.0463774204985013,mm per day,421
01-Feb-2014 00:00,2014,2,1.5244140625,0.250914228723404,Rainfall,4.31055159642941,-0.0467122755201512,mm per day,422
01-Mar-2014 00:00,2014,3,1.037109375,0.0263256316489362,Rainfall,4.31043696690795,-0.047047130541801,mm per day,423
01-Apr-2014 00:00,2014,4,1.7939453125,0.343479886968085,Rainfall,4.3103223373865,-0.0473819855634508,mm per day,424
01-May-2014 00:00,2014,5,1.6923828125,-0.282434341755319,Rainfall,4.31020770786505,-0.0477168405851007,mm per day,425
01-Jun-2014 00:00,2014,6,1.9873046875,-1.05186170212766,Rainfall,4.3100930783436,-0.0480516956067505,mm per day,426
01-Jul-2014 00:00,2014,7,9.2001953125,1.85133394281915,Rainfall,4.30997844882214,-0.0483865506284003,mm per day,427
01-Aug-2014 00:00,2014,8,8.88671875,-2.03615359042553,Rainfall,4.30986381930069,-0.0487214056500501,mm per day,428
01-Sep-2014 00:00,2014,9,10.0029296875,0.68783244680851,Rainfall,4.30974918977924,-0.0490562606717,mm per day,429
01-Oct-2014 00:00,2014,10,8.2802734375,1.36783161569149,Rainfall,4.30963456025779,-0.0493911156933498,mm per day,430
01-Nov-2014 00:00,2014,11,3.90625,0.0587391954787231,Rainfall,4.30951993073634,-0.0497259707149996,mm per day,431
01-Dec-2014 00:00,2014,12,1.5751953125,-1.07041638962766,Rainfall,4.30940530121488,-0.0500608257366495,mm per day,432
01-Jan-2015 00:00,2015,1,3.81640625,1.63902509973404,Rainfall,4.30929067169343,-0.0503956807582993,mm per day,433
01-Feb-2015 00:00,2015,2,0.5439453125,-0.729554521276596,Rainfall,4.30917604217198,-0.0507305357799491,mm per day,434
01-Mar-2015 00:00,2015,3,2.1943359375,1.18355219414894,Rainfall,4.3090614126505304,-0.0510653908015989,mm per day,435
01-Apr-2015 00:00,2015,4,0.8017578125,-0.648707613031915,Rainfall,4.30894678312908,-0.0514002458232488,mm per day,436
01-May-2015 00:00,2015,5,3.564453125,1.58963597074468,Rainfall,4.30883215360762,-0.0517351008448986,mm per day,437
01-Jun-2015 00:00,2015,6,1.65234375,-1.38682263962766,Rainfall,4.30871752408617,-0.0520699558665484,mm per day,438
01-Jul-2015 00:00,2015,7,9.0029296875,1.65406831781915,Rainfall,4.30860289456472,-0.0524048108881982,mm per day,439
01-Aug-2015 00:00,2015,8,9.4375,-1.48537234042553,Rainfall,4.30848826504327,-0.0527396659098481,mm per day,440
01-Sep-2015 00:00,2015,9,6.556640625,-2.75845661569149,Rainfall,4.30837363552181,-0.0530745209314979,mm per day,441
01-Oct-2015 00:00,2015,10,6.681640625,-0.23080119680851,Rainfall,4.30825900600036,-0.0534093759531477,mm per day,442
01-Nov-2015 00:00,2015,11,2.08203125,-1.76547955452128,Rainfall,4.30814437647891,-0.0537442309747976,mm per day,443
01-Dec-2015 00:00,2015,12,1.119140625,-1.52647107712766,Rainfall,4.30802974695746,-0.0540790859964474,mm per day,444
01-Jan-2016 00:00,2016,1,1.517578125,-0.659803025265957,Rainfall,4.307915117436,-0.0544139410180972,mm per day,445
01-Feb-2016 00:00,2016,2,0.6708984375,-0.602601396276596,Rainfall,4.30780048791455,-0.054748796039747,mm per day,446
01-Mar-2016 00:00,2016,3,0.9365234375,-0.0742603058510638,Rainfall,4.3076858583931,-0.0550836510613969,mm per day,447
01-Apr-2016 00:00,2016,4,0.4765625,-0.973902925531915,Rainfall,4.30757122887165,-0.0554185060830467,mm per day,448
01-May-2016 00:00,2016,5,1.2578125,-0.717004654255319,Rainfall,4.3074565993502,-0.0557533611046965,mm per day,449
01-Jun-2016 00:00,2016,6,1.392578125,-1.64658826462766,Rainfall,4.30734196982874,-0.0560882161263464,mm per day,450
01-Jul-2016 00:00,2016,7,2.92578125,-4.42308011968085,Rainfall,4.30722734030729,-0.0564230711479962,mm per day,451
01-Aug-2016 00:00,2016,8,13.259765625,2.33689328457447,Rainfall,4.30711271078584,-0.056757926169646,mm per day,452
01-Sep-2016 00:00,2016,9,10.173828125,0.85873088430851,Rainfall,4.30699808126439,-0.0570927811912958,mm per day,453
01-Oct-2016 00:00,2016,10,3.38671875,-3.52572307180851,Rainfall,4.30688345174294,-0.0574276362129457,mm per day,454
01-Nov-2016 00:00,2016,11,6.3173828125,2.46987200797872,Rainfall,4.30676882222148,-0.0577624912345955,mm per day,455
01-Dec-2016 00:00,2016,12,2.162109375,-0.48350232712766,Rainfall,4.30665419270003,-0.0580973462562453,mm per day,456
01-Jan-2017 00:00,2017,1,1.826171875,-0.351209275265957,Rainfall,4.30653956317858,-0.0584322012778952,mm per day,457
01-Feb-2017 00:00,2017,2,2.212890625,0.939390791223404,Rainfall,4.30642493365713,-0.058767056299545,mm per day,458
01-Mar-2017 00:00,2017,3,1.890625,0.879841256648936,Rainfall,4.30631030413567,-0.0591019113211948,mm per day,459
01-Apr-2017 00:00,2017,4,2.380859375,0.930393949468085,Rainfall,4.30619567461422,-0.0594367663428446,mm per day,460
01-May-2017 00:00,2017,5,0.8486328125,-1.12618434175532,Rainfall,4.30608104509277,-0.0597716213644945,mm per day,461
01-Jun-2017 00:00,2017,6,2.8017578125,-0.23740857712766,Rainfall,4.30596641557132,-0.0601064763861443,mm per day,462
01-Jul-2017 00:00,2017,7,5.630859375,-1.71800199468085,Rainfall,4.30585178604987,-0.0604413314077941,mm per day,463
01-Aug-2017 00:00,2017,8,11.953125,1.03025265957447,Rainfall,4.30573715652841,-0.060776186429444,mm per day,464
01-Sep-2017 00:00,2017,9,6.4541015625,-2.86099567819149,Rainfall,4.30562252700696,-0.0611110414510938,mm per day,465
01-Oct-2017 00:00,2017,10,6.8134765625,-0.0989652593085104,Rainfall,4.30550789748551,-0.0614458964727436,mm per day,466
01-Nov-2017 00:00,2017,11,2.189453125,-1.65805767952128,Rainfall,4.30539326796406,-0.0617807514943934,mm per day,467
01-Dec-2017 00:00,2017,12,2.7919921875,0.14638048537234,Rainfall,4.3052786384426,-0.0621156065160433,mm per day,468
01-Jan-2018 00:00,2018,1,1.3818359375,-0.795545212765957,Rainfall,4.30516400892115,-0.0624504615376931,mm per day,469
01-Feb-2018 00:00,2018,2,1.3203125,0.0468126662234043,Rainfall,4.3050493793997,-0.0627853165593429,mm per day,470
01-Mar-2018 00:00,2018,3,2.177734375,1.16695063164894,Rainfall,4.30493474987825,-0.0631201715809927,mm per day,471
01-Apr-2018 00:00,2018,4,2.09765625,0.647190824468085,Rainfall,4.3048201203568,-0.0634550266026426,mm per day,472
01-May-2018 00:00,2018,5,1.4013671875,-0.573449966755319,Rainfall,4.30470549083534,-0.0637898816242924,mm per day,473
01-Jun-2018 00:00,2018,6,4.8525390625,1.81337267287234,Rainfall,4.30459086131389,-0.0641247366459422,mm per day,474
01-Jul-2018 00:00,2018,7,12.2021484375,4.85328706781915,Rainfall,4.30447623179244,-0.0644595916675921,mm per day,475
01-Aug-2018 00:00,2018,8,16.849609375,5.92673703457447,Rainfall,4.30436160227099,-0.0647944466892419,mm per day,476
01-Sep-2018 00:00,2018,9,8.08203125,-1.23306599069149,Rainfall,4.30424697274954,-0.0651293017108917,mm per day,477
01-Oct-2018 00:00,2018,10,4.84765625,-2.06478557180851,Rainfall,4.30413234322808,-0.0654641567325415,mm per day,478
01-Nov-2018 00:00,2018,11,3.076171875,-0.771338929521277,Rainfall,4.30401771370663,-0.0657990117541914,mm per day,479
01-Dec-2018 00:00,2018,12,2.396484375,-0.24912732712766,Rainfall,4.30390308418518,-0.0661338667758412,mm per day,480
01-Jan-2019 00:00,2019,1,1.4892578125,-0.688123337765957,Rainfall,4.30378845466373,-0.066468721797491,mm per day,481
01-Feb-2019 00:00,2019,2,2.7197265625,1.4462267287234,Rainfall,4.30367382514227,-0.0668035768191409,mm per day,482
01-Mar-2019 00:00,2019,3,0.486328125,-0.524455618351064,Rainfall,4.30355919562082,-0.0671384318407907,mm per day,483
01-Apr-2019 00:00,2019,4,0.5888671875,-0.861598238031915,Rainfall,4.30344456609937,-0.0674732868624405,mm per day,484
01-May-2019 00:00,2019,5,3.634765625,1.65994847074468,Rainfall,4.30332993657792,-0.0678081418840903,mm per day,485
01-Jun-2019 00:00,2019,6,0.8974609375,-2.14170545212766,Rainfall,4.30321530705647,-0.0681429969057402,mm per day,486
01-Jul-2019 00:00,2019,7,5.69921875,-1.64964261968085,Rainfall,4.30310067753501,-0.06847785192739,mm per day,487
01-Aug-2019 00:00,2019,8,16.06640625,5.14353390957447,Rainfall,4.30298604801356,-0.0688127069490398,mm per day,488
01-Sep-2019 00:00,2019,9,12.810546875,3.49544963430851,Rainfall,4.30287141849211,-0.0691475619706896,mm per day,489
01-Oct-2019 00:00,2019,10,9.0615234375,2.14908161569149,Rainfall,4.30275678897066,-0.0694824169923395,mm per day,490
01-Nov-2019 00:00,2019,11,5.6640625,1.81655169547872,Rainfall,4.30264215944921,-0.0698172720139893,mm per day,491
01-Dec-2019 00:00,2019,12,0.9091796875,-1.73643201462766,Rainfall,4.30252752992775,-0.0701521270356391,mm per day,492
01-Jan-2020 00:00,2020,1,1.255859375,-0.921521775265957,Rainfall,4.3024129004063,-0.070486982057289,mm per day,493
01-Feb-2020 00:00,2020,2,0.986328125,-0.287171708776596,Rainfall,4.30229827088485,-0.0708218370789388,mm per day,494
01-Mar-2020 00:00,2020,3,0.9150390625,-0.0957446808510638,Rainfall,4.3021836413634,-0.0711566921005886,mm per day,495
01-Apr-2020 00:00,2020,4,0.4423828125,-1.00808261303191,Rainfall,4.30206901184194,-0.0714915471222384,mm per day,496
01-May-2020 00:00,2020,5,0.865234375,-1.10958277925532,Rainfall,4.30195438232049,-0.0718264021438883,mm per day,497
01-Jun-2020 00:00,2020,6,2.1572265625,-0.88193982712766,Rainfall,4.30183975279904,-0.0721612571655381,mm per day,498
01-Jul-2020 00:00,2020,7,3.685546875,-3.66331449468085,Rainfall,4.30172512327759,-0.0724961121871879,mm per day,499
01-Aug-2020 00:00,2020,8,7.392578125,-3.53029421542553,Rainfall,4.30161049375614,-0.0728309672088378,mm per day,500
01-Sep-2020 00:00,2020,9,10.20703125,0.89193400930851,Rainfall,4.30149586423468,-0.0731658222304876,mm per day,501
01-Oct-2020 00:00,2020,10,7.1162109375,0.20376911569149,Rainfall,4.30138123471323,-0.0735006772521374,mm per day,502
01-Nov-2020 00:00,2020,11,3.732421875,-0.115088929521277,Rainfall,4.30126660519178,-0.0738355322737872,mm per day,503
01-Dec-2020 00:00,2020,12,1.630859375,-1.01475232712766,Rainfall,4.30115197567033,-0.074170387295437,mm per day,504
01-Jan-2021 00:00,2021,1,1.4462890625,-0.731092087765957,Rainfall,4.30103734614887,-0.0745052423170869,mm per day,505
01-Feb-2021 00:00,2021,2,1.966796875,0.693297041223404,Rainfall,4.30092271662742,-0.0748400973387367,mm per day,506
01-Mar-2021 00:00,2021,3,1.1240234375,0.113239694148936,Rainfall,4.30080808710597,-0.0751749523603866,mm per day,507
01-Apr-2021 00:00,2021,4,2.416015625,0.965550199468085,Rainfall,4.30069345758452,-0.0755098073820364,mm per day,508
01-May-2021 00:00,2021,5,1.0830078125,-0.891809341755319,Rainfall,4.30057882806307,-0.0758446624036862,mm per day,509
01-Jun-2021 00:00,2021,6,4.8212890625,1.78212267287234,Rainfall,4.30046419854161,-0.076179517425336,mm per day,510
01-Jul-2021 00:00,2021,7,10.6337890625,3.28492769281915,Rainfall,4.30034956902016,-0.0765143724469859,mm per day,511
01-Aug-2021 00:00,2021,8,8.3330078125,-2.58986452792553,Rainfall,4.30023493949871,-0.0768492274686357,mm per day,512
01-Sep-2021 00:00,2021,9,7.2197265625,-2.09537067819149,Rainfall,4.30012030997726,-0.0771840824902855,mm per day,513
01-Oct-2021 00:00,2021,10,8.5810546875,1.66861286569149,Rainfall,4.3000056804558,-0.0775189375119354,mm per day,514
01-Nov-2021 00:00,2021,11,2.8408203125,-1.00669049202128,Rainfall,4.29989105093435,-0.0778537925335852,mm per day,515
01-Dec-2021 00:00,2021,12,2.0908203125,-0.55479138962766,Rainfall,4.2997764214129,-0.078188647555235,mm per day,516
01-Jan-2022 00:00,2022,1,1.4345703125,-0.742810837765957,Rainfall,4.29966179189145,-0.0785235025768848,mm per day,517
01-Feb-2022 00:00,2022,2,0.724609375,-0.548890458776596,Rainfall,4.29954716237,-0.0788583575985347,mm per day,518
01-Mar-2022 00:00,2022,3,0.962890625,-0.0478931183510638,Rainfall,4.29943253284854,-0.0791932126201845,mm per day,519
01-Apr-2022 00:00,2022,4,4.8115234375,3.36105801196809,Rainfall,4.29931790332709,-0.0795280676418343,mm per day,520
01-May-2022 00:00,2022,5,0.6259765625,-1.34884059175532,Rainfall,4.29920327380564,-0.0798629226634841,mm per day,521
01-Jun-2022 00:00,2022,6,3.0810546875,0.0418882978723403,Rainfall,4.29908864428419,-0.080197777685134,mm per day,522
01-Jul-2022 00:00,2022,7,7.57421875,0.225357380319149,Rainfall,4.29897401476274,-0.0805326327067838,mm per day,523
01-Aug-2022 00:00,2022,8,7.2890625,-3.63380984042553,Rainfall,4.29885938524128,-0.0808674877284336,mm per day,524
01-Sep-2022 00:00,2022,9,12.2255859375,2.91048869680851,Rainfall,4.29874475571983,-0.0812023427500835,mm per day,525
01-Oct-2022 00:00,2022,10,6.8115234375,-0.10091838430851,Rainfall,4.29863012619838,-0.0815371977717333,mm per day,526
01-Nov-2022 00:00,2022,11,1.7685546875,-2.07895611702128,Rainfall,4.29851549667693,-0.0818720527933831,mm per day,527
01-Dec-2022 00:00,2022,12,3.2197265625,0.57411486037234,Rainfall,4.29840086715547,-0.0822069078150329,mm per day,528
01-Jan-2023 00:00,2023,1,2.978515625,0.801134474734043,Rainfall,4.29828623763402,-0.0825417628366828,mm per day,529
01-Feb-2023 00:00,2023,2,1.60546875,0.331968916223404,Rainfall,4.29817160811257,-0.0828766178583326,mm per day,530
01-Mar-2023 00:00,2023,3,1.322265625,0.311481881648936,Rainfall,4.29805697859112,-0.0832114728799824,mm per day,531
01-Apr-2023 00:00,2023,4,1.357421875,-0.0930435505319149,Rainfall,4.29794234906967,-0.0835463279016323,mm per day,532
01-May-2023 00:00,2023,5,3.669921875,1.69510472074468,Rainfall,4.29782771954821,-0.0838811829232821,mm per day,533
01-Jun-2023 00:00,2023,6,1.7705078125,-1.26865857712766,Rainfall,4.29771309002676,-0.0842160379449319,mm per day,534
01-Jul-2023 00:00,2023,7,5.1396484375,-2.20921293218085,Rainfall,4.29759846050531,-0.0845508929665817,mm per day,535
01-Aug-2023 00:00,2023,8,11.8916015625,0.968729222074469,Rainfall,4.29748383098386,-0.0848857479882316,mm per day,536
01-Sep-2023 00:00,2023,9,7.8125,-1.50259724069149,Rainfall,4.2973692014624,-0.0852206030098814,mm per day,537
01-Oct-2023 00:00,2023,10,7.048828125,0.13638630319149,Rainfall,4.29725457194095,-0.0855554580315312,mm per day,538
01-Nov-2023 00:00,2023,11,2.6826171875,-1.16489361702128,Rainfall,4.2971399424195,-0.085890313053181,mm per day,539
01-Dec-2023 00:00,2023,12,1.4091796875,-1.23643201462766,Rainfall,4.29702531289805,-0.0862251680748309,mm per day,540
01-Jan-2024 00:00,2024,1,1.3642578125,-0.813123337765957,Rainfall,4.2969106833766,-0.0865600230964807,mm per day,541
01-Feb-2024 00:00,2024,2,0.642578125,-0.630921708776596,Rainfall,4.29679605385514,-0.0868948781181305,mm per day,542
01-Mar-2024 00:00,2024,3,0.736328125,-0.274455618351064,Rainfall,4.29668142433369,-0.0872297331397804,mm per day,543
01-Apr-2024 00:00,2024,4,0.4228515625,-1.02761386303191,Rainfall,4.29656679481224,-0.0875645881614302,mm per day,544
01-May-2024 00:00,2024,5,0.767578125,-1.20723902925532,Rainfall,4.29645216529079,-0.08789944318308,mm per day,545
01-Jun-2024 00:00,2024,6,1.8779296875,-1.16123670212766,Rainfall,4.29633753576934,-0.0882342982047298,mm per day,546
01-Jul-2024 00:00,2024,7,4.5390625,-2.80979886968085,Rainfall,4.29622290624788,-0.0885691532263797,mm per day,547
01-Aug-2024 00:00,2024,8,11.68359375,0.760721409574469,Rainfall,4.29610827672643,-0.0889040082480295,mm per day,548
01-Sep-2024 00:00,2024,9,12.9599609375,3.64486369680851,Rainfall,4.29599364720498,-0.0892388632696793,mm per day,549
01-Oct-2024 00:00,2024,10,9.1318359375,2.21939411569149,Rainfall,4.29587901768353,-0.0895737182913292,mm per day,550
01-Nov-2024 00:00,2024,11,2.6953125,-1.15219830452128,Rainfall,4.29576438816208,-0.089908573312979,mm per day,551
01-Dec-2024 00:00,2024,12,1.984375,-0.66123670212766,Rainfall,4.29564975864062,-0.0902434283346288,mm per day,552
01-Jan-2025 00:00,2025,1,1.68359375,-0.493787400265957,Rainfall,4.29553512911917,-0.0905782833562786,mm per day,553
01-Feb-2025 00:00,2025,2,0.697265625,-0.576234208776596,Rainfall,4.29542049959772,-0.0909131383779285,mm per day,554
01-Mar-2025 00:00,2025,3,0.9111328125,-0.0996509308510638,Rainfall,4.29530587007627,-0.0912479933995783,mm per day,555
01-Apr-2025 00:00,2025,4,0.6298828125,-0.820582613031915,Rainfall,4.29519124055481,-0.0915828484212281,mm per day,556
01-May-2025 00:00,2025,5,1.2119140625,-0.762903091755319,Rainfall,4.29507661103336,-0.091917703442878,mm per day,557
01-Jun-2025 00:00,2025,6,6.412109375,3.37294298537234,Rainfall,4.29496198151191,-0.0922525584645278,mm per day,558
01-Jul-2025 00:00,2025,7,16.15234375,8.80348238031915,Rainfall,4.29484735199046,-0.0925874134861776,mm per day,559
01-Aug-2025 00:00,2025,8,5.931640625,-4.99123171542553,Rainfall,4.294732722469,-0.0929222685078274,mm per day,560
01-Sep-2025 00:00,2025,9,6.296875,-3.01822224069149,Rainfall,4.29461809294755,-0.0932571235294773,mm per day,561
01-Oct-2025 00:00,2025,10,6.375,-0.53744182180851,Rainfall,4.2945034634261,-0.0935919785511271,mm per day,562
01-Nov-2025 00:00,2025,11,4.0283203125,0.180809507978723,Rainfall,4.29438883390465,-0.0939268335727769,mm per day,563
01-Dec-2025 00:00,2025,12,2.806640625,0.16102892287234,Rainfall,4.2942742043832,-0.0942616885944268,mm per day,564
