Date_Time,Year,Month,Value,Anom,ID,Value_lm,Anom_lm,Units,...1
15-MAR-1958 23:39,1958,3,315.71,314.44,CO2,NA,NA,ppm,NA
16-APR-1958 00:15,1958,4,317.45,315.16,CO2,NA,NA,ppm,NA
16-MAY-1958 00:19,1958,5,317.51,314.69,CO2,NA,NA,ppm,NA
16-JUN-1958 00:02,1958,6,317.27,315.15,CO2,NA,NA,ppm,NA
16-JUL-1958 00:07,1958,7,315.87,315.2,CO2,NA,NA,ppm,NA
15-AUG-1958 23:50,1958,8,314.93,316.21,CO2,NA,NA,ppm,NA
15-SEP-1958 23:34,1958,9,313.21,316.11,CO2,NA,NA,ppm,NA
15-OCT-1958 23:38,1958,10,312.42,315.41,CO2,NA,NA,ppm,NA
16-NOV-1958 00:14,1958,11,313.33,315.21,CO2,NA,NA,ppm,NA
16-DEC-1958 00:18,1958,12,314.67,315.43,CO2,NA,NA,ppm,NA
16-JAN-1959 00:02,1959,1,315.58,315.52,CO2,NA,NA,ppm,NA
15-FEB-1959 23:45,1959,2,316.49,315.84,CO2,NA,NA,ppm,NA
15-MAR-1959 23:39,1959,3,316.65,315.37,CO2,NA,NA,ppm,NA
16-APR-1959 00:15,1959,4,317.72,315.42,CO2,NA,NA,ppm,NA
16-MAY-1959 00:19,1959,5,318.29,315.46,CO2,NA,NA,ppm,NA
16-JUN-1959 00:02,1959,6,318.15,316,CO2,NA,NA,ppm,NA
16-JUL-1959 00:07,1959,7,316.54,315.87,CO2,NA,NA,ppm,NA
15-AUG-1959 23:50,1959,8,314.8,316.09,CO2,NA,NA,ppm,NA
15-SEP-1959 23:34,1959,9,313.84,316.75,CO2,NA,NA,ppm,NA
15-OCT-1959 23:38,1959,10,313.33,316.34,CO2,NA,NA,ppm,NA
16-NOV-1959 00:14,1959,11,314.81,316.69,CO2,NA,NA,ppm,NA
16-DEC-1959 00:18,1959,12,315.58,316.35,CO2,NA,NA,ppm,NA
16-JAN-1960 00:08,1960,1,316.43,316.38,CO2,NA,NA,ppm,NA
16-FEB-1960 00:08,1960,2,316.98,316.33,CO2,NA,NA,ppm,NA
15-MAR-1960 23:50,1960,3,317.58,316.27,CO2,NA,NA,ppm,NA
15-APR-1960 23:50,1960,4,319.03,316.7,CO2,NA,NA,ppm,NA
16-MAY-1960 00:08,1960,5,320.03,317.19,CO2,NA,NA,ppm,NA
16-JUN-1960 00:08,1960,6,319.58,317.45,CO2,NA,NA,ppm,NA
16-JUL-1960 00:25,1960,7,318.18,317.54,CO2,NA,NA,ppm,NA
16-AUG-1960 00:25,1960,8,315.9,317.22,CO2,NA,NA,ppm,NA
16-SEP-1960 00:26,1960,9,314.17,317.1,CO2,NA,NA,ppm,NA
15-OCT-1960 23:50,1960,10,313.83,316.85,CO2,NA,NA,ppm,NA
15-NOV-1960 23:51,1960,11,315,316.89,CO2,NA,NA,ppm,NA
16-DEC-1960 00:08,1960,12,316.19,316.96,CO2,NA,NA,ppm,NA
16-JAN-1961 00:02,1961,1,316.89,316.84,CO2,NA,NA,ppm,NA
15-FEB-1961 23:45,1961,2,317.7,317.05,CO2,NA,NA,ppm,NA
15-MAR-1961 23:39,1961,3,318.54,317.25,CO2,NA,NA,ppm,NA
16-APR-1961 00:15,1961,4,319.48,317.16,CO2,NA,NA,ppm,NA
16-MAY-1961 00:19,1961,5,320.58,317.73,CO2,NA,NA,ppm,NA
16-JUN-1961 00:02,1961,6,319.77,317.61,CO2,NA,NA,ppm,NA
16-JUL-1961 00:07,1961,7,318.56,317.89,CO2,NA,NA,ppm,NA
15-AUG-1961 23:50,1961,8,316.79,318.09,CO2,NA,NA,ppm,NA
15-SEP-1961 23:34,1961,9,314.99,317.92,CO2,NA,NA,ppm,NA
15-OCT-1961 23:38,1961,10,315.31,318.34,CO2,NA,NA,ppm,NA
16-NOV-1961 00:14,1961,11,316.1,318,CO2,NA,NA,ppm,NA
16-DEC-1961 00:18,1961,12,317.01,317.78,CO2,NA,NA,ppm,NA
16-JAN-1962 00:02,1962,1,317.94,317.89,CO2,NA,NA,ppm,NA
15-FEB-1962 23:45,1962,2,318.55,317.89,CO2,NA,NA,ppm,NA
15-MAR-1962 23:39,1962,3,319.68,318.39,CO2,NA,NA,ppm,NA
16-APR-1962 00:15,1962,4,320.57,318.24,CO2,NA,NA,ppm,NA
16-MAY-1962 00:19,1962,5,321.02,318.16,CO2,NA,NA,ppm,NA
16-JUN-1962 00:02,1962,6,320.62,318.45,CO2,NA,NA,ppm,NA
16-JUL-1962 00:07,1962,7,319.61,318.94,CO2,NA,NA,ppm,NA
15-AUG-1962 23:50,1962,8,317.4,318.71,CO2,NA,NA,ppm,NA
15-SEP-1962 23:34,1962,9,316.24,319.18,CO2,NA,NA,ppm,NA
15-OCT-1962 23:38,1962,10,315.42,318.46,CO2,NA,NA,ppm,NA
16-NOV-1962 00:14,1962,11,316.69,318.59,CO2,NA,NA,ppm,NA
16-DEC-1962 00:18,1962,12,317.7,318.47,CO2,NA,NA,ppm,NA
16-JAN-1963 00:02,1963,1,318.74,318.69,CO2,NA,NA,ppm,NA
15-FEB-1963 23:45,1963,2,319.07,318.41,CO2,NA,NA,ppm,NA
15-MAR-1963 23:39,1963,3,319.86,318.57,CO2,NA,NA,ppm,NA
16-APR-1963 00:15,1963,4,321.38,319.05,CO2,NA,NA,ppm,NA
16-MAY-1963 00:19,1963,5,322.24,319.38,CO2,NA,NA,ppm,NA
16-JUN-1963 00:02,1963,6,321.49,319.31,CO2,NA,NA,ppm,NA
16-JUL-1963 00:07,1963,7,319.74,319.07,CO2,NA,NA,ppm,NA
15-AUG-1963 23:50,1963,8,317.77,319.07,CO2,NA,NA,ppm,NA
15-SEP-1963 23:34,1963,9,316.21,319.16,CO2,NA,NA,ppm,NA
15-OCT-1963 23:38,1963,10,315.99,319.03,CO2,NA,NA,ppm,NA
16-NOV-1963 00:14,1963,11,317.07,318.98,CO2,NA,NA,ppm,NA
16-DEC-1963 00:18,1963,12,318.35,319.13,CO2,NA,NA,ppm,NA
16-JAN-1964 00:08,1964,1,319.57,319.52,CO2,NA,NA,ppm,NA
16-FEB-1964 00:08,1964,2,320.04,319.37,CO2,NA,NA,ppm,NA
15-MAR-1964 23:50,1964,3,320.75,319.41,CO2,NA,NA,ppm,NA
15-APR-1964 23:50,1964,4,321.84,319.46,CO2,NA,NA,ppm,NA
16-MAY-1964 00:08,1964,5,322.25,319.37,CO2,NA,NA,ppm,NA
16-JUN-1964 00:08,1964,6,321.89,319.73,CO2,NA,NA,ppm,NA
16-JUL-1964 00:25,1964,7,320.44,319.79,CO2,NA,NA,ppm,NA
16-AUG-1964 00:25,1964,8,318.69,320.03,CO2,NA,NA,ppm,NA
16-SEP-1964 00:26,1964,9,316.71,319.67,CO2,NA,NA,ppm,NA
15-OCT-1964 23:50,1964,10,316.87,319.93,CO2,NA,NA,ppm,NA
15-NOV-1964 23:51,1964,11,317.68,319.59,CO2,NA,NA,ppm,NA
16-DEC-1964 00:08,1964,12,318.71,319.49,CO2,NA,NA,ppm,NA
16-JAN-1965 00:02,1965,1,319.44,319.38,CO2,NA,NA,ppm,NA
15-FEB-1965 23:45,1965,2,320.44,319.79,CO2,NA,NA,ppm,NA
15-MAR-1965 23:39,1965,3,320.89,319.59,CO2,NA,NA,ppm,NA
16-APR-1965 00:15,1965,4,322.14,319.79,CO2,NA,NA,ppm,NA
16-MAY-1965 00:19,1965,5,322.17,319.28,CO2,NA,NA,ppm,NA
16-JUN-1965 00:02,1965,6,321.87,319.68,CO2,NA,NA,ppm,NA
16-JUL-1965 00:07,1965,7,321.21,320.53,CO2,NA,NA,ppm,NA
15-AUG-1965 23:50,1965,8,318.87,320.18,CO2,NA,NA,ppm,NA
15-SEP-1965 23:34,1965,9,317.82,320.78,CO2,NA,NA,ppm,NA
15-OCT-1965 23:38,1965,10,317.3,320.37,CO2,NA,NA,ppm,NA
16-NOV-1965 00:14,1965,11,318.87,320.79,CO2,NA,NA,ppm,NA
16-DEC-1965 00:18,1965,12,319.42,320.2,CO2,NA,NA,ppm,NA
16-JAN-1966 00:02,1966,1,320.62,320.57,CO2,NA,NA,ppm,NA
15-FEB-1966 23:45,1966,2,321.6,320.94,CO2,NA,NA,ppm,NA
15-MAR-1966 23:39,1966,3,322.39,321.08,CO2,NA,NA,ppm,NA
16-APR-1966 00:15,1966,4,323.7,321.34,CO2,NA,NA,ppm,NA
16-MAY-1966 00:19,1966,5,324.08,321.18,CO2,NA,NA,ppm,NA
16-JUN-1966 00:02,1966,6,323.75,321.55,CO2,NA,NA,ppm,NA
16-JUL-1966 00:07,1966,7,322.37,321.69,CO2,NA,NA,ppm,NA
15-AUG-1966 23:50,1966,8,320.36,321.68,CO2,NA,NA,ppm,NA
15-SEP-1966 23:34,1966,9,318.64,321.61,CO2,NA,NA,ppm,NA
15-OCT-1966 23:38,1966,10,318.1,321.18,CO2,NA,NA,ppm,NA
16-NOV-1966 00:14,1966,11,319.78,321.71,CO2,NA,NA,ppm,NA
16-DEC-1966 00:18,1966,12,321.02,321.81,CO2,NA,NA,ppm,NA
16-JAN-1967 00:02,1967,1,322.33,322.28,CO2,NA,NA,ppm,NA
15-FEB-1967 23:45,1967,2,322.5,321.83,CO2,NA,NA,ppm,NA
15-MAR-1967 23:39,1967,3,323.03,321.72,CO2,NA,NA,ppm,NA
16-APR-1967 00:15,1967,4,324.41,322.05,CO2,NA,NA,ppm,NA
16-MAY-1967 00:19,1967,5,325,322.09,CO2,NA,NA,ppm,NA
16-JUN-1967 00:02,1967,6,324.09,321.89,CO2,NA,NA,ppm,NA
16-JUL-1967 00:07,1967,7,322.54,321.86,CO2,NA,NA,ppm,NA
15-AUG-1967 23:50,1967,8,320.92,322.24,CO2,NA,NA,ppm,NA
15-SEP-1967 23:34,1967,9,319.25,322.24,CO2,NA,NA,ppm,NA
15-OCT-1967 23:38,1967,10,319.39,322.48,CO2,NA,NA,ppm,NA
16-NOV-1967 00:14,1967,11,320.73,322.66,CO2,NA,NA,ppm,NA
16-DEC-1967 00:18,1967,12,321.96,322.74,CO2,NA,NA,ppm,NA
16-JAN-1968 00:08,1968,1,322.57,322.51,CO2,NA,NA,ppm,NA
16-FEB-1968 00:08,1968,2,323.15,322.48,CO2,NA,NA,ppm,NA
15-MAR-1968 23:50,1968,3,323.89,322.55,CO2,NA,NA,ppm,NA
15-APR-1968 23:50,1968,4,325.02,322.63,CO2,NA,NA,ppm,NA
16-MAY-1968 00:08,1968,5,325.57,322.66,CO2,NA,NA,ppm,NA
16-JUN-1968 00:08,1968,6,325.36,323.17,CO2,NA,NA,ppm,NA
16-JUL-1968 00:25,1968,7,324.14,323.48,CO2,NA,NA,ppm,NA
16-AUG-1968 00:25,1968,8,322.11,323.46,CO2,NA,NA,ppm,NA
16-SEP-1968 00:26,1968,9,320.33,323.33,CO2,NA,NA,ppm,NA
15-OCT-1968 23:50,1968,10,320.25,323.34,CO2,NA,NA,ppm,NA
15-NOV-1968 23:51,1968,11,321.32,323.26,CO2,NA,NA,ppm,NA
16-DEC-1968 00:08,1968,12,322.89,323.68,CO2,NA,NA,ppm,NA
16-JAN-1969 00:02,1969,1,324,323.95,CO2,NA,NA,ppm,NA
15-FEB-1969 23:45,1969,2,324.41,323.75,CO2,NA,NA,ppm,NA
15-MAR-1969 23:39,1969,3,325.63,324.31,CO2,NA,NA,ppm,NA
16-APR-1969 00:15,1969,4,326.66,324.28,CO2,NA,NA,ppm,NA
16-MAY-1969 00:19,1969,5,327.38,324.46,CO2,NA,NA,ppm,NA
16-JUN-1969 00:02,1969,6,326.71,324.49,CO2,NA,NA,ppm,NA
16-JUL-1969 00:07,1969,7,325.88,325.19,CO2,NA,NA,ppm,NA
15-AUG-1969 23:50,1969,8,323.66,324.99,CO2,NA,NA,ppm,NA
15-SEP-1969 23:34,1969,9,322.38,325.38,CO2,NA,NA,ppm,NA
15-OCT-1969 23:38,1969,10,321.78,324.89,CO2,NA,NA,ppm,NA
16-NOV-1969 00:14,1969,11,322.85,324.8,CO2,NA,NA,ppm,NA
16-DEC-1969 00:18,1969,12,324.11,324.91,CO2,NA,NA,ppm,NA
16-JAN-1970 00:02,1970,1,325.06,325.01,CO2,NA,NA,ppm,NA
15-FEB-1970 23:45,1970,2,325.99,325.31,CO2,NA,NA,ppm,NA
15-MAR-1970 23:39,1970,3,326.93,325.61,CO2,NA,NA,ppm,NA
16-APR-1970 00:15,1970,4,328.13,325.75,CO2,NA,NA,ppm,NA
16-MAY-1970 00:19,1970,5,328.08,325.15,CO2,NA,NA,ppm,NA
16-JUN-1970 00:02,1970,6,327.67,325.44,CO2,NA,NA,ppm,NA
16-JUL-1970 00:07,1970,7,326.34,325.65,CO2,NA,NA,ppm,NA
15-AUG-1970 23:50,1970,8,324.68,326.02,CO2,NA,NA,ppm,NA
15-SEP-1970 23:34,1970,9,323.1,326.11,CO2,NA,NA,ppm,NA
15-OCT-1970 23:38,1970,10,323.06,326.18,CO2,NA,NA,ppm,NA
16-NOV-1970 00:14,1970,11,324.01,325.96,CO2,NA,NA,ppm,NA
16-DEC-1970 00:18,1970,12,325.13,325.93,CO2,NA,NA,ppm,NA
16-JAN-1971 00:02,1971,1,326.17,326.12,CO2,NA,NA,ppm,NA
15-FEB-1971 23:45,1971,2,326.69,326.01,CO2,NA,NA,ppm,NA
15-MAR-1971 23:39,1971,3,327.18,325.85,CO2,NA,NA,ppm,NA
16-APR-1971 00:15,1971,4,327.78,325.39,CO2,NA,NA,ppm,NA
16-MAY-1971 00:19,1971,5,328.93,325.99,CO2,NA,NA,ppm,NA
16-JUN-1971 00:02,1971,6,328.57,326.34,CO2,NA,NA,ppm,NA
16-JUL-1971 00:07,1971,7,327.36,326.67,CO2,NA,NA,ppm,NA
15-AUG-1971 23:50,1971,8,325.43,326.77,CO2,NA,NA,ppm,NA
15-SEP-1971 23:34,1971,9,323.36,326.38,CO2,NA,NA,ppm,NA
15-OCT-1971 23:38,1971,10,323.56,326.69,CO2,NA,NA,ppm,NA
16-NOV-1971 00:14,1971,11,324.8,326.75,CO2,NA,NA,ppm,NA
16-DEC-1971 00:18,1971,12,326.01,326.81,CO2,NA,NA,ppm,NA
16-JAN-1972 00:08,1972,1,326.77,326.71,CO2,NA,NA,ppm,NA
16-FEB-1972 00:08,1972,2,327.63,326.96,CO2,NA,NA,ppm,NA
15-MAR-1972 23:50,1972,3,327.75,326.39,CO2,NA,NA,ppm,NA
15-APR-1972 23:50,1972,4,329.72,327.3,CO2,NA,NA,ppm,NA
16-MAY-1972 00:08,1972,5,330.07,327.12,CO2,NA,NA,ppm,NA
16-JUN-1972 00:08,1972,6,329.09,326.87,CO2,NA,NA,ppm,NA
16-JUL-1972 00:25,1972,7,328.04,327.38,CO2,NA,NA,ppm,NA
16-AUG-1972 00:25,1972,8,326.32,327.69,CO2,NA,NA,ppm,NA
16-SEP-1972 00:26,1972,9,324.84,327.88,CO2,NA,NA,ppm,NA
15-OCT-1972 23:50,1972,10,325.2,328.33,CO2,NA,NA,ppm,NA
15-NOV-1972 23:51,1972,11,326.5,328.46,CO2,NA,NA,ppm,NA
16-DEC-1972 00:08,1972,12,327.55,328.35,CO2,NA,NA,ppm,NA
16-JAN-1973 00:02,1973,1,328.55,328.49,CO2,NA,NA,ppm,NA
15-FEB-1973 23:45,1973,2,329.57,328.89,CO2,NA,NA,ppm,NA
15-MAR-1973 23:39,1973,3,330.3,328.97,CO2,NA,NA,ppm,NA
16-APR-1973 00:15,1973,4,331.5,329.1,CO2,NA,NA,ppm,NA
16-MAY-1973 00:19,1973,5,332.48,329.52,CO2,NA,NA,ppm,NA
16-JUN-1973 00:02,1973,6,332.07,329.83,CO2,NA,NA,ppm,NA
16-JUL-1973 00:07,1973,7,330.87,330.18,CO2,NA,NA,ppm,NA
15-AUG-1973 23:50,1973,8,329.31,330.66,CO2,NA,NA,ppm,NA
15-SEP-1973 23:34,1973,9,327.52,330.56,CO2,NA,NA,ppm,NA
15-OCT-1973 23:38,1973,10,327.19,330.33,CO2,NA,NA,ppm,NA
16-NOV-1973 00:14,1973,11,328.17,330.13,CO2,NA,NA,ppm,NA
16-DEC-1973 00:18,1973,12,328.65,329.45,CO2,NA,NA,ppm,NA
16-JAN-1974 00:02,1974,1,329.36,329.3,CO2,NA,NA,ppm,NA
15-FEB-1974 23:45,1974,2,330.71,330.03,CO2,NA,NA,ppm,NA
15-MAR-1974 23:39,1974,3,331.49,330.15,CO2,NA,NA,ppm,NA
16-APR-1974 00:15,1974,4,332.65,330.24,CO2,NA,NA,ppm,NA
17-MAY-1974 21:00,1974,5,333.19,330.22,CO2,NA,NA,ppm,NA
17-JUN-1974 06:42,1974,6,332.2,329.79,CO2,NA,NA,ppm,NA
17-JUL-1974 17:17,1974,7,331.07,330.21,CO2,NA,NA,ppm,NA
17-AUG-1974 03:00,1974,8,329.15,330.54,CO2,NA,NA,ppm,NA
16-SEP-1974 12:42,1974,9,327.33,330.44,CO2,NA,NA,ppm,NA
16-OCT-1974 23:17,1974,10,327.28,330.53,CO2,NA,NA,ppm,NA
16-NOV-1974 09:00,1974,11,328.31,330.5,CO2,NA,NA,ppm,NA
16-DEC-1974 18:42,1974,12,329.58,330.55,CO2,NA,NA,ppm,NA
16-JAN-1975 05:17,1975,1,330.73,330.84,CO2,NA,NA,ppm,NA
15-FEB-1975 15:00,1975,2,331.46,330.85,CO2,NA,NA,ppm,NA
18-MAR-1975 00:42,1975,3,331.94,330.37,CO2,NA,NA,ppm,NA
17-APR-1975 11:17,1975,4,333.11,330.53,CO2,NA,NA,ppm,NA
17-MAY-1975 21:00,1975,5,333.95,330.98,CO2,NA,NA,ppm,NA
17-JUN-1975 06:42,1975,6,333.42,331.01,CO2,NA,NA,ppm,NA
17-JUL-1975 17:17,1975,7,331.97,331.12,CO2,NA,NA,ppm,NA
17-AUG-1975 03:00,1975,8,329.95,331.33,CO2,NA,NA,ppm,NA
16-SEP-1975 12:42,1975,9,328.49,331.6,CO2,NA,NA,ppm,NA
16-OCT-1975 23:17,1975,10,328.36,331.61,CO2,NA,NA,ppm,NA
16-NOV-1975 09:00,1975,11,329.38,331.57,CO2,NA,NA,ppm,NA
16-DEC-1975 18:42,1975,12,330.77,331.74,CO2,NA,NA,ppm,NA
16-JAN-1976 06:17,1976,1,331.56,331.67,CO2,NA,NA,ppm,NA
15-FEB-1976 18:00,1976,2,332.74,332.14,CO2,NA,NA,ppm,NA
17-MAR-1976 05:42,1976,3,333.36,331.79,CO2,NA,NA,ppm,NA
16-APR-1976 18:17,1976,4,334.74,332.16,CO2,NA,NA,ppm,NA
17-MAY-1976 06:00,1976,5,334.72,331.75,CO2,NA,NA,ppm,NA
16-JUN-1976 17:42,1976,6,333.97,331.56,CO2,NA,NA,ppm,NA
17-JUL-1976 06:17,1976,7,333.08,332.23,CO2,NA,NA,ppm,NA
16-AUG-1976 18:00,1976,8,330.68,332.07,CO2,NA,NA,ppm,NA
16-SEP-1976 05:42,1976,9,328.96,332.07,CO2,NA,NA,ppm,NA
16-OCT-1976 18:17,1976,10,328.72,331.98,CO2,NA,NA,ppm,NA
16-NOV-1976 06:00,1976,11,330.16,332.35,CO2,NA,NA,ppm,NA
16-DEC-1976 17:42,1976,12,331.62,332.59,CO2,NA,NA,ppm,NA
16-JAN-1977 05:17,1977,1,332.68,332.77,CO2,NA,NA,ppm,NA
15-FEB-1977 15:00,1977,2,333.17,332.58,CO2,NA,NA,ppm,NA
18-MAR-1977 00:42,1977,3,334.96,333.4,CO2,NA,NA,ppm,NA
17-APR-1977 11:17,1977,4,336.14,333.54,CO2,NA,NA,ppm,NA
17-MAY-1977 21:00,1977,5,336.93,334,CO2,NA,NA,ppm,NA
17-JUN-1977 06:42,1977,6,336.17,333.79,CO2,NA,NA,ppm,NA
17-JUL-1977 17:17,1977,7,334.89,334.01,CO2,NA,NA,ppm,NA
17-AUG-1977 03:00,1977,8,332.56,333.91,CO2,NA,NA,ppm,NA
16-SEP-1977 12:42,1977,9,331.29,334.36,CO2,NA,NA,ppm,NA
16-OCT-1977 23:17,1977,10,331.28,334.51,CO2,NA,NA,ppm,NA
16-NOV-1977 09:00,1977,11,332.46,334.68,CO2,NA,NA,ppm,NA
16-DEC-1977 18:42,1977,12,333.6,334.58,CO2,NA,NA,ppm,NA
16-JAN-1978 05:17,1978,1,334.94,335.01,CO2,NA,NA,ppm,NA
15-FEB-1978 15:00,1978,2,335.26,334.6,CO2,NA,NA,ppm,NA
18-MAR-1978 00:42,1978,3,336.66,335,CO2,NA,NA,ppm,NA
17-APR-1978 11:17,1978,4,337.69,335.07,CO2,NA,NA,ppm,NA
17-MAY-1978 21:00,1978,5,338.02,335.08,CO2,NA,NA,ppm,NA
17-JUN-1978 06:42,1978,6,338.01,335.6,CO2,NA,NA,ppm,NA
17-JUL-1978 17:17,1978,7,336.5,335.65,CO2,NA,NA,ppm,NA
17-AUG-1978 03:00,1978,8,334.42,335.87,CO2,NA,NA,ppm,NA
16-SEP-1978 12:42,1978,9,332.36,335.51,CO2,NA,NA,ppm,NA
16-OCT-1978 23:17,1978,10,332.45,335.72,CO2,NA,NA,ppm,NA
16-NOV-1978 09:00,1978,11,333.76,335.99,CO2,NA,NA,ppm,NA
16-DEC-1978 18:42,1978,12,334.91,335.87,CO2,NA,NA,ppm,NA
16-JAN-1979 05:17,1979,1,336.14,336.22,CO2,NA,NA,ppm,NA
15-FEB-1979 15:00,1979,2,336.69,336,CO2,NA,NA,ppm,NA
18-MAR-1979 00:42,1979,3,338.27,336.56,CO2,NA,NA,ppm,NA
17-APR-1979 11:17,1979,4,338.82,336.11,CO2,NA,NA,ppm,NA
17-MAY-1979 21:00,1979,5,339.24,336.24,CO2,NA,NA,ppm,NA
17-JUN-1979 06:42,1979,6,339.26,336.83,CO2,NA,NA,ppm,NA
17-JUL-1979 17:17,1979,7,337.54,336.69,CO2,NA,NA,ppm,NA
17-AUG-1979 03:00,1979,8,335.72,337.2,CO2,NA,NA,ppm,NA
16-SEP-1979 12:42,1979,9,333.97,337.19,CO2,NA,NA,ppm,NA
16-OCT-1979 23:17,1979,10,334.24,337.57,CO2,NA,NA,ppm,NA
16-NOV-1979 09:00,1979,11,335.32,337.59,CO2,NA,NA,ppm,NA
16-DEC-1979 18:42,1979,12,336.81,337.83,CO2,NA,NA,ppm,NA
16-JAN-1980 06:17,1980,1,337.9,338.13,CO2,NA,NA,ppm,NA
15-FEB-1980 18:00,1980,2,338.34,337.85,CO2,NA,NA,ppm,NA
17-MAR-1980 05:42,1980,3,340.07,338.51,CO2,NA,NA,ppm,NA
16-APR-1980 18:17,1980,4,340.93,338.31,CO2,NA,NA,ppm,NA
17-MAY-1980 06:00,1980,5,341.45,338.4,CO2,NA,NA,ppm,NA
16-JUN-1980 17:42,1980,6,341.36,338.85,CO2,NA,NA,ppm,NA
17-JUL-1980 06:17,1980,7,339.45,338.56,CO2,NA,NA,ppm,NA
16-AUG-1980 18:00,1980,8,337.67,339.07,CO2,NA,NA,ppm,NA
16-SEP-1980 05:42,1980,9,336.25,339.38,CO2,NA,NA,ppm,NA
16-OCT-1980 18:17,1980,10,336.14,339.4,CO2,NA,NA,ppm,NA
16-NOV-1980 06:00,1980,11,337.3,339.46,CO2,NA,NA,ppm,NA
16-DEC-1980 17:42,1980,12,338.29,339.26,CO2,NA,NA,ppm,NA
16-JAN-1981 05:17,1981,1,339.29,339.42,CO2,NA,NA,ppm,NA
15-FEB-1981 15:00,1981,2,340.55,339.98,CO2,NA,NA,ppm,NA
18-MAR-1981 00:42,1981,3,341.63,340.08,CO2,NA,NA,ppm,NA
17-APR-1981 11:17,1981,4,342.6,339.98,CO2,NA,NA,ppm,NA
17-MAY-1981 21:00,1981,5,343.04,339.97,CO2,NA,NA,ppm,NA
17-JUN-1981 06:42,1981,6,342.54,340.06,CO2,NA,NA,ppm,NA
17-JUL-1981 17:17,1981,7,340.82,339.92,CO2,NA,NA,ppm,NA
17-AUG-1981 03:00,1981,8,338.48,339.87,CO2,NA,NA,ppm,NA
16-SEP-1981 12:42,1981,9,336.95,340.17,CO2,NA,NA,ppm,NA
16-OCT-1981 23:17,1981,10,337.05,340.39,CO2,NA,NA,ppm,NA
16-NOV-1981 09:00,1981,11,338.58,340.75,CO2,NA,NA,ppm,NA
16-DEC-1981 18:42,1981,12,339.91,340.85,CO2,NA,NA,ppm,NA
16-JAN-1982 05:17,1982,1,340.93,341.09,CO2,NA,NA,ppm,NA
15-FEB-1982 15:00,1982,2,341.76,341.16,CO2,NA,NA,ppm,NA
18-MAR-1982 00:42,1982,3,342.78,341.18,CO2,NA,NA,ppm,NA
17-APR-1982 11:17,1982,4,343.96,341.32,CO2,NA,NA,ppm,NA
17-MAY-1982 21:00,1982,5,344.77,341.67,CO2,NA,NA,ppm,NA
17-JUN-1982 06:42,1982,6,343.88,341.43,CO2,NA,NA,ppm,NA
17-JUL-1982 17:17,1982,7,342.42,341.61,CO2,NA,NA,ppm,NA
17-AUG-1982 03:00,1982,8,340.24,341.64,CO2,NA,NA,ppm,NA
16-SEP-1982 12:42,1982,9,338.37,341.56,CO2,NA,NA,ppm,NA
16-OCT-1982 23:17,1982,10,338.41,341.77,CO2,NA,NA,ppm,NA
16-NOV-1982 09:00,1982,11,339.44,341.59,CO2,NA,NA,ppm,NA
16-DEC-1982 18:42,1982,12,340.78,341.71,CO2,NA,NA,ppm,NA
16-JAN-1983 05:17,1983,1,341.57,341.75,CO2,NA,NA,ppm,NA
15-FEB-1983 15:00,1983,2,342.79,342.25,CO2,NA,NA,ppm,NA
18-MAR-1983 00:42,1983,3,343.37,341.85,CO2,NA,NA,ppm,NA
17-APR-1983 11:17,1983,4,345.4,342.76,CO2,NA,NA,ppm,NA
17-MAY-1983 21:00,1983,5,346.14,342.97,CO2,NA,NA,ppm,NA
17-JUN-1983 06:42,1983,6,345.76,343.3,CO2,NA,NA,ppm,NA
17-JUL-1983 17:17,1983,7,344.32,343.56,CO2,NA,NA,ppm,NA
17-AUG-1983 03:00,1983,8,342.51,343.89,CO2,NA,NA,ppm,NA
16-SEP-1983 12:42,1983,9,340.46,343.59,CO2,NA,NA,ppm,NA
16-OCT-1983 23:17,1983,10,340.53,343.86,CO2,NA,NA,ppm,NA
16-NOV-1983 09:00,1983,11,341.79,343.92,CO2,NA,NA,ppm,NA
16-DEC-1983 18:42,1983,12,343.2,344.12,CO2,NA,NA,ppm,NA
16-JAN-1984 06:17,1984,1,344.21,344.32,CO2,NA,NA,ppm,NA
15-FEB-1984 18:00,1984,2,344.92,344.39,CO2,NA,NA,ppm,NA
17-MAR-1984 05:42,1984,3,345.68,344.26,CO2,NA,NA,ppm,NA
16-APR-1984 18:17,1984,4,347.37,344.75,CO2,NA,NA,ppm,NA
17-MAY-1984 06:00,1984,5,347.77,344.59,CO2,NA,NA,ppm,NA
16-JUN-1984 17:42,1984,6,347.16,344.73,CO2,NA,NA,ppm,NA
17-JUL-1984 06:17,1984,7,345.79,345.02,CO2,NA,NA,ppm,NA
16-AUG-1984 18:00,1984,8,343.74,345.12,CO2,NA,NA,ppm,NA
16-SEP-1984 05:42,1984,9,341.59,344.76,CO2,NA,NA,ppm,NA
16-OCT-1984 18:17,1984,10,341.86,345.19,CO2,NA,NA,ppm,NA
16-NOV-1984 06:00,1984,11,343.31,345.41,CO2,NA,NA,ppm,NA
16-DEC-1984 17:42,1984,12,345,345.88,CO2,NA,NA,ppm,NA
16-JAN-1985 05:17,1985,1,345.48,345.59,CO2,NA,NA,ppm,NA
15-FEB-1985 15:00,1985,2,346.41,345.92,CO2,NA,NA,ppm,NA
18-MAR-1985 00:42,1985,3,347.91,346.56,CO2,NA,NA,ppm,NA
17-APR-1985 11:17,1985,4,348.66,346.08,CO2,NA,NA,ppm,NA
17-MAY-1985 21:00,1985,5,349.28,346.12,CO2,NA,NA,ppm,NA
17-JUN-1985 06:42,1985,6,348.65,346.23,CO2,NA,NA,ppm,NA
17-JUL-1985 17:17,1985,7,346.9,346.08,CO2,NA,NA,ppm,NA
17-AUG-1985 03:00,1985,8,345.26,346.57,CO2,NA,NA,ppm,NA
16-SEP-1985 12:42,1985,9,343.47,346.59,CO2,NA,NA,ppm,NA
16-OCT-1985 23:17,1985,10,343.35,346.6,CO2,NA,NA,ppm,NA
16-NOV-1985 09:00,1985,11,344.73,346.82,CO2,NA,NA,ppm,NA
16-DEC-1985 18:42,1985,12,346.12,347.04,CO2,NA,NA,ppm,NA
16-JAN-1986 05:17,1986,1,346.78,346.82,CO2,NA,NA,ppm,NA
15-FEB-1986 15:00,1986,2,347.48,346.98,CO2,NA,NA,ppm,NA
18-MAR-1986 00:42,1986,3,348.25,346.93,CO2,NA,NA,ppm,NA
17-APR-1986 11:17,1986,4,349.86,347.29,CO2,NA,NA,ppm,NA
17-MAY-1986 21:00,1986,5,350.52,347.42,CO2,NA,NA,ppm,NA
17-JUN-1986 06:42,1986,6,349.98,347.61,CO2,NA,NA,ppm,NA
17-JUL-1986 17:17,1986,7,348.25,347.43,CO2,NA,NA,ppm,NA
17-AUG-1986 03:00,1986,8,346.17,347.51,CO2,NA,NA,ppm,NA
16-SEP-1986 12:42,1986,9,345.48,348.61,CO2,NA,NA,ppm,NA
16-OCT-1986 23:17,1986,10,344.82,348.04,CO2,NA,NA,ppm,NA
16-NOV-1986 09:00,1986,11,346.22,348.28,CO2,NA,NA,ppm,NA
16-DEC-1986 18:42,1986,12,347.48,348.36,CO2,NA,NA,ppm,NA
16-JAN-1987 05:17,1987,1,348.73,348.66,CO2,NA,NA,ppm,NA
15-FEB-1987 15:00,1987,2,348.92,348.24,CO2,NA,NA,ppm,NA
18-MAR-1987 00:42,1987,3,349.81,348.39,CO2,NA,NA,ppm,NA
17-APR-1987 11:17,1987,4,351.4,348.84,CO2,NA,NA,ppm,NA
17-MAY-1987 21:00,1987,5,352.15,349.09,CO2,NA,NA,ppm,NA
17-JUN-1987 06:42,1987,6,351.58,349.29,CO2,NA,NA,ppm,NA
17-JUL-1987 17:17,1987,7,350.21,349.51,CO2,NA,NA,ppm,NA
17-AUG-1987 03:00,1987,8,348.2,349.65,CO2,NA,NA,ppm,NA
16-SEP-1987 12:42,1987,9,346.66,349.85,CO2,NA,NA,ppm,NA
16-OCT-1987 23:17,1987,10,346.72,349.96,CO2,NA,NA,ppm,NA
16-NOV-1987 09:00,1987,11,348.08,350.15,CO2,NA,NA,ppm,NA
16-DEC-1987 18:42,1987,12,349.28,350.14,CO2,NA,NA,ppm,NA
16-JAN-1988 06:17,1988,1,350.51,350.49,CO2,NA,NA,ppm,NA
15-FEB-1988 18:00,1988,2,351.7,350.99,CO2,NA,NA,ppm,NA
17-MAR-1988 05:42,1988,3,352.5,350.99,CO2,NA,NA,ppm,NA
16-APR-1988 18:17,1988,4,353.67,351.03,CO2,NA,NA,ppm,NA
17-MAY-1988 06:00,1988,5,354.35,351.22,CO2,NA,NA,ppm,NA
16-JUN-1988 17:42,1988,6,353.88,351.55,CO2,NA,NA,ppm,NA
17-JUL-1988 06:17,1988,7,352.8,352.16,CO2,NA,NA,ppm,NA
16-AUG-1988 18:00,1988,8,350.49,352.01,CO2,NA,NA,ppm,NA
16-SEP-1988 05:42,1988,9,348.97,352.18,CO2,NA,NA,ppm,NA
16-OCT-1988 18:17,1988,10,349.37,352.62,CO2,NA,NA,ppm,NA
16-NOV-1988 06:00,1988,11,350.42,352.53,CO2,NA,NA,ppm,NA
16-DEC-1988 17:42,1988,12,351.62,352.52,CO2,NA,NA,ppm,NA
16-JAN-1989 05:17,1989,1,353.07,352.99,CO2,NA,NA,ppm,NA
15-FEB-1989 15:00,1989,2,353.43,352.69,CO2,NA,NA,ppm,NA
18-MAR-1989 00:42,1989,3,354.08,352.6,CO2,NA,NA,ppm,NA
17-APR-1989 11:17,1989,4,355.72,353.07,CO2,NA,NA,ppm,NA
17-MAY-1989 21:00,1989,5,355.95,352.78,CO2,NA,NA,ppm,NA
17-JUN-1989 06:42,1989,6,355.44,353.06,CO2,NA,NA,ppm,NA
17-JUL-1989 17:17,1989,7,354.05,353.38,CO2,NA,NA,ppm,NA
17-AUG-1989 03:00,1989,8,351.84,353.43,CO2,NA,NA,ppm,NA
16-SEP-1989 12:42,1989,9,350.09,353.37,CO2,NA,NA,ppm,NA
16-OCT-1989 23:17,1989,10,350.33,353.57,CO2,NA,NA,ppm,NA
16-NOV-1989 09:00,1989,11,351.55,353.68,CO2,NA,NA,ppm,NA
16-DEC-1989 18:42,1989,12,352.91,353.84,CO2,NA,NA,ppm,NA
16-JAN-1990 05:17,1990,1,353.86,353.78,CO2,NA,NA,ppm,NA
15-FEB-1990 15:00,1990,2,355.1,354.37,CO2,NA,NA,ppm,NA
18-MAR-1990 00:42,1990,3,355.75,354.27,CO2,NA,NA,ppm,NA
17-APR-1990 11:17,1990,4,356.38,353.76,CO2,NA,NA,ppm,NA
17-MAY-1990 21:00,1990,5,357.38,354.23,CO2,NA,NA,ppm,NA
17-JUN-1990 06:42,1990,6,356.39,354.02,CO2,NA,NA,ppm,NA
17-JUL-1990 17:17,1990,7,354.89,354.24,CO2,NA,NA,ppm,NA
17-AUG-1990 03:00,1990,8,353.06,354.68,CO2,NA,NA,ppm,NA
16-SEP-1990 12:42,1990,9,351.38,354.69,CO2,NA,NA,ppm,NA
16-OCT-1990 23:17,1990,10,351.69,354.94,CO2,NA,NA,ppm,NA
16-NOV-1990 09:00,1990,11,353.14,355.18,CO2,NA,NA,ppm,NA
16-DEC-1990 18:42,1990,12,354.41,355.26,CO2,NA,NA,ppm,NA
16-JAN-1991 05:17,1991,1,354.93,354.91,CO2,NA,NA,ppm,NA
15-FEB-1991 15:00,1991,2,355.82,355.11,CO2,NA,NA,ppm,NA
18-MAR-1991 00:42,1991,3,357.33,355.79,CO2,NA,NA,ppm,NA
17-APR-1991 11:17,1991,4,358.77,356.13,CO2,NA,NA,ppm,NA
17-MAY-1991 21:00,1991,5,359.23,356.1,CO2,NA,NA,ppm,NA
17-JUN-1991 06:42,1991,6,358.23,355.88,CO2,NA,NA,ppm,NA
17-JUL-1991 17:17,1991,7,356.3,355.69,CO2,NA,NA,ppm,NA
17-AUG-1991 03:00,1991,8,353.97,355.59,CO2,NA,NA,ppm,NA
16-SEP-1991 12:42,1991,9,352.34,355.66,CO2,NA,NA,ppm,NA
16-OCT-1991 23:17,1991,10,352.43,355.69,CO2,NA,NA,ppm,NA
16-NOV-1991 09:00,1991,11,353.89,355.87,CO2,NA,NA,ppm,NA
16-DEC-1991 18:42,1991,12,355.21,356.02,CO2,NA,NA,ppm,NA
16-JAN-1992 06:17,1992,1,356.34,356.29,CO2,NA,NA,ppm,NA
15-FEB-1992 18:00,1992,2,357.21,356.47,CO2,NA,NA,ppm,NA
17-MAR-1992 05:42,1992,3,357.97,356.38,CO2,NA,NA,ppm,NA
16-APR-1992 18:17,1992,4,359.22,356.51,CO2,NA,NA,ppm,NA
17-MAY-1992 06:00,1992,5,359.71,356.52,CO2,NA,NA,ppm,NA
16-JUN-1992 17:42,1992,6,359.44,357.07,CO2,NA,NA,ppm,NA
17-JUL-1992 06:17,1992,7,357.15,356.58,CO2,NA,NA,ppm,NA
16-AUG-1992 18:00,1992,8,354.99,356.67,CO2,NA,NA,ppm,NA
16-SEP-1992 05:42,1992,9,353.01,356.36,CO2,NA,NA,ppm,NA
16-OCT-1992 18:17,1992,10,353.4,356.72,CO2,NA,NA,ppm,NA
16-NOV-1992 06:00,1992,11,354.42,356.48,CO2,NA,NA,ppm,NA
16-DEC-1992 17:42,1992,12,355.68,356.5,CO2,NA,NA,ppm,NA
16-JAN-1993 05:17,1993,1,357.1,357.06,CO2,NA,NA,ppm,NA
15-FEB-1993 15:00,1993,2,357.42,356.54,CO2,NA,NA,ppm,NA
18-MAR-1993 00:42,1993,3,358.59,356.88,CO2,NA,NA,ppm,NA
17-APR-1993 11:17,1993,4,359.39,356.71,CO2,NA,NA,ppm,NA
17-MAY-1993 21:00,1993,5,360.3,357.14,CO2,NA,NA,ppm,NA
17-JUN-1993 06:42,1993,6,359.64,357.24,CO2,NA,NA,ppm,NA
17-JUL-1993 17:17,1993,7,357.45,356.87,CO2,NA,NA,ppm,NA
17-AUG-1993 03:00,1993,8,355.76,357.44,CO2,NA,NA,ppm,NA
16-SEP-1993 12:42,1993,9,354.14,357.51,CO2,NA,NA,ppm,NA
16-OCT-1993 23:17,1993,10,354.23,357.6,CO2,NA,NA,ppm,NA
16-NOV-1993 09:00,1993,11,355.53,357.65,CO2,NA,NA,ppm,NA
16-DEC-1993 18:42,1993,12,357.03,357.92,CO2,NA,NA,ppm,NA
16-JAN-1994 05:17,1994,1,358.36,358.25,CO2,NA,NA,ppm,NA
15-FEB-1994 15:00,1994,2,359.04,358.21,CO2,NA,NA,ppm,NA
18-MAR-1994 00:42,1994,3,360.11,358.41,CO2,NA,NA,ppm,NA
17-APR-1994 11:17,1994,4,361.36,358.59,CO2,NA,NA,ppm,NA
17-MAY-1994 21:00,1994,5,361.78,358.59,CO2,NA,NA,ppm,NA
17-JUN-1994 06:42,1994,6,360.94,358.57,CO2,NA,NA,ppm,NA
17-JUL-1994 17:17,1994,7,359.51,358.91,CO2,NA,NA,ppm,NA
17-AUG-1994 03:00,1994,8,357.59,359.29,CO2,NA,NA,ppm,NA
16-SEP-1994 12:42,1994,9,355.86,359.31,CO2,NA,NA,ppm,NA
16-OCT-1994 23:17,1994,10,356.21,359.63,CO2,NA,NA,ppm,NA
16-NOV-1994 09:00,1994,11,357.65,359.8,CO2,NA,NA,ppm,NA
16-DEC-1994 18:42,1994,12,359.1,359.96,CO2,NA,NA,ppm,NA
16-JAN-1995 05:17,1995,1,360.04,359.91,CO2,NA,NA,ppm,NA
15-FEB-1995 15:00,1995,2,361,360.18,CO2,NA,NA,ppm,NA
18-MAR-1995 00:42,1995,3,361.98,360.37,CO2,NA,NA,ppm,NA
17-APR-1995 11:17,1995,4,363.44,360.76,CO2,NA,NA,ppm,NA
17-MAY-1995 21:00,1995,5,363.83,360.73,CO2,NA,NA,ppm,NA
17-JUN-1995 06:42,1995,6,363.33,360.98,CO2,NA,NA,ppm,NA
17-JUL-1995 17:17,1995,7,361.78,361.1,CO2,NA,NA,ppm,NA
17-AUG-1995 03:00,1995,8,359.33,360.93,CO2,NA,NA,ppm,NA
16-SEP-1995 12:42,1995,9,358.32,361.7,CO2,NA,NA,ppm,NA
16-OCT-1995 23:17,1995,10,358.14,361.52,CO2,NA,NA,ppm,NA
16-NOV-1995 09:00,1995,11,359.61,361.75,CO2,NA,NA,ppm,NA
16-DEC-1995 18:42,1995,12,360.82,361.67,CO2,NA,NA,ppm,NA
16-JAN-1996 06:17,1996,1,362.2,361.98,CO2,NA,NA,ppm,NA
15-FEB-1996 18:00,1996,2,363.36,362.47,CO2,NA,NA,ppm,NA
17-MAR-1996 05:42,1996,3,364.28,362.64,CO2,NA,NA,ppm,NA
16-APR-1996 18:17,1996,4,364.69,361.99,CO2,NA,NA,ppm,NA
17-MAY-1996 06:00,1996,5,365.25,362.23,CO2,NA,NA,ppm,NA
16-JUN-1996 17:42,1996,6,365.06,362.82,CO2,NA,NA,ppm,NA
17-JUL-1996 06:17,1996,7,363.69,362.98,CO2,NA,NA,ppm,NA
16-AUG-1996 18:00,1996,8,361.55,363.13,CO2,NA,NA,ppm,NA
16-SEP-1996 05:42,1996,9,359.69,363.14,CO2,NA,NA,ppm,NA
16-OCT-1996 18:17,1996,10,359.72,363.12,CO2,NA,NA,ppm,NA
16-NOV-1996 06:00,1996,11,361.04,363.18,CO2,NA,NA,ppm,NA
16-DEC-1996 17:42,1996,12,362.39,363.23,CO2,NA,NA,ppm,NA
16-JAN-1997 05:17,1997,1,363.24,363.03,CO2,NA,NA,ppm,NA
15-FEB-1997 15:00,1997,2,364.21,363.4,CO2,NA,NA,ppm,NA
18-MAR-1997 00:42,1997,3,364.65,363.02,CO2,NA,NA,ppm,NA
17-APR-1997 11:17,1997,4,366.49,363.82,CO2,NA,NA,ppm,NA
17-MAY-1997 21:00,1997,5,366.77,363.87,CO2,NA,NA,ppm,NA
17-JUN-1997 06:42,1997,6,365.73,363.56,CO2,NA,NA,ppm,NA
17-JUL-1997 17:17,1997,7,364.46,363.74,CO2,NA,NA,ppm,NA
17-AUG-1997 03:00,1997,8,362.4,363.98,CO2,NA,NA,ppm,NA
16-SEP-1997 12:42,1997,9,360.44,363.83,CO2,NA,NA,ppm,NA
16-OCT-1997 23:17,1997,10,360.97,364.28,CO2,NA,NA,ppm,NA
16-NOV-1997 09:00,1997,11,362.65,364.71,CO2,NA,NA,ppm,NA
16-DEC-1997 18:42,1997,12,364.51,365.28,CO2,NA,NA,ppm,NA
16-JAN-1998 05:17,1998,1,365.39,365.19,CO2,NA,NA,ppm,NA
15-FEB-1998 15:00,1998,2,366.1,365.29,CO2,NA,NA,ppm,NA
18-MAR-1998 00:42,1998,3,367.36,365.73,CO2,NA,NA,ppm,NA
17-APR-1998 11:17,1998,4,368.79,366.17,CO2,NA,NA,ppm,NA
17-MAY-1998 21:00,1998,5,369.56,366.68,CO2,NA,NA,ppm,NA
17-JUN-1998 06:42,1998,6,369.13,366.95,CO2,NA,NA,ppm,NA
17-JUL-1998 17:17,1998,7,367.98,367.29,CO2,NA,NA,ppm,NA
17-AUG-1998 03:00,1998,8,366.1,367.69,CO2,NA,NA,ppm,NA
16-SEP-1998 12:42,1998,9,364.16,367.51,CO2,NA,NA,ppm,NA
16-OCT-1998 23:17,1998,10,364.54,367.82,CO2,NA,NA,ppm,NA
16-NOV-1998 09:00,1998,11,365.67,367.7,CO2,NA,NA,ppm,NA
16-DEC-1998 18:42,1998,12,367.3,368.05,CO2,NA,NA,ppm,NA
16-JAN-1999 05:17,1999,1,368.35,368.13,CO2,NA,NA,ppm,NA
15-FEB-1999 15:00,1999,2,369.28,368.46,CO2,NA,NA,ppm,NA
18-MAR-1999 00:42,1999,3,369.84,368.24,CO2,NA,NA,ppm,NA
17-APR-1999 11:17,1999,4,371.15,368.62,CO2,NA,NA,ppm,NA
17-MAY-1999 21:00,1999,5,371.12,368.31,CO2,NA,NA,ppm,NA
17-JUN-1999 06:42,1999,6,370.46,368.29,CO2,NA,NA,ppm,NA
17-JUL-1999 17:17,1999,7,369.61,368.93,CO2,NA,NA,ppm,NA
17-AUG-1999 03:00,1999,8,367.06,368.63,CO2,NA,NA,ppm,NA
16-SEP-1999 12:42,1999,9,364.95,368.28,CO2,NA,NA,ppm,NA
16-OCT-1999 23:17,1999,10,365.52,368.8,CO2,NA,NA,ppm,NA
16-NOV-1999 09:00,1999,11,366.88,368.86,CO2,NA,NA,ppm,NA
16-DEC-1999 18:42,1999,12,368.26,368.93,CO2,NA,NA,ppm,NA
16-JAN-2000 06:17,2000,1,369.45,369.24,CO2,NA,NA,ppm,NA
15-FEB-2000 18:00,2000,2,369.71,368.99,CO2,NA,NA,ppm,NA
17-MAR-2000 05:42,2000,3,370.75,369.24,CO2,NA,NA,ppm,NA
16-APR-2000 18:17,2000,4,371.98,369.44,CO2,NA,NA,ppm,NA
17-MAY-2000 06:00,2000,5,371.75,368.87,CO2,NA,NA,ppm,NA
16-JUN-2000 17:42,2000,6,371.87,369.66,CO2,NA,NA,ppm,NA
17-JUL-2000 06:17,2000,7,370.02,369.36,CO2,NA,NA,ppm,NA
16-AUG-2000 18:00,2000,8,368.27,369.87,CO2,NA,NA,ppm,NA
16-SEP-2000 05:42,2000,9,367.15,370.46,CO2,NA,NA,ppm,NA
16-OCT-2000 18:17,2000,10,367.18,370.42,CO2,NA,NA,ppm,NA
16-NOV-2000 06:00,2000,11,368.53,370.48,CO2,NA,NA,ppm,NA
16-DEC-2000 17:42,2000,12,369.83,370.46,CO2,NA,NA,ppm,NA
16-JAN-2001 05:17,2001,1,370.76,370.6,CO2,NA,NA,ppm,NA
15-FEB-2001 15:00,2001,2,371.69,370.95,CO2,NA,NA,ppm,NA
18-MAR-2001 00:42,2001,3,372.63,371.06,CO2,NA,NA,ppm,NA
17-APR-2001 11:17,2001,4,373.55,370.99,CO2,NA,NA,ppm,NA
17-MAY-2001 21:00,2001,5,374.03,371.11,CO2,NA,NA,ppm,NA
17-JUN-2001 06:42,2001,6,373.4,371.18,CO2,NA,NA,ppm,NA
17-JUL-2001 17:17,2001,7,371.68,371.08,CO2,NA,NA,ppm,NA
17-AUG-2001 03:00,2001,8,369.78,371.39,CO2,NA,NA,ppm,NA
16-SEP-2001 12:42,2001,9,368.34,371.61,CO2,NA,NA,ppm,NA
16-OCT-2001 23:17,2001,10,368.61,371.85,CO2,NA,NA,ppm,NA
16-NOV-2001 09:00,2001,11,369.94,371.92,CO2,NA,NA,ppm,NA
16-DEC-2001 18:42,2001,12,371.42,372.09,CO2,NA,NA,ppm,NA
16-JAN-2002 05:17,2002,1,372.7,372.48,CO2,NA,NA,ppm,NA
15-FEB-2002 15:00,2002,2,373.37,372.49,CO2,NA,NA,ppm,NA
18-MAR-2002 00:42,2002,3,374.3,372.61,CO2,NA,NA,ppm,NA
17-APR-2002 11:17,2002,4,375.19,372.54,CO2,NA,NA,ppm,NA
17-MAY-2002 21:00,2002,5,375.93,372.98,CO2,NA,NA,ppm,NA
17-JUN-2002 06:42,2002,6,375.69,373.46,CO2,NA,NA,ppm,NA
17-JUL-2002 17:17,2002,7,374.16,373.58,CO2,NA,NA,ppm,NA
17-AUG-2002 03:00,2002,8,372.03,373.7,CO2,NA,NA,ppm,NA
16-SEP-2002 12:42,2002,9,370.92,374.28,CO2,NA,NA,ppm,NA
16-OCT-2002 23:17,2002,10,370.73,374.06,CO2,NA,NA,ppm,NA
16-NOV-2002 09:00,2002,11,372.43,374.52,CO2,NA,NA,ppm,NA
16-DEC-2002 18:42,2002,12,373.98,374.72,CO2,NA,NA,ppm,NA
16-JAN-2003 05:17,2003,1,375.07,374.82,CO2,NA,NA,ppm,NA
15-FEB-2003 15:00,2003,2,375.82,374.95,CO2,NA,NA,ppm,NA
18-MAR-2003 00:42,2003,3,376.64,374.99,CO2,NA,NA,ppm,NA
17-APR-2003 11:17,2003,4,377.92,375.24,CO2,NA,NA,ppm,NA
17-MAY-2003 21:00,2003,5,378.78,375.73,CO2,NA,NA,ppm,NA
17-JUN-2003 06:42,2003,6,378.46,376.22,CO2,NA,NA,ppm,NA
17-JUL-2003 17:17,2003,7,376.88,376.37,CO2,NA,NA,ppm,NA
17-AUG-2003 03:00,2003,8,374.57,376.27,CO2,NA,NA,ppm,NA
16-SEP-2003 12:42,2003,9,373.34,376.65,CO2,NA,NA,ppm,NA
16-OCT-2003 23:17,2003,10,373.31,376.65,CO2,NA,NA,ppm,NA
16-NOV-2003 09:00,2003,11,374.84,376.99,CO2,NA,NA,ppm,NA
16-DEC-2003 18:42,2003,12,376.17,376.93,CO2,NA,NA,ppm,NA
16-JAN-2004 06:17,2004,1,377.17,376.96,CO2,NA,NA,ppm,NA
15-FEB-2004 18:00,2004,2,378.05,377.19,CO2,NA,NA,ppm,NA
17-MAR-2004 05:42,2004,3,379.06,377.4,CO2,NA,NA,ppm,NA
16-APR-2004 18:17,2004,4,380.54,377.8,CO2,NA,NA,ppm,NA
17-MAY-2004 06:00,2004,5,380.8,377.66,CO2,NA,NA,ppm,NA
16-JUN-2004 17:42,2004,6,379.87,377.57,CO2,NA,NA,ppm,NA
17-JUL-2004 06:17,2004,7,377.65,377.12,CO2,NA,NA,ppm,NA
16-AUG-2004 18:00,2004,8,376.17,377.9,CO2,NA,NA,ppm,NA
16-SEP-2004 05:42,2004,9,374.43,377.8,CO2,NA,NA,ppm,NA
16-OCT-2004 18:17,2004,10,374.63,377.99,CO2,NA,NA,ppm,NA
16-NOV-2004 06:00,2004,11,376.33,378.49,CO2,NA,NA,ppm,NA
16-DEC-2004 17:42,2004,12,377.68,378.48,CO2,NA,NA,ppm,NA
16-JAN-2005 05:17,2005,1,378.63,378.37,CO2,NA,NA,ppm,NA
15-FEB-2005 15:00,2005,2,379.91,379.1,CO2,NA,NA,ppm,NA
18-MAR-2005 00:42,2005,3,380.95,379.45,CO2,NA,NA,ppm,NA
17-APR-2005 11:17,2005,4,382.48,379.84,CO2,NA,NA,ppm,NA
17-MAY-2005 21:00,2005,5,382.64,379.49,CO2,NA,NA,ppm,NA
17-JUN-2005 06:42,2005,6,382.4,380.07,CO2,NA,NA,ppm,NA
17-JUL-2005 17:17,2005,7,380.93,380.38,CO2,NA,NA,ppm,NA
17-AUG-2005 03:00,2005,8,378.93,380.61,CO2,NA,NA,ppm,NA
16-SEP-2005 12:42,2005,9,376.89,380.2,CO2,NA,NA,ppm,NA
16-OCT-2005 23:17,2005,10,377.19,380.5,CO2,NA,NA,ppm,NA
16-NOV-2005 09:00,2005,11,378.54,380.69,CO2,NA,NA,ppm,NA
16-DEC-2005 18:42,2005,12,380.31,381.09,CO2,NA,NA,ppm,NA
16-JAN-2006 05:17,2006,1,381.58,381.33,CO2,NA,NA,ppm,NA
15-FEB-2006 15:00,2006,2,382.4,381.58,CO2,NA,NA,ppm,NA
18-MAR-2006 00:42,2006,3,382.86,381.32,CO2,NA,NA,ppm,NA
17-APR-2006 11:17,2006,4,384.8,382.11,CO2,NA,NA,ppm,NA
17-MAY-2006 21:00,2006,5,385.22,382.06,CO2,NA,NA,ppm,NA
17-JUN-2006 06:42,2006,6,384.24,381.93,CO2,NA,NA,ppm,NA
17-JUL-2006 17:17,2006,7,382.65,382.1,CO2,NA,NA,ppm,NA
17-AUG-2006 03:00,2006,8,380.6,382.27,CO2,NA,NA,ppm,NA
16-SEP-2006 12:42,2006,9,379.04,382.35,CO2,NA,NA,ppm,NA
16-OCT-2006 23:17,2006,10,379.33,382.66,CO2,NA,NA,ppm,NA
16-NOV-2006 09:00,2006,11,380.35,382.52,CO2,NA,NA,ppm,NA
16-DEC-2006 18:42,2006,12,382.02,382.84,CO2,NA,NA,ppm,NA
16-JAN-2007 05:17,2007,1,383.1,382.88,CO2,NA,NA,ppm,NA
15-FEB-2007 15:00,2007,2,384.12,383.22,CO2,NA,NA,ppm,NA
18-MAR-2007 00:42,2007,3,384.81,383.17,CO2,NA,NA,ppm,NA
17-APR-2007 11:17,2007,4,386.73,383.95,CO2,NA,NA,ppm,NA
17-MAY-2007 21:00,2007,5,386.78,383.56,CO2,NA,NA,ppm,NA
17-JUN-2007 06:42,2007,6,386.33,384.06,CO2,NA,NA,ppm,NA
17-JUL-2007 17:17,2007,7,384.73,384.25,CO2,NA,NA,ppm,NA
17-AUG-2007 03:00,2007,8,382.24,383.95,CO2,NA,NA,ppm,NA
16-SEP-2007 12:42,2007,9,381.2,384.56,CO2,NA,NA,ppm,NA
16-OCT-2007 23:17,2007,10,381.37,384.72,CO2,NA,NA,ppm,NA
16-NOV-2007 09:00,2007,11,382.7,384.9,CO2,NA,NA,ppm,NA
16-DEC-2007 18:42,2007,12,384.19,385.07,CO2,NA,NA,ppm,NA
16-JAN-2008 06:17,2008,1,385.78,385.54,CO2,NA,NA,ppm,NA
15-FEB-2008 18:00,2008,2,386.06,385.2,CO2,NA,NA,ppm,NA
17-MAR-2008 05:42,2008,3,386.28,384.72,CO2,NA,NA,ppm,NA
16-APR-2008 18:17,2008,4,387.33,384.71,CO2,NA,NA,ppm,NA
17-MAY-2008 06:00,2008,5,388.78,385.69,CO2,NA,NA,ppm,NA
16-JUN-2008 17:42,2008,6,387.99,385.68,CO2,NA,NA,ppm,NA
17-JUL-2008 06:17,2008,7,386.61,386.05,CO2,NA,NA,ppm,NA
16-AUG-2008 18:00,2008,8,384.32,385.98,CO2,NA,NA,ppm,NA
16-SEP-2008 05:42,2008,9,383.41,386.69,CO2,NA,NA,ppm,NA
16-OCT-2008 18:17,2008,10,383.22,386.5,CO2,NA,NA,ppm,NA
16-NOV-2008 06:00,2008,11,384.41,386.58,CO2,NA,NA,ppm,NA
16-DEC-2008 17:42,2008,12,385.79,386.64,CO2,NA,NA,ppm,NA
16-JAN-2009 05:17,2009,1,387.17,386.86,CO2,NA,NA,ppm,NA
15-FEB-2009 15:00,2009,2,387.7,386.81,CO2,NA,NA,ppm,NA
18-MAR-2009 00:42,2009,3,389.04,387.54,CO2,NA,NA,ppm,NA
17-APR-2009 11:17,2009,4,389.76,387.15,CO2,NA,NA,ppm,NA
17-MAY-2009 21:00,2009,5,390.36,387.24,CO2,NA,NA,ppm,NA
17-JUN-2009 06:42,2009,6,389.7,387.46,CO2,NA,NA,ppm,NA
17-JUL-2009 17:17,2009,7,388.24,387.77,CO2,NA,NA,ppm,NA
17-AUG-2009 03:00,2009,8,386.29,387.99,CO2,NA,NA,ppm,NA
16-SEP-2009 12:42,2009,9,384.95,388.22,CO2,NA,NA,ppm,NA
16-OCT-2009 23:17,2009,10,384.64,387.88,CO2,NA,NA,ppm,NA
16-NOV-2009 09:00,2009,11,386.23,388.36,CO2,NA,NA,ppm,NA
16-DEC-2009 18:42,2009,12,387.63,388.43,CO2,NA,NA,ppm,NA
16-JAN-2010 05:17,2010,1,388.91,388.62,CO2,NA,NA,ppm,NA
15-FEB-2010 15:00,2010,2,390.41,389.47,CO2,NA,NA,ppm,NA
18-MAR-2010 00:42,2010,3,391.37,389.85,CO2,NA,NA,ppm,NA
17-APR-2010 11:17,2010,4,392.67,390.12,CO2,NA,NA,ppm,NA
17-MAY-2010 21:00,2010,5,393.21,390.09,CO2,NA,NA,ppm,NA
17-JUN-2010 06:42,2010,6,392.38,390.1,CO2,NA,NA,ppm,NA
17-JUL-2010 17:17,2010,7,390.41,389.93,CO2,NA,NA,ppm,NA
17-AUG-2010 03:00,2010,8,388.54,390.21,CO2,NA,NA,ppm,NA
16-SEP-2010 12:42,2010,9,387.03,390.32,CO2,NA,NA,ppm,NA
16-OCT-2010 23:17,2010,10,387.43,390.72,CO2,NA,NA,ppm,NA
16-NOV-2010 09:00,2010,11,388.87,390.99,CO2,NA,NA,ppm,NA
16-DEC-2010 18:42,2010,12,389.99,390.8,CO2,NA,NA,ppm,NA
16-JAN-2011 05:17,2011,1,391.5,391.19,CO2,NA,NA,ppm,NA
15-FEB-2011 15:00,2011,2,392.05,391.12,CO2,NA,NA,ppm,NA
18-MAR-2011 00:42,2011,3,392.8,391.27,CO2,NA,NA,ppm,NA
17-APR-2011 11:17,2011,4,393.44,390.83,CO2,NA,NA,ppm,NA
17-MAY-2011 21:00,2011,5,394.41,391.24,CO2,NA,NA,ppm,NA
17-JUN-2011 06:42,2011,6,393.95,391.64,CO2,NA,NA,ppm,NA
17-JUL-2011 17:17,2011,7,392.72,392.24,CO2,NA,NA,ppm,NA
17-AUG-2011 03:00,2011,8,390.33,392.04,CO2,NA,NA,ppm,NA
16-SEP-2011 12:42,2011,9,389.28,392.6,CO2,NA,NA,ppm,NA
16-OCT-2011 23:17,2011,10,389.19,392.53,CO2,NA,NA,ppm,NA
16-NOV-2011 09:00,2011,11,390.48,392.64,CO2,NA,NA,ppm,NA
16-DEC-2011 18:42,2011,12,392.06,392.86,CO2,NA,NA,ppm,NA
16-JAN-2012 06:17,2012,1,393.31,393.07,CO2,NA,NA,ppm,NA
15-FEB-2012 18:00,2012,2,394.04,393.2,CO2,NA,NA,ppm,NA
17-MAR-2012 05:42,2012,3,394.59,392.99,CO2,NA,NA,ppm,NA
16-APR-2012 18:17,2012,4,396.38,393.65,CO2,NA,NA,ppm,NA
17-MAY-2012 06:00,2012,5,396.93,393.73,CO2,NA,NA,ppm,NA
16-JUN-2012 17:42,2012,6,395.91,393.63,CO2,NA,NA,ppm,NA
17-JUL-2012 06:17,2012,7,394.56,394.12,CO2,NA,NA,ppm,NA
16-AUG-2012 18:00,2012,8,392.59,394.37,CO2,NA,NA,ppm,NA
16-SEP-2012 05:42,2012,9,391.32,394.75,CO2,NA,NA,ppm,NA
16-OCT-2012 18:17,2012,10,391.27,394.64,CO2,NA,NA,ppm,NA
16-NOV-2012 06:00,2012,11,393.2,395.25,CO2,NA,NA,ppm,NA
16-DEC-2012 17:42,2012,12,394.57,395.27,CO2,NA,NA,ppm,NA
16-JAN-2013 05:17,2013,1,395.78,395.62,CO2,NA,NA,ppm,NA
15-FEB-2013 15:00,2013,2,397.03,396.23,CO2,NA,NA,ppm,NA
18-MAR-2013 00:42,2013,3,397.66,396.07,CO2,NA,NA,ppm,NA
17-APR-2013 11:17,2013,4,398.64,395.79,CO2,NA,NA,ppm,NA
17-MAY-2013 21:00,2013,5,400.02,396.64,CO2,NA,NA,ppm,NA
17-JUN-2013 06:42,2013,6,398.81,396.48,CO2,NA,NA,ppm,NA
17-JUL-2013 17:17,2013,7,397.51,397.13,CO2,NA,NA,ppm,NA
17-AUG-2013 03:00,2013,8,395.39,397.27,CO2,NA,NA,ppm,NA
16-SEP-2013 12:42,2013,9,393.72,397.24,CO2,NA,NA,ppm,NA
16-OCT-2013 23:17,2013,10,393.9,397.25,CO2,NA,NA,ppm,NA
16-NOV-2013 09:00,2013,11,395.36,397.35,CO2,NA,NA,ppm,NA
16-DEC-2013 18:42,2013,12,397.03,397.78,CO2,NA,NA,ppm,NA
16-JAN-2014 05:17,2014,1,398.04,397.74,CO2,NA,NA,ppm,NA
15-FEB-2014 15:00,2014,2,398.27,397.45,CO2,NA,NA,ppm,NA
18-MAR-2014 00:42,2014,3,399.91,398.37,CO2,NA,NA,ppm,NA
17-APR-2014 11:17,2014,4,401.51,398.63,CO2,NA,NA,ppm,NA
17-MAY-2014 21:00,2014,5,401.96,398.56,CO2,NA,NA,ppm,NA
17-JUN-2014 06:42,2014,6,401.43,399.1,CO2,NA,NA,ppm,NA
17-JUL-2014 17:17,2014,7,399.27,398.85,CO2,NA,NA,ppm,NA
17-AUG-2014 03:00,2014,8,397.18,399.07,CO2,NA,NA,ppm,NA
16-SEP-2014 12:42,2014,9,395.54,399.11,CO2,NA,NA,ppm,NA
16-OCT-2014 23:17,2014,10,396.16,399.58,CO2,NA,NA,ppm,NA
16-NOV-2014 09:00,2014,11,397.4,399.49,CO2,NA,NA,ppm,NA
16-DEC-2014 18:42,2014,12,399.08,399.81,CO2,NA,NA,ppm,NA
16-JAN-2015 05:17,2015,1,400.18,399.92,CO2,NA,NA,ppm,NA
15-FEB-2015 15:00,2015,2,400.55,399.77,CO2,NA,NA,ppm,NA
18-MAR-2015 00:42,2015,3,401.74,400.22,CO2,NA,NA,ppm,NA
17-APR-2015 11:17,2015,4,403.35,400.46,CO2,NA,NA,ppm,NA
17-MAY-2015 21:00,2015,5,404.15,400.7,CO2,NA,NA,ppm,NA
17-JUN-2015 06:42,2015,6,402.97,400.65,CO2,NA,NA,ppm,NA
17-JUL-2015 17:17,2015,7,401.46,401.11,CO2,NA,NA,ppm,NA
17-AUG-2015 03:00,2015,8,399.11,401.04,CO2,NA,NA,ppm,NA
16-SEP-2015 12:42,2015,9,397.82,401.43,CO2,NA,NA,ppm,NA
16-OCT-2015 23:17,2015,10,398.49,401.89,CO2,NA,NA,ppm,NA
16-NOV-2015 09:00,2015,11,400.27,402.24,CO2,NA,NA,ppm,NA
16-DEC-2015 18:42,2015,12,402.06,402.72,CO2,NA,NA,ppm,NA
16-JAN-2016 06:17,2016,1,402.73,402.45,CO2,NA,NA,ppm,NA
15-FEB-2016 18:00,2016,2,404.25,403.4,CO2,NA,NA,ppm,NA
17-MAR-2016 05:42,2016,3,405.06,403.54,CO2,NA,NA,ppm,NA
16-APR-2016 18:17,2016,4,407.6,404.77,CO2,NA,NA,ppm,NA
17-MAY-2016 06:00,2016,5,407.9,404.41,CO2,NA,NA,ppm,NA
16-JUN-2016 17:42,2016,6,406.99,404.59,CO2,NA,NA,ppm,NA
17-JUL-2016 06:17,2016,7,404.59,404.24,CO2,NA,NA,ppm,NA
16-AUG-2016 18:00,2016,8,402.45,404.41,CO2,NA,NA,ppm,NA
16-SEP-2016 05:42,2016,9,401.23,404.85,CO2,NA,NA,ppm,NA
16-OCT-2016 18:17,2016,10,401.79,405.23,CO2,NA,NA,ppm,NA
16-NOV-2016 06:00,2016,11,403.72,405.74,CO2,NA,NA,ppm,NA
16-DEC-2016 17:42,2016,12,404.64,405.33,CO2,NA,NA,ppm,NA
16-JAN-2017 05:17,2017,1,406.36,406.04,CO2,NA,NA,ppm,NA
15-FEB-2017 15:00,2017,2,406.65,405.8,CO2,NA,NA,ppm,NA
18-MAR-2017 00:42,2017,3,407.54,406.05,CO2,NA,NA,ppm,NA
17-APR-2017 11:17,2017,4,409.22,406.37,CO2,NA,NA,ppm,NA
17-MAY-2017 21:00,2017,5,409.89,406.37,CO2,NA,NA,ppm,NA
17-JUN-2017 06:42,2017,6,409.08,406.68,CO2,NA,NA,ppm,NA
17-JUL-2017 17:17,2017,7,407.33,407.01,CO2,NA,NA,ppm,NA
17-AUG-2017 03:00,2017,8,405.32,407.31,CO2,NA,NA,ppm,NA
16-SEP-2017 12:42,2017,9,403.57,407.17,CO2,NA,NA,ppm,NA
16-OCT-2017 23:17,2017,10,403.82,407.23,CO2,NA,NA,ppm,NA
16-NOV-2017 09:00,2017,11,405.31,407.36,CO2,NA,NA,ppm,NA
16-DEC-2017 18:42,2017,12,407,407.71,CO2,NA,NA,ppm,NA
16-JAN-2018 05:17,2018,1,408.15,407.83,CO2,NA,NA,ppm,NA
15-FEB-2018 15:00,2018,2,408.52,407.61,CO2,NA,NA,ppm,NA
18-MAR-2018 00:42,2018,3,409.59,408.06,CO2,NA,NA,ppm,NA
17-APR-2018 11:17,2018,4,410.45,407.65,CO2,NA,NA,ppm,NA
17-MAY-2018 21:00,2018,5,411.44,407.98,CO2,NA,NA,ppm,NA
17-JUN-2018 06:42,2018,6,410.99,408.6,CO2,NA,NA,ppm,NA
17-JUL-2018 17:17,2018,7,408.9,408.6,CO2,NA,NA,ppm,NA
17-AUG-2018 03:00,2018,8,407.16,409.17,CO2,NA,NA,ppm,NA
16-SEP-2018 12:42,2018,9,405.71,409.3,CO2,NA,NA,ppm,NA
16-OCT-2018 23:17,2018,10,406.19,409.56,CO2,NA,NA,ppm,NA
16-NOV-2018 09:00,2018,11,408.21,410.24,CO2,NA,NA,ppm,NA
16-DEC-2018 18:42,2018,12,409.27,409.99,CO2,NA,NA,ppm,NA
16-JAN-2019 05:17,2019,1,411.03,410.69,CO2,NA,NA,ppm,NA
15-FEB-2019 15:00,2019,2,411.96,410.97,CO2,NA,NA,ppm,NA
18-MAR-2019 00:42,2019,3,412.18,410.71,CO2,NA,NA,ppm,NA
17-APR-2019 11:17,2019,4,413.54,410.92,CO2,NA,NA,ppm,NA
17-MAY-2019 21:00,2019,5,414.86,411.47,CO2,NA,NA,ppm,NA
17-JUN-2019 06:42,2019,6,414.15,411.74,CO2,NA,NA,ppm,NA
17-JUL-2019 17:17,2019,7,411.96,411.64,CO2,NA,NA,ppm,NA
17-AUG-2019 03:00,2019,8,410.17,412.1,CO2,NA,NA,ppm,NA
16-SEP-2019 12:42,2019,9,408.76,412.26,CO2,NA,NA,ppm,NA
16-OCT-2019 23:17,2019,10,408.74,412.09,CO2,NA,NA,ppm,NA
16-NOV-2019 09:00,2019,11,410.47,412.5,CO2,NA,NA,ppm,NA
16-DEC-2019 18:42,2019,12,411.97,412.71,CO2,NA,NA,ppm,NA
16-JAN-2020 06:17,2020,1,413.59,413.22,CO2,NA,NA,ppm,NA
15-FEB-2020 18:00,2020,2,414.32,413.4,CO2,NA,NA,ppm,NA
17-MAR-2020 05:42,2020,3,414.72,413.35,CO2,NA,NA,ppm,NA
16-APR-2020 18:17,2020,4,416.42,413.92,CO2,NA,NA,ppm,NA
17-MAY-2020 06:00,2020,5,417.28,413.98,CO2,NA,NA,ppm,NA
16-JUN-2020 17:42,2020,6,416.58,414.15,CO2,NA,NA,ppm,NA
17-JUL-2020 06:17,2020,7,414.58,414.19,CO2,NA,NA,ppm,NA
16-AUG-2020 18:00,2020,8,412.75,414.6,CO2,NA,NA,ppm,NA
16-SEP-2020 05:42,2020,9,411.5,414.9,CO2,NA,NA,ppm,NA
16-OCT-2020 18:17,2020,10,411.49,414.79,CO2,NA,NA,ppm,NA
16-NOV-2020 06:00,2020,11,413.1,415.11,CO2,NA,NA,ppm,NA
16-DEC-2020 17:42,2020,12,414.23,414.91,CO2,NA,NA,ppm,NA
16-JAN-2021 05:17,2021,1,415.49,415.23,CO2,NA,NA,ppm,NA
15-FEB-2021 15:00,2021,2,416.72,415.8,CO2,NA,NA,ppm,NA
18-MAR-2021 00:42,2021,3,417.61,416.17,CO2,NA,NA,ppm,NA
17-APR-2021 11:17,2021,4,419.01,416.59,CO2,NA,NA,ppm,NA
17-MAY-2021 21:00,2021,5,419.09,415.88,CO2,NA,NA,ppm,NA
17-JUN-2021 06:42,2021,6,418.93,416.48,CO2,NA,NA,ppm,NA
17-JUL-2021 17:17,2021,7,416.9,416.48,CO2,NA,NA,ppm,NA
17-AUG-2021 03:00,2021,8,414.42,416.27,CO2,NA,NA,ppm,NA
16-SEP-2021 12:42,2021,9,413.26,416.63,CO2,NA,NA,ppm,NA
16-OCT-2021 23:17,2021,10,413.9,417.14,CO2,NA,NA,ppm,NA
16-NOV-2021 09:00,2021,11,414.97,416.92,CO2,NA,NA,ppm,NA
16-DEC-2021 18:42,2021,12,416.67,417.37,CO2,NA,NA,ppm,NA
16-JAN-2022 05:17,2022,1,418.13,417.86,CO2,NA,NA,ppm,NA
15-FEB-2022 15:00,2022,2,419.24,418.32,CO2,NA,NA,ppm,NA
18-MAR-2022 00:42,2022,3,418.76,417.31,CO2,NA,NA,ppm,NA
17-APR-2022 11:17,2022,4,420.19,417.67,CO2,NA,NA,ppm,NA
17-MAY-2022 21:00,2022,5,420.97,417.7,CO2,NA,NA,ppm,NA
17-JUN-2022 06:42,2022,6,420.94,418.47,CO2,NA,NA,ppm,NA
17-JUL-2022 17:17,2022,7,418.85,418.41,CO2,NA,NA,ppm,NA
17-AUG-2022 03:00,2022,8,417.15,419.03,CO2,NA,NA,ppm,NA
16-SEP-2022 12:42,2022,9,415.91,419.3,CO2,NA,NA,ppm,NA
16-OCT-2022 23:17,2022,10,415.74,418.97,CO2,NA,NA,ppm,NA
16-NOV-2022 09:00,2022,11,417.47,419.51,CO2,NA,NA,ppm,NA
16-DEC-2022 18:42,2022,12,418.99,419.79,CO2,NA,NA,ppm,NA
16-JAN-2023 05:17,2023,1,419.47,419.21,CO2,NA,NA,ppm,NA
15-FEB-2023 15:00,2023,2,420.31,419.43,CO2,NA,NA,ppm,NA
18-MAR-2023 00:42,2023,3,420.99,419.54,CO2,NA,NA,ppm,NA
17-APR-2023 11:17,2023,4,423.31,420.8,CO2,NA,NA,ppm,NA
17-MAY-2023 21:00,2023,5,424,420.76,CO2,NA,NA,ppm,NA
17-JUN-2023 06:42,2023,6,423.68,421.23,CO2,NA,NA,ppm,NA
17-JUL-2023 17:17,2023,7,421.83,421.41,CO2,NA,NA,ppm,NA
17-AUG-2023 03:00,2023,8,419.68,421.57,CO2,NA,NA,ppm,NA
16-SEP-2023 12:42,2023,9,418.5,421.9,CO2,NA,NA,ppm,NA
16-OCT-2023 23:17,2023,10,418.82,422.05,CO2,NA,NA,ppm,NA
16-NOV-2023 09:00,2023,11,420.46,422.44,CO2,NA,NA,ppm,NA
16-DEC-2023 18:42,2023,12,421.86,422.58,CO2,NA,NA,ppm,NA
16-JAN-2024 06:17,2024,1,422.8,422.55,CO2,NA,NA,ppm,NA
15-FEB-2024 18:00,2024,2,424.55,423.67,CO2,NA,NA,ppm,NA
17-MAR-2024 05:42,2024,3,425.38,423.94,CO2,NA,NA,ppm,NA
16-APR-2024 18:17,2024,4,426.51,424,CO2,NA,NA,ppm,NA
17-MAY-2024 06:00,2024,5,426.9,423.65,CO2,NA,NA,ppm,NA
16-JUN-2024 17:42,2024,6,426.91,424.46,CO2,NA,NA,ppm,NA
17-JUL-2024 06:17,2024,7,425.55,425.13,CO2,NA,NA,ppm,NA
16-AUG-2024 18:00,2024,8,422.99,424.88,CO2,NA,NA,ppm,NA
16-SEP-2024 05:42,2024,9,422.03,425.43,CO2,NA,NA,ppm,NA
16-OCT-2024 18:17,2024,10,422.38,425.61,CO2,NA,NA,ppm,NA
16-NOV-2024 06:00,2024,11,423.85,425.83,CO2,NA,NA,ppm,NA
16-DEC-2024 17:42,2024,12,425.4,426.13,CO2,NA,NA,ppm,NA
16-JAN-2025 05:17,2025,1,426.65,426.4,CO2,NA,NA,ppm,NA
15-FEB-2025 15:00,2025,2,427.09,426.21,CO2,NA,NA,ppm,NA
18-MAR-2025 00:42,2025,3,428.15,426.7,CO2,NA,NA,ppm,NA
17-APR-2025 11:17,2025,4,429.64,427.13,CO2,NA,NA,ppm,NA
17-MAY-2025 21:00,2025,5,430.51,427.26,CO2,NA,NA,ppm,NA
17-JUN-2025 06:42,2025,6,429.61,427.16,CO2,NA,NA,ppm,NA
17-JUL-2025 17:17,2025,7,427.87,427.45,CO2,NA,NA,ppm,NA
17-AUG-2025 03:00,2025,8,425.48,427.37,CO2,NA,NA,ppm,NA
16-SEP-2025 12:42,2025,9,424.37,427.77,CO2,NA,NA,ppm,NA
16-OCT-2025 23:17,2025,10,424.87,428.1,CO2,NA,NA,ppm,NA
16-NOV-2025 09:00,2025,11,426.46,428.43,CO2,NA,NA,ppm,NA
16-DEC-2025 18:42,2025,12,427.49,428.21,CO2,NA,NA,ppm,NA
16-JAN-2026 05:17,2026,1,428.62,428.37,CO2,NA,NA,ppm,NA
15-FEB-2026 15:00,2026,2,429.35,428.47,CO2,NA,NA,ppm,NA
08-JAN-1989 00:00,1989,1,8.113187,NA,pH,8.107175675619125,NA,pH,NA
27-MAR-1989 00:00,1989,3,8.082849,NA,pH,8.107021817241007,NA,pH,NA
24-AUG-1989 00:00,1989,8,8.099902,NA,pH,8.106867958862887,NA,pH,NA
18-OCT-1989 00:00,1989,10,8.101292,NA,pH,8.106714100484767,NA,pH,NA
05-JAN-1990 00:00,1990,1,8.118504,NA,pH,8.106560242106648,NA,pH,NA
19-MAR-1990 00:00,1990,3,8.105358,NA,pH,8.10640638372853,NA,pH,NA
13-JUN-1990 00:00,1990,6,8.112278,NA,pH,8.10625252535041,NA,pH,NA
25-JUL-1990 00:00,1990,7,8.114807,NA,pH,8.10609866697229,NA,pH,NA
18-DEC-1990 00:00,1990,12,8.105256,NA,pH,8.105944808594172,NA,pH,NA
03-FEB-1991 00:00,1991,2,8.102791,NA,pH,8.105790950216052,NA,pH,NA
07-MAR-1991 00:00,1991,3,8.099092,NA,pH,8.105637091837933,NA,pH,NA
10-APR-1991 00:00,1991,4,8.097557,NA,pH,8.105483233459813,NA,pH,NA
08-MAY-1991 00:00,1991,5,8.102033,NA,pH,8.105329375081695,NA,pH,NA
05-JUN-1991 00:00,1991,6,8.10773,NA,pH,8.105175516703575,NA,pH,NA
10-JUL-1991 00:00,1991,7,8.115978,NA,pH,8.105021658325455,NA,pH,NA
10-AUG-1991 00:00,1991,8,8.109969,NA,pH,8.104867799947336,NA,pH,NA
18-SEP-1991 00:00,1991,9,8.112619,NA,pH,8.104713941569218,NA,pH,NA
21-OCT-1991 00:00,1991,10,8.116722,NA,pH,8.104560083191098,NA,pH,NA
07-DEC-1991 00:00,1991,12,8.118956,NA,pH,8.104406224812978,NA,pH,NA
05-JAN-1992 00:00,1992,1,8.108183,NA,pH,8.10425236643486,NA,pH,NA
15-FEB-1992 00:00,1992,2,8.09609,NA,pH,8.10409850805674,NA,pH,NA
06-MAR-1992 00:00,1992,3,8.098877,NA,pH,8.10394464967862,NA,pH,NA
17-APR-1992 00:00,1992,4,8.088698,NA,pH,8.1037907913005,NA,pH,NA
09-JUN-1992 00:00,1992,6,8.122269,NA,pH,8.103636932922383,NA,pH,NA
05-JUL-1992 00:00,1992,7,8.098472,NA,pH,8.103483074544263,NA,pH,NA
05-AUG-1992 00:00,1992,8,8.109684,NA,pH,8.103329216166143,NA,pH,NA
23-SEP-1992 00:00,1992,9,8.112724,NA,pH,8.103175357788025,NA,pH,NA
20-OCT-1992 00:00,1992,10,8.110711,NA,pH,8.103021499409905,NA,pH,NA
24-NOV-1992 00:00,1992,11,8.108982,NA,pH,8.102867641031786,NA,pH,NA
16-DEC-1992 00:00,1992,12,8.115047,NA,pH,8.102713782653666,NA,pH,NA
20-JAN-1993 00:00,1993,1,8.09721,NA,pH,8.102559924275548,NA,pH,NA
17-FEB-1993 00:00,1993,2,8.11283,NA,pH,8.102406065897428,NA,pH,NA
15-APR-1993 00:00,1993,4,8.085548,NA,pH,8.102252207519308,NA,pH,NA
21-MAY-1993 00:00,1993,5,8.093206,NA,pH,8.102098349141189,NA,pH,NA
15-SEP-1993 00:00,1993,9,8.10713,NA,pH,8.10194449076307,NA,pH,NA
30-OCT-1993 00:00,1993,10,8.11067,NA,pH,8.101790632384951,NA,pH,NA
20-JAN-1994 00:00,1994,1,8.126782,NA,pH,8.101636774006831,NA,pH,NA
17-FEB-1994 00:00,1994,2,8.096045,NA,pH,8.101482915628713,NA,pH,NA
09-MAR-1994 00:00,1994,3,8.093057,NA,pH,8.101329057250593,NA,pH,NA
19-JUN-1994 00:00,1994,6,8.094534,NA,pH,8.101175198872474,NA,pH,NA
25-JUL-1994 00:00,1994,7,8.094427,NA,pH,8.101021340494354,NA,pH,NA
30-AUG-1994 00:00,1994,8,8.099073,NA,pH,8.100867482116236,NA,pH,NA
23-SEP-1994 00:00,1994,9,8.106876,NA,pH,8.100713623738116,NA,pH,NA
15-OCT-1994 00:00,1994,10,8.09897,NA,pH,8.100559765359996,NA,pH,NA
19-NOV-1994 00:00,1994,11,8.1047,NA,pH,8.100405906981878,NA,pH,NA
06-FEB-1995 00:00,1995,2,8.079518,NA,pH,8.100252048603759,NA,pH,NA
04-MAR-1995 00:00,1995,3,8.081787,NA,pH,8.100098190225639,NA,pH,NA
06-APR-1995 00:00,1995,4,8.073113,NA,pH,8.099944331847519,NA,pH,NA
07-MAY-1995 00:00,1995,5,8.087092,NA,pH,8.099790473469401,NA,pH,NA
30-JUL-1995 00:00,1995,7,8.101405,NA,pH,8.099636615091281,NA,pH,NA
29-AUG-1995 00:00,1995,8,8.10764,NA,pH,8.099482756713162,NA,pH,NA
26-SEP-1995 00:00,1995,9,8.112848,NA,pH,8.099328898335044,NA,pH,NA
27-OCT-1995 00:00,1995,10,8.115718,NA,pH,8.099175039956924,NA,pH,NA
17-NOV-1995 00:00,1995,11,8.119383,NA,pH,8.099021181578804,NA,pH,NA
17-JAN-1996 00:00,1996,1,8.10773,NA,pH,8.098867323200684,NA,pH,NA
27-MAR-1996 00:00,1996,3,NA,NA,pH,8.098713464822566,NA,pH,NA
24-APR-1996 00:00,1996,4,NA,NA,pH,8.098559606444447,NA,pH,NA
22-MAY-1996 00:00,1996,5,8.095008,NA,pH,8.098405748066327,NA,pH,NA
26-JUN-1996 00:00,1996,6,8.10093,NA,pH,8.098251889688207,NA,pH,NA
27-JUL-1996 00:00,1996,7,8.106965,NA,pH,8.098098031310089,NA,pH,NA
21-AUG-1996 00:00,1996,8,8.107875,NA,pH,8.09794417293197,NA,pH,NA
02-OCT-1996 00:00,1996,10,8.113261,NA,pH,8.09779031455385,NA,pH,NA
30-OCT-1996 00:00,1996,10,8.113334,NA,pH,8.097636456175731,NA,pH,NA
11-DEC-1996 00:00,1996,12,8.090854,NA,pH,8.097482597797612,NA,pH,NA
08-JAN-1997 00:00,1997,1,8.078654,NA,pH,8.097328739419492,NA,pH,NA
18-FEB-1997 00:00,1997,2,8.072234,NA,pH,8.097174881041372,NA,pH,NA
12-MAR-1997 00:00,1997,3,8.087757,NA,pH,8.097021022663254,NA,pH,NA
09-APR-1997 00:00,1997,4,8.091284,NA,pH,8.096867164285134,NA,pH,NA
07-MAY-1997 00:00,1997,5,8.09199,NA,pH,8.096713305907015,NA,pH,NA
04-JUN-1997 00:00,1997,6,8.10604,NA,pH,8.096559447528897,NA,pH,NA
09-JUL-1997 00:00,1997,7,8.097534,NA,pH,8.096405589150777,NA,pH,NA
02-AUG-1997 00:00,1997,8,8.102995,NA,pH,8.096251730772657,NA,pH,NA
25-SEP-1997 00:00,1997,9,8.109314,NA,pH,8.096097872394537,NA,pH,NA
05-DEC-1997 00:00,1997,12,8.103076,NA,pH,8.09594401401642,NA,pH,NA
11-JAN-1998 00:00,1998,1,8.087714,NA,pH,8.0957901556383,NA,pH,NA
19-FEB-1998 00:00,1998,2,8.081908,NA,pH,8.09563629726018,NA,pH,NA
18-MAR-1998 00:00,1998,3,8.097822,NA,pH,8.095482438882062,NA,pH,NA
15-APR-1998 00:00,1998,4,8.080772,NA,pH,8.095328580503942,NA,pH,NA
13-MAY-1998 00:00,1998,5,8.081999,NA,pH,8.095174722125822,NA,pH,NA
17-JUN-1998 00:00,1998,6,8.085788,NA,pH,8.095020863747703,NA,pH,NA
15-JUL-1998 00:00,1998,7,8.069359,NA,pH,8.094867005369585,NA,pH,NA
10-AUG-1998 00:00,1998,8,8.088048,NA,pH,8.094713146991465,NA,pH,NA
28-SEP-1998 00:00,1998,9,8.085466,NA,pH,8.094559288613345,NA,pH,NA
19-OCT-1998 00:00,1998,10,8.097762,NA,pH,8.094405430235225,NA,pH,NA
11-NOV-1998 00:00,1998,11,8.089959,NA,pH,8.094251571857107,NA,pH,NA
09-DEC-1998 00:00,1998,12,8.076391,NA,pH,8.094097713478988,NA,pH,NA
13-JAN-1999 00:00,1999,1,8.070665,NA,pH,8.093943855100868,NA,pH,NA
18-FEB-1999 00:00,1999,2,8.065768,NA,pH,8.09378999672275,NA,pH,NA
17-MAR-1999 00:00,1999,3,8.115991,NA,pH,8.09363613834463,NA,pH,NA
14-APR-1999 00:00,1999,4,8.081927,NA,pH,8.09348227996651,NA,pH,NA
10-MAY-1999 00:00,1999,5,8.081931,NA,pH,8.09332842158839,NA,pH,NA
14-JUL-1999 00:00,1999,7,8.101191,NA,pH,8.093174563210273,NA,pH,NA
13-AUG-1999 00:00,1999,8,8.086422,NA,pH,8.093020704832153,NA,pH,NA
15-OCT-1999 00:00,1999,10,8.083195,NA,pH,8.092866846454033,NA,pH,NA
09-NOV-1999 00:00,1999,11,8.092519,NA,pH,8.092712988075915,NA,pH,NA
15-DEC-1999 00:00,1999,12,8.076716,NA,pH,8.092559129697795,NA,pH,NA
03-FEB-2000 00:00,2000,2,8.076358,NA,pH,8.092405271319675,NA,pH,NA
01-MAR-2000 00:00,2000,3,8.058449,NA,pH,8.092251412941556,NA,pH,NA
29-MAR-2000 00:00,2000,3,8.071017,NA,pH,8.092097554563438,NA,pH,NA
26-APR-2000 00:00,2000,4,8.079405,NA,pH,8.091943696185318,NA,pH,NA
25-MAY-2000 00:00,2000,5,8.061762,NA,pH,8.091789837807198,NA,pH,NA
21-JUN-2000 00:00,2000,6,8.089841,NA,pH,8.091635979429078,NA,pH,NA
26-JUL-2000 00:00,2000,7,8.102724,NA,pH,8.09148212105096,NA,pH,NA
23-AUG-2000 00:00,2000,8,8.103453,NA,pH,8.09132826267284,NA,pH,NA
18-OCT-2000 00:00,2000,10,8.079372,NA,pH,8.091174404294721,NA,pH,NA
30-NOV-2000 00:00,2000,11,8.094105,NA,pH,8.091020545916603,NA,pH,NA
20-DEC-2000 00:00,2000,12,8.090794,NA,pH,8.090866687538483,NA,pH,NA
17-JAN-2001 00:00,2001,1,8.080466,NA,pH,8.090712829160363,NA,pH,NA
14-FEB-2001 00:00,2001,2,8.069471,NA,pH,8.090558970782244,NA,pH,NA
21-MAR-2001 00:00,2001,3,8.073048,NA,pH,8.090405112404126,NA,pH,NA
18-APR-2001 00:00,2001,4,8.073583,NA,pH,8.090251254026006,NA,pH,NA
16-MAY-2001 00:00,2001,5,8.080251,NA,pH,8.090097395647886,NA,pH,NA
14-JUN-2001 00:00,2001,6,8.103863,NA,pH,8.089943537269768,NA,pH,NA
11-JUL-2001 00:00,2001,7,8.106446,NA,pH,8.089789678891648,NA,pH,NA
08-AUG-2001 00:00,2001,8,8.087791,NA,pH,8.089635820513529,NA,pH,NA
02-OCT-2001 00:00,2001,10,8.089172,NA,pH,8.089481962135409,NA,pH,NA
23-OCT-2001 00:00,2001,10,8.099814,NA,pH,8.08932810375729,NA,pH,NA
17-NOV-2001 00:00,2001,11,8.091858,NA,pH,8.089174245379171,NA,pH,NA
14-DEC-2001 00:00,2001,12,8.088475,NA,pH,8.089020387001051,NA,pH,NA
16-JAN-2002 00:00,2002,1,8.078155,NA,pH,8.088866528622933,NA,pH,NA
21-FEB-2002 00:00,2002,2,8.087096,NA,pH,8.088712670244814,NA,pH,NA
13-MAR-2002 00:00,2002,3,8.071004,NA,pH,8.088558811866694,NA,pH,NA
21-MAY-2002 00:00,2002,5,8.074996,NA,pH,8.088404953488574,NA,pH,NA
29-JUN-2002 00:00,2002,6,8.081175,NA,pH,8.088251095110456,NA,pH,NA
28-AUG-2002 00:00,2002,8,8.089032,NA,pH,8.088097236732336,NA,pH,NA
07-OCT-2002 00:00,2002,10,8.105983,NA,pH,8.087943378354217,NA,pH,NA
04-NOV-2002 00:00,2002,11,8.104322,NA,pH,8.087789519976097,NA,pH,NA
25-NOV-2002 00:00,2002,11,8.095959,NA,pH,8.087635661597979,NA,pH,NA
19-DEC-2002 00:00,2002,12,8.089011,NA,pH,8.087481803219859,NA,pH,NA
17-JAN-2003 00:00,2003,1,8.089097,NA,pH,8.08732794484174,NA,pH,NA
26-FEB-2003 00:00,2003,2,8.083023,NA,pH,8.087174086463621,NA,pH,NA
29-MAR-2003 00:00,2003,3,8.08611,NA,pH,8.087020228085501,NA,pH,NA
24-APR-2003 00:00,2003,4,8.089208,NA,pH,8.086866369707382,NA,pH,NA
21-MAY-2003 00:00,2003,5,8.090824,NA,pH,8.086712511329262,NA,pH,NA
20-JUN-2003 00:00,2003,6,8.096236,NA,pH,8.086558652951144,NA,pH,NA
20-JUL-2003 00:00,2003,7,8.100253,NA,pH,8.086404794573024,NA,pH,NA
21-AUG-2003 00:00,2003,8,8.102939,NA,pH,8.086250936194904,NA,pH,NA
15-OCT-2003 00:00,2003,10,8.115604,NA,pH,8.086097077816786,NA,pH,NA
10-NOV-2003 00:00,2003,11,8.114032,NA,pH,8.085943219438667,NA,pH,NA
20-DEC-2003 00:00,2003,12,8.095248,NA,pH,8.085789361060547,NA,pH,NA
22-JAN-2004 00:00,2004,1,8.087091,NA,pH,8.085635502682427,NA,pH,NA
25-FEB-2004 00:00,2004,2,8.099055,NA,pH,8.08548164430431,NA,pH,NA
20-MAR-2004 00:00,2004,3,8.097146,NA,pH,8.08532778592619,NA,pH,NA
21-APR-2004 00:00,2004,4,8.08381,NA,pH,8.08517392754807,NA,pH,NA
19-MAY-2004 00:00,2004,5,8.088046,NA,pH,8.08502006916995,NA,pH,NA
16-JUN-2004 00:00,2004,6,8.089665,NA,pH,8.084866210791832,NA,pH,NA
13-JUL-2004 00:00,2004,7,8.089991,NA,pH,8.084712352413712,NA,pH,NA
16-AUG-2004 00:00,2004,8,8.094845,NA,pH,8.084558494035592,NA,pH,NA
29-SEP-2004 00:00,2004,9,8.104304,NA,pH,8.084404635657474,NA,pH,NA
31-OCT-2004 00:00,2004,10,8.100355,NA,pH,8.084250777279355,NA,pH,NA
28-NOV-2004 00:00,2004,11,8.110317,NA,pH,8.084096918901235,NA,pH,NA
21-DEC-2004 00:00,2004,12,8.102627,NA,pH,8.083943060523115,NA,pH,NA
02-FEB-2005 00:00,2005,2,8.081234,NA,pH,8.083789202144997,NA,pH,NA
05-MAR-2005 00:00,2005,3,8.088101,NA,pH,8.083635343766877,NA,pH,NA
18-MAY-2005 00:00,2005,5,8.0887,NA,pH,8.083481485388758,NA,pH,NA
15-JUN-2005 00:00,2005,6,8.085773,NA,pH,8.08332762701064,NA,pH,NA
17-JUL-2005 00:00,2005,7,8.078964,NA,pH,8.08317376863252,NA,pH,NA
14-AUG-2005 00:00,2005,8,8.094795,NA,pH,8.0830199102544,NA,pH,NA
10-SEP-2005 00:00,2005,9,8.088696,NA,pH,8.08286605187628,NA,pH,NA
09-OCT-2005 00:00,2005,10,8.09463,NA,pH,8.082712193498162,NA,pH,NA
12-NOV-2005 00:00,2005,11,8.08727,NA,pH,8.082558335120043,NA,pH,NA
13-DEC-2005 00:00,2005,12,8.087402,NA,pH,8.082404476741923,NA,pH,NA
25-JAN-2006 00:00,2006,1,8.094604,NA,pH,8.082250618363805,NA,pH,NA
15-FEB-2006 00:00,2006,2,8.069681,NA,pH,8.082096759985685,NA,pH,NA
10-MAR-2006 00:00,2006,3,8.083368,NA,pH,8.081942901607565,NA,pH,NA
02-APR-2006 00:00,2006,4,8.081378,NA,pH,8.081789043229445,NA,pH,NA
27-MAY-2006 00:00,2006,5,8.069025,NA,pH,8.081635184851327,NA,pH,NA
14-JUN-2006 00:00,2006,6,8.074162,NA,pH,8.081481326473208,NA,pH,NA
13-JUL-2006 00:00,2006,7,8.082702,NA,pH,8.081327468095088,NA,pH,NA
09-AUG-2006 00:00,2006,8,8.089359,NA,pH,8.081173609716968,NA,pH,NA
16-SEP-2006 00:00,2006,9,8.098929,NA,pH,8.08101975133885,NA,pH,NA
21-OCT-2006 00:00,2006,10,8.086596,NA,pH,8.08086589296073,NA,pH,NA
09-NOV-2006 00:00,2006,11,8.090949,NA,pH,8.08071203458261,NA,pH,NA
10-DEC-2006 00:00,2006,12,8.090459,NA,pH,8.080558176204493,NA,pH,NA
07-FEB-2007 00:00,2007,2,8.085236,NA,pH,8.080404317826373,NA,pH,NA
21-MAR-2007 00:00,2007,3,8.073533,NA,pH,8.080250459448253,NA,pH,NA
05-MAY-2007 00:00,2007,5,8.072873,NA,pH,8.080096601070133,NA,pH,NA
10-JUN-2007 00:00,2007,6,NA,NA,pH,8.079942742692015,NA,pH,NA
08-JUL-2007 00:00,2007,7,8.072419,NA,pH,8.079788884313896,NA,pH,NA
04-AUG-2007 00:00,2007,8,8.084817,NA,pH,8.079635025935776,NA,pH,NA
03-SEP-2007 00:00,2007,9,8.084494,NA,pH,8.079481167557658,NA,pH,NA
03-OCT-2007 00:00,2007,10,8.080436,NA,pH,8.079327309179538,NA,pH,NA
02-DEC-2007 00:00,2007,12,8.068093,NA,pH,8.079173450801418,NA,pH,NA
21-DEC-2007 00:00,2007,12,8.0793,NA,pH,8.079019592423299,NA,pH,NA
30-JAN-2008 00:00,2008,1,8.068538,NA,pH,8.07886573404518,NA,pH,NA
24-FEB-2008 00:00,2008,2,8.072966,NA,pH,8.07871187566706,NA,pH,NA
28-MAY-2008 00:00,2008,5,8.060955,NA,pH,8.078558017288941,NA,pH,NA
26-JUN-2008 00:00,2008,6,8.082226,NA,pH,8.078404158910823,NA,pH,NA
27-JUL-2008 00:00,2008,7,8.073559,NA,pH,8.078250300532703,NA,pH,NA
17-AUG-2008 00:00,2008,8,8.086436,NA,pH,8.078096442154584,NA,pH,NA
11-OCT-2008 00:00,2008,10,8.104114,NA,pH,8.077942583776464,NA,pH,NA
01-DEC-2008 00:00,2008,12,8.082076,NA,pH,8.077788725398346,NA,pH,NA
21-JAN-2009 00:00,2009,1,8.080628,NA,pH,8.077634867020226,NA,pH,NA
18-FEB-2009 00:00,2009,2,8.069724,NA,pH,8.077481008642106,NA,pH,NA
29-APR-2009 00:00,2009,4,8.058364,NA,pH,8.077327150263987,NA,pH,NA
28-MAY-2009 00:00,2009,5,8.06516,NA,pH,8.077173291885869,NA,pH,NA
04-JUL-2009 00:00,2009,7,8.076406,NA,pH,8.077019433507749,NA,pH,NA
25-JUL-2009 00:00,2009,7,8.068872,NA,pH,8.076865575129629,NA,pH,NA
19-AUG-2009 00:00,2009,8,8.081758,NA,pH,8.076711716751511,NA,pH,NA
25-SEP-2009 00:00,2009,9,8.08097,NA,pH,8.076557858373391,NA,pH,NA
04-NOV-2009 00:00,2009,11,8.088485,NA,pH,8.076403999995271,NA,pH,NA
10-DEC-2009 00:00,2009,12,8.073699,NA,pH,8.076250141617152,NA,pH,NA
10-MAR-2010 00:00,2010,3,8.076083,NA,pH,8.076096283239034,NA,pH,NA
07-APR-2010 00:00,2010,4,8.079739,NA,pH,8.075942424860914,NA,pH,NA
19-MAY-2010 00:00,2010,5,8.075632,NA,pH,8.075788566482794,NA,pH,NA
09-JUN-2010 00:00,2010,6,8.073037,NA,pH,8.075634708104676,NA,pH,NA
09-JUL-2010 00:00,2010,7,8.092683,NA,pH,8.075480849726556,NA,pH,NA
08-AUG-2010 00:00,2010,8,8.086592,NA,pH,8.075326991348437,NA,pH,NA
04-SEP-2010 00:00,2010,9,8.07835,NA,pH,8.075173132970317,NA,pH,NA
04-OCT-2010 00:00,2010,10,8.083693,NA,pH,8.075019274592199,NA,pH,NA
21-NOV-2010 00:00,2010,11,8.072299,NA,pH,8.07486541621408,NA,pH,NA
29-JAN-2011 00:00,2011,1,8.072945,NA,pH,8.07471155783596,NA,pH,NA
01-MAR-2011 00:00,2011,3,8.081753,NA,pH,8.07455769945784,NA,pH,NA
12-APR-2011 00:00,2011,4,8.072117,NA,pH,8.074403841079722,NA,pH,NA
10-MAY-2011 00:00,2011,5,8.073146,NA,pH,8.074249982701602,NA,pH,NA
20-JUL-2011 00:00,2011,7,8.070421,NA,pH,8.074096124323482,NA,pH,NA
30-AUG-2011 00:00,2011,8,8.087722,NA,pH,8.073942265945364,NA,pH,NA
27-SEP-2011 00:00,2011,9,8.086433,NA,pH,8.073788407567244,NA,pH,NA
05-NOV-2011 00:00,2011,11,8.084011,NA,pH,8.073634549189125,NA,pH,NA
29-NOV-2011 00:00,2011,11,8.07753,NA,pH,8.073480690811005,NA,pH,NA
20-DEC-2011 00:00,2011,12,8.072506,NA,pH,8.073326832432887,NA,pH,NA
19-JAN-2012 00:00,2012,1,8.070388,NA,pH,8.073172974054767,NA,pH,NA
25-MAR-2012 00:00,2012,3,8.062975,NA,pH,8.073019115676647,NA,pH,NA
02-MAY-2012 00:00,2012,5,8.056483,NA,pH,8.07286525729853,NA,pH,NA
31-MAY-2012 00:00,2012,5,8.059978,NA,pH,8.07271139892041,NA,pH,NA
27-JUN-2012 00:00,2012,6,8.060028,NA,pH,8.07255754054229,NA,pH,NA
01-AUG-2012 00:00,2012,8,8.058476,NA,pH,8.07240368216417,NA,pH,NA
18-AUG-2012 00:00,2012,8,8.055382,NA,pH,8.072249823786052,NA,pH,NA
15-SEP-2012 00:00,2012,9,8.058376,NA,pH,8.072095965407932,NA,pH,NA
08-OCT-2012 00:00,2012,10,8.068051,NA,pH,8.071942107029813,NA,pH,NA
04-DEC-2012 00:00,2012,12,8.069613,NA,pH,8.071788248651695,NA,pH,NA
13-FEB-2013 00:00,2013,2,8.058428,NA,pH,8.071634390273575,NA,pH,NA
07-MAR-2013 00:00,2013,3,8.053147,NA,pH,8.071480531895455,NA,pH,NA
06-APR-2013 00:00,2013,4,8.051696,NA,pH,8.071326673517335,NA,pH,NA
18-MAY-2013 00:00,2013,5,8.053134,NA,pH,8.071172815139217,NA,pH,NA
26-JUN-2013 00:00,2013,6,8.062803,NA,pH,8.071018956761097,NA,pH,NA
12-SEP-2013 00:00,2013,9,8.082416,NA,pH,8.070865098382978,NA,pH,NA
02-OCT-2013 00:00,2013,10,8.080138,NA,pH,8.070711240004858,NA,pH,NA
28-OCT-2013 00:00,2013,10,8.080138,NA,pH,8.07055738162674,NA,pH,NA
27-NOV-2013 00:00,2013,11,8.086108,NA,pH,8.07040352324862,NA,pH,NA
21-DEC-2013 00:00,2013,12,8.084826,NA,pH,8.0702496648705,NA,pH,NA
16-JAN-2014 00:00,2014,1,8.067006,NA,pH,8.070095806492382,NA,pH,NA
15-FEB-2014 00:00,2014,2,8.068155,NA,pH,8.069941948114263,NA,pH,NA
06-MAR-2014 00:00,2014,3,8.070035,NA,pH,8.069788089736143,NA,pH,NA
11-APR-2014 00:00,2014,4,8.063851,NA,pH,8.069634231358023,NA,pH,NA
01-JUN-2014 00:00,2014,6,8.077234,NA,pH,8.069480372979905,NA,pH,NA
01-JUL-2014 00:00,2014,7,8.073313,NA,pH,8.069326514601785,NA,pH,NA
15-SEP-2014 00:00,2014,9,8.07568,NA,pH,8.069172656223666,NA,pH,NA
14-OCT-2014 00:00,2014,10,8.089985,NA,pH,8.069018797845548,NA,pH,NA
22-NOV-2014 00:00,2014,11,8.088038,NA,pH,8.068864939467428,NA,pH,NA
17-DEC-2014 00:00,2014,12,8.071536,NA,pH,8.068711081089308,NA,pH,NA
25-FEB-2015 00:00,2015,2,8.065917,NA,pH,8.068557222711188,NA,pH,NA
29-MAR-2015 00:00,2015,3,8.059535,NA,pH,8.06840336433307,NA,pH,NA
22-APR-2015 00:00,2015,4,8.075902,NA,pH,8.06824950595495,NA,pH,NA
24-MAY-2015 00:00,2015,5,8.069743,NA,pH,8.06809564757683,NA,pH,NA
20-JUN-2015 00:00,2015,6,8.06718,NA,pH,8.067941789198711,NA,pH,NA
20-JUL-2015 00:00,2015,7,8.071143,NA,pH,8.067787930820593,NA,pH,NA
13-AUG-2015 00:00,2015,8,8.08725,NA,pH,8.067634072442473,NA,pH,NA
14-OCT-2015 00:00,2015,10,8.079322,NA,pH,8.067480214064354,NA,pH,NA
14-NOV-2015 00:00,2015,11,8.083174,NA,pH,8.067326355686236,NA,pH,NA
09-DEC-2015 00:00,2015,12,8.082859,NA,pH,8.067172497308116,NA,pH,NA
13-JAN-2016 00:00,2016,1,8.080105,NA,pH,8.067018638929996,NA,pH,NA
10-FEB-2016 00:00,2016,2,8.074242,NA,pH,8.066864780551876,NA,pH,NA
09-MAR-2016 00:00,2016,3,8.072294,NA,pH,8.066710922173758,NA,pH,NA
15-APR-2016 00:00,2016,4,8.064809,NA,pH,8.066557063795639,NA,pH,NA
29-MAY-2016 00:00,2016,5,8.073457,NA,pH,8.066403205417519,NA,pH,NA
12-JUL-2016 00:00,2016,7,8.068111,NA,pH,8.0662493470394,NA,pH,NA
10-AUG-2016 00:00,2016,8,8.075192,NA,pH,8.066095488661281,NA,pH,NA
16-OCT-2016 00:00,2016,10,8.074387,NA,pH,8.065941630283161,NA,pH,NA
27-NOV-2016 00:00,2016,11,8.068016,NA,pH,8.065787771905041,NA,pH,NA
24-JAN-2017 00:00,2017,1,8.049675,NA,pH,8.065633913526923,NA,pH,NA
23-FEB-2017 00:00,2017,2,8.052955,NA,pH,8.065480055148804,NA,pH,NA
29-MAR-2017 00:00,2017,3,8.064332,NA,pH,8.065326196770684,NA,pH,NA
26-APR-2017 00:00,2017,4,8.063944,NA,pH,8.065172338392566,NA,pH,NA
24-MAY-2017 00:00,2017,5,8.067113,NA,pH,8.065018480014446,NA,pH,NA
21-JUN-2017 00:00,2017,6,8.06471,NA,pH,8.064864621636326,NA,pH,NA
09-AUG-2017 00:00,2017,8,8.078624,NA,pH,8.064710763258207,NA,pH,NA
07-OCT-2017 00:00,2017,10,8.0793,NA,pH,8.064556904880089,NA,pH,NA
09-NOV-2017 00:00,2017,11,8.081305,NA,pH,8.064403046501969,NA,pH,NA
13-DEC-2017 00:00,2017,12,8.067376,NA,pH,8.06424918812385,NA,pH,NA
18-JAN-2018 00:00,2018,1,NA,NA,pH,8.06409532974573,NA,pH,NA
26-FEB-2018 00:00,2018,2,8.054882,NA,pH,8.063941471367611,NA,pH,NA
18-APR-2018 00:00,2018,4,8.05439,NA,pH,8.063787612989492,NA,pH,NA
16-MAY-2018 00:00,2018,5,8.06197,NA,pH,8.063633754611372,NA,pH,NA
27-JUN-2018 00:00,2018,6,8.067732,NA,pH,8.063479896233254,NA,pH,NA
25-JUL-2018 00:00,2018,7,8.071259,NA,pH,8.063326037855134,NA,pH,NA
11-SEP-2018 00:00,2018,9,8.060242,NA,pH,8.063172179477014,NA,pH,NA
13-OCT-2018 00:00,2018,10,8.072583,NA,pH,8.063018321098895,NA,pH,NA
17-NOV-2018 00:00,2018,11,8.071003,NA,pH,8.062864462720777,NA,pH,NA
11-DEC-2018 00:00,2018,12,NA,NA,pH,8.062710604342657,NA,pH,NA
16-JAN-2019 00:00,2019,1,8.059778,NA,pH,8.062556745964537,NA,pH,NA
20-FEB-2019 00:00,2019,2,8.0465,NA,pH,8.062402887586419,NA,pH,NA
03-MAY-2019 00:00,2019,5,8.045938,NA,pH,8.0622490292083,NA,pH,NA
12-JUN-2019 00:00,2019,6,8.055537,NA,pH,8.06209517083018,NA,pH,NA
02-JUL-2019 00:00,2019,7,8.062551,NA,pH,8.06194131245206,NA,pH,NA
03-AUG-2019 00:00,2019,8,8.058932,NA,pH,8.061787454073942,NA,pH,NA
05-SEP-2019 00:00,2019,9,8.070158,NA,pH,8.061633595695822,NA,pH,NA
18-OCT-2019 00:00,2019,10,8.083355,NA,pH,8.061479737317702,NA,pH,NA
19-DEC-2019 00:00,2019,12,8.062876,NA,pH,8.061325878939584,NA,pH,NA
08-JAN-2020 00:00,2020,1,8.069879,NA,pH,8.061172020561465,NA,pH,NA
31-JAN-2020 00:00,2020,1,8.051304,NA,pH,8.061018162183345,NA,pH,NA
16-JUL-2020 00:00,2020,7,8.063452,NA,pH,8.060864303805225,NA,pH,NA
08-AUG-2020 00:00,2020,8,8.071419,NA,pH,8.060710445427107,NA,pH,NA
01-SEP-2020 00:00,2020,9,8.07564,NA,pH,8.060556587048987,NA,pH,NA
27-SEP-2020 00:00,2020,9,8.074209,NA,pH,8.060402728670867,NA,pH,NA
19-NOV-2020 00:00,2020,11,8.077223,NA,pH,8.060248870292748,NA,pH,NA
19-DEC-2020 00:00,2020,12,8.07033,NA,pH,8.06009501191463,NA,pH,NA
13-JAN-2021 00:00,2021,1,8.068637,NA,pH,8.05994115353651,NA,pH,NA
17-FEB-2021 00:00,2021,2,8.067359,NA,pH,8.05978729515839,NA,pH,NA
24-MAR-2021 00:00,2021,3,8.043985,NA,pH,8.059633436780272,NA,pH,NA
14-APR-2021 00:00,2021,4,8.049343,NA,pH,8.059479578402152,NA,pH,NA
17-MAY-2021 00:00,2021,5,8.042362,NA,pH,8.059325720024033,NA,pH,NA
23-JUN-2021 00:00,2021,6,8.050629,NA,pH,8.059171861645913,NA,pH,NA
17-JUL-2021 00:00,2021,7,8.057215,NA,pH,8.059018003267795,NA,pH,NA
29-OCT-2021 00:00,2021,10,8.059336,NA,pH,8.058864144889675,NA,pH,NA
05-DEC-2021 00:00,2021,12,8.048397,NA,pH,8.058710286511555,NA,pH,NA
28-MAR-2022 00:00,2022,3,8.047077,NA,pH,8.058556428133437,NA,pH,NA
27-MAY-2022 00:00,2022,5,8.034208,NA,pH,8.058402569755318,NA,pH,NA
10-JUL-2022 00:00,2022,7,8.05794,NA,pH,8.058248711377198,NA,pH,NA
31-JUL-2022 00:00,2022,7,8.052382,NA,pH,8.058094852999078,NA,pH,NA
01-SEP-2022 00:00,2022,9,8.057348,NA,pH,8.05794099462096,NA,pH,NA
24-JAN-2023 00:00,2023,1,8.049296,NA,pH,8.05778713624284,NA,pH,NA
29-MAR-2023 00:00,2023,3,8.031798,NA,pH,8.05763327786472,NA,pH,NA
27-MAY-2023 00:00,2023,5,8.026276,NA,pH,8.0574794194866,NA,pH,NA
11-AUG-2023 00:00,2023,8,8.045364,NA,pH,8.057325561108483,NA,pH,NA
17-SEP-2023 00:00,2023,9,8.059327,NA,pH,8.057171702730363,NA,pH,NA
09-OCT-2023 00:00,2023,10,8.063005,NA,pH,8.057017844352243,NA,pH,NA
06-NOV-2023 00:00,2023,11,8.057886,NA,pH,8.056863985974125,NA,pH,NA
29-NOV-2023 00:00,2023,11,8.046489,NA,pH,8.056710127596006,NA,pH,NA
28-DEC-2023 00:00,2023,12,8.038747,NA,pH,8.056556269217886,NA,pH,NA
03-APR-2024 00:00,2024,4,8.037763,NA,pH,8.056402410839766,NA,pH,NA
29-APR-2024 00:00,2024,4,8.036569,NA,pH,8.056248552461648,NA,pH,NA
18-JUL-2024 00:00,2024,7,8.044224,NA,pH,8.056094694083528,NA,pH,NA
18-AUG-2024 00:00,2024,8,8.05462,NA,pH,8.055940835705409,NA,pH,NA
08-SEP-2024 00:00,2024,9,8.069025,NA,pH,8.05578697732729,NA,pH,NA
12-OCT-2024 00:00,2024,10,8.054777,NA,pH,8.05563311894917,NA,pH,NA
20-DEC-2024 00:00,2024,12,8.05941,NA,pH,8.055479260571051,NA,pH,NA
15-1-1950 00:00,1950,1,-1.53,NA,ENSO,NA,NA,Oceanic Nino Index,NA
15-2-1950 00:00,1950,2,-1.34,NA,ENSO,NA,NA,Oceanic Nino Index,NA
15-3-1950 00:00,1950,3,-1.16,NA,ENSO,NA,NA,Oceanic Nino Index,NA
15-4-1950 00:00,1950,4,-1.18,NA,ENSO,NA,NA,Oceanic Nino Index,NA
15-5-1950 00:00,1950,5,-1.07,NA,ENSO,NA,NA,Oceanic Nino Index,NA
15-6-1950 00:00,1950,6,-0.85,NA,ENSO,NA,NA,Oceanic Nino Index,NA
15-7-1950 00:00,1950,7,-0.54,NA,ENSO,NA,NA,Oceanic Nino Index,NA
15-8-1950 00:00,1950,8,-0.42,NA,ENSO,NA,NA,Oceanic Nino Index,NA
15-9-1950 00:00,1950,9,-0.39,NA,ENSO,NA,NA,Oceanic Nino Index,NA
15-10-1950 00:00,1950,10,-0.44,NA,ENSO,NA,NA,Oceanic Nino Index,NA
15-11-1950 00:00,1950,11,-0.6,NA,ENSO,NA,NA,Oceanic Nino Index,NA
15-12-1950 00:00,1950,12,-0.8,NA,ENSO,NA,NA,Oceanic Nino Index,NA
15-1-1951 00:00,1951,1,-0.82,NA,ENSO,NA,NA,Oceanic Nino Index,NA
15-2-1951 00:00,1951,2,-0.54,NA,ENSO,NA,NA,Oceanic Nino Index,NA
15-3-1951 00:00,1951,3,-0.17,NA,ENSO,NA,NA,Oceanic Nino Index,NA
15-4-1951 00:00,1951,4,0.18,NA,ENSO,NA,NA,Oceanic Nino Index,NA
15-5-1951 00:00,1951,5,0.36,NA,ENSO,NA,NA,Oceanic Nino Index,NA
15-6-1951 00:00,1951,6,0.58,NA,ENSO,NA,NA,Oceanic Nino Index,NA
15-7-1951 00:00,1951,7,0.7,NA,ENSO,NA,NA,Oceanic Nino Index,NA
15-8-1951 00:00,1951,8,0.89,NA,ENSO,NA,NA,Oceanic Nino Index,NA
15-9-1951 00:00,1951,9,0.99,NA,ENSO,NA,NA,Oceanic Nino Index,NA
15-10-1951 00:00,1951,10,1.15,NA,ENSO,NA,NA,Oceanic Nino Index,NA
15-11-1951 00:00,1951,11,1.04,NA,ENSO,NA,NA,Oceanic Nino Index,NA
15-12-1951 00:00,1951,12,0.81,NA,ENSO,NA,NA,Oceanic Nino Index,NA
15-1-1952 00:00,1952,1,0.53,NA,ENSO,NA,NA,Oceanic Nino Index,NA
15-2-1952 00:00,1952,2,0.37,NA,ENSO,NA,NA,Oceanic Nino Index,NA
15-3-1952 00:00,1952,3,0.34,NA,ENSO,NA,NA,Oceanic Nino Index,NA
15-4-1952 00:00,1952,4,0.29,NA,ENSO,NA,NA,Oceanic Nino Index,NA
15-5-1952 00:00,1952,5,0.2,NA,ENSO,NA,NA,Oceanic Nino Index,NA
15-6-1952 00:00,1952,6,0,NA,ENSO,NA,NA,Oceanic Nino Index,NA
15-7-1952 00:00,1952,7,-0.08,NA,ENSO,NA,NA,Oceanic Nino Index,NA
15-8-1952 00:00,1952,8,0,NA,ENSO,NA,NA,Oceanic Nino Index,NA
15-9-1952 00:00,1952,9,0.15,NA,ENSO,NA,NA,Oceanic Nino Index,NA
15-10-1952 00:00,1952,10,0.1,NA,ENSO,NA,NA,Oceanic Nino Index,NA
15-11-1952 00:00,1952,11,0.04,NA,ENSO,NA,NA,Oceanic Nino Index,NA
15-12-1952 00:00,1952,12,0.15,NA,ENSO,NA,NA,Oceanic Nino Index,NA
15-1-1953 00:00,1953,1,0.4,NA,ENSO,NA,NA,Oceanic Nino Index,NA
15-2-1953 00:00,1953,2,0.6,NA,ENSO,NA,NA,Oceanic Nino Index,NA
15-3-1953 00:00,1953,3,0.63,NA,ENSO,NA,NA,Oceanic Nino Index,NA
15-4-1953 00:00,1953,4,0.66,NA,ENSO,NA,NA,Oceanic Nino Index,NA
15-5-1953 00:00,1953,5,0.75,NA,ENSO,NA,NA,Oceanic Nino Index,NA
15-6-1953 00:00,1953,6,0.77,NA,ENSO,NA,NA,Oceanic Nino Index,NA
15-7-1953 00:00,1953,7,0.75,NA,ENSO,NA,NA,Oceanic Nino Index,NA
15-8-1953 00:00,1953,8,0.73,NA,ENSO,NA,NA,Oceanic Nino Index,NA
15-9-1953 00:00,1953,9,0.78,NA,ENSO,NA,NA,Oceanic Nino Index,NA
15-10-1953 00:00,1953,10,0.84,NA,ENSO,NA,NA,Oceanic Nino Index,NA
15-11-1953 00:00,1953,11,0.84,NA,ENSO,NA,NA,Oceanic Nino Index,NA
15-12-1953 00:00,1953,12,0.81,NA,ENSO,NA,NA,Oceanic Nino Index,NA
15-1-1954 00:00,1954,1,0.76,NA,ENSO,NA,NA,Oceanic Nino Index,NA
15-2-1954 00:00,1954,2,0.47,NA,ENSO,NA,NA,Oceanic Nino Index,NA
15-3-1954 00:00,1954,3,-0.05,NA,ENSO,NA,NA,Oceanic Nino Index,NA
15-4-1954 00:00,1954,4,-0.41,NA,ENSO,NA,NA,Oceanic Nino Index,NA
15-5-1954 00:00,1954,5,-0.54,NA,ENSO,NA,NA,Oceanic Nino Index,NA
15-6-1954 00:00,1954,6,-0.5,NA,ENSO,NA,NA,Oceanic Nino Index,NA
15-7-1954 00:00,1954,7,-0.64,NA,ENSO,NA,NA,Oceanic Nino Index,NA
15-8-1954 00:00,1954,8,-0.84,NA,ENSO,NA,NA,Oceanic Nino Index,NA
15-9-1954 00:00,1954,9,-0.9,NA,ENSO,NA,NA,Oceanic Nino Index,NA
15-10-1954 00:00,1954,10,-0.77,NA,ENSO,NA,NA,Oceanic Nino Index,NA
15-11-1954 00:00,1954,11,-0.73,NA,ENSO,NA,NA,Oceanic Nino Index,NA
15-12-1954 00:00,1954,12,-0.66,NA,ENSO,NA,NA,Oceanic Nino Index,NA
15-1-1955 00:00,1955,1,-0.68,NA,ENSO,NA,NA,Oceanic Nino Index,NA
15-2-1955 00:00,1955,2,-0.62,NA,ENSO,NA,NA,Oceanic Nino Index,NA
15-3-1955 00:00,1955,3,-0.69,NA,ENSO,NA,NA,Oceanic Nino Index,NA
15-4-1955 00:00,1955,4,-0.8,NA,ENSO,NA,NA,Oceanic Nino Index,NA
15-5-1955 00:00,1955,5,-0.79,NA,ENSO,NA,NA,Oceanic Nino Index,NA
15-6-1955 00:00,1955,6,-0.72,NA,ENSO,NA,NA,Oceanic Nino Index,NA
15-7-1955 00:00,1955,7,-0.68,NA,ENSO,NA,NA,Oceanic Nino Index,NA
15-8-1955 00:00,1955,8,-0.75,NA,ENSO,NA,NA,Oceanic Nino Index,NA
15-9-1955 00:00,1955,9,-1.09,NA,ENSO,NA,NA,Oceanic Nino Index,NA
15-10-1955 00:00,1955,10,-1.42,NA,ENSO,NA,NA,Oceanic Nino Index,NA
15-11-1955 00:00,1955,11,-1.67,NA,ENSO,NA,NA,Oceanic Nino Index,NA
15-12-1955 00:00,1955,12,-1.47,NA,ENSO,NA,NA,Oceanic Nino Index,NA
15-1-1956 00:00,1956,1,-1.11,NA,ENSO,NA,NA,Oceanic Nino Index,NA
15-2-1956 00:00,1956,2,-0.76,NA,ENSO,NA,NA,Oceanic Nino Index,NA
15-3-1956 00:00,1956,3,-0.63,NA,ENSO,NA,NA,Oceanic Nino Index,NA
15-4-1956 00:00,1956,4,-0.54,NA,ENSO,NA,NA,Oceanic Nino Index,NA
15-5-1956 00:00,1956,5,-0.52,NA,ENSO,NA,NA,Oceanic Nino Index,NA
15-6-1956 00:00,1956,6,-0.51,NA,ENSO,NA,NA,Oceanic Nino Index,NA
15-7-1956 00:00,1956,7,-0.57,NA,ENSO,NA,NA,Oceanic Nino Index,NA
15-8-1956 00:00,1956,8,-0.55,NA,ENSO,NA,NA,Oceanic Nino Index,NA
15-9-1956 00:00,1956,9,-0.46,NA,ENSO,NA,NA,Oceanic Nino Index,NA
15-10-1956 00:00,1956,10,-0.42,NA,ENSO,NA,NA,Oceanic Nino Index,NA
15-11-1956 00:00,1956,11,-0.43,NA,ENSO,NA,NA,Oceanic Nino Index,NA
15-12-1956 00:00,1956,12,-0.43,NA,ENSO,NA,NA,Oceanic Nino Index,NA
15-1-1957 00:00,1957,1,-0.25,NA,ENSO,NA,NA,Oceanic Nino Index,NA
15-2-1957 00:00,1957,2,0.06,NA,ENSO,NA,NA,Oceanic Nino Index,NA
15-3-1957 00:00,1957,3,0.41,NA,ENSO,NA,NA,Oceanic Nino Index,NA
15-4-1957 00:00,1957,4,0.72,NA,ENSO,NA,NA,Oceanic Nino Index,NA
15-5-1957 00:00,1957,5,0.92,NA,ENSO,NA,NA,Oceanic Nino Index,NA
15-6-1957 00:00,1957,6,1.11,NA,ENSO,NA,NA,Oceanic Nino Index,NA
15-7-1957 00:00,1957,7,1.25,NA,ENSO,NA,NA,Oceanic Nino Index,NA
15-8-1957 00:00,1957,8,1.32,NA,ENSO,NA,NA,Oceanic Nino Index,NA
15-9-1957 00:00,1957,9,1.33,NA,ENSO,NA,NA,Oceanic Nino Index,NA
15-10-1957 00:00,1957,10,1.39,NA,ENSO,NA,NA,Oceanic Nino Index,NA
15-11-1957 00:00,1957,11,1.53,NA,ENSO,NA,NA,Oceanic Nino Index,NA
15-12-1957 00:00,1957,12,1.74,NA,ENSO,NA,NA,Oceanic Nino Index,NA
15-1-1958 00:00,1958,1,1.81,NA,ENSO,NA,NA,Oceanic Nino Index,NA
15-2-1958 00:00,1958,2,1.66,NA,ENSO,NA,NA,Oceanic Nino Index,NA
15-3-1958 00:00,1958,3,1.27,NA,ENSO,NA,NA,Oceanic Nino Index,NA
15-4-1958 00:00,1958,4,0.93,NA,ENSO,NA,NA,Oceanic Nino Index,NA
15-5-1958 00:00,1958,5,0.74,NA,ENSO,NA,NA,Oceanic Nino Index,NA
15-6-1958 00:00,1958,6,0.64,NA,ENSO,NA,NA,Oceanic Nino Index,NA
15-7-1958 00:00,1958,7,0.57,NA,ENSO,NA,NA,Oceanic Nino Index,NA
15-8-1958 00:00,1958,8,0.43,NA,ENSO,NA,NA,Oceanic Nino Index,NA
15-9-1958 00:00,1958,9,0.39,NA,ENSO,NA,NA,Oceanic Nino Index,NA
15-10-1958 00:00,1958,10,0.44,NA,ENSO,NA,NA,Oceanic Nino Index,NA
15-11-1958 00:00,1958,11,0.5,NA,ENSO,NA,NA,Oceanic Nino Index,NA
15-12-1958 00:00,1958,12,0.61,NA,ENSO,NA,NA,Oceanic Nino Index,NA
15-1-1959 00:00,1959,1,0.61,NA,ENSO,NA,NA,Oceanic Nino Index,NA
15-2-1959 00:00,1959,2,0.62,NA,ENSO,NA,NA,Oceanic Nino Index,NA
15-3-1959 00:00,1959,3,0.52,NA,ENSO,NA,NA,Oceanic Nino Index,NA
15-4-1959 00:00,1959,4,0.33,NA,ENSO,NA,NA,Oceanic Nino Index,NA
15-5-1959 00:00,1959,5,0.2,NA,ENSO,NA,NA,Oceanic Nino Index,NA
15-6-1959 00:00,1959,6,-0.07,NA,ENSO,NA,NA,Oceanic Nino Index,NA
15-7-1959 00:00,1959,7,-0.18,NA,ENSO,NA,NA,Oceanic Nino Index,NA
15-8-1959 00:00,1959,8,-0.28,NA,ENSO,NA,NA,Oceanic Nino Index,NA
15-9-1959 00:00,1959,9,-0.09,NA,ENSO,NA,NA,Oceanic Nino Index,NA
15-10-1959 00:00,1959,10,-0.03,NA,ENSO,NA,NA,Oceanic Nino Index,NA
15-11-1959 00:00,1959,11,0.05,NA,ENSO,NA,NA,Oceanic Nino Index,NA
15-12-1959 00:00,1959,12,-0.04,NA,ENSO,NA,NA,Oceanic Nino Index,NA
15-1-1960 00:00,1960,1,-0.1,NA,ENSO,NA,NA,Oceanic Nino Index,NA
15-2-1960 00:00,1960,2,-0.1,NA,ENSO,NA,NA,Oceanic Nino Index,NA
15-3-1960 00:00,1960,3,-0.07,NA,ENSO,NA,NA,Oceanic Nino Index,NA
15-4-1960 00:00,1960,4,0.03,NA,ENSO,NA,NA,Oceanic Nino Index,NA
15-5-1960 00:00,1960,5,0.02,NA,ENSO,NA,NA,Oceanic Nino Index,NA
15-6-1960 00:00,1960,6,0.03,NA,ENSO,NA,NA,Oceanic Nino Index,NA
15-7-1960 00:00,1960,7,0.13,NA,ENSO,NA,NA,Oceanic Nino Index,NA
15-8-1960 00:00,1960,8,0.24,NA,ENSO,NA,NA,Oceanic Nino Index,NA
15-9-1960 00:00,1960,9,0.27,NA,ENSO,NA,NA,Oceanic Nino Index,NA
15-10-1960 00:00,1960,10,0.2,NA,ENSO,NA,NA,Oceanic Nino Index,NA
15-11-1960 00:00,1960,11,0.12,NA,ENSO,NA,NA,Oceanic Nino Index,NA
15-12-1960 00:00,1960,12,0.05,NA,ENSO,NA,NA,Oceanic Nino Index,NA
15-1-1961 00:00,1961,1,0.04,NA,ENSO,NA,NA,Oceanic Nino Index,NA
15-2-1961 00:00,1961,2,0.03,NA,ENSO,NA,NA,Oceanic Nino Index,NA
15-3-1961 00:00,1961,3,0.04,NA,ENSO,NA,NA,Oceanic Nino Index,NA
15-4-1961 00:00,1961,4,0.09,NA,ENSO,NA,NA,Oceanic Nino Index,NA
15-5-1961 00:00,1961,5,0.23,NA,ENSO,NA,NA,Oceanic Nino Index,NA
15-6-1961 00:00,1961,6,0.27,NA,ENSO,NA,NA,Oceanic Nino Index,NA
15-7-1961 00:00,1961,7,0.14,NA,ENSO,NA,NA,Oceanic Nino Index,NA
15-8-1961 00:00,1961,8,-0.13,NA,ENSO,NA,NA,Oceanic Nino Index,NA
15-9-1961 00:00,1961,9,-0.3,NA,ENSO,NA,NA,Oceanic Nino Index,NA
15-10-1961 00:00,1961,10,-0.26,NA,ENSO,NA,NA,Oceanic Nino Index,NA
15-11-1961 00:00,1961,11,-0.19,NA,ENSO,NA,NA,Oceanic Nino Index,NA
15-12-1961 00:00,1961,12,-0.16,NA,ENSO,NA,NA,Oceanic Nino Index,NA
15-1-1962 00:00,1962,1,-0.24,NA,ENSO,NA,NA,Oceanic Nino Index,NA
15-2-1962 00:00,1962,2,-0.22,NA,ENSO,NA,NA,Oceanic Nino Index,NA
15-3-1962 00:00,1962,3,-0.2,NA,ENSO,NA,NA,Oceanic Nino Index,NA
15-4-1962 00:00,1962,4,-0.26,NA,ENSO,NA,NA,Oceanic Nino Index,NA
15-5-1962 00:00,1962,5,-0.28,NA,ENSO,NA,NA,Oceanic Nino Index,NA
15-6-1962 00:00,1962,6,-0.2,NA,ENSO,NA,NA,Oceanic Nino Index,NA
15-7-1962 00:00,1962,7,-0.04,NA,ENSO,NA,NA,Oceanic Nino Index,NA
15-8-1962 00:00,1962,8,-0.07,NA,ENSO,NA,NA,Oceanic Nino Index,NA
15-9-1962 00:00,1962,9,-0.11,NA,ENSO,NA,NA,Oceanic Nino Index,NA
15-10-1962 00:00,1962,10,-0.22,NA,ENSO,NA,NA,Oceanic Nino Index,NA
15-11-1962 00:00,1962,11,-0.31,NA,ENSO,NA,NA,Oceanic Nino Index,NA
15-12-1962 00:00,1962,12,-0.43,NA,ENSO,NA,NA,Oceanic Nino Index,NA
15-1-1963 00:00,1963,1,-0.4,NA,ENSO,NA,NA,Oceanic Nino Index,NA
15-2-1963 00:00,1963,2,-0.15,NA,ENSO,NA,NA,Oceanic Nino Index,NA
15-3-1963 00:00,1963,3,0.15,NA,ENSO,NA,NA,Oceanic Nino Index,NA
15-4-1963 00:00,1963,4,0.27,NA,ENSO,NA,NA,Oceanic Nino Index,NA
15-5-1963 00:00,1963,5,0.31,NA,ENSO,NA,NA,Oceanic Nino Index,NA
15-6-1963 00:00,1963,6,0.52,NA,ENSO,NA,NA,Oceanic Nino Index,NA
15-7-1963 00:00,1963,7,0.86,NA,ENSO,NA,NA,Oceanic Nino Index,NA
15-8-1963 00:00,1963,8,1.14,NA,ENSO,NA,NA,Oceanic Nino Index,NA
15-9-1963 00:00,1963,9,1.22,NA,ENSO,NA,NA,Oceanic Nino Index,NA
15-10-1963 00:00,1963,10,1.29,NA,ENSO,NA,NA,Oceanic Nino Index,NA
15-11-1963 00:00,1963,11,1.37,NA,ENSO,NA,NA,Oceanic Nino Index,NA
15-12-1963 00:00,1963,12,1.31,NA,ENSO,NA,NA,Oceanic Nino Index,NA
15-1-1964 00:00,1964,1,1.07,NA,ENSO,NA,NA,Oceanic Nino Index,NA
15-2-1964 00:00,1964,2,0.62,NA,ENSO,NA,NA,Oceanic Nino Index,NA
15-3-1964 00:00,1964,3,0.12,NA,ENSO,NA,NA,Oceanic Nino Index,NA
15-4-1964 00:00,1964,4,-0.33,NA,ENSO,NA,NA,Oceanic Nino Index,NA
15-5-1964 00:00,1964,5,-0.58,NA,ENSO,NA,NA,Oceanic Nino Index,NA
15-6-1964 00:00,1964,6,-0.58,NA,ENSO,NA,NA,Oceanic Nino Index,NA
15-7-1964 00:00,1964,7,-0.6,NA,ENSO,NA,NA,Oceanic Nino Index,NA
15-8-1964 00:00,1964,8,-0.66,NA,ENSO,NA,NA,Oceanic Nino Index,NA
15-9-1964 00:00,1964,9,-0.76,NA,ENSO,NA,NA,Oceanic Nino Index,NA
15-10-1964 00:00,1964,10,-0.8,NA,ENSO,NA,NA,Oceanic Nino Index,NA
15-11-1964 00:00,1964,11,-0.82,NA,ENSO,NA,NA,Oceanic Nino Index,NA
15-12-1964 00:00,1964,12,-0.78,NA,ENSO,NA,NA,Oceanic Nino Index,NA
15-1-1965 00:00,1965,1,-0.59,NA,ENSO,NA,NA,Oceanic Nino Index,NA
15-2-1965 00:00,1965,2,-0.28,NA,ENSO,NA,NA,Oceanic Nino Index,NA
15-3-1965 00:00,1965,3,-0.07,NA,ENSO,NA,NA,Oceanic Nino Index,NA
15-4-1965 00:00,1965,4,0.18,NA,ENSO,NA,NA,Oceanic Nino Index,NA
15-5-1965 00:00,1965,5,0.46,NA,ENSO,NA,NA,Oceanic Nino Index,NA
15-6-1965 00:00,1965,6,0.83,NA,ENSO,NA,NA,Oceanic Nino Index,NA
15-7-1965 00:00,1965,7,1.22,NA,ENSO,NA,NA,Oceanic Nino Index,NA
15-8-1965 00:00,1965,8,1.54,NA,ENSO,NA,NA,Oceanic Nino Index,NA
15-9-1965 00:00,1965,9,1.85,NA,ENSO,NA,NA,Oceanic Nino Index,NA
15-10-1965 00:00,1965,10,1.98,NA,ENSO,NA,NA,Oceanic Nino Index,NA
15-11-1965 00:00,1965,11,1.97,NA,ENSO,NA,NA,Oceanic Nino Index,NA
15-12-1965 00:00,1965,12,1.72,NA,ENSO,NA,NA,Oceanic Nino Index,NA
15-1-1966 00:00,1966,1,1.37,NA,ENSO,NA,NA,Oceanic Nino Index,NA
15-2-1966 00:00,1966,2,1.17,NA,ENSO,NA,NA,Oceanic Nino Index,NA
15-3-1966 00:00,1966,3,0.98,NA,ENSO,NA,NA,Oceanic Nino Index,NA
15-4-1966 00:00,1966,4,0.66,NA,ENSO,NA,NA,Oceanic Nino Index,NA
15-5-1966 00:00,1966,5,0.35,NA,ENSO,NA,NA,Oceanic Nino Index,NA
15-6-1966 00:00,1966,6,0.24,NA,ENSO,NA,NA,Oceanic Nino Index,NA
15-7-1966 00:00,1966,7,0.24,NA,ENSO,NA,NA,Oceanic Nino Index,NA
15-8-1966 00:00,1966,8,0.12,NA,ENSO,NA,NA,Oceanic Nino Index,NA
15-9-1966 00:00,1966,9,-0.05,NA,ENSO,NA,NA,Oceanic Nino Index,NA
15-10-1966 00:00,1966,10,-0.1,NA,ENSO,NA,NA,Oceanic Nino Index,NA
15-11-1966 00:00,1966,11,-0.18,NA,ENSO,NA,NA,Oceanic Nino Index,NA
15-12-1966 00:00,1966,12,-0.3,NA,ENSO,NA,NA,Oceanic Nino Index,NA
15-1-1967 00:00,1967,1,-0.41,NA,ENSO,NA,NA,Oceanic Nino Index,NA
15-2-1967 00:00,1967,2,-0.48,NA,ENSO,NA,NA,Oceanic Nino Index,NA
15-3-1967 00:00,1967,3,-0.53,NA,ENSO,NA,NA,Oceanic Nino Index,NA
15-4-1967 00:00,1967,4,-0.45,NA,ENSO,NA,NA,Oceanic Nino Index,NA
15-5-1967 00:00,1967,5,-0.24,NA,ENSO,NA,NA,Oceanic Nino Index,NA
15-6-1967 00:00,1967,6,0,NA,ENSO,NA,NA,Oceanic Nino Index,NA
15-7-1967 00:00,1967,7,0.05,NA,ENSO,NA,NA,Oceanic Nino Index,NA
15-8-1967 00:00,1967,8,-0.16,NA,ENSO,NA,NA,Oceanic Nino Index,NA
15-9-1967 00:00,1967,9,-0.3,NA,ENSO,NA,NA,Oceanic Nino Index,NA
15-10-1967 00:00,1967,10,-0.38,NA,ENSO,NA,NA,Oceanic Nino Index,NA
15-11-1967 00:00,1967,11,-0.34,NA,ENSO,NA,NA,Oceanic Nino Index,NA
15-12-1967 00:00,1967,12,-0.44,NA,ENSO,NA,NA,Oceanic Nino Index,NA
15-1-1968 00:00,1968,1,-0.64,NA,ENSO,NA,NA,Oceanic Nino Index,NA
15-2-1968 00:00,1968,2,-0.74,NA,ENSO,NA,NA,Oceanic Nino Index,NA
15-3-1968 00:00,1968,3,-0.62,NA,ENSO,NA,NA,Oceanic Nino Index,NA
15-4-1968 00:00,1968,4,-0.44,NA,ENSO,NA,NA,Oceanic Nino Index,NA
15-5-1968 00:00,1968,5,-0.04,NA,ENSO,NA,NA,Oceanic Nino Index,NA
15-6-1968 00:00,1968,6,0.28,NA,ENSO,NA,NA,Oceanic Nino Index,NA
15-7-1968 00:00,1968,7,0.58,NA,ENSO,NA,NA,Oceanic Nino Index,NA
15-8-1968 00:00,1968,8,0.53,NA,ENSO,NA,NA,Oceanic Nino Index,NA
15-9-1968 00:00,1968,9,0.45,NA,ENSO,NA,NA,Oceanic Nino Index,NA
15-10-1968 00:00,1968,10,0.55,NA,ENSO,NA,NA,Oceanic Nino Index,NA
15-11-1968 00:00,1968,11,0.73,NA,ENSO,NA,NA,Oceanic Nino Index,NA
15-12-1968 00:00,1968,12,0.98,NA,ENSO,NA,NA,Oceanic Nino Index,NA
15-1-1969 00:00,1969,1,1.13,NA,ENSO,NA,NA,Oceanic Nino Index,NA
15-2-1969 00:00,1969,2,1.09,NA,ENSO,NA,NA,Oceanic Nino Index,NA
15-3-1969 00:00,1969,3,0.95,NA,ENSO,NA,NA,Oceanic Nino Index,NA
15-4-1969 00:00,1969,4,0.77,NA,ENSO,NA,NA,Oceanic Nino Index,NA
15-5-1969 00:00,1969,5,0.61,NA,ENSO,NA,NA,Oceanic Nino Index,NA
15-6-1969 00:00,1969,6,0.43,NA,ENSO,NA,NA,Oceanic Nino Index,NA
15-7-1969 00:00,1969,7,0.36,NA,ENSO,NA,NA,Oceanic Nino Index,NA
15-8-1969 00:00,1969,8,0.51,NA,ENSO,NA,NA,Oceanic Nino Index,NA
15-9-1969 00:00,1969,9,0.79,NA,ENSO,NA,NA,Oceanic Nino Index,NA
15-10-1969 00:00,1969,10,0.86,NA,ENSO,NA,NA,Oceanic Nino Index,NA
15-11-1969 00:00,1969,11,0.81,NA,ENSO,NA,NA,Oceanic Nino Index,NA
15-12-1969 00:00,1969,12,0.63,NA,ENSO,NA,NA,Oceanic Nino Index,NA
15-1-1970 00:00,1970,1,0.51,NA,ENSO,NA,NA,Oceanic Nino Index,NA
15-2-1970 00:00,1970,2,0.34,NA,ENSO,NA,NA,Oceanic Nino Index,NA
15-3-1970 00:00,1970,3,0.29,NA,ENSO,NA,NA,Oceanic Nino Index,NA
15-4-1970 00:00,1970,4,0.19,NA,ENSO,NA,NA,Oceanic Nino Index,NA
15-5-1970 00:00,1970,5,0.04,NA,ENSO,NA,NA,Oceanic Nino Index,NA
15-6-1970 00:00,1970,6,-0.3,NA,ENSO,NA,NA,Oceanic Nino Index,NA
15-7-1970 00:00,1970,7,-0.63,NA,ENSO,NA,NA,Oceanic Nino Index,NA
15-8-1970 00:00,1970,8,-0.76,NA,ENSO,NA,NA,Oceanic Nino Index,NA
15-9-1970 00:00,1970,9,-0.77,NA,ENSO,NA,NA,Oceanic Nino Index,NA
15-10-1970 00:00,1970,10,-0.74,NA,ENSO,NA,NA,Oceanic Nino Index,NA
15-11-1970 00:00,1970,11,-0.86,NA,ENSO,NA,NA,Oceanic Nino Index,NA
15-12-1970 00:00,1970,12,-1.15,NA,ENSO,NA,NA,Oceanic Nino Index,NA
15-1-1971 00:00,1971,1,-1.36,NA,ENSO,NA,NA,Oceanic Nino Index,NA
15-2-1971 00:00,1971,2,-1.38,NA,ENSO,NA,NA,Oceanic Nino Index,NA
15-3-1971 00:00,1971,3,-1.12,NA,ENSO,NA,NA,Oceanic Nino Index,NA
15-4-1971 00:00,1971,4,-0.85,NA,ENSO,NA,NA,Oceanic Nino Index,NA
15-5-1971 00:00,1971,5,-0.73,NA,ENSO,NA,NA,Oceanic Nino Index,NA
15-6-1971 00:00,1971,6,-0.74,NA,ENSO,NA,NA,Oceanic Nino Index,NA
15-7-1971 00:00,1971,7,-0.8,NA,ENSO,NA,NA,Oceanic Nino Index,NA
15-8-1971 00:00,1971,8,-0.77,NA,ENSO,NA,NA,Oceanic Nino Index,NA
15-9-1971 00:00,1971,9,-0.82,NA,ENSO,NA,NA,Oceanic Nino Index,NA
15-10-1971 00:00,1971,10,-0.85,NA,ENSO,NA,NA,Oceanic Nino Index,NA
15-11-1971 00:00,1971,11,-0.96,NA,ENSO,NA,NA,Oceanic Nino Index,NA
15-12-1971 00:00,1971,12,-0.9,NA,ENSO,NA,NA,Oceanic Nino Index,NA
15-1-1972 00:00,1972,1,-0.71,NA,ENSO,NA,NA,Oceanic Nino Index,NA
15-2-1972 00:00,1972,2,-0.35,NA,ENSO,NA,NA,Oceanic Nino Index,NA
15-3-1972 00:00,1972,3,0.06,NA,ENSO,NA,NA,Oceanic Nino Index,NA
15-4-1972 00:00,1972,4,0.41,NA,ENSO,NA,NA,Oceanic Nino Index,NA
15-5-1972 00:00,1972,5,0.67,NA,ENSO,NA,NA,Oceanic Nino Index,NA
15-6-1972 00:00,1972,6,0.92,NA,ENSO,NA,NA,Oceanic Nino Index,NA
15-7-1972 00:00,1972,7,1.13,NA,ENSO,NA,NA,Oceanic Nino Index,NA
15-8-1972 00:00,1972,8,1.37,NA,ENSO,NA,NA,Oceanic Nino Index,NA
15-9-1972 00:00,1972,9,1.58,NA,ENSO,NA,NA,Oceanic Nino Index,NA
15-10-1972 00:00,1972,10,1.84,NA,ENSO,NA,NA,Oceanic Nino Index,NA
15-11-1972 00:00,1972,11,2.09,NA,ENSO,NA,NA,Oceanic Nino Index,NA
15-12-1972 00:00,1972,12,2.12,NA,ENSO,NA,NA,Oceanic Nino Index,NA
15-1-1973 00:00,1973,1,1.84,NA,ENSO,NA,NA,Oceanic Nino Index,NA
15-2-1973 00:00,1973,2,1.25,NA,ENSO,NA,NA,Oceanic Nino Index,NA
15-3-1973 00:00,1973,3,0.54,NA,ENSO,NA,NA,Oceanic Nino Index,NA
15-4-1973 00:00,1973,4,-0.1,NA,ENSO,NA,NA,Oceanic Nino Index,NA
15-5-1973 00:00,1973,5,-0.54,NA,ENSO,NA,NA,Oceanic Nino Index,NA
15-6-1973 00:00,1973,6,-0.87,NA,ENSO,NA,NA,Oceanic Nino Index,NA
15-7-1973 00:00,1973,7,-1.11,NA,ENSO,NA,NA,Oceanic Nino Index,NA
15-8-1973 00:00,1973,8,-1.28,NA,ENSO,NA,NA,Oceanic Nino Index,NA
15-9-1973 00:00,1973,9,-1.45,NA,ENSO,NA,NA,Oceanic Nino Index,NA
15-10-1973 00:00,1973,10,-1.71,NA,ENSO,NA,NA,Oceanic Nino Index,NA
15-11-1973 00:00,1973,11,-1.95,NA,ENSO,NA,NA,Oceanic Nino Index,NA
15-12-1973 00:00,1973,12,-2.03,NA,ENSO,NA,NA,Oceanic Nino Index,NA
15-1-1974 00:00,1974,1,-1.84,NA,ENSO,NA,NA,Oceanic Nino Index,NA
15-2-1974 00:00,1974,2,-1.55,NA,ENSO,NA,NA,Oceanic Nino Index,NA
15-3-1974 00:00,1974,3,-1.23,NA,ENSO,NA,NA,Oceanic Nino Index,NA
15-4-1974 00:00,1974,4,-1.03,NA,ENSO,NA,NA,Oceanic Nino Index,NA
15-5-1974 00:00,1974,5,-0.91,NA,ENSO,NA,NA,Oceanic Nino Index,NA
15-6-1974 00:00,1974,6,-0.77,NA,ENSO,NA,NA,Oceanic Nino Index,NA
15-7-1974 00:00,1974,7,-0.53,NA,ENSO,NA,NA,Oceanic Nino Index,NA
15-8-1974 00:00,1974,8,-0.37,NA,ENSO,NA,NA,Oceanic Nino Index,NA
15-9-1974 00:00,1974,9,-0.41,NA,ENSO,NA,NA,Oceanic Nino Index,NA
15-10-1974 00:00,1974,10,-0.61,NA,ENSO,NA,NA,Oceanic Nino Index,NA
15-11-1974 00:00,1974,11,-0.75,NA,ENSO,NA,NA,Oceanic Nino Index,NA
15-12-1974 00:00,1974,12,-0.64,NA,ENSO,NA,NA,Oceanic Nino Index,NA
15-1-1975 00:00,1975,1,-0.54,NA,ENSO,NA,NA,Oceanic Nino Index,NA
15-2-1975 00:00,1975,2,-0.57,NA,ENSO,NA,NA,Oceanic Nino Index,NA
15-3-1975 00:00,1975,3,-0.65,NA,ENSO,NA,NA,Oceanic Nino Index,NA
15-4-1975 00:00,1975,4,-0.73,NA,ENSO,NA,NA,Oceanic Nino Index,NA
15-5-1975 00:00,1975,5,-0.83,NA,ENSO,NA,NA,Oceanic Nino Index,NA
15-6-1975 00:00,1975,6,-0.98,NA,ENSO,NA,NA,Oceanic Nino Index,NA
15-7-1975 00:00,1975,7,-1.13,NA,ENSO,NA,NA,Oceanic Nino Index,NA
15-8-1975 00:00,1975,8,-1.2,NA,ENSO,NA,NA,Oceanic Nino Index,NA
15-9-1975 00:00,1975,9,-1.37,NA,ENSO,NA,NA,Oceanic Nino Index,NA
15-10-1975 00:00,1975,10,-1.43,NA,ENSO,NA,NA,Oceanic Nino Index,NA
15-11-1975 00:00,1975,11,-1.55,NA,ENSO,NA,NA,Oceanic Nino Index,NA
15-12-1975 00:00,1975,12,-1.65,NA,ENSO,NA,NA,Oceanic Nino Index,NA
15-1-1976 00:00,1976,1,-1.56,NA,ENSO,NA,NA,Oceanic Nino Index,NA
15-2-1976 00:00,1976,2,-1.17,NA,ENSO,NA,NA,Oceanic Nino Index,NA
15-3-1976 00:00,1976,3,-0.73,NA,ENSO,NA,NA,Oceanic Nino Index,NA
15-4-1976 00:00,1976,4,-0.47,NA,ENSO,NA,NA,Oceanic Nino Index,NA
15-5-1976 00:00,1976,5,-0.28,NA,ENSO,NA,NA,Oceanic Nino Index,NA
15-6-1976 00:00,1976,6,-0.05,NA,ENSO,NA,NA,Oceanic Nino Index,NA
15-7-1976 00:00,1976,7,0.18,NA,ENSO,NA,NA,Oceanic Nino Index,NA
15-8-1976 00:00,1976,8,0.35,NA,ENSO,NA,NA,Oceanic Nino Index,NA
15-9-1976 00:00,1976,9,0.62,NA,ENSO,NA,NA,Oceanic Nino Index,NA
15-10-1976 00:00,1976,10,0.81,NA,ENSO,NA,NA,Oceanic Nino Index,NA
15-11-1976 00:00,1976,11,0.86,NA,ENSO,NA,NA,Oceanic Nino Index,NA
15-12-1976 00:00,1976,12,0.85,NA,ENSO,NA,NA,Oceanic Nino Index,NA
15-1-1977 00:00,1977,1,0.71,NA,ENSO,NA,NA,Oceanic Nino Index,NA
15-2-1977 00:00,1977,2,0.64,NA,ENSO,NA,NA,Oceanic Nino Index,NA
15-3-1977 00:00,1977,3,0.34,NA,ENSO,NA,NA,Oceanic Nino Index,NA
15-4-1977 00:00,1977,4,0.23,NA,ENSO,NA,NA,Oceanic Nino Index,NA
15-5-1977 00:00,1977,5,0.21,NA,ENSO,NA,NA,Oceanic Nino Index,NA
15-6-1977 00:00,1977,6,0.34,NA,ENSO,NA,NA,Oceanic Nino Index,NA
15-7-1977 00:00,1977,7,0.35,NA,ENSO,NA,NA,Oceanic Nino Index,NA
15-8-1977 00:00,1977,8,0.42,NA,ENSO,NA,NA,Oceanic Nino Index,NA
15-9-1977 00:00,1977,9,0.57,NA,ENSO,NA,NA,Oceanic Nino Index,NA
15-10-1977 00:00,1977,10,0.73,NA,ENSO,NA,NA,Oceanic Nino Index,NA
15-11-1977 00:00,1977,11,0.81,NA,ENSO,NA,NA,Oceanic Nino Index,NA
15-12-1977 00:00,1977,12,0.79,NA,ENSO,NA,NA,Oceanic Nino Index,NA
15-1-1978 00:00,1978,1,0.69,NA,ENSO,NA,NA,Oceanic Nino Index,NA
15-2-1978 00:00,1978,2,0.42,NA,ENSO,NA,NA,Oceanic Nino Index,NA
15-3-1978 00:00,1978,3,0.06,NA,ENSO,NA,NA,Oceanic Nino Index,NA
15-4-1978 00:00,1978,4,-0.18,NA,ENSO,NA,NA,Oceanic Nino Index,NA
15-5-1978 00:00,1978,5,-0.31,NA,ENSO,NA,NA,Oceanic Nino Index,NA
15-6-1978 00:00,1978,6,-0.29,NA,ENSO,NA,NA,Oceanic Nino Index,NA
15-7-1978 00:00,1978,7,-0.36,NA,ENSO,NA,NA,Oceanic Nino Index,NA
15-8-1978 00:00,1978,8,-0.42,NA,ENSO,NA,NA,Oceanic Nino Index,NA
15-9-1978 00:00,1978,9,-0.42,NA,ENSO,NA,NA,Oceanic Nino Index,NA
15-10-1978 00:00,1978,10,-0.29,NA,ENSO,NA,NA,Oceanic Nino Index,NA
15-11-1978 00:00,1978,11,-0.08,NA,ENSO,NA,NA,Oceanic Nino Index,NA
15-12-1978 00:00,1978,12,0,NA,ENSO,NA,NA,Oceanic Nino Index,NA
15-1-1979 00:00,1979,1,0.03,NA,ENSO,NA,NA,Oceanic Nino Index,NA
15-2-1979 00:00,1979,2,0.07,NA,ENSO,NA,NA,Oceanic Nino Index,NA
15-3-1979 00:00,1979,3,0.2,NA,ENSO,NA,NA,Oceanic Nino Index,NA
15-4-1979 00:00,1979,4,0.28,NA,ENSO,NA,NA,Oceanic Nino Index,NA
15-5-1979 00:00,1979,5,0.23,NA,ENSO,NA,NA,Oceanic Nino Index,NA
15-6-1979 00:00,1979,6,0.05,NA,ENSO,NA,NA,Oceanic Nino Index,NA
15-7-1979 00:00,1979,7,0.04,NA,ENSO,NA,NA,Oceanic Nino Index,NA
15-8-1979 00:00,1979,8,0.17,NA,ENSO,NA,NA,Oceanic Nino Index,NA
15-9-1979 00:00,1979,9,0.33,NA,ENSO,NA,NA,Oceanic Nino Index,NA
15-10-1979 00:00,1979,10,0.45,NA,ENSO,NA,NA,Oceanic Nino Index,NA
15-11-1979 00:00,1979,11,0.52,NA,ENSO,NA,NA,Oceanic Nino Index,NA
15-12-1979 00:00,1979,12,0.64,NA,ENSO,NA,NA,Oceanic Nino Index,NA
15-1-1980 00:00,1980,1,0.59,NA,ENSO,NA,NA,Oceanic Nino Index,NA
15-2-1980 00:00,1980,2,0.46,NA,ENSO,NA,NA,Oceanic Nino Index,NA
15-3-1980 00:00,1980,3,0.34,NA,ENSO,NA,NA,Oceanic Nino Index,NA
15-4-1980 00:00,1980,4,0.38,NA,ENSO,NA,NA,Oceanic Nino Index,NA
15-5-1980 00:00,1980,5,0.48,NA,ENSO,NA,NA,Oceanic Nino Index,NA
15-6-1980 00:00,1980,6,0.46,NA,ENSO,NA,NA,Oceanic Nino Index,NA
15-7-1980 00:00,1980,7,0.25,NA,ENSO,NA,NA,Oceanic Nino Index,NA
15-8-1980 00:00,1980,8,0.03,NA,ENSO,NA,NA,Oceanic Nino Index,NA
15-9-1980 00:00,1980,9,-0.07,NA,ENSO,NA,NA,Oceanic Nino Index,NA
15-10-1980 00:00,1980,10,0.02,NA,ENSO,NA,NA,Oceanic Nino Index,NA
15-11-1980 00:00,1980,11,0.11,NA,ENSO,NA,NA,Oceanic Nino Index,NA
15-12-1980 00:00,1980,12,-0.01,NA,ENSO,NA,NA,Oceanic Nino Index,NA
15-1-1981 00:00,1981,1,-0.26,NA,ENSO,NA,NA,Oceanic Nino Index,NA
15-2-1981 00:00,1981,2,-0.5,NA,ENSO,NA,NA,Oceanic Nino Index,NA
15-3-1981 00:00,1981,3,-0.47,NA,ENSO,NA,NA,Oceanic Nino Index,NA
15-4-1981 00:00,1981,4,-0.37,NA,ENSO,NA,NA,Oceanic Nino Index,NA
15-5-1981 00:00,1981,5,-0.26,NA,ENSO,NA,NA,Oceanic Nino Index,NA
15-6-1981 00:00,1981,6,-0.29,NA,ENSO,NA,NA,Oceanic Nino Index,NA
15-7-1981 00:00,1981,7,-0.3,NA,ENSO,NA,NA,Oceanic Nino Index,NA
15-8-1981 00:00,1981,8,-0.25,NA,ENSO,NA,NA,Oceanic Nino Index,NA
15-9-1981 00:00,1981,9,-0.16,NA,ENSO,NA,NA,Oceanic Nino Index,NA
15-10-1981 00:00,1981,10,-0.13,NA,ENSO,NA,NA,Oceanic Nino Index,NA
15-11-1981 00:00,1981,11,-0.15,NA,ENSO,NA,NA,Oceanic Nino Index,NA
15-12-1981 00:00,1981,12,-0.08,NA,ENSO,NA,NA,Oceanic Nino Index,NA
15-1-1982 00:00,1982,1,-0.05,NA,ENSO,NA,NA,Oceanic Nino Index,NA
15-2-1982 00:00,1982,2,0.07,NA,ENSO,NA,NA,Oceanic Nino Index,NA
15-3-1982 00:00,1982,3,0.19,NA,ENSO,NA,NA,Oceanic Nino Index,NA
15-4-1982 00:00,1982,4,0.47,NA,ENSO,NA,NA,Oceanic Nino Index,NA
15-5-1982 00:00,1982,5,0.66,NA,ENSO,NA,NA,Oceanic Nino Index,NA
15-6-1982 00:00,1982,6,0.72,NA,ENSO,NA,NA,Oceanic Nino Index,NA
15-7-1982 00:00,1982,7,0.79,NA,ENSO,NA,NA,Oceanic Nino Index,NA
15-8-1982 00:00,1982,8,1.07,NA,ENSO,NA,NA,Oceanic Nino Index,NA
15-9-1982 00:00,1982,9,1.58,NA,ENSO,NA,NA,Oceanic Nino Index,NA
15-10-1982 00:00,1982,10,1.97,NA,ENSO,NA,NA,Oceanic Nino Index,NA
15-11-1982 00:00,1982,11,2.18,NA,ENSO,NA,NA,Oceanic Nino Index,NA
15-12-1982 00:00,1982,12,2.23,NA,ENSO,NA,NA,Oceanic Nino Index,NA
15-1-1983 00:00,1983,1,2.18,NA,ENSO,NA,NA,Oceanic Nino Index,NA
15-2-1983 00:00,1983,2,1.92,NA,ENSO,NA,NA,Oceanic Nino Index,NA
15-3-1983 00:00,1983,3,1.54,NA,ENSO,NA,NA,Oceanic Nino Index,NA
15-4-1983 00:00,1983,4,1.29,NA,ENSO,NA,NA,Oceanic Nino Index,NA
15-5-1983 00:00,1983,5,1.06,NA,ENSO,NA,NA,Oceanic Nino Index,NA
15-6-1983 00:00,1983,6,0.72,NA,ENSO,NA,NA,Oceanic Nino Index,NA
15-7-1983 00:00,1983,7,0.31,NA,ENSO,NA,NA,Oceanic Nino Index,NA
15-8-1983 00:00,1983,8,-0.08,NA,ENSO,NA,NA,Oceanic Nino Index,NA
15-9-1983 00:00,1983,9,-0.46,NA,ENSO,NA,NA,Oceanic Nino Index,NA
15-10-1983 00:00,1983,10,-0.81,NA,ENSO,NA,NA,Oceanic Nino Index,NA
15-11-1983 00:00,1983,11,-1,NA,ENSO,NA,NA,Oceanic Nino Index,NA
15-12-1983 00:00,1983,12,-0.91,NA,ENSO,NA,NA,Oceanic Nino Index,NA
15-1-1984 00:00,1984,1,-0.6,NA,ENSO,NA,NA,Oceanic Nino Index,NA
15-2-1984 00:00,1984,2,-0.42,NA,ENSO,NA,NA,Oceanic Nino Index,NA
15-3-1984 00:00,1984,3,-0.34,NA,ENSO,NA,NA,Oceanic Nino Index,NA
15-4-1984 00:00,1984,4,-0.43,NA,ENSO,NA,NA,Oceanic Nino Index,NA
15-5-1984 00:00,1984,5,-0.51,NA,ENSO,NA,NA,Oceanic Nino Index,NA
15-6-1984 00:00,1984,6,-0.45,NA,ENSO,NA,NA,Oceanic Nino Index,NA
15-7-1984 00:00,1984,7,-0.3,NA,ENSO,NA,NA,Oceanic Nino Index,NA
15-8-1984 00:00,1984,8,-0.16,NA,ENSO,NA,NA,Oceanic Nino Index,NA
15-9-1984 00:00,1984,9,-0.24,NA,ENSO,NA,NA,Oceanic Nino Index,NA
15-10-1984 00:00,1984,10,-0.56,NA,ENSO,NA,NA,Oceanic Nino Index,NA
15-11-1984 00:00,1984,11,-0.92,NA,ENSO,NA,NA,Oceanic Nino Index,NA
15-12-1984 00:00,1984,12,-1.14,NA,ENSO,NA,NA,Oceanic Nino Index,NA
15-1-1985 00:00,1985,1,-1.04,NA,ENSO,NA,NA,Oceanic Nino Index,NA
15-2-1985 00:00,1985,2,-0.85,NA,ENSO,NA,NA,Oceanic Nino Index,NA
15-3-1985 00:00,1985,3,-0.77,NA,ENSO,NA,NA,Oceanic Nino Index,NA
15-4-1985 00:00,1985,4,-0.78,NA,ENSO,NA,NA,Oceanic Nino Index,NA
15-5-1985 00:00,1985,5,-0.78,NA,ENSO,NA,NA,Oceanic Nino Index,NA
15-6-1985 00:00,1985,6,-0.63,NA,ENSO,NA,NA,Oceanic Nino Index,NA
15-7-1985 00:00,1985,7,-0.49,NA,ENSO,NA,NA,Oceanic Nino Index,NA
15-8-1985 00:00,1985,8,-0.46,NA,ENSO,NA,NA,Oceanic Nino Index,NA
15-9-1985 00:00,1985,9,-0.4,NA,ENSO,NA,NA,Oceanic Nino Index,NA
15-10-1985 00:00,1985,10,-0.35,NA,ENSO,NA,NA,Oceanic Nino Index,NA
15-11-1985 00:00,1985,11,-0.27,NA,ENSO,NA,NA,Oceanic Nino Index,NA
15-12-1985 00:00,1985,12,-0.36,NA,ENSO,NA,NA,Oceanic Nino Index,NA
15-1-1986 00:00,1986,1,-0.49,NA,ENSO,NA,NA,Oceanic Nino Index,NA
15-2-1986 00:00,1986,2,-0.47,NA,ENSO,NA,NA,Oceanic Nino Index,NA
15-3-1986 00:00,1986,3,-0.31,NA,ENSO,NA,NA,Oceanic Nino Index,NA
15-4-1986 00:00,1986,4,-0.2,NA,ENSO,NA,NA,Oceanic Nino Index,NA
15-5-1986 00:00,1986,5,-0.12,NA,ENSO,NA,NA,Oceanic Nino Index,NA
15-6-1986 00:00,1986,6,-0.04,NA,ENSO,NA,NA,Oceanic Nino Index,NA
15-7-1986 00:00,1986,7,0.22,NA,ENSO,NA,NA,Oceanic Nino Index,NA
15-8-1986 00:00,1986,8,0.44,NA,ENSO,NA,NA,Oceanic Nino Index,NA
15-9-1986 00:00,1986,9,0.71,NA,ENSO,NA,NA,Oceanic Nino Index,NA
15-10-1986 00:00,1986,10,0.94,NA,ENSO,NA,NA,Oceanic Nino Index,NA
15-11-1986 00:00,1986,11,1.14,NA,ENSO,NA,NA,Oceanic Nino Index,NA
15-12-1986 00:00,1986,12,1.22,NA,ENSO,NA,NA,Oceanic Nino Index,NA
15-1-1987 00:00,1987,1,1.23,NA,ENSO,NA,NA,Oceanic Nino Index,NA
15-2-1987 00:00,1987,2,1.19,NA,ENSO,NA,NA,Oceanic Nino Index,NA
15-3-1987 00:00,1987,3,1.06,NA,ENSO,NA,NA,Oceanic Nino Index,NA
15-4-1987 00:00,1987,4,0.95,NA,ENSO,NA,NA,Oceanic Nino Index,NA
15-5-1987 00:00,1987,5,0.97,NA,ENSO,NA,NA,Oceanic Nino Index,NA
15-6-1987 00:00,1987,6,1.22,NA,ENSO,NA,NA,Oceanic Nino Index,NA
15-7-1987 00:00,1987,7,1.51,NA,ENSO,NA,NA,Oceanic Nino Index,NA
15-8-1987 00:00,1987,8,1.7,NA,ENSO,NA,NA,Oceanic Nino Index,NA
15-9-1987 00:00,1987,9,1.65,NA,ENSO,NA,NA,Oceanic Nino Index,NA
15-10-1987 00:00,1987,10,1.48,NA,ENSO,NA,NA,Oceanic Nino Index,NA
15-11-1987 00:00,1987,11,1.25,NA,ENSO,NA,NA,Oceanic Nino Index,NA
15-12-1987 00:00,1987,12,1.11,NA,ENSO,NA,NA,Oceanic Nino Index,NA
15-1-1988 00:00,1988,1,0.81,NA,ENSO,NA,NA,Oceanic Nino Index,NA
15-2-1988 00:00,1988,2,0.54,NA,ENSO,NA,NA,Oceanic Nino Index,NA
15-3-1988 00:00,1988,3,0.14,NA,ENSO,NA,NA,Oceanic Nino Index,NA
15-4-1988 00:00,1988,4,-0.31,NA,ENSO,NA,NA,Oceanic Nino Index,NA
15-5-1988 00:00,1988,5,-0.88,NA,ENSO,NA,NA,Oceanic Nino Index,NA
15-6-1988 00:00,1988,6,-1.3,NA,ENSO,NA,NA,Oceanic Nino Index,NA
15-7-1988 00:00,1988,7,-1.3,NA,ENSO,NA,NA,Oceanic Nino Index,NA
15-8-1988 00:00,1988,8,-1.11,NA,ENSO,NA,NA,Oceanic Nino Index,NA
15-9-1988 00:00,1988,9,-1.19,NA,ENSO,NA,NA,Oceanic Nino Index,NA
15-10-1988 00:00,1988,10,-1.48,NA,ENSO,NA,NA,Oceanic Nino Index,NA
15-11-1988 00:00,1988,11,-1.8,NA,ENSO,NA,NA,Oceanic Nino Index,NA
15-12-1988 00:00,1988,12,-1.85,NA,ENSO,NA,NA,Oceanic Nino Index,NA
15-1-1989 00:00,1989,1,-1.69,NA,ENSO,NA,NA,Oceanic Nino Index,NA
15-2-1989 00:00,1989,2,-1.43,NA,ENSO,NA,NA,Oceanic Nino Index,NA
15-3-1989 00:00,1989,3,-1.08,NA,ENSO,NA,NA,Oceanic Nino Index,NA
15-4-1989 00:00,1989,4,-0.83,NA,ENSO,NA,NA,Oceanic Nino Index,NA
15-5-1989 00:00,1989,5,-0.58,NA,ENSO,NA,NA,Oceanic Nino Index,NA
15-6-1989 00:00,1989,6,-0.4,NA,ENSO,NA,NA,Oceanic Nino Index,NA
15-7-1989 00:00,1989,7,-0.31,NA,ENSO,NA,NA,Oceanic Nino Index,NA
15-8-1989 00:00,1989,8,-0.27,NA,ENSO,NA,NA,Oceanic Nino Index,NA
15-9-1989 00:00,1989,9,-0.24,NA,ENSO,NA,NA,Oceanic Nino Index,NA
15-10-1989 00:00,1989,10,-0.22,NA,ENSO,NA,NA,Oceanic Nino Index,NA
15-11-1989 00:00,1989,11,-0.16,NA,ENSO,NA,NA,Oceanic Nino Index,NA
15-12-1989 00:00,1989,12,-0.05,NA,ENSO,NA,NA,Oceanic Nino Index,NA
15-1-1990 00:00,1990,1,0.14,NA,ENSO,NA,NA,Oceanic Nino Index,NA
15-2-1990 00:00,1990,2,0.21,NA,ENSO,NA,NA,Oceanic Nino Index,NA
15-3-1990 00:00,1990,3,0.28,NA,ENSO,NA,NA,Oceanic Nino Index,NA
15-4-1990 00:00,1990,4,0.29,NA,ENSO,NA,NA,Oceanic Nino Index,NA
15-5-1990 00:00,1990,5,0.29,NA,ENSO,NA,NA,Oceanic Nino Index,NA
15-6-1990 00:00,1990,6,0.31,NA,ENSO,NA,NA,Oceanic Nino Index,NA
15-7-1990 00:00,1990,7,0.33,NA,ENSO,NA,NA,Oceanic Nino Index,NA
15-8-1990 00:00,1990,8,0.38,NA,ENSO,NA,NA,Oceanic Nino Index,NA
15-9-1990 00:00,1990,9,0.39,NA,ENSO,NA,NA,Oceanic Nino Index,NA
15-10-1990 00:00,1990,10,0.35,NA,ENSO,NA,NA,Oceanic Nino Index,NA
15-11-1990 00:00,1990,11,0.4,NA,ENSO,NA,NA,Oceanic Nino Index,NA
15-12-1990 00:00,1990,12,0.41,NA,ENSO,NA,NA,Oceanic Nino Index,NA
15-1-1991 00:00,1991,1,0.41,NA,ENSO,NA,NA,Oceanic Nino Index,NA
15-2-1991 00:00,1991,2,0.26,NA,ENSO,NA,NA,Oceanic Nino Index,NA
15-3-1991 00:00,1991,3,0.22,NA,ENSO,NA,NA,Oceanic Nino Index,NA
15-4-1991 00:00,1991,4,0.26,NA,ENSO,NA,NA,Oceanic Nino Index,NA
15-5-1991 00:00,1991,5,0.45,NA,ENSO,NA,NA,Oceanic Nino Index,NA
15-6-1991 00:00,1991,6,0.64,NA,ENSO,NA,NA,Oceanic Nino Index,NA
15-7-1991 00:00,1991,7,0.73,NA,ENSO,NA,NA,Oceanic Nino Index,NA
15-8-1991 00:00,1991,8,0.64,NA,ENSO,NA,NA,Oceanic Nino Index,NA
15-9-1991 00:00,1991,9,0.62,NA,ENSO,NA,NA,Oceanic Nino Index,NA
15-10-1991 00:00,1991,10,0.79,NA,ENSO,NA,NA,Oceanic Nino Index,NA
15-11-1991 00:00,1991,11,1.21,NA,ENSO,NA,NA,Oceanic Nino Index,NA
15-12-1991 00:00,1991,12,1.53,NA,ENSO,NA,NA,Oceanic Nino Index,NA
15-1-1992 00:00,1992,1,1.71,NA,ENSO,NA,NA,Oceanic Nino Index,NA
15-2-1992 00:00,1992,2,1.63,NA,ENSO,NA,NA,Oceanic Nino Index,NA
15-3-1992 00:00,1992,3,1.48,NA,ENSO,NA,NA,Oceanic Nino Index,NA
15-4-1992 00:00,1992,4,1.29,NA,ENSO,NA,NA,Oceanic Nino Index,NA
15-5-1992 00:00,1992,5,1.06,NA,ENSO,NA,NA,Oceanic Nino Index,NA
15-6-1992 00:00,1992,6,0.73,NA,ENSO,NA,NA,Oceanic Nino Index,NA
15-7-1992 00:00,1992,7,0.37,NA,ENSO,NA,NA,Oceanic Nino Index,NA
15-8-1992 00:00,1992,8,0.09,NA,ENSO,NA,NA,Oceanic Nino Index,NA
15-9-1992 00:00,1992,9,-0.13,NA,ENSO,NA,NA,Oceanic Nino Index,NA
15-10-1992 00:00,1992,10,-0.25,NA,ENSO,NA,NA,Oceanic Nino Index,NA
15-11-1992 00:00,1992,11,-0.28,NA,ENSO,NA,NA,Oceanic Nino Index,NA
15-12-1992 00:00,1992,12,-0.13,NA,ENSO,NA,NA,Oceanic Nino Index,NA
15-1-1993 00:00,1993,1,0.09,NA,ENSO,NA,NA,Oceanic Nino Index,NA
15-2-1993 00:00,1993,2,0.3,NA,ENSO,NA,NA,Oceanic Nino Index,NA
15-3-1993 00:00,1993,3,0.5,NA,ENSO,NA,NA,Oceanic Nino Index,NA
15-4-1993 00:00,1993,4,0.67,NA,ENSO,NA,NA,Oceanic Nino Index,NA
15-5-1993 00:00,1993,5,0.7,NA,ENSO,NA,NA,Oceanic Nino Index,NA
15-6-1993 00:00,1993,6,0.57,NA,ENSO,NA,NA,Oceanic Nino Index,NA
15-7-1993 00:00,1993,7,0.32,NA,ENSO,NA,NA,Oceanic Nino Index,NA
15-8-1993 00:00,1993,8,0.25,NA,ENSO,NA,NA,Oceanic Nino Index,NA
15-9-1993 00:00,1993,9,0.15,NA,ENSO,NA,NA,Oceanic Nino Index,NA
15-10-1993 00:00,1993,10,0.1,NA,ENSO,NA,NA,Oceanic Nino Index,NA
15-11-1993 00:00,1993,11,0.04,NA,ENSO,NA,NA,Oceanic Nino Index,NA
15-12-1993 00:00,1993,12,0.06,NA,ENSO,NA,NA,Oceanic Nino Index,NA
15-1-1994 00:00,1994,1,0.06,NA,ENSO,NA,NA,Oceanic Nino Index,NA
15-2-1994 00:00,1994,2,0.07,NA,ENSO,NA,NA,Oceanic Nino Index,NA
15-3-1994 00:00,1994,3,0.17,NA,ENSO,NA,NA,Oceanic Nino Index,NA
15-4-1994 00:00,1994,4,0.31,NA,ENSO,NA,NA,Oceanic Nino Index,NA
15-5-1994 00:00,1994,5,0.42,NA,ENSO,NA,NA,Oceanic Nino Index,NA
15-6-1994 00:00,1994,6,0.41,NA,ENSO,NA,NA,Oceanic Nino Index,NA
15-7-1994 00:00,1994,7,0.44,NA,ENSO,NA,NA,Oceanic Nino Index,NA
15-8-1994 00:00,1994,8,0.43,NA,ENSO,NA,NA,Oceanic Nino Index,NA
15-9-1994 00:00,1994,9,0.55,NA,ENSO,NA,NA,Oceanic Nino Index,NA
15-10-1994 00:00,1994,10,0.74,NA,ENSO,NA,NA,Oceanic Nino Index,NA
15-11-1994 00:00,1994,11,1.01,NA,ENSO,NA,NA,Oceanic Nino Index,NA
15-12-1994 00:00,1994,12,1.09,NA,ENSO,NA,NA,Oceanic Nino Index,NA
15-1-1995 00:00,1995,1,0.96,NA,ENSO,NA,NA,Oceanic Nino Index,NA
15-2-1995 00:00,1995,2,0.72,NA,ENSO,NA,NA,Oceanic Nino Index,NA
15-3-1995 00:00,1995,3,0.53,NA,ENSO,NA,NA,Oceanic Nino Index,NA
15-4-1995 00:00,1995,4,0.3,NA,ENSO,NA,NA,Oceanic Nino Index,NA
15-5-1995 00:00,1995,5,0.14,NA,ENSO,NA,NA,Oceanic Nino Index,NA
15-6-1995 00:00,1995,6,-0.03,NA,ENSO,NA,NA,Oceanic Nino Index,NA
15-7-1995 00:00,1995,7,-0.24,NA,ENSO,NA,NA,Oceanic Nino Index,NA
15-8-1995 00:00,1995,8,-0.54,NA,ENSO,NA,NA,Oceanic Nino Index,NA
15-9-1995 00:00,1995,9,-0.81,NA,ENSO,NA,NA,Oceanic Nino Index,NA
15-10-1995 00:00,1995,10,-0.97,NA,ENSO,NA,NA,Oceanic Nino Index,NA
15-11-1995 00:00,1995,11,-1,NA,ENSO,NA,NA,Oceanic Nino Index,NA
15-12-1995 00:00,1995,12,-0.98,NA,ENSO,NA,NA,Oceanic Nino Index,NA
15-1-1996 00:00,1996,1,-0.9,NA,ENSO,NA,NA,Oceanic Nino Index,NA
15-2-1996 00:00,1996,2,-0.75,NA,ENSO,NA,NA,Oceanic Nino Index,NA
15-3-1996 00:00,1996,3,-0.59,NA,ENSO,NA,NA,Oceanic Nino Index,NA
15-4-1996 00:00,1996,4,-0.39,NA,ENSO,NA,NA,Oceanic Nino Index,NA
15-5-1996 00:00,1996,5,-0.31,NA,ENSO,NA,NA,Oceanic Nino Index,NA
15-6-1996 00:00,1996,6,-0.3,NA,ENSO,NA,NA,Oceanic Nino Index,NA
15-7-1996 00:00,1996,7,-0.27,NA,ENSO,NA,NA,Oceanic Nino Index,NA
15-8-1996 00:00,1996,8,-0.32,NA,ENSO,NA,NA,Oceanic Nino Index,NA
15-9-1996 00:00,1996,9,-0.35,NA,ENSO,NA,NA,Oceanic Nino Index,NA
15-10-1996 00:00,1996,10,-0.4,NA,ENSO,NA,NA,Oceanic Nino Index,NA
15-11-1996 00:00,1996,11,-0.45,NA,ENSO,NA,NA,Oceanic Nino Index,NA
15-12-1996 00:00,1996,12,-0.49,NA,ENSO,NA,NA,Oceanic Nino Index,NA
15-1-1997 00:00,1997,1,-0.5,NA,ENSO,NA,NA,Oceanic Nino Index,NA
15-2-1997 00:00,1997,2,-0.36,NA,ENSO,NA,NA,Oceanic Nino Index,NA
15-3-1997 00:00,1997,3,-0.1,NA,ENSO,NA,NA,Oceanic Nino Index,NA
15-4-1997 00:00,1997,4,0.28,NA,ENSO,NA,NA,Oceanic Nino Index,NA
15-5-1997 00:00,1997,5,0.75,NA,ENSO,NA,NA,Oceanic Nino Index,NA
15-6-1997 00:00,1997,6,1.22,NA,ENSO,NA,NA,Oceanic Nino Index,NA
15-7-1997 00:00,1997,7,1.6,NA,ENSO,NA,NA,Oceanic Nino Index,NA
15-8-1997 00:00,1997,8,1.9,NA,ENSO,NA,NA,Oceanic Nino Index,NA
15-9-1997 00:00,1997,9,2.14,NA,ENSO,NA,NA,Oceanic Nino Index,NA
15-10-1997 00:00,1997,10,2.33,NA,ENSO,NA,NA,Oceanic Nino Index,NA
15-11-1997 00:00,1997,11,2.4,NA,ENSO,NA,NA,Oceanic Nino Index,NA
15-12-1997 00:00,1997,12,2.39,NA,ENSO,NA,NA,Oceanic Nino Index,NA
15-1-1998 00:00,1998,1,2.24,NA,ENSO,NA,NA,Oceanic Nino Index,NA
15-2-1998 00:00,1998,2,1.93,NA,ENSO,NA,NA,Oceanic Nino Index,NA
15-3-1998 00:00,1998,3,1.44,NA,ENSO,NA,NA,Oceanic Nino Index,NA
15-4-1998 00:00,1998,4,0.99,NA,ENSO,NA,NA,Oceanic Nino Index,NA
15-5-1998 00:00,1998,5,0.45,NA,ENSO,NA,NA,Oceanic Nino Index,NA
15-6-1998 00:00,1998,6,-0.13,NA,ENSO,NA,NA,Oceanic Nino Index,NA
15-7-1998 00:00,1998,7,-0.78,NA,ENSO,NA,NA,Oceanic Nino Index,NA
15-8-1998 00:00,1998,8,-1.12,NA,ENSO,NA,NA,Oceanic Nino Index,NA
15-9-1998 00:00,1998,9,-1.31,NA,ENSO,NA,NA,Oceanic Nino Index,NA
15-10-1998 00:00,1998,10,-1.35,NA,ENSO,NA,NA,Oceanic Nino Index,NA
15-11-1998 00:00,1998,11,-1.48,NA,ENSO,NA,NA,Oceanic Nino Index,NA
15-12-1998 00:00,1998,12,-1.57,NA,ENSO,NA,NA,Oceanic Nino Index,NA
15-1-1999 00:00,1999,1,-1.55,NA,ENSO,NA,NA,Oceanic Nino Index,NA
15-2-1999 00:00,1999,2,-1.3,NA,ENSO,NA,NA,Oceanic Nino Index,NA
15-3-1999 00:00,1999,3,-1.07,NA,ENSO,NA,NA,Oceanic Nino Index,NA
15-4-1999 00:00,1999,4,-0.98,NA,ENSO,NA,NA,Oceanic Nino Index,NA
15-5-1999 00:00,1999,5,-1.02,NA,ENSO,NA,NA,Oceanic Nino Index,NA
15-6-1999 00:00,1999,6,-1.04,NA,ENSO,NA,NA,Oceanic Nino Index,NA
15-7-1999 00:00,1999,7,-1.1,NA,ENSO,NA,NA,Oceanic Nino Index,NA
15-8-1999 00:00,1999,8,-1.11,NA,ENSO,NA,NA,Oceanic Nino Index,NA
15-9-1999 00:00,1999,9,-1.16,NA,ENSO,NA,NA,Oceanic Nino Index,NA
15-10-1999 00:00,1999,10,-1.26,NA,ENSO,NA,NA,Oceanic Nino Index,NA
15-11-1999 00:00,1999,11,-1.46,NA,ENSO,NA,NA,Oceanic Nino Index,NA
15-12-1999 00:00,1999,12,-1.65,NA,ENSO,NA,NA,Oceanic Nino Index,NA
15-1-2000 00:00,2000,1,-1.66,NA,ENSO,NA,NA,Oceanic Nino Index,NA
15-2-2000 00:00,2000,2,-1.41,NA,ENSO,NA,NA,Oceanic Nino Index,NA
15-3-2000 00:00,2000,3,-1.07,NA,ENSO,NA,NA,Oceanic Nino Index,NA
15-4-2000 00:00,2000,4,-0.81,NA,ENSO,NA,NA,Oceanic Nino Index,NA
15-5-2000 00:00,2000,5,-0.71,NA,ENSO,NA,NA,Oceanic Nino Index,NA
15-6-2000 00:00,2000,6,-0.64,NA,ENSO,NA,NA,Oceanic Nino Index,NA
15-7-2000 00:00,2000,7,-0.55,NA,ENSO,NA,NA,Oceanic Nino Index,NA
15-8-2000 00:00,2000,8,-0.51,NA,ENSO,NA,NA,Oceanic Nino Index,NA
15-9-2000 00:00,2000,9,-0.55,NA,ENSO,NA,NA,Oceanic Nino Index,NA
15-10-2000 00:00,2000,10,-0.63,NA,ENSO,NA,NA,Oceanic Nino Index,NA
15-11-2000 00:00,2000,11,-0.75,NA,ENSO,NA,NA,Oceanic Nino Index,NA
15-12-2000 00:00,2000,12,-0.74,NA,ENSO,NA,NA,Oceanic Nino Index,NA
15-1-2001 00:00,2001,1,-0.68,NA,ENSO,NA,NA,Oceanic Nino Index,NA
15-2-2001 00:00,2001,2,-0.52,NA,ENSO,NA,NA,Oceanic Nino Index,NA
15-3-2001 00:00,2001,3,-0.44,NA,ENSO,NA,NA,Oceanic Nino Index,NA
15-4-2001 00:00,2001,4,-0.34,NA,ENSO,NA,NA,Oceanic Nino Index,NA
15-5-2001 00:00,2001,5,-0.25,NA,ENSO,NA,NA,Oceanic Nino Index,NA
15-6-2001 00:00,2001,6,-0.12,NA,ENSO,NA,NA,Oceanic Nino Index,NA
15-7-2001 00:00,2001,7,-0.08,NA,ENSO,NA,NA,Oceanic Nino Index,NA
15-8-2001 00:00,2001,8,-0.13,NA,ENSO,NA,NA,Oceanic Nino Index,NA
15-9-2001 00:00,2001,9,-0.19,NA,ENSO,NA,NA,Oceanic Nino Index,NA
15-10-2001 00:00,2001,10,-0.29,NA,ENSO,NA,NA,Oceanic Nino Index,NA
15-11-2001 00:00,2001,11,-0.35,NA,ENSO,NA,NA,Oceanic Nino Index,NA
15-12-2001 00:00,2001,12,-0.31,NA,ENSO,NA,NA,Oceanic Nino Index,NA
15-1-2002 00:00,2002,1,-0.15,NA,ENSO,NA,NA,Oceanic Nino Index,NA
15-2-2002 00:00,2002,2,0.03,NA,ENSO,NA,NA,Oceanic Nino Index,NA
15-3-2002 00:00,2002,3,0.09,NA,ENSO,NA,NA,Oceanic Nino Index,NA
15-4-2002 00:00,2002,4,0.2,NA,ENSO,NA,NA,Oceanic Nino Index,NA
15-5-2002 00:00,2002,5,0.43,NA,ENSO,NA,NA,Oceanic Nino Index,NA
15-6-2002 00:00,2002,6,0.65,NA,ENSO,NA,NA,Oceanic Nino Index,NA
15-7-2002 00:00,2002,7,0.79,NA,ENSO,NA,NA,Oceanic Nino Index,NA
15-8-2002 00:00,2002,8,0.86,NA,ENSO,NA,NA,Oceanic Nino Index,NA
15-9-2002 00:00,2002,9,1.01,NA,ENSO,NA,NA,Oceanic Nino Index,NA
15-10-2002 00:00,2002,10,1.21,NA,ENSO,NA,NA,Oceanic Nino Index,NA
15-11-2002 00:00,2002,11,1.31,NA,ENSO,NA,NA,Oceanic Nino Index,NA
15-12-2002 00:00,2002,12,1.14,NA,ENSO,NA,NA,Oceanic Nino Index,NA
15-1-2003 00:00,2003,1,0.92,NA,ENSO,NA,NA,Oceanic Nino Index,NA
15-2-2003 00:00,2003,2,0.63,NA,ENSO,NA,NA,Oceanic Nino Index,NA
15-3-2003 00:00,2003,3,0.38,NA,ENSO,NA,NA,Oceanic Nino Index,NA
15-4-2003 00:00,2003,4,-0.04,NA,ENSO,NA,NA,Oceanic Nino Index,NA
15-5-2003 00:00,2003,5,-0.26,NA,ENSO,NA,NA,Oceanic Nino Index,NA
15-6-2003 00:00,2003,6,-0.16,NA,ENSO,NA,NA,Oceanic Nino Index,NA
15-7-2003 00:00,2003,7,0.08,NA,ENSO,NA,NA,Oceanic Nino Index,NA
15-8-2003 00:00,2003,8,0.21,NA,ENSO,NA,NA,Oceanic Nino Index,NA
15-9-2003 00:00,2003,9,0.26,NA,ENSO,NA,NA,Oceanic Nino Index,NA
15-10-2003 00:00,2003,10,0.29,NA,ENSO,NA,NA,Oceanic Nino Index,NA
15-11-2003 00:00,2003,11,0.35,NA,ENSO,NA,NA,Oceanic Nino Index,NA
15-12-2003 00:00,2003,12,0.35,NA,ENSO,NA,NA,Oceanic Nino Index,NA
15-1-2004 00:00,2004,1,0.37,NA,ENSO,NA,NA,Oceanic Nino Index,NA
15-2-2004 00:00,2004,2,0.31,NA,ENSO,NA,NA,Oceanic Nino Index,NA
15-3-2004 00:00,2004,3,0.23,NA,ENSO,NA,NA,Oceanic Nino Index,NA
15-4-2004 00:00,2004,4,0.17,NA,ENSO,NA,NA,Oceanic Nino Index,NA
15-5-2004 00:00,2004,5,0.17,NA,ENSO,NA,NA,Oceanic Nino Index,NA
15-6-2004 00:00,2004,6,0.28,NA,ENSO,NA,NA,Oceanic Nino Index,NA
15-7-2004 00:00,2004,7,0.47,NA,ENSO,NA,NA,Oceanic Nino Index,NA
15-8-2004 00:00,2004,8,0.64,NA,ENSO,NA,NA,Oceanic Nino Index,NA
15-9-2004 00:00,2004,9,0.7,NA,ENSO,NA,NA,Oceanic Nino Index,NA
15-10-2004 00:00,2004,10,0.67,NA,ENSO,NA,NA,Oceanic Nino Index,NA
15-11-2004 00:00,2004,11,0.66,NA,ENSO,NA,NA,Oceanic Nino Index,NA
15-12-2004 00:00,2004,12,0.69,NA,ENSO,NA,NA,Oceanic Nino Index,NA
15-1-2005 00:00,2005,1,0.64,NA,ENSO,NA,NA,Oceanic Nino Index,NA
15-2-2005 00:00,2005,2,0.58,NA,ENSO,NA,NA,Oceanic Nino Index,NA
15-3-2005 00:00,2005,3,0.45,NA,ENSO,NA,NA,Oceanic Nino Index,NA
15-4-2005 00:00,2005,4,0.43,NA,ENSO,NA,NA,Oceanic Nino Index,NA
15-5-2005 00:00,2005,5,0.29,NA,ENSO,NA,NA,Oceanic Nino Index,NA
15-6-2005 00:00,2005,6,0.11,NA,ENSO,NA,NA,Oceanic Nino Index,NA
15-7-2005 00:00,2005,7,-0.06,NA,ENSO,NA,NA,Oceanic Nino Index,NA
15-8-2005 00:00,2005,8,-0.14,NA,ENSO,NA,NA,Oceanic Nino Index,NA
15-9-2005 00:00,2005,9,-0.11,NA,ENSO,NA,NA,Oceanic Nino Index,NA
15-10-2005 00:00,2005,10,-0.29,NA,ENSO,NA,NA,Oceanic Nino Index,NA
15-11-2005 00:00,2005,11,-0.57,NA,ENSO,NA,NA,Oceanic Nino Index,NA
15-12-2005 00:00,2005,12,-0.84,NA,ENSO,NA,NA,Oceanic Nino Index,NA
15-1-2006 00:00,2006,1,-0.85,NA,ENSO,NA,NA,Oceanic Nino Index,NA
15-2-2006 00:00,2006,2,-0.77,NA,ENSO,NA,NA,Oceanic Nino Index,NA
15-3-2006 00:00,2006,3,-0.57,NA,ENSO,NA,NA,Oceanic Nino Index,NA
15-4-2006 00:00,2006,4,-0.37,NA,ENSO,NA,NA,Oceanic Nino Index,NA
15-5-2006 00:00,2006,5,-0.14,NA,ENSO,NA,NA,Oceanic Nino Index,NA
15-6-2006 00:00,2006,6,-0.03,NA,ENSO,NA,NA,Oceanic Nino Index,NA
15-7-2006 00:00,2006,7,0.1,NA,ENSO,NA,NA,Oceanic Nino Index,NA
15-8-2006 00:00,2006,8,0.3,NA,ENSO,NA,NA,Oceanic Nino Index,NA
15-9-2006 00:00,2006,9,0.54,NA,ENSO,NA,NA,Oceanic Nino Index,NA
15-10-2006 00:00,2006,10,0.77,NA,ENSO,NA,NA,Oceanic Nino Index,NA
15-11-2006 00:00,2006,11,0.94,NA,ENSO,NA,NA,Oceanic Nino Index,NA
15-12-2006 00:00,2006,12,0.94,NA,ENSO,NA,NA,Oceanic Nino Index,NA
15-1-2007 00:00,2007,1,0.66,NA,ENSO,NA,NA,Oceanic Nino Index,NA
15-2-2007 00:00,2007,2,0.22,NA,ENSO,NA,NA,Oceanic Nino Index,NA
15-3-2007 00:00,2007,3,-0.12,NA,ENSO,NA,NA,Oceanic Nino Index,NA
15-4-2007 00:00,2007,4,-0.32,NA,ENSO,NA,NA,Oceanic Nino Index,NA
15-5-2007 00:00,2007,5,-0.38,NA,ENSO,NA,NA,Oceanic Nino Index,NA
15-6-2007 00:00,2007,6,-0.47,NA,ENSO,NA,NA,Oceanic Nino Index,NA
15-7-2007 00:00,2007,7,-0.56,NA,ENSO,NA,NA,Oceanic Nino Index,NA
15-8-2007 00:00,2007,8,-0.81,NA,ENSO,NA,NA,Oceanic Nino Index,NA
15-9-2007 00:00,2007,9,-1.07,NA,ENSO,NA,NA,Oceanic Nino Index,NA
15-10-2007 00:00,2007,10,-1.34,NA,ENSO,NA,NA,Oceanic Nino Index,NA
15-11-2007 00:00,2007,11,-1.5,NA,ENSO,NA,NA,Oceanic Nino Index,NA
15-12-2007 00:00,2007,12,-1.6,NA,ENSO,NA,NA,Oceanic Nino Index,NA
15-1-2008 00:00,2008,1,-1.64,NA,ENSO,NA,NA,Oceanic Nino Index,NA
15-2-2008 00:00,2008,2,-1.52,NA,ENSO,NA,NA,Oceanic Nino Index,NA
15-3-2008 00:00,2008,3,-1.29,NA,ENSO,NA,NA,Oceanic Nino Index,NA
15-4-2008 00:00,2008,4,-1.01,NA,ENSO,NA,NA,Oceanic Nino Index,NA
15-5-2008 00:00,2008,5,-0.84,NA,ENSO,NA,NA,Oceanic Nino Index,NA
15-6-2008 00:00,2008,6,-0.61,NA,ENSO,NA,NA,Oceanic Nino Index,NA
15-7-2008 00:00,2008,7,-0.37,NA,ENSO,NA,NA,Oceanic Nino Index,NA
15-8-2008 00:00,2008,8,-0.23,NA,ENSO,NA,NA,Oceanic Nino Index,NA
15-9-2008 00:00,2008,9,-0.24,NA,ENSO,NA,NA,Oceanic Nino Index,NA
15-10-2008 00:00,2008,10,-0.35,NA,ENSO,NA,NA,Oceanic Nino Index,NA
15-11-2008 00:00,2008,11,-0.55,NA,ENSO,NA,NA,Oceanic Nino Index,NA
15-12-2008 00:00,2008,12,-0.73,NA,ENSO,NA,NA,Oceanic Nino Index,NA
15-1-2009 00:00,2009,1,-0.85,NA,ENSO,NA,NA,Oceanic Nino Index,NA
15-2-2009 00:00,2009,2,-0.79,NA,ENSO,NA,NA,Oceanic Nino Index,NA
15-3-2009 00:00,2009,3,-0.61,NA,ENSO,NA,NA,Oceanic Nino Index,NA
15-4-2009 00:00,2009,4,-0.33,NA,ENSO,NA,NA,Oceanic Nino Index,NA
15-5-2009 00:00,2009,5,0.01,NA,ENSO,NA,NA,Oceanic Nino Index,NA
15-6-2009 00:00,2009,6,0.28,NA,ENSO,NA,NA,Oceanic Nino Index,NA
15-7-2009 00:00,2009,7,0.45,NA,ENSO,NA,NA,Oceanic Nino Index,NA
15-8-2009 00:00,2009,8,0.58,NA,ENSO,NA,NA,Oceanic Nino Index,NA
15-9-2009 00:00,2009,9,0.71,NA,ENSO,NA,NA,Oceanic Nino Index,NA
15-10-2009 00:00,2009,10,1.01,NA,ENSO,NA,NA,Oceanic Nino Index,NA
15-11-2009 00:00,2009,11,1.36,NA,ENSO,NA,NA,Oceanic Nino Index,NA
15-12-2009 00:00,2009,12,1.56,NA,ENSO,NA,NA,Oceanic Nino Index,NA
15-1-2010 00:00,2010,1,1.5,NA,ENSO,NA,NA,Oceanic Nino Index,NA
15-2-2010 00:00,2010,2,1.22,NA,ENSO,NA,NA,Oceanic Nino Index,NA
15-3-2010 00:00,2010,3,0.84,NA,ENSO,NA,NA,Oceanic Nino Index,NA
15-4-2010 00:00,2010,4,0.35,NA,ENSO,NA,NA,Oceanic Nino Index,NA
15-5-2010 00:00,2010,5,-0.17,NA,ENSO,NA,NA,Oceanic Nino Index,NA
15-6-2010 00:00,2010,6,-0.66,NA,ENSO,NA,NA,Oceanic Nino Index,NA
15-7-2010 00:00,2010,7,-1.05,NA,ENSO,NA,NA,Oceanic Nino Index,NA
15-8-2010 00:00,2010,8,-1.35,NA,ENSO,NA,NA,Oceanic Nino Index,NA
15-9-2010 00:00,2010,9,-1.56,NA,ENSO,NA,NA,Oceanic Nino Index,NA
15-10-2010 00:00,2010,10,-1.64,NA,ENSO,NA,NA,Oceanic Nino Index,NA
15-11-2010 00:00,2010,11,-1.64,NA,ENSO,NA,NA,Oceanic Nino Index,NA
15-12-2010 00:00,2010,12,-1.54,NA,ENSO,NA,NA,Oceanic Nino Index,NA
15-1-2011 00:00,2011,1,-1.31,NA,ENSO,NA,NA,Oceanic Nino Index,NA
15-2-2011 00:00,2011,2,-1.04,NA,ENSO,NA,NA,Oceanic Nino Index,NA
15-3-2011 00:00,2011,3,-0.8,NA,ENSO,NA,NA,Oceanic Nino Index,NA
15-4-2011 00:00,2011,4,-0.62,NA,ENSO,NA,NA,Oceanic Nino Index,NA
15-5-2011 00:00,2011,5,-0.46,NA,ENSO,NA,NA,Oceanic Nino Index,NA
15-6-2011 00:00,2011,6,-0.37,NA,ENSO,NA,NA,Oceanic Nino Index,NA
15-7-2011 00:00,2011,7,-0.43,NA,ENSO,NA,NA,Oceanic Nino Index,NA
15-8-2011 00:00,2011,8,-0.58,NA,ENSO,NA,NA,Oceanic Nino Index,NA
15-9-2011 00:00,2011,9,-0.79,NA,ENSO,NA,NA,Oceanic Nino Index,NA
15-10-2011 00:00,2011,10,-0.96,NA,ENSO,NA,NA,Oceanic Nino Index,NA
15-11-2011 00:00,2011,11,-1.02,NA,ENSO,NA,NA,Oceanic Nino Index,NA
15-12-2011 00:00,2011,12,-0.92,NA,ENSO,NA,NA,Oceanic Nino Index,NA
15-1-2012 00:00,2012,1,-0.72,NA,ENSO,NA,NA,Oceanic Nino Index,NA
15-2-2012 00:00,2012,2,-0.57,NA,ENSO,NA,NA,Oceanic Nino Index,NA
15-3-2012 00:00,2012,3,-0.46,NA,ENSO,NA,NA,Oceanic Nino Index,NA
15-4-2012 00:00,2012,4,-0.36,NA,ENSO,NA,NA,Oceanic Nino Index,NA
15-5-2012 00:00,2012,5,-0.17,NA,ENSO,NA,NA,Oceanic Nino Index,NA
15-6-2012 00:00,2012,6,0.06,NA,ENSO,NA,NA,Oceanic Nino Index,NA
15-7-2012 00:00,2012,7,0.3,NA,ENSO,NA,NA,Oceanic Nino Index,NA
15-8-2012 00:00,2012,8,0.41,NA,ENSO,NA,NA,Oceanic Nino Index,NA
15-9-2012 00:00,2012,9,0.41,NA,ENSO,NA,NA,Oceanic Nino Index,NA
15-10-2012 00:00,2012,10,0.31,NA,ENSO,NA,NA,Oceanic Nino Index,NA
15-11-2012 00:00,2012,11,0.13,NA,ENSO,NA,NA,Oceanic Nino Index,NA
15-12-2012 00:00,2012,12,-0.1,NA,ENSO,NA,NA,Oceanic Nino Index,NA
15-1-2013 00:00,2013,1,-0.29,NA,ENSO,NA,NA,Oceanic Nino Index,NA
15-2-2013 00:00,2013,2,-0.29,NA,ENSO,NA,NA,Oceanic Nino Index,NA
15-3-2013 00:00,2013,3,-0.21,NA,ENSO,NA,NA,Oceanic Nino Index,NA
15-4-2013 00:00,2013,4,-0.19,NA,ENSO,NA,NA,Oceanic Nino Index,NA
15-5-2013 00:00,2013,5,-0.27,NA,ENSO,NA,NA,Oceanic Nino Index,NA
15-6-2013 00:00,2013,6,-0.34,NA,ENSO,NA,NA,Oceanic Nino Index,NA
15-7-2013 00:00,2013,7,-0.35,NA,ENSO,NA,NA,Oceanic Nino Index,NA
15-8-2013 00:00,2013,8,-0.28,NA,ENSO,NA,NA,Oceanic Nino Index,NA
15-9-2013 00:00,2013,9,-0.21,NA,ENSO,NA,NA,Oceanic Nino Index,NA
15-10-2013 00:00,2013,10,-0.13,NA,ENSO,NA,NA,Oceanic Nino Index,NA
15-11-2013 00:00,2013,11,-0.1,NA,ENSO,NA,NA,Oceanic Nino Index,NA
15-12-2013 00:00,2013,12,-0.15,NA,ENSO,NA,NA,Oceanic Nino Index,NA
15-1-2014 00:00,2014,1,-0.28,NA,ENSO,NA,NA,Oceanic Nino Index,NA
15-2-2014 00:00,2014,2,-0.32,NA,ENSO,NA,NA,Oceanic Nino Index,NA
15-3-2014 00:00,2014,3,-0.14,NA,ENSO,NA,NA,Oceanic Nino Index,NA
15-4-2014 00:00,2014,4,0.15,NA,ENSO,NA,NA,Oceanic Nino Index,NA
15-5-2014 00:00,2014,5,0.31,NA,ENSO,NA,NA,Oceanic Nino Index,NA
15-6-2014 00:00,2014,6,0.23,NA,ENSO,NA,NA,Oceanic Nino Index,NA
15-7-2014 00:00,2014,7,0.1,NA,ENSO,NA,NA,Oceanic Nino Index,NA
15-8-2014 00:00,2014,8,0.11,NA,ENSO,NA,NA,Oceanic Nino Index,NA
15-9-2014 00:00,2014,9,0.28,NA,ENSO,NA,NA,Oceanic Nino Index,NA
15-10-2014 00:00,2014,10,0.54,NA,ENSO,NA,NA,Oceanic Nino Index,NA
15-11-2014 00:00,2014,11,0.71,NA,ENSO,NA,NA,Oceanic Nino Index,NA
15-12-2014 00:00,2014,12,0.77,NA,ENSO,NA,NA,Oceanic Nino Index,NA
15-1-2015 00:00,2015,1,0.69,NA,ENSO,NA,NA,Oceanic Nino Index,NA
15-2-2015 00:00,2015,2,0.61,NA,ENSO,NA,NA,Oceanic Nino Index,NA
15-3-2015 00:00,2015,3,0.65,NA,ENSO,NA,NA,Oceanic Nino Index,NA
15-4-2015 00:00,2015,4,0.81,NA,ENSO,NA,NA,Oceanic Nino Index,NA
15-5-2015 00:00,2015,5,1.02,NA,ENSO,NA,NA,Oceanic Nino Index,NA
15-6-2015 00:00,2015,6,1.25,NA,ENSO,NA,NA,Oceanic Nino Index,NA
15-7-2015 00:00,2015,7,1.57,NA,ENSO,NA,NA,Oceanic Nino Index,NA
15-8-2015 00:00,2015,8,1.91,NA,ENSO,NA,NA,Oceanic Nino Index,NA
15-9-2015 00:00,2015,9,2.21,NA,ENSO,NA,NA,Oceanic Nino Index,NA
15-10-2015 00:00,2015,10,2.47,NA,ENSO,NA,NA,Oceanic Nino Index,NA
15-11-2015 00:00,2015,11,2.64,NA,ENSO,NA,NA,Oceanic Nino Index,NA
15-12-2015 00:00,2015,12,2.75,NA,ENSO,NA,NA,Oceanic Nino Index,NA
15-1-2016 00:00,2016,1,2.63,NA,ENSO,NA,NA,Oceanic Nino Index,NA
15-2-2016 00:00,2016,2,2.28,NA,ENSO,NA,NA,Oceanic Nino Index,NA
15-3-2016 00:00,2016,3,1.71,NA,ENSO,NA,NA,Oceanic Nino Index,NA
15-4-2016 00:00,2016,4,1.05,NA,ENSO,NA,NA,Oceanic Nino Index,NA
15-5-2016 00:00,2016,5,0.49,NA,ENSO,NA,NA,Oceanic Nino Index,NA
15-6-2016 00:00,2016,6,0,NA,ENSO,NA,NA,Oceanic Nino Index,NA
15-7-2016 00:00,2016,7,-0.31,NA,ENSO,NA,NA,Oceanic Nino Index,NA
15-8-2016 00:00,2016,8,-0.5,NA,ENSO,NA,NA,Oceanic Nino Index,NA
15-9-2016 00:00,2016,9,-0.58,NA,ENSO,NA,NA,Oceanic Nino Index,NA
15-10-2016 00:00,2016,10,-0.64,NA,ENSO,NA,NA,Oceanic Nino Index,NA
15-11-2016 00:00,2016,11,-0.6,NA,ENSO,NA,NA,Oceanic Nino Index,NA
15-12-2016 00:00,2016,12,-0.45,NA,ENSO,NA,NA,Oceanic Nino Index,NA
15-1-2017 00:00,2017,1,-0.19,NA,ENSO,NA,NA,Oceanic Nino Index,NA
15-2-2017 00:00,2017,2,-0.02,NA,ENSO,NA,NA,Oceanic Nino Index,NA
15-3-2017 00:00,2017,3,0.18,NA,ENSO,NA,NA,Oceanic Nino Index,NA
15-4-2017 00:00,2017,4,0.31,NA,ENSO,NA,NA,Oceanic Nino Index,NA
15-5-2017 00:00,2017,5,0.4,NA,ENSO,NA,NA,Oceanic Nino Index,NA
15-6-2017 00:00,2017,6,0.39,NA,ENSO,NA,NA,Oceanic Nino Index,NA
15-7-2017 00:00,2017,7,0.19,NA,ENSO,NA,NA,Oceanic Nino Index,NA
15-8-2017 00:00,2017,8,-0.07,NA,ENSO,NA,NA,Oceanic Nino Index,NA
15-9-2017 00:00,2017,9,-0.34,NA,ENSO,NA,NA,Oceanic Nino Index,NA
15-10-2017 00:00,2017,10,-0.6,NA,ENSO,NA,NA,Oceanic Nino Index,NA
15-11-2017 00:00,2017,11,-0.77,NA,ENSO,NA,NA,Oceanic Nino Index,NA
15-12-2017 00:00,2017,12,-0.86,NA,ENSO,NA,NA,Oceanic Nino Index,NA
15-1-2018 00:00,2018,1,-0.77,NA,ENSO,NA,NA,Oceanic Nino Index,NA
15-2-2018 00:00,2018,2,-0.71,NA,ENSO,NA,NA,Oceanic Nino Index,NA
15-3-2018 00:00,2018,3,-0.57,NA,ENSO,NA,NA,Oceanic Nino Index,NA
15-4-2018 00:00,2018,4,-0.39,NA,ENSO,NA,NA,Oceanic Nino Index,NA
15-5-2018 00:00,2018,5,-0.13,NA,ENSO,NA,NA,Oceanic Nino Index,NA
15-6-2018 00:00,2018,6,0.06,NA,ENSO,NA,NA,Oceanic Nino Index,NA
15-7-2018 00:00,2018,7,0.14,NA,ENSO,NA,NA,Oceanic Nino Index,NA
15-8-2018 00:00,2018,8,0.27,NA,ENSO,NA,NA,Oceanic Nino Index,NA
15-9-2018 00:00,2018,9,0.53,NA,ENSO,NA,NA,Oceanic Nino Index,NA
15-10-2018 00:00,2018,10,0.81,NA,ENSO,NA,NA,Oceanic Nino Index,NA
15-11-2018 00:00,2018,11,0.97,NA,ENSO,NA,NA,Oceanic Nino Index,NA
15-12-2018 00:00,2018,12,0.92,NA,ENSO,NA,NA,Oceanic Nino Index,NA
15-1-2019 00:00,2019,1,0.89,NA,ENSO,NA,NA,Oceanic Nino Index,NA
15-2-2019 00:00,2019,2,0.86,NA,ENSO,NA,NA,Oceanic Nino Index,NA
15-3-2019 00:00,2019,3,0.84,NA,ENSO,NA,NA,Oceanic Nino Index,NA
15-4-2019 00:00,2019,4,0.77,NA,ENSO,NA,NA,Oceanic Nino Index,NA
15-5-2019 00:00,2019,5,0.64,NA,ENSO,NA,NA,Oceanic Nino Index,NA
15-6-2019 00:00,2019,6,0.52,NA,ENSO,NA,NA,Oceanic Nino Index,NA
15-7-2019 00:00,2019,7,0.33,NA,ENSO,NA,NA,Oceanic Nino Index,NA
15-8-2019 00:00,2019,8,0.19,NA,ENSO,NA,NA,Oceanic Nino Index,NA
15-9-2019 00:00,2019,9,0.23,NA,ENSO,NA,NA,Oceanic Nino Index,NA
15-10-2019 00:00,2019,10,0.39,NA,ENSO,NA,NA,Oceanic Nino Index,NA
15-11-2019 00:00,2019,11,0.58,NA,ENSO,NA,NA,Oceanic Nino Index,NA
15-12-2019 00:00,2019,12,0.66,NA,ENSO,NA,NA,Oceanic Nino Index,NA
15-1-2020 00:00,2020,1,0.64,NA,ENSO,NA,NA,Oceanic Nino Index,NA
15-2-2020 00:00,2020,2,0.63,NA,ENSO,NA,NA,Oceanic Nino Index,NA
15-3-2020 00:00,2020,3,0.53,NA,ENSO,NA,NA,Oceanic Nino Index,NA
15-4-2020 00:00,2020,4,0.3,NA,ENSO,NA,NA,Oceanic Nino Index,NA
15-5-2020 00:00,2020,5,0.01,NA,ENSO,NA,NA,Oceanic Nino Index,NA
15-6-2020 00:00,2020,6,-0.23,NA,ENSO,NA,NA,Oceanic Nino Index,NA
15-7-2020 00:00,2020,7,-0.36,NA,ENSO,NA,NA,Oceanic Nino Index,NA
15-8-2020 00:00,2020,8,-0.53,NA,ENSO,NA,NA,Oceanic Nino Index,NA
15-9-2020 00:00,2020,9,-0.85,NA,ENSO,NA,NA,Oceanic Nino Index,NA
15-10-2020 00:00,2020,10,-1.12,NA,ENSO,NA,NA,Oceanic Nino Index,NA
15-11-2020 00:00,2020,11,-1.2,NA,ENSO,NA,NA,Oceanic Nino Index,NA
15-12-2020 00:00,2020,12,-1.08,NA,ENSO,NA,NA,Oceanic Nino Index,NA
15-1-2021 00:00,2021,1,-0.91,NA,ENSO,NA,NA,Oceanic Nino Index,NA
15-2-2021 00:00,2021,2,-0.79,NA,ENSO,NA,NA,Oceanic Nino Index,NA
15-3-2021 00:00,2021,3,-0.71,NA,ENSO,NA,NA,Oceanic Nino Index,NA
15-4-2021 00:00,2021,4,-0.55,NA,ENSO,NA,NA,Oceanic Nino Index,NA
15-5-2021 00:00,2021,5,-0.39,NA,ENSO,NA,NA,Oceanic Nino Index,NA
15-6-2021 00:00,2021,6,-0.3,NA,ENSO,NA,NA,Oceanic Nino Index,NA
15-7-2021 00:00,2021,7,-0.35,NA,ENSO,NA,NA,Oceanic Nino Index,NA
15-8-2021 00:00,2021,8,-0.45,NA,ENSO,NA,NA,Oceanic Nino Index,NA
15-9-2021 00:00,2021,9,-0.63,NA,ENSO,NA,NA,Oceanic Nino Index,NA
15-10-2021 00:00,2021,10,-0.76,NA,ENSO,NA,NA,Oceanic Nino Index,NA
15-11-2021 00:00,2021,11,-0.91,NA,ENSO,NA,NA,Oceanic Nino Index,NA
15-12-2021 00:00,2021,12,-0.87,NA,ENSO,NA,NA,Oceanic Nino Index,NA
15-1-2022 00:00,2022,1,-0.82,NA,ENSO,NA,NA,Oceanic Nino Index,NA
15-2-2022 00:00,2022,2,-0.79,NA,ENSO,NA,NA,Oceanic Nino Index,NA
15-3-2022 00:00,2022,3,-0.86,NA,ENSO,NA,NA,Oceanic Nino Index,NA
15-4-2022 00:00,2022,4,-0.95,NA,ENSO,NA,NA,Oceanic Nino Index,NA
15-5-2022 00:00,2022,5,-0.9,NA,ENSO,NA,NA,Oceanic Nino Index,NA
15-6-2022 00:00,2022,6,-0.78,NA,ENSO,NA,NA,Oceanic Nino Index,NA
15-7-2022 00:00,2022,7,-0.76,NA,ENSO,NA,NA,Oceanic Nino Index,NA
15-8-2022 00:00,2022,8,-0.87,NA,ENSO,NA,NA,Oceanic Nino Index,NA
15-9-2022 00:00,2022,9,-0.97,NA,ENSO,NA,NA,Oceanic Nino Index,NA
15-10-2022 00:00,2022,10,-0.94,NA,ENSO,NA,NA,Oceanic Nino Index,NA
15-11-2022 00:00,2022,11,-0.85,NA,ENSO,NA,NA,Oceanic Nino Index,NA
15-12-2022 00:00,2022,12,-0.71,NA,ENSO,NA,NA,Oceanic Nino Index,NA
15-1-2023 00:00,2023,1,-0.54,NA,ENSO,NA,NA,Oceanic Nino Index,NA
15-2-2023 00:00,2023,2,-0.29,NA,ENSO,NA,NA,Oceanic Nino Index,NA
15-3-2023 00:00,2023,3,-0.02,NA,ENSO,NA,NA,Oceanic Nino Index,NA
15-4-2023 00:00,2023,4,0.27,NA,ENSO,NA,NA,Oceanic Nino Index,NA
15-5-2023 00:00,2023,5,0.57,NA,ENSO,NA,NA,Oceanic Nino Index,NA
15-6-2023 00:00,2023,6,0.84,NA,ENSO,NA,NA,Oceanic Nino Index,NA
15-7-2023 00:00,2023,7,1.12,NA,ENSO,NA,NA,Oceanic Nino Index,NA
15-8-2023 00:00,2023,8,1.37,NA,ENSO,NA,NA,Oceanic Nino Index,NA
15-9-2023 00:00,2023,9,1.6,NA,ENSO,NA,NA,Oceanic Nino Index,NA
15-10-2023 00:00,2023,10,1.83,NA,ENSO,NA,NA,Oceanic Nino Index,NA
15-11-2023 00:00,2023,11,1.99,NA,ENSO,NA,NA,Oceanic Nino Index,NA
15-12-2023 00:00,2023,12,2.06,NA,ENSO,NA,NA,Oceanic Nino Index,NA
15-1-2024 00:00,2024,1,1.92,NA,ENSO,NA,NA,Oceanic Nino Index,NA
15-2-2024 00:00,2024,2,1.62,NA,ENSO,NA,NA,Oceanic Nino Index,NA
15-3-2024 00:00,2024,3,1.26,NA,ENSO,NA,NA,Oceanic Nino Index,NA
15-4-2024 00:00,2024,4,0.82,NA,ENSO,NA,NA,Oceanic Nino Index,NA
15-5-2024 00:00,2024,5,0.49,NA,ENSO,NA,NA,Oceanic Nino Index,NA
15-6-2024 00:00,2024,6,0.22,NA,ENSO,NA,NA,Oceanic Nino Index,NA
15-7-2024 00:00,2024,7,0.08,NA,ENSO,NA,NA,Oceanic Nino Index,NA
15-8-2024 00:00,2024,8,-0.07,NA,ENSO,NA,NA,Oceanic Nino Index,NA
15-9-2024 00:00,2024,9,-0.17,NA,ENSO,NA,NA,Oceanic Nino Index,NA
15-10-2024 00:00,2024,10,-0.21,NA,ENSO,NA,NA,Oceanic Nino Index,NA
15-11-2024 00:00,2024,11,-0.3,NA,ENSO,NA,NA,Oceanic Nino Index,NA
15-12-2024 00:00,2024,12,-0.42,NA,ENSO,NA,NA,Oceanic Nino Index,NA
15-1-2025 00:00,2025,1,-0.45,NA,ENSO,NA,NA,Oceanic Nino Index,NA
15-2-2025 00:00,2025,2,-0.24,NA,ENSO,NA,NA,Oceanic Nino Index,NA
15-3-2025 00:00,2025,3,-0.06,NA,ENSO,NA,NA,Oceanic Nino Index,NA
15-4-2025 00:00,2025,4,0.02,NA,ENSO,NA,NA,Oceanic Nino Index,NA
15-5-2025 00:00,2025,5,-0.02,NA,ENSO,NA,NA,Oceanic Nino Index,NA
15-6-2025 00:00,2025,6,-0.04,NA,ENSO,NA,NA,Oceanic Nino Index,NA
15-7-2025 00:00,2025,7,-0.14,NA,ENSO,NA,NA,Oceanic Nino Index,NA
15-8-2025 00:00,2025,8,-0.28,NA,ENSO,NA,NA,Oceanic Nino Index,NA
15-9-2025 00:00,2025,9,-0.4,NA,ENSO,NA,NA,Oceanic Nino Index,NA
15-10-2025 00:00,2025,10,-0.51,NA,ENSO,NA,NA,Oceanic Nino Index,NA
15-11-2025 00:00,2025,11,-0.55,NA,ENSO,NA,NA,Oceanic Nino Index,NA
15-12-2025 00:00,2025,12,-0.54,NA,ENSO,NA,NA,Oceanic Nino Index,NA
01-JAN-1854 00:00,1854,1,0.05,NA,PDO,NA,NA,Pacific Decadal Oscillation,NA
01-FEB-1854 00:00,1854,2,-0.09,NA,PDO,NA,NA,Pacific Decadal Oscillation,NA
01-MAR-1854 00:00,1854,3,0.138,NA,PDO,NA,NA,Pacific Decadal Oscillation,NA
01-APR-1854 00:00,1854,4,0.131,NA,PDO,NA,NA,Pacific Decadal Oscillation,NA
01-MAY-1854 00:00,1854,5,-0.064,NA,PDO,NA,NA,Pacific Decadal Oscillation,NA
01-JUN-1854 00:00,1854,6,0.005,NA,PDO,NA,NA,Pacific Decadal Oscillation,NA
01-JUL-1854 00:00,1854,7,-0.201,NA,PDO,NA,NA,Pacific Decadal Oscillation,NA
01-AUG-1854 00:00,1854,8,-0.849,NA,PDO,NA,NA,Pacific Decadal Oscillation,NA
01-SEP-1854 00:00,1854,9,-0.727,NA,PDO,NA,NA,Pacific Decadal Oscillation,NA
01-OCT-1854 00:00,1854,10,-1.597,NA,PDO,NA,NA,Pacific Decadal Oscillation,NA
01-NOV-1854 00:00,1854,11,-1.301,NA,PDO,NA,NA,Pacific Decadal Oscillation,NA
01-DEC-1854 00:00,1854,12,-1.582,NA,PDO,NA,NA,Pacific Decadal Oscillation,NA
01-JAN-1855 00:00,1855,1,0.009,NA,PDO,NA,NA,Pacific Decadal Oscillation,NA
01-FEB-1855 00:00,1855,2,0.11,NA,PDO,NA,NA,Pacific Decadal Oscillation,NA
01-MAR-1855 00:00,1855,3,0.234,NA,PDO,NA,NA,Pacific Decadal Oscillation,NA
01-APR-1855 00:00,1855,4,-0.312,NA,PDO,NA,NA,Pacific Decadal Oscillation,NA
01-MAY-1855 00:00,1855,5,-0.999,NA,PDO,NA,NA,Pacific Decadal Oscillation,NA
01-JUN-1855 00:00,1855,6,-1.227,NA,PDO,NA,NA,Pacific Decadal Oscillation,NA
01-JUL-1855 00:00,1855,7,-0.571,NA,PDO,NA,NA,Pacific Decadal Oscillation,NA
01-AUG-1855 00:00,1855,8,0.049,NA,PDO,NA,NA,Pacific Decadal Oscillation,NA
01-SEP-1855 00:00,1855,9,-0.247,NA,PDO,NA,NA,Pacific Decadal Oscillation,NA
01-OCT-1855 00:00,1855,10,-0.243,NA,PDO,NA,NA,Pacific Decadal Oscillation,NA
01-NOV-1855 00:00,1855,11,-0.045,NA,PDO,NA,NA,Pacific Decadal Oscillation,NA
01-DEC-1855 00:00,1855,12,-0.498,NA,PDO,NA,NA,Pacific Decadal Oscillation,NA
01-JAN-1856 00:00,1856,1,-0.124,NA,PDO,NA,NA,Pacific Decadal Oscillation,NA
01-FEB-1856 00:00,1856,2,0.375,NA,PDO,NA,NA,Pacific Decadal Oscillation,NA
01-MAR-1856 00:00,1856,3,0.291,NA,PDO,NA,NA,Pacific Decadal Oscillation,NA
01-APR-1856 00:00,1856,4,-0.646,NA,PDO,NA,NA,Pacific Decadal Oscillation,NA
01-MAY-1856 00:00,1856,5,-0.81,NA,PDO,NA,NA,Pacific Decadal Oscillation,NA
01-JUN-1856 00:00,1856,6,-1.513,NA,PDO,NA,NA,Pacific Decadal Oscillation,NA
01-JUL-1856 00:00,1856,7,-0.347,NA,PDO,NA,NA,Pacific Decadal Oscillation,NA
01-AUG-1856 00:00,1856,8,0.75,NA,PDO,NA,NA,Pacific Decadal Oscillation,NA
01-SEP-1856 00:00,1856,9,0.921,NA,PDO,NA,NA,Pacific Decadal Oscillation,NA
01-OCT-1856 00:00,1856,10,0.733,NA,PDO,NA,NA,Pacific Decadal Oscillation,NA
01-NOV-1856 00:00,1856,11,0.307,NA,PDO,NA,NA,Pacific Decadal Oscillation,NA
01-DEC-1856 00:00,1856,12,-0.071,NA,PDO,NA,NA,Pacific Decadal Oscillation,NA
01-JAN-1857 00:00,1857,1,-0.665,NA,PDO,NA,NA,Pacific Decadal Oscillation,NA
01-FEB-1857 00:00,1857,2,-1.4,NA,PDO,NA,NA,Pacific Decadal Oscillation,NA
01-MAR-1857 00:00,1857,3,-1.149,NA,PDO,NA,NA,Pacific Decadal Oscillation,NA
01-APR-1857 00:00,1857,4,-0.455,NA,PDO,NA,NA,Pacific Decadal Oscillation,NA
01-MAY-1857 00:00,1857,5,0.052,NA,PDO,NA,NA,Pacific Decadal Oscillation,NA
01-JUN-1857 00:00,1857,6,1.031,NA,PDO,NA,NA,Pacific Decadal Oscillation,NA
01-JUL-1857 00:00,1857,7,1.144,NA,PDO,NA,NA,Pacific Decadal Oscillation,NA
01-AUG-1857 00:00,1857,8,0.871,NA,PDO,NA,NA,Pacific Decadal Oscillation,NA
01-SEP-1857 00:00,1857,9,0.651,NA,PDO,NA,NA,Pacific Decadal Oscillation,NA
01-OCT-1857 00:00,1857,10,0.414,NA,PDO,NA,NA,Pacific Decadal Oscillation,NA
01-NOV-1857 00:00,1857,11,0.34,NA,PDO,NA,NA,Pacific Decadal Oscillation,NA
01-DEC-1857 00:00,1857,12,-0.448,NA,PDO,NA,NA,Pacific Decadal Oscillation,NA
01-JAN-1858 00:00,1858,1,-0.769,NA,PDO,NA,NA,Pacific Decadal Oscillation,NA
01-FEB-1858 00:00,1858,2,-0.955,NA,PDO,NA,NA,Pacific Decadal Oscillation,NA
01-MAR-1858 00:00,1858,3,-1.309,NA,PDO,NA,NA,Pacific Decadal Oscillation,NA
01-APR-1858 00:00,1858,4,-0.718,NA,PDO,NA,NA,Pacific Decadal Oscillation,NA
01-MAY-1858 00:00,1858,5,0.619,NA,PDO,NA,NA,Pacific Decadal Oscillation,NA
01-JUN-1858 00:00,1858,6,2.357,NA,PDO,NA,NA,Pacific Decadal Oscillation,NA
01-JUL-1858 00:00,1858,7,1.422,NA,PDO,NA,NA,Pacific Decadal Oscillation,NA
01-AUG-1858 00:00,1858,8,1.401,NA,PDO,NA,NA,Pacific Decadal Oscillation,NA
01-SEP-1858 00:00,1858,9,1.515,NA,PDO,NA,NA,Pacific Decadal Oscillation,NA
01-OCT-1858 00:00,1858,10,2.296,NA,PDO,NA,NA,Pacific Decadal Oscillation,NA
01-NOV-1858 00:00,1858,11,0.644,NA,PDO,NA,NA,Pacific Decadal Oscillation,NA
01-DEC-1858 00:00,1858,12,-0.726,NA,PDO,NA,NA,Pacific Decadal Oscillation,NA
01-JAN-1859 00:00,1859,1,-0.809,NA,PDO,NA,NA,Pacific Decadal Oscillation,NA
01-FEB-1859 00:00,1859,2,-1.221,NA,PDO,NA,NA,Pacific Decadal Oscillation,NA
01-MAR-1859 00:00,1859,3,-1.777,NA,PDO,NA,NA,Pacific Decadal Oscillation,NA
01-APR-1859 00:00,1859,4,-2.707,NA,PDO,NA,NA,Pacific Decadal Oscillation,NA
01-MAY-1859 00:00,1859,5,-2.284,NA,PDO,NA,NA,Pacific Decadal Oscillation,NA
01-JUN-1859 00:00,1859,6,-1.941,NA,PDO,NA,NA,Pacific Decadal Oscillation,NA
01-JUL-1859 00:00,1859,7,-1.014,NA,PDO,NA,NA,Pacific Decadal Oscillation,NA
01-AUG-1859 00:00,1859,8,-0.945,NA,PDO,NA,NA,Pacific Decadal Oscillation,NA
01-SEP-1859 00:00,1859,9,-0.918,NA,PDO,NA,NA,Pacific Decadal Oscillation,NA
01-OCT-1859 00:00,1859,10,-1.102,NA,PDO,NA,NA,Pacific Decadal Oscillation,NA
01-NOV-1859 00:00,1859,11,-1.042,NA,PDO,NA,NA,Pacific Decadal Oscillation,NA
01-DEC-1859 00:00,1859,12,-0.776,NA,PDO,NA,NA,Pacific Decadal Oscillation,NA
01-JAN-1860 00:00,1860,1,-0.855,NA,PDO,NA,NA,Pacific Decadal Oscillation,NA
01-FEB-1860 00:00,1860,2,-0.795,NA,PDO,NA,NA,Pacific Decadal Oscillation,NA
01-MAR-1860 00:00,1860,3,-0.949,NA,PDO,NA,NA,Pacific Decadal Oscillation,NA
01-APR-1860 00:00,1860,4,-0.639,NA,PDO,NA,NA,Pacific Decadal Oscillation,NA
01-MAY-1860 00:00,1860,5,-0.576,NA,PDO,NA,NA,Pacific Decadal Oscillation,NA
01-JUN-1860 00:00,1860,6,-0.836,NA,PDO,NA,NA,Pacific Decadal Oscillation,NA
01-JUL-1860 00:00,1860,7,0.507,NA,PDO,NA,NA,Pacific Decadal Oscillation,NA
01-AUG-1860 00:00,1860,8,0.463,NA,PDO,NA,NA,Pacific Decadal Oscillation,NA
01-SEP-1860 00:00,1860,9,0.964,NA,PDO,NA,NA,Pacific Decadal Oscillation,NA
01-OCT-1860 00:00,1860,10,-0.806,NA,PDO,NA,NA,Pacific Decadal Oscillation,NA
01-NOV-1860 00:00,1860,11,-0.801,NA,PDO,NA,NA,Pacific Decadal Oscillation,NA
01-DEC-1860 00:00,1860,12,-1.056,NA,PDO,NA,NA,Pacific Decadal Oscillation,NA
01-JAN-1861 00:00,1861,1,-0.579,NA,PDO,NA,NA,Pacific Decadal Oscillation,NA
01-FEB-1861 00:00,1861,2,-0.727,NA,PDO,NA,NA,Pacific Decadal Oscillation,NA
01-MAR-1861 00:00,1861,3,-0.649,NA,PDO,NA,NA,Pacific Decadal Oscillation,NA
01-APR-1861 00:00,1861,4,-0.63,NA,PDO,NA,NA,Pacific Decadal Oscillation,NA
01-MAY-1861 00:00,1861,5,-0.165,NA,PDO,NA,NA,Pacific Decadal Oscillation,NA
01-JUN-1861 00:00,1861,6,-0.153,NA,PDO,NA,NA,Pacific Decadal Oscillation,NA
01-JUL-1861 00:00,1861,7,-0.253,NA,PDO,NA,NA,Pacific Decadal Oscillation,NA
01-AUG-1861 00:00,1861,8,-0.302,NA,PDO,NA,NA,Pacific Decadal Oscillation,NA
01-SEP-1861 00:00,1861,9,-0.757,NA,PDO,NA,NA,Pacific Decadal Oscillation,NA
01-OCT-1861 00:00,1861,10,-1.108,NA,PDO,NA,NA,Pacific Decadal Oscillation,NA
01-NOV-1861 00:00,1861,11,-1.318,NA,PDO,NA,NA,Pacific Decadal Oscillation,NA
01-DEC-1861 00:00,1861,12,-1.293,NA,PDO,NA,NA,Pacific Decadal Oscillation,NA
01-JAN-1862 00:00,1862,1,-0.44,NA,PDO,NA,NA,Pacific Decadal Oscillation,NA
01-FEB-1862 00:00,1862,2,-0.122,NA,PDO,NA,NA,Pacific Decadal Oscillation,NA
01-MAR-1862 00:00,1862,3,0.186,NA,PDO,NA,NA,Pacific Decadal Oscillation,NA
01-APR-1862 00:00,1862,4,0.114,NA,PDO,NA,NA,Pacific Decadal Oscillation,NA
01-MAY-1862 00:00,1862,5,0.092,NA,PDO,NA,NA,Pacific Decadal Oscillation,NA
01-JUN-1862 00:00,1862,6,-0.034,NA,PDO,NA,NA,Pacific Decadal Oscillation,NA
01-JUL-1862 00:00,1862,7,0.028,NA,PDO,NA,NA,Pacific Decadal Oscillation,NA
01-AUG-1862 00:00,1862,8,0.127,NA,PDO,NA,NA,Pacific Decadal Oscillation,NA
01-SEP-1862 00:00,1862,9,-0.398,NA,PDO,NA,NA,Pacific Decadal Oscillation,NA
01-OCT-1862 00:00,1862,10,-0.377,NA,PDO,NA,NA,Pacific Decadal Oscillation,NA
01-NOV-1862 00:00,1862,11,-0.204,NA,PDO,NA,NA,Pacific Decadal Oscillation,NA
01-DEC-1862 00:00,1862,12,-0.171,NA,PDO,NA,NA,Pacific Decadal Oscillation,NA
01-JAN-1863 00:00,1863,1,-0.176,NA,PDO,NA,NA,Pacific Decadal Oscillation,NA
01-FEB-1863 00:00,1863,2,-0.168,NA,PDO,NA,NA,Pacific Decadal Oscillation,NA
01-MAR-1863 00:00,1863,3,-0.112,NA,PDO,NA,NA,Pacific Decadal Oscillation,NA
01-APR-1863 00:00,1863,4,-0.027,NA,PDO,NA,NA,Pacific Decadal Oscillation,NA
01-MAY-1863 00:00,1863,5,0.2,NA,PDO,NA,NA,Pacific Decadal Oscillation,NA
01-JUN-1863 00:00,1863,6,0.144,NA,PDO,NA,NA,Pacific Decadal Oscillation,NA
01-JUL-1863 00:00,1863,7,0.444,NA,PDO,NA,NA,Pacific Decadal Oscillation,NA
01-AUG-1863 00:00,1863,8,0.204,NA,PDO,NA,NA,Pacific Decadal Oscillation,NA
01-SEP-1863 00:00,1863,9,0.433,NA,PDO,NA,NA,Pacific Decadal Oscillation,NA
01-OCT-1863 00:00,1863,10,0.261,NA,PDO,NA,NA,Pacific Decadal Oscillation,NA
01-NOV-1863 00:00,1863,11,0.189,NA,PDO,NA,NA,Pacific Decadal Oscillation,NA
01-DEC-1863 00:00,1863,12,0.043,NA,PDO,NA,NA,Pacific Decadal Oscillation,NA
01-JAN-1864 00:00,1864,1,-0.01,NA,PDO,NA,NA,Pacific Decadal Oscillation,NA
01-FEB-1864 00:00,1864,2,0.161,NA,PDO,NA,NA,Pacific Decadal Oscillation,NA
01-MAR-1864 00:00,1864,3,-0.572,NA,PDO,NA,NA,Pacific Decadal Oscillation,NA
01-APR-1864 00:00,1864,4,-0.473,NA,PDO,NA,NA,Pacific Decadal Oscillation,NA
01-MAY-1864 00:00,1864,5,-0.199,NA,PDO,NA,NA,Pacific Decadal Oscillation,NA
01-JUN-1864 00:00,1864,6,-0.101,NA,PDO,NA,NA,Pacific Decadal Oscillation,NA
01-JUL-1864 00:00,1864,7,0.415,NA,PDO,NA,NA,Pacific Decadal Oscillation,NA
01-AUG-1864 00:00,1864,8,0.131,NA,PDO,NA,NA,Pacific Decadal Oscillation,NA
01-SEP-1864 00:00,1864,9,0.217,NA,PDO,NA,NA,Pacific Decadal Oscillation,NA
01-OCT-1864 00:00,1864,10,0.553,NA,PDO,NA,NA,Pacific Decadal Oscillation,NA
01-NOV-1864 00:00,1864,11,0.824,NA,PDO,NA,NA,Pacific Decadal Oscillation,NA
01-DEC-1864 00:00,1864,12,0.66,NA,PDO,NA,NA,Pacific Decadal Oscillation,NA
01-JAN-1865 00:00,1865,1,-0,NA,PDO,NA,NA,Pacific Decadal Oscillation,NA
01-FEB-1865 00:00,1865,2,-0.141,NA,PDO,NA,NA,Pacific Decadal Oscillation,NA
01-MAR-1865 00:00,1865,3,-0.01,NA,PDO,NA,NA,Pacific Decadal Oscillation,NA
01-APR-1865 00:00,1865,4,0.152,NA,PDO,NA,NA,Pacific Decadal Oscillation,NA
01-MAY-1865 00:00,1865,5,0.174,NA,PDO,NA,NA,Pacific Decadal Oscillation,NA
01-JUN-1865 00:00,1865,6,-0.281,NA,PDO,NA,NA,Pacific Decadal Oscillation,NA
01-JUL-1865 00:00,1865,7,-0.302,NA,PDO,NA,NA,Pacific Decadal Oscillation,NA
01-AUG-1865 00:00,1865,8,-0.109,NA,PDO,NA,NA,Pacific Decadal Oscillation,NA
01-SEP-1865 00:00,1865,9,-0.155,NA,PDO,NA,NA,Pacific Decadal Oscillation,NA
01-OCT-1865 00:00,1865,10,-0.166,NA,PDO,NA,NA,Pacific Decadal Oscillation,NA
01-NOV-1865 00:00,1865,11,-0.348,NA,PDO,NA,NA,Pacific Decadal Oscillation,NA
01-DEC-1865 00:00,1865,12,-0.576,NA,PDO,NA,NA,Pacific Decadal Oscillation,NA
01-JAN-1866 00:00,1866,1,-1.735,NA,PDO,NA,NA,Pacific Decadal Oscillation,NA
01-FEB-1866 00:00,1866,2,-1.599,NA,PDO,NA,NA,Pacific Decadal Oscillation,NA
01-MAR-1866 00:00,1866,3,-1.55,NA,PDO,NA,NA,Pacific Decadal Oscillation,NA
01-APR-1866 00:00,1866,4,-0.76,NA,PDO,NA,NA,Pacific Decadal Oscillation,NA
01-MAY-1866 00:00,1866,5,-0.294,NA,PDO,NA,NA,Pacific Decadal Oscillation,NA
01-JUN-1866 00:00,1866,6,-0.411,NA,PDO,NA,NA,Pacific Decadal Oscillation,NA
01-JUL-1866 00:00,1866,7,-0.064,NA,PDO,NA,NA,Pacific Decadal Oscillation,NA
01-AUG-1866 00:00,1866,8,0.093,NA,PDO,NA,NA,Pacific Decadal Oscillation,NA
01-SEP-1866 00:00,1866,9,0.011,NA,PDO,NA,NA,Pacific Decadal Oscillation,NA
01-OCT-1866 00:00,1866,10,0.169,NA,PDO,NA,NA,Pacific Decadal Oscillation,NA
01-NOV-1866 00:00,1866,11,0.196,NA,PDO,NA,NA,Pacific Decadal Oscillation,NA
01-DEC-1866 00:00,1866,12,-0.2,NA,PDO,NA,NA,Pacific Decadal Oscillation,NA
01-JAN-1867 00:00,1867,1,-0.033,NA,PDO,NA,NA,Pacific Decadal Oscillation,NA
01-FEB-1867 00:00,1867,2,-0.053,NA,PDO,NA,NA,Pacific Decadal Oscillation,NA
01-MAR-1867 00:00,1867,3,-0.114,NA,PDO,NA,NA,Pacific Decadal Oscillation,NA
01-APR-1867 00:00,1867,4,-0.121,NA,PDO,NA,NA,Pacific Decadal Oscillation,NA
01-MAY-1867 00:00,1867,5,0.062,NA,PDO,NA,NA,Pacific Decadal Oscillation,NA
01-JUN-1867 00:00,1867,6,0.064,NA,PDO,NA,NA,Pacific Decadal Oscillation,NA
01-JUL-1867 00:00,1867,7,0.326,NA,PDO,NA,NA,Pacific Decadal Oscillation,NA
01-AUG-1867 00:00,1867,8,0.197,NA,PDO,NA,NA,Pacific Decadal Oscillation,NA
01-SEP-1867 00:00,1867,9,0.111,NA,PDO,NA,NA,Pacific Decadal Oscillation,NA
01-OCT-1867 00:00,1867,10,-0.369,NA,PDO,NA,NA,Pacific Decadal Oscillation,NA
01-NOV-1867 00:00,1867,11,0.004,NA,PDO,NA,NA,Pacific Decadal Oscillation,NA
01-DEC-1867 00:00,1867,12,0.707,NA,PDO,NA,NA,Pacific Decadal Oscillation,NA
01-JAN-1868 00:00,1868,1,0.592,NA,PDO,NA,NA,Pacific Decadal Oscillation,NA
01-FEB-1868 00:00,1868,2,0.283,NA,PDO,NA,NA,Pacific Decadal Oscillation,NA
01-MAR-1868 00:00,1868,3,0.2,NA,PDO,NA,NA,Pacific Decadal Oscillation,NA
01-APR-1868 00:00,1868,4,-0.063,NA,PDO,NA,NA,Pacific Decadal Oscillation,NA
01-MAY-1868 00:00,1868,5,-0.004,NA,PDO,NA,NA,Pacific Decadal Oscillation,NA
01-JUN-1868 00:00,1868,6,0.1,NA,PDO,NA,NA,Pacific Decadal Oscillation,NA
01-JUL-1868 00:00,1868,7,0.373,NA,PDO,NA,NA,Pacific Decadal Oscillation,NA
01-AUG-1868 00:00,1868,8,0.419,NA,PDO,NA,NA,Pacific Decadal Oscillation,NA
01-SEP-1868 00:00,1868,9,0.558,NA,PDO,NA,NA,Pacific Decadal Oscillation,NA
01-OCT-1868 00:00,1868,10,0.23,NA,PDO,NA,NA,Pacific Decadal Oscillation,NA
01-NOV-1868 00:00,1868,11,-0.247,NA,PDO,NA,NA,Pacific Decadal Oscillation,NA
01-DEC-1868 00:00,1868,12,-0.547,NA,PDO,NA,NA,Pacific Decadal Oscillation,NA
01-JAN-1869 00:00,1869,1,-0.491,NA,PDO,NA,NA,Pacific Decadal Oscillation,NA
01-FEB-1869 00:00,1869,2,-0.044,NA,PDO,NA,NA,Pacific Decadal Oscillation,NA
01-MAR-1869 00:00,1869,3,0.418,NA,PDO,NA,NA,Pacific Decadal Oscillation,NA
01-APR-1869 00:00,1869,4,1.137,NA,PDO,NA,NA,Pacific Decadal Oscillation,NA
01-MAY-1869 00:00,1869,5,3.254,NA,PDO,NA,NA,Pacific Decadal Oscillation,NA
01-JUN-1869 00:00,1869,6,3.406,NA,PDO,NA,NA,Pacific Decadal Oscillation,NA
01-JUL-1869 00:00,1869,7,3.375,NA,PDO,NA,NA,Pacific Decadal Oscillation,NA
01-AUG-1869 00:00,1869,8,1.167,NA,PDO,NA,NA,Pacific Decadal Oscillation,NA
01-SEP-1869 00:00,1869,9,0.021,NA,PDO,NA,NA,Pacific Decadal Oscillation,NA
01-OCT-1869 00:00,1869,10,-0.364,NA,PDO,NA,NA,Pacific Decadal Oscillation,NA
01-NOV-1869 00:00,1869,11,-0.454,NA,PDO,NA,NA,Pacific Decadal Oscillation,NA
01-DEC-1869 00:00,1869,12,-0.391,NA,PDO,NA,NA,Pacific Decadal Oscillation,NA
01-JAN-1870 00:00,1870,1,0.21,NA,PDO,NA,NA,Pacific Decadal Oscillation,NA
01-FEB-1870 00:00,1870,2,-0.059,NA,PDO,NA,NA,Pacific Decadal Oscillation,NA
01-MAR-1870 00:00,1870,3,0.323,NA,PDO,NA,NA,Pacific Decadal Oscillation,NA
01-APR-1870 00:00,1870,4,0.081,NA,PDO,NA,NA,Pacific Decadal Oscillation,NA
01-MAY-1870 00:00,1870,5,0.164,NA,PDO,NA,NA,Pacific Decadal Oscillation,NA
01-JUN-1870 00:00,1870,6,-0.232,NA,PDO,NA,NA,Pacific Decadal Oscillation,NA
01-JUL-1870 00:00,1870,7,0.158,NA,PDO,NA,NA,Pacific Decadal Oscillation,NA
01-AUG-1870 00:00,1870,8,0.371,NA,PDO,NA,NA,Pacific Decadal Oscillation,NA
01-SEP-1870 00:00,1870,9,-0.038,NA,PDO,NA,NA,Pacific Decadal Oscillation,NA
01-OCT-1870 00:00,1870,10,-0.307,NA,PDO,NA,NA,Pacific Decadal Oscillation,NA
01-NOV-1870 00:00,1870,11,-0.522,NA,PDO,NA,NA,Pacific Decadal Oscillation,NA
01-DEC-1870 00:00,1870,12,-0.76,NA,PDO,NA,NA,Pacific Decadal Oscillation,NA
01-JAN-1871 00:00,1871,1,-0.456,NA,PDO,NA,NA,Pacific Decadal Oscillation,NA
01-FEB-1871 00:00,1871,2,-0.027,NA,PDO,NA,NA,Pacific Decadal Oscillation,NA
01-MAR-1871 00:00,1871,3,0.157,NA,PDO,NA,NA,Pacific Decadal Oscillation,NA
01-APR-1871 00:00,1871,4,-0.093,NA,PDO,NA,NA,Pacific Decadal Oscillation,NA
01-MAY-1871 00:00,1871,5,-0.464,NA,PDO,NA,NA,Pacific Decadal Oscillation,NA
01-JUN-1871 00:00,1871,6,-0.105,NA,PDO,NA,NA,Pacific Decadal Oscillation,NA
01-JUL-1871 00:00,1871,7,-0.067,NA,PDO,NA,NA,Pacific Decadal Oscillation,NA
01-AUG-1871 00:00,1871,8,0.209,NA,PDO,NA,NA,Pacific Decadal Oscillation,NA
01-SEP-1871 00:00,1871,9,-0.314,NA,PDO,NA,NA,Pacific Decadal Oscillation,NA
01-OCT-1871 00:00,1871,10,-0.574,NA,PDO,NA,NA,Pacific Decadal Oscillation,NA
01-NOV-1871 00:00,1871,11,-0.65,NA,PDO,NA,NA,Pacific Decadal Oscillation,NA
01-DEC-1871 00:00,1871,12,-0.282,NA,PDO,NA,NA,Pacific Decadal Oscillation,NA
01-JAN-1872 00:00,1872,1,-0.319,NA,PDO,NA,NA,Pacific Decadal Oscillation,NA
01-FEB-1872 00:00,1872,2,-0.409,NA,PDO,NA,NA,Pacific Decadal Oscillation,NA
01-MAR-1872 00:00,1872,3,-0.166,NA,PDO,NA,NA,Pacific Decadal Oscillation,NA
01-APR-1872 00:00,1872,4,-0.324,NA,PDO,NA,NA,Pacific Decadal Oscillation,NA
01-MAY-1872 00:00,1872,5,0.059,NA,PDO,NA,NA,Pacific Decadal Oscillation,NA
01-JUN-1872 00:00,1872,6,-0.527,NA,PDO,NA,NA,Pacific Decadal Oscillation,NA
01-JUL-1872 00:00,1872,7,-0.521,NA,PDO,NA,NA,Pacific Decadal Oscillation,NA
01-AUG-1872 00:00,1872,8,-0.444,NA,PDO,NA,NA,Pacific Decadal Oscillation,NA
01-SEP-1872 00:00,1872,9,-0.176,NA,PDO,NA,NA,Pacific Decadal Oscillation,NA
01-OCT-1872 00:00,1872,10,-0.018,NA,PDO,NA,NA,Pacific Decadal Oscillation,NA
01-NOV-1872 00:00,1872,11,-1.537,NA,PDO,NA,NA,Pacific Decadal Oscillation,NA
01-DEC-1872 00:00,1872,12,-1.992,NA,PDO,NA,NA,Pacific Decadal Oscillation,NA
01-JAN-1873 00:00,1873,1,-2.007,NA,PDO,NA,NA,Pacific Decadal Oscillation,NA
01-FEB-1873 00:00,1873,2,-1.732,NA,PDO,NA,NA,Pacific Decadal Oscillation,NA
01-MAR-1873 00:00,1873,3,-1.398,NA,PDO,NA,NA,Pacific Decadal Oscillation,NA
01-APR-1873 00:00,1873,4,-0.628,NA,PDO,NA,NA,Pacific Decadal Oscillation,NA
01-MAY-1873 00:00,1873,5,-0.301,NA,PDO,NA,NA,Pacific Decadal Oscillation,NA
01-JUN-1873 00:00,1873,6,-0.583,NA,PDO,NA,NA,Pacific Decadal Oscillation,NA
01-JUL-1873 00:00,1873,7,-0.632,NA,PDO,NA,NA,Pacific Decadal Oscillation,NA
01-AUG-1873 00:00,1873,8,-0.633,NA,PDO,NA,NA,Pacific Decadal Oscillation,NA
01-SEP-1873 00:00,1873,9,-0.559,NA,PDO,NA,NA,Pacific Decadal Oscillation,NA
01-OCT-1873 00:00,1873,10,-0.328,NA,PDO,NA,NA,Pacific Decadal Oscillation,NA
01-NOV-1873 00:00,1873,11,-0.643,NA,PDO,NA,NA,Pacific Decadal Oscillation,NA
01-DEC-1873 00:00,1873,12,-0.614,NA,PDO,NA,NA,Pacific Decadal Oscillation,NA
01-JAN-1874 00:00,1874,1,-0.501,NA,PDO,NA,NA,Pacific Decadal Oscillation,NA
01-FEB-1874 00:00,1874,2,-0.687,NA,PDO,NA,NA,Pacific Decadal Oscillation,NA
01-MAR-1874 00:00,1874,3,-0.314,NA,PDO,NA,NA,Pacific Decadal Oscillation,NA
01-APR-1874 00:00,1874,4,0,NA,PDO,NA,NA,Pacific Decadal Oscillation,NA
01-MAY-1874 00:00,1874,5,-0.143,NA,PDO,NA,NA,Pacific Decadal Oscillation,NA
01-JUN-1874 00:00,1874,6,-0.238,NA,PDO,NA,NA,Pacific Decadal Oscillation,NA
01-JUL-1874 00:00,1874,7,0.108,NA,PDO,NA,NA,Pacific Decadal Oscillation,NA
01-AUG-1874 00:00,1874,8,0.549,NA,PDO,NA,NA,Pacific Decadal Oscillation,NA
01-SEP-1874 00:00,1874,9,0.38,NA,PDO,NA,NA,Pacific Decadal Oscillation,NA
01-OCT-1874 00:00,1874,10,0.186,NA,PDO,NA,NA,Pacific Decadal Oscillation,NA
01-NOV-1874 00:00,1874,11,0.24,NA,PDO,NA,NA,Pacific Decadal Oscillation,NA
01-DEC-1874 00:00,1874,12,-0.676,NA,PDO,NA,NA,Pacific Decadal Oscillation,NA
01-JAN-1875 00:00,1875,1,-0.98,NA,PDO,NA,NA,Pacific Decadal Oscillation,NA
01-FEB-1875 00:00,1875,2,-1.252,NA,PDO,NA,NA,Pacific Decadal Oscillation,NA
01-MAR-1875 00:00,1875,3,-1.004,NA,PDO,NA,NA,Pacific Decadal Oscillation,NA
01-APR-1875 00:00,1875,4,-0.91,NA,PDO,NA,NA,Pacific Decadal Oscillation,NA
01-MAY-1875 00:00,1875,5,-0.556,NA,PDO,NA,NA,Pacific Decadal Oscillation,NA
01-JUN-1875 00:00,1875,6,-0.416,NA,PDO,NA,NA,Pacific Decadal Oscillation,NA
01-JUL-1875 00:00,1875,7,-0.363,NA,PDO,NA,NA,Pacific Decadal Oscillation,NA
01-AUG-1875 00:00,1875,8,-0.053,NA,PDO,NA,NA,Pacific Decadal Oscillation,NA
01-SEP-1875 00:00,1875,9,-0.061,NA,PDO,NA,NA,Pacific Decadal Oscillation,NA
01-OCT-1875 00:00,1875,10,-0.591,NA,PDO,NA,NA,Pacific Decadal Oscillation,NA
01-NOV-1875 00:00,1875,11,-0.465,NA,PDO,NA,NA,Pacific Decadal Oscillation,NA
01-DEC-1875 00:00,1875,12,0.056,NA,PDO,NA,NA,Pacific Decadal Oscillation,NA
01-JAN-1876 00:00,1876,1,-0.825,NA,PDO,NA,NA,Pacific Decadal Oscillation,NA
01-FEB-1876 00:00,1876,2,-0.764,NA,PDO,NA,NA,Pacific Decadal Oscillation,NA
01-MAR-1876 00:00,1876,3,-0.871,NA,PDO,NA,NA,Pacific Decadal Oscillation,NA
01-APR-1876 00:00,1876,4,-1.353,NA,PDO,NA,NA,Pacific Decadal Oscillation,NA
01-MAY-1876 00:00,1876,5,-1.192,NA,PDO,NA,NA,Pacific Decadal Oscillation,NA
01-JUN-1876 00:00,1876,6,-0.654,NA,PDO,NA,NA,Pacific Decadal Oscillation,NA
01-JUL-1876 00:00,1876,7,-1.865,NA,PDO,NA,NA,Pacific Decadal Oscillation,NA
01-AUG-1876 00:00,1876,8,-1.593,NA,PDO,NA,NA,Pacific Decadal Oscillation,NA
01-SEP-1876 00:00,1876,9,-0.813,NA,PDO,NA,NA,Pacific Decadal Oscillation,NA
01-OCT-1876 00:00,1876,10,0.067,NA,PDO,NA,NA,Pacific Decadal Oscillation,NA
01-NOV-1876 00:00,1876,11,0.337,NA,PDO,NA,NA,Pacific Decadal Oscillation,NA
01-DEC-1876 00:00,1876,12,-0.109,NA,PDO,NA,NA,Pacific Decadal Oscillation,NA
01-JAN-1877 00:00,1877,1,-0.033,NA,PDO,NA,NA,Pacific Decadal Oscillation,NA
01-FEB-1877 00:00,1877,2,0.145,NA,PDO,NA,NA,Pacific Decadal Oscillation,NA
01-MAR-1877 00:00,1877,3,0.2,NA,PDO,NA,NA,Pacific Decadal Oscillation,NA
01-APR-1877 00:00,1877,4,-0.05,NA,PDO,NA,NA,Pacific Decadal Oscillation,NA
01-MAY-1877 00:00,1877,5,-0.128,NA,PDO,NA,NA,Pacific Decadal Oscillation,NA
01-JUN-1877 00:00,1877,6,-0.305,NA,PDO,NA,NA,Pacific Decadal Oscillation,NA
01-JUL-1877 00:00,1877,7,0.277,NA,PDO,NA,NA,Pacific Decadal Oscillation,NA
01-AUG-1877 00:00,1877,8,-0.162,NA,PDO,NA,NA,Pacific Decadal Oscillation,NA
01-SEP-1877 00:00,1877,9,0.103,NA,PDO,NA,NA,Pacific Decadal Oscillation,NA
01-OCT-1877 00:00,1877,10,0.204,NA,PDO,NA,NA,Pacific Decadal Oscillation,NA
01-NOV-1877 00:00,1877,11,0.469,NA,PDO,NA,NA,Pacific Decadal Oscillation,NA
01-DEC-1877 00:00,1877,12,0.591,NA,PDO,NA,NA,Pacific Decadal Oscillation,NA
01-JAN-1878 00:00,1878,1,0.661,NA,PDO,NA,NA,Pacific Decadal Oscillation,NA
01-FEB-1878 00:00,1878,2,1.173,NA,PDO,NA,NA,Pacific Decadal Oscillation,NA
01-MAR-1878 00:00,1878,3,1.277,NA,PDO,NA,NA,Pacific Decadal Oscillation,NA
01-APR-1878 00:00,1878,4,1.661,NA,PDO,NA,NA,Pacific Decadal Oscillation,NA
01-MAY-1878 00:00,1878,5,1.745,NA,PDO,NA,NA,Pacific Decadal Oscillation,NA
01-JUN-1878 00:00,1878,6,1.189,NA,PDO,NA,NA,Pacific Decadal Oscillation,NA
01-JUL-1878 00:00,1878,7,0.81,NA,PDO,NA,NA,Pacific Decadal Oscillation,NA
01-AUG-1878 00:00,1878,8,0.105,NA,PDO,NA,NA,Pacific Decadal Oscillation,NA
01-SEP-1878 00:00,1878,9,-0.954,NA,PDO,NA,NA,Pacific Decadal Oscillation,NA
01-OCT-1878 00:00,1878,10,-0.663,NA,PDO,NA,NA,Pacific Decadal Oscillation,NA
01-NOV-1878 00:00,1878,11,-0.005,NA,PDO,NA,NA,Pacific Decadal Oscillation,NA
01-DEC-1878 00:00,1878,12,1.325,NA,PDO,NA,NA,Pacific Decadal Oscillation,NA
01-JAN-1879 00:00,1879,1,0.14,NA,PDO,NA,NA,Pacific Decadal Oscillation,NA
01-FEB-1879 00:00,1879,2,0.249,NA,PDO,NA,NA,Pacific Decadal Oscillation,NA
01-MAR-1879 00:00,1879,3,0.341,NA,PDO,NA,NA,Pacific Decadal Oscillation,NA
01-APR-1879 00:00,1879,4,0.684,NA,PDO,NA,NA,Pacific Decadal Oscillation,NA
01-MAY-1879 00:00,1879,5,-0.686,NA,PDO,NA,NA,Pacific Decadal Oscillation,NA
01-JUN-1879 00:00,1879,6,-0.843,NA,PDO,NA,NA,Pacific Decadal Oscillation,NA
01-JUL-1879 00:00,1879,7,-1.034,NA,PDO,NA,NA,Pacific Decadal Oscillation,NA
01-AUG-1879 00:00,1879,8,0.026,NA,PDO,NA,NA,Pacific Decadal Oscillation,NA
01-SEP-1879 00:00,1879,9,0.111,NA,PDO,NA,NA,Pacific Decadal Oscillation,NA
01-OCT-1879 00:00,1879,10,0.048,NA,PDO,NA,NA,Pacific Decadal Oscillation,NA
01-NOV-1879 00:00,1879,11,-0.247,NA,PDO,NA,NA,Pacific Decadal Oscillation,NA
01-DEC-1879 00:00,1879,12,-0.053,NA,PDO,NA,NA,Pacific Decadal Oscillation,NA
01-JAN-1880 00:00,1880,1,0.255,NA,PDO,NA,NA,Pacific Decadal Oscillation,NA
01-FEB-1880 00:00,1880,2,-0.323,NA,PDO,NA,NA,Pacific Decadal Oscillation,NA
01-MAR-1880 00:00,1880,3,-0.98,NA,PDO,NA,NA,Pacific Decadal Oscillation,NA
01-APR-1880 00:00,1880,4,-1.736,NA,PDO,NA,NA,Pacific Decadal Oscillation,NA
01-MAY-1880 00:00,1880,5,-2.246,NA,PDO,NA,NA,Pacific Decadal Oscillation,NA
01-JUN-1880 00:00,1880,6,-2.448,NA,PDO,NA,NA,Pacific Decadal Oscillation,NA
01-JUL-1880 00:00,1880,7,-1.564,NA,PDO,NA,NA,Pacific Decadal Oscillation,NA
01-AUG-1880 00:00,1880,8,-1.228,NA,PDO,NA,NA,Pacific Decadal Oscillation,NA
01-SEP-1880 00:00,1880,9,-1.374,NA,PDO,NA,NA,Pacific Decadal Oscillation,NA
01-OCT-1880 00:00,1880,10,0.3,NA,PDO,NA,NA,Pacific Decadal Oscillation,NA
01-NOV-1880 00:00,1880,11,-0.083,NA,PDO,NA,NA,Pacific Decadal Oscillation,NA
01-DEC-1880 00:00,1880,12,-0.016,NA,PDO,NA,NA,Pacific Decadal Oscillation,NA
01-JAN-1881 00:00,1881,1,-0.321,NA,PDO,NA,NA,Pacific Decadal Oscillation,NA
01-FEB-1881 00:00,1881,2,-0.011,NA,PDO,NA,NA,Pacific Decadal Oscillation,NA
01-MAR-1881 00:00,1881,3,0.219,NA,PDO,NA,NA,Pacific Decadal Oscillation,NA
01-APR-1881 00:00,1881,4,0.323,NA,PDO,NA,NA,Pacific Decadal Oscillation,NA
01-MAY-1881 00:00,1881,5,0.682,NA,PDO,NA,NA,Pacific Decadal Oscillation,NA
01-JUN-1881 00:00,1881,6,0.569,NA,PDO,NA,NA,Pacific Decadal Oscillation,NA
01-JUL-1881 00:00,1881,7,-1.122,NA,PDO,NA,NA,Pacific Decadal Oscillation,NA
01-AUG-1881 00:00,1881,8,-1.694,NA,PDO,NA,NA,Pacific Decadal Oscillation,NA
01-SEP-1881 00:00,1881,9,0.492,NA,PDO,NA,NA,Pacific Decadal Oscillation,NA
01-OCT-1881 00:00,1881,10,0.555,NA,PDO,NA,NA,Pacific Decadal Oscillation,NA
01-NOV-1881 00:00,1881,11,0.386,NA,PDO,NA,NA,Pacific Decadal Oscillation,NA
01-DEC-1881 00:00,1881,12,-0.543,NA,PDO,NA,NA,Pacific Decadal Oscillation,NA
01-JAN-1882 00:00,1882,1,-1.514,NA,PDO,NA,NA,Pacific Decadal Oscillation,NA
01-FEB-1882 00:00,1882,2,-1.317,NA,PDO,NA,NA,Pacific Decadal Oscillation,NA
01-MAR-1882 00:00,1882,3,-1.27,NA,PDO,NA,NA,Pacific Decadal Oscillation,NA
01-APR-1882 00:00,1882,4,-1.103,NA,PDO,NA,NA,Pacific Decadal Oscillation,NA
01-MAY-1882 00:00,1882,5,-0.918,NA,PDO,NA,NA,Pacific Decadal Oscillation,NA
01-JUN-1882 00:00,1882,6,-1.447,NA,PDO,NA,NA,Pacific Decadal Oscillation,NA
01-JUL-1882 00:00,1882,7,-2.514,NA,PDO,NA,NA,Pacific Decadal Oscillation,NA
01-AUG-1882 00:00,1882,8,-0.775,NA,PDO,NA,NA,Pacific Decadal Oscillation,NA
01-SEP-1882 00:00,1882,9,-0.411,NA,PDO,NA,NA,Pacific Decadal Oscillation,NA
01-OCT-1882 00:00,1882,10,-0.748,NA,PDO,NA,NA,Pacific Decadal Oscillation,NA
01-NOV-1882 00:00,1882,11,-0.412,NA,PDO,NA,NA,Pacific Decadal Oscillation,NA
01-DEC-1882 00:00,1882,12,0.405,NA,PDO,NA,NA,Pacific Decadal Oscillation,NA
01-JAN-1883 00:00,1883,1,-0.992,NA,PDO,NA,NA,Pacific Decadal Oscillation,NA
01-FEB-1883 00:00,1883,2,-0.865,NA,PDO,NA,NA,Pacific Decadal Oscillation,NA
01-MAR-1883 00:00,1883,3,-0.967,NA,PDO,NA,NA,Pacific Decadal Oscillation,NA
01-APR-1883 00:00,1883,4,-0.07,NA,PDO,NA,NA,Pacific Decadal Oscillation,NA
01-MAY-1883 00:00,1883,5,-0.261,NA,PDO,NA,NA,Pacific Decadal Oscillation,NA
01-JUN-1883 00:00,1883,6,-0.524,NA,PDO,NA,NA,Pacific Decadal Oscillation,NA
01-JUL-1883 00:00,1883,7,-1.626,NA,PDO,NA,NA,Pacific Decadal Oscillation,NA
01-AUG-1883 00:00,1883,8,-1.378,NA,PDO,NA,NA,Pacific Decadal Oscillation,NA
01-SEP-1883 00:00,1883,9,-0.781,NA,PDO,NA,NA,Pacific Decadal Oscillation,NA
01-OCT-1883 00:00,1883,10,-0.726,NA,PDO,NA,NA,Pacific Decadal Oscillation,NA
01-NOV-1883 00:00,1883,11,-0.656,NA,PDO,NA,NA,Pacific Decadal Oscillation,NA
01-DEC-1883 00:00,1883,12,-1.266,NA,PDO,NA,NA,Pacific Decadal Oscillation,NA
01-JAN-1884 00:00,1884,1,-1.397,NA,PDO,NA,NA,Pacific Decadal Oscillation,NA
01-FEB-1884 00:00,1884,2,-1.586,NA,PDO,NA,NA,Pacific Decadal Oscillation,NA
01-MAR-1884 00:00,1884,3,-1.156,NA,PDO,NA,NA,Pacific Decadal Oscillation,NA
01-APR-1884 00:00,1884,4,-0.528,NA,PDO,NA,NA,Pacific Decadal Oscillation,NA
01-MAY-1884 00:00,1884,5,0.439,NA,PDO,NA,NA,Pacific Decadal Oscillation,NA
01-JUN-1884 00:00,1884,6,0.826,NA,PDO,NA,NA,Pacific Decadal Oscillation,NA
01-JUL-1884 00:00,1884,7,1.097,NA,PDO,NA,NA,Pacific Decadal Oscillation,NA
01-AUG-1884 00:00,1884,8,0.902,NA,PDO,NA,NA,Pacific Decadal Oscillation,NA
01-SEP-1884 00:00,1884,9,0.708,NA,PDO,NA,NA,Pacific Decadal Oscillation,NA
01-OCT-1884 00:00,1884,10,1.236,NA,PDO,NA,NA,Pacific Decadal Oscillation,NA
01-NOV-1884 00:00,1884,11,1.909,NA,PDO,NA,NA,Pacific Decadal Oscillation,NA
01-DEC-1884 00:00,1884,12,2.253,NA,PDO,NA,NA,Pacific Decadal Oscillation,NA
01-JAN-1885 00:00,1885,1,2.296,NA,PDO,NA,NA,Pacific Decadal Oscillation,NA
01-FEB-1885 00:00,1885,2,1.356,NA,PDO,NA,NA,Pacific Decadal Oscillation,NA
01-MAR-1885 00:00,1885,3,1.725,NA,PDO,NA,NA,Pacific Decadal Oscillation,NA
01-APR-1885 00:00,1885,4,1.575,NA,PDO,NA,NA,Pacific Decadal Oscillation,NA
01-MAY-1885 00:00,1885,5,1.124,NA,PDO,NA,NA,Pacific Decadal Oscillation,NA
01-JUN-1885 00:00,1885,6,-0,NA,PDO,NA,NA,Pacific Decadal Oscillation,NA
01-JUL-1885 00:00,1885,7,-0.134,NA,PDO,NA,NA,Pacific Decadal Oscillation,NA
01-AUG-1885 00:00,1885,8,0.388,NA,PDO,NA,NA,Pacific Decadal Oscillation,NA
01-SEP-1885 00:00,1885,9,0.263,NA,PDO,NA,NA,Pacific Decadal Oscillation,NA
01-OCT-1885 00:00,1885,10,0.166,NA,PDO,NA,NA,Pacific Decadal Oscillation,NA
01-NOV-1885 00:00,1885,11,-0.05,NA,PDO,NA,NA,Pacific Decadal Oscillation,NA
01-DEC-1885 00:00,1885,12,-0.224,NA,PDO,NA,NA,Pacific Decadal Oscillation,NA
01-JAN-1886 00:00,1886,1,-0.41,NA,PDO,NA,NA,Pacific Decadal Oscillation,NA
01-FEB-1886 00:00,1886,2,0.431,NA,PDO,NA,NA,Pacific Decadal Oscillation,NA
01-MAR-1886 00:00,1886,3,-0.292,NA,PDO,NA,NA,Pacific Decadal Oscillation,NA
01-APR-1886 00:00,1886,4,0.411,NA,PDO,NA,NA,Pacific Decadal Oscillation,NA
01-MAY-1886 00:00,1886,5,0.147,NA,PDO,NA,NA,Pacific Decadal Oscillation,NA
01-JUN-1886 00:00,1886,6,-0.817,NA,PDO,NA,NA,Pacific Decadal Oscillation,NA
01-JUL-1886 00:00,1886,7,-0.006,NA,PDO,NA,NA,Pacific Decadal Oscillation,NA
01-AUG-1886 00:00,1886,8,-0.057,NA,PDO,NA,NA,Pacific Decadal Oscillation,NA
01-SEP-1886 00:00,1886,9,-0.068,NA,PDO,NA,NA,Pacific Decadal Oscillation,NA
01-OCT-1886 00:00,1886,10,-0.831,NA,PDO,NA,NA,Pacific Decadal Oscillation,NA
01-NOV-1886 00:00,1886,11,-1.9,NA,PDO,NA,NA,Pacific Decadal Oscillation,NA
01-DEC-1886 00:00,1886,12,-1.451,NA,PDO,NA,NA,Pacific Decadal Oscillation,NA
01-JAN-1887 00:00,1887,1,-0.945,NA,PDO,NA,NA,Pacific Decadal Oscillation,NA
01-FEB-1887 00:00,1887,2,-1.193,NA,PDO,NA,NA,Pacific Decadal Oscillation,NA
01-MAR-1887 00:00,1887,3,-1.544,NA,PDO,NA,NA,Pacific Decadal Oscillation,NA
01-APR-1887 00:00,1887,4,-1.178,NA,PDO,NA,NA,Pacific Decadal Oscillation,NA
01-MAY-1887 00:00,1887,5,-0.32,NA,PDO,NA,NA,Pacific Decadal Oscillation,NA
01-JUN-1887 00:00,1887,6,0.455,NA,PDO,NA,NA,Pacific Decadal Oscillation,NA
01-JUL-1887 00:00,1887,7,1.478,NA,PDO,NA,NA,Pacific Decadal Oscillation,NA
01-AUG-1887 00:00,1887,8,-0.486,NA,PDO,NA,NA,Pacific Decadal Oscillation,NA
01-SEP-1887 00:00,1887,9,-1.527,NA,PDO,NA,NA,Pacific Decadal Oscillation,NA
01-OCT-1887 00:00,1887,10,-0.836,NA,PDO,NA,NA,Pacific Decadal Oscillation,NA
01-NOV-1887 00:00,1887,11,-0.588,NA,PDO,NA,NA,Pacific Decadal Oscillation,NA
01-DEC-1887 00:00,1887,12,-0.744,NA,PDO,NA,NA,Pacific Decadal Oscillation,NA
01-JAN-1888 00:00,1888,1,-0.682,NA,PDO,NA,NA,Pacific Decadal Oscillation,NA
01-FEB-1888 00:00,1888,2,0.085,NA,PDO,NA,NA,Pacific Decadal Oscillation,NA
01-MAR-1888 00:00,1888,3,0.013,NA,PDO,NA,NA,Pacific Decadal Oscillation,NA
01-APR-1888 00:00,1888,4,0.02,NA,PDO,NA,NA,Pacific Decadal Oscillation,NA
01-MAY-1888 00:00,1888,5,1.09,NA,PDO,NA,NA,Pacific Decadal Oscillation,NA
01-JUN-1888 00:00,1888,6,1.178,NA,PDO,NA,NA,Pacific Decadal Oscillation,NA
01-JUL-1888 00:00,1888,7,1.33,NA,PDO,NA,NA,Pacific Decadal Oscillation,NA
01-AUG-1888 00:00,1888,8,1.163,NA,PDO,NA,NA,Pacific Decadal Oscillation,NA
01-SEP-1888 00:00,1888,9,1.177,NA,PDO,NA,NA,Pacific Decadal Oscillation,NA
01-OCT-1888 00:00,1888,10,0.757,NA,PDO,NA,NA,Pacific Decadal Oscillation,NA
01-NOV-1888 00:00,1888,11,0.715,NA,PDO,NA,NA,Pacific Decadal Oscillation,NA
01-DEC-1888 00:00,1888,12,0.396,NA,PDO,NA,NA,Pacific Decadal Oscillation,NA
01-JAN-1889 00:00,1889,1,0.446,NA,PDO,NA,NA,Pacific Decadal Oscillation,NA
01-FEB-1889 00:00,1889,2,0.142,NA,PDO,NA,NA,Pacific Decadal Oscillation,NA
01-MAR-1889 00:00,1889,3,0.414,NA,PDO,NA,NA,Pacific Decadal Oscillation,NA
01-APR-1889 00:00,1889,4,1.072,NA,PDO,NA,NA,Pacific Decadal Oscillation,NA
01-MAY-1889 00:00,1889,5,1.277,NA,PDO,NA,NA,Pacific Decadal Oscillation,NA
01-JUN-1889 00:00,1889,6,1.197,NA,PDO,NA,NA,Pacific Decadal Oscillation,NA
01-JUL-1889 00:00,1889,7,0.726,NA,PDO,NA,NA,Pacific Decadal Oscillation,NA
01-AUG-1889 00:00,1889,8,-0.422,NA,PDO,NA,NA,Pacific Decadal Oscillation,NA
01-SEP-1889 00:00,1889,9,-0.713,NA,PDO,NA,NA,Pacific Decadal Oscillation,NA
01-OCT-1889 00:00,1889,10,-0.272,NA,PDO,NA,NA,Pacific Decadal Oscillation,NA
01-NOV-1889 00:00,1889,11,1.15,NA,PDO,NA,NA,Pacific Decadal Oscillation,NA
01-DEC-1889 00:00,1889,12,-0.006,NA,PDO,NA,NA,Pacific Decadal Oscillation,NA
01-JAN-1890 00:00,1890,1,-0.51,NA,PDO,NA,NA,Pacific Decadal Oscillation,NA
01-FEB-1890 00:00,1890,2,-0.872,NA,PDO,NA,NA,Pacific Decadal Oscillation,NA
01-MAR-1890 00:00,1890,3,-1.194,NA,PDO,NA,NA,Pacific Decadal Oscillation,NA
01-APR-1890 00:00,1890,4,-0.733,NA,PDO,NA,NA,Pacific Decadal Oscillation,NA
01-MAY-1890 00:00,1890,5,-0.883,NA,PDO,NA,NA,Pacific Decadal Oscillation,NA
01-JUN-1890 00:00,1890,6,-2.646,NA,PDO,NA,NA,Pacific Decadal Oscillation,NA
01-JUL-1890 00:00,1890,7,-0.836,NA,PDO,NA,NA,Pacific Decadal Oscillation,NA
01-AUG-1890 00:00,1890,8,-0.521,NA,PDO,NA,NA,Pacific Decadal Oscillation,NA
01-SEP-1890 00:00,1890,9,1.586,NA,PDO,NA,NA,Pacific Decadal Oscillation,NA
01-OCT-1890 00:00,1890,10,-0.131,NA,PDO,NA,NA,Pacific Decadal Oscillation,NA
01-NOV-1890 00:00,1890,11,-0.524,NA,PDO,NA,NA,Pacific Decadal Oscillation,NA
01-DEC-1890 00:00,1890,12,-1.211,NA,PDO,NA,NA,Pacific Decadal Oscillation,NA
01-JAN-1891 00:00,1891,1,-0.436,NA,PDO,NA,NA,Pacific Decadal Oscillation,NA
01-FEB-1891 00:00,1891,2,-0.622,NA,PDO,NA,NA,Pacific Decadal Oscillation,NA
01-MAR-1891 00:00,1891,3,-0.634,NA,PDO,NA,NA,Pacific Decadal Oscillation,NA
01-APR-1891 00:00,1891,4,-0.211,NA,PDO,NA,NA,Pacific Decadal Oscillation,NA
01-MAY-1891 00:00,1891,5,0.839,NA,PDO,NA,NA,Pacific Decadal Oscillation,NA
01-JUN-1891 00:00,1891,6,0.989,NA,PDO,NA,NA,Pacific Decadal Oscillation,NA
01-JUL-1891 00:00,1891,7,0.979,NA,PDO,NA,NA,Pacific Decadal Oscillation,NA
01-AUG-1891 00:00,1891,8,0.536,NA,PDO,NA,NA,Pacific Decadal Oscillation,NA
01-SEP-1891 00:00,1891,9,0.345,NA,PDO,NA,NA,Pacific Decadal Oscillation,NA
01-OCT-1891 00:00,1891,10,0.946,NA,PDO,NA,NA,Pacific Decadal Oscillation,NA
01-NOV-1891 00:00,1891,11,0.295,NA,PDO,NA,NA,Pacific Decadal Oscillation,NA
01-DEC-1891 00:00,1891,12,-0.178,NA,PDO,NA,NA,Pacific Decadal Oscillation,NA
01-JAN-1892 00:00,1892,1,-0.919,NA,PDO,NA,NA,Pacific Decadal Oscillation,NA
01-FEB-1892 00:00,1892,2,-1.015,NA,PDO,NA,NA,Pacific Decadal Oscillation,NA
01-MAR-1892 00:00,1892,3,-0.715,NA,PDO,NA,NA,Pacific Decadal Oscillation,NA
01-APR-1892 00:00,1892,4,-1.044,NA,PDO,NA,NA,Pacific Decadal Oscillation,NA
01-MAY-1892 00:00,1892,5,-2.423,NA,PDO,NA,NA,Pacific Decadal Oscillation,NA
01-JUN-1892 00:00,1892,6,-1.884,NA,PDO,NA,NA,Pacific Decadal Oscillation,NA
01-JUL-1892 00:00,1892,7,-1.748,NA,PDO,NA,NA,Pacific Decadal Oscillation,NA
01-AUG-1892 00:00,1892,8,-2.387,NA,PDO,NA,NA,Pacific Decadal Oscillation,NA
01-SEP-1892 00:00,1892,9,-2.043,NA,PDO,NA,NA,Pacific Decadal Oscillation,NA
01-OCT-1892 00:00,1892,10,-2.119,NA,PDO,NA,NA,Pacific Decadal Oscillation,NA
01-NOV-1892 00:00,1892,11,-1.944,NA,PDO,NA,NA,Pacific Decadal Oscillation,NA
01-DEC-1892 00:00,1892,12,-1.023,NA,PDO,NA,NA,Pacific Decadal Oscillation,NA
01-JAN-1893 00:00,1893,1,-0.44,NA,PDO,NA,NA,Pacific Decadal Oscillation,NA
01-FEB-1893 00:00,1893,2,-0.491,NA,PDO,NA,NA,Pacific Decadal Oscillation,NA
01-MAR-1893 00:00,1893,3,-0.693,NA,PDO,NA,NA,Pacific Decadal Oscillation,NA
01-APR-1893 00:00,1893,4,-1.348,NA,PDO,NA,NA,Pacific Decadal Oscillation,NA
01-MAY-1893 00:00,1893,5,-2.07,NA,PDO,NA,NA,Pacific Decadal Oscillation,NA
01-JUN-1893 00:00,1893,6,-1.954,NA,PDO,NA,NA,Pacific Decadal Oscillation,NA
01-JUL-1893 00:00,1893,7,-1.858,NA,PDO,NA,NA,Pacific Decadal Oscillation,NA
01-AUG-1893 00:00,1893,8,-0.497,NA,PDO,NA,NA,Pacific Decadal Oscillation,NA
01-SEP-1893 00:00,1893,9,-0.168,NA,PDO,NA,NA,Pacific Decadal Oscillation,NA
01-OCT-1893 00:00,1893,10,-0.544,NA,PDO,NA,NA,Pacific Decadal Oscillation,NA
01-NOV-1893 00:00,1893,11,-0.703,NA,PDO,NA,NA,Pacific Decadal Oscillation,NA
01-DEC-1893 00:00,1893,12,-1.518,NA,PDO,NA,NA,Pacific Decadal Oscillation,NA
01-JAN-1894 00:00,1894,1,-1.419,NA,PDO,NA,NA,Pacific Decadal Oscillation,NA
01-FEB-1894 00:00,1894,2,-1.953,NA,PDO,NA,NA,Pacific Decadal Oscillation,NA
01-MAR-1894 00:00,1894,3,-2.647,NA,PDO,NA,NA,Pacific Decadal Oscillation,NA
01-APR-1894 00:00,1894,4,-2.634,NA,PDO,NA,NA,Pacific Decadal Oscillation,NA
01-MAY-1894 00:00,1894,5,-2.941,NA,PDO,NA,NA,Pacific Decadal Oscillation,NA
01-JUN-1894 00:00,1894,6,-2.393,NA,PDO,NA,NA,Pacific Decadal Oscillation,NA
01-JUL-1894 00:00,1894,7,-2.731,NA,PDO,NA,NA,Pacific Decadal Oscillation,NA
01-AUG-1894 00:00,1894,8,-1.737,NA,PDO,NA,NA,Pacific Decadal Oscillation,NA
01-SEP-1894 00:00,1894,9,-1.803,NA,PDO,NA,NA,Pacific Decadal Oscillation,NA
01-OCT-1894 00:00,1894,10,-2.264,NA,PDO,NA,NA,Pacific Decadal Oscillation,NA
01-NOV-1894 00:00,1894,11,-3.001,NA,PDO,NA,NA,Pacific Decadal Oscillation,NA
01-DEC-1894 00:00,1894,12,-1.4,NA,PDO,NA,NA,Pacific Decadal Oscillation,NA
01-JAN-1895 00:00,1895,1,-0.865,NA,PDO,NA,NA,Pacific Decadal Oscillation,NA
01-FEB-1895 00:00,1895,2,-0.515,NA,PDO,NA,NA,Pacific Decadal Oscillation,NA
01-MAR-1895 00:00,1895,3,-0.463,NA,PDO,NA,NA,Pacific Decadal Oscillation,NA
01-APR-1895 00:00,1895,4,-0.734,NA,PDO,NA,NA,Pacific Decadal Oscillation,NA
01-MAY-1895 00:00,1895,5,-0.223,NA,PDO,NA,NA,Pacific Decadal Oscillation,NA
01-JUN-1895 00:00,1895,6,-0.508,NA,PDO,NA,NA,Pacific Decadal Oscillation,NA
01-JUL-1895 00:00,1895,7,0.124,NA,PDO,NA,NA,Pacific Decadal Oscillation,NA
01-AUG-1895 00:00,1895,8,-0.172,NA,PDO,NA,NA,Pacific Decadal Oscillation,NA
01-SEP-1895 00:00,1895,9,-1.067,NA,PDO,NA,NA,Pacific Decadal Oscillation,NA
01-OCT-1895 00:00,1895,10,-0.856,NA,PDO,NA,NA,Pacific Decadal Oscillation,NA
01-NOV-1895 00:00,1895,11,-1.092,NA,PDO,NA,NA,Pacific Decadal Oscillation,NA
01-DEC-1895 00:00,1895,12,-0.349,NA,PDO,NA,NA,Pacific Decadal Oscillation,NA
01-JAN-1896 00:00,1896,1,0.245,NA,PDO,NA,NA,Pacific Decadal Oscillation,NA
01-FEB-1896 00:00,1896,2,0.139,NA,PDO,NA,NA,Pacific Decadal Oscillation,NA
01-MAR-1896 00:00,1896,3,-0.045,NA,PDO,NA,NA,Pacific Decadal Oscillation,NA
01-APR-1896 00:00,1896,4,-0.44,NA,PDO,NA,NA,Pacific Decadal Oscillation,NA
01-MAY-1896 00:00,1896,5,-0.85,NA,PDO,NA,NA,Pacific Decadal Oscillation,NA
01-JUN-1896 00:00,1896,6,-0.667,NA,PDO,NA,NA,Pacific Decadal Oscillation,NA
01-JUL-1896 00:00,1896,7,-0.169,NA,PDO,NA,NA,Pacific Decadal Oscillation,NA
01-AUG-1896 00:00,1896,8,0.183,NA,PDO,NA,NA,Pacific Decadal Oscillation,NA
01-SEP-1896 00:00,1896,9,1.199,NA,PDO,NA,NA,Pacific Decadal Oscillation,NA
01-OCT-1896 00:00,1896,10,0.207,NA,PDO,NA,NA,Pacific Decadal Oscillation,NA
01-NOV-1896 00:00,1896,11,0.237,NA,PDO,NA,NA,Pacific Decadal Oscillation,NA
01-DEC-1896 00:00,1896,12,0.256,NA,PDO,NA,NA,Pacific Decadal Oscillation,NA
01-JAN-1897 00:00,1897,1,0.461,NA,PDO,NA,NA,Pacific Decadal Oscillation,NA
01-FEB-1897 00:00,1897,2,-0.138,NA,PDO,NA,NA,Pacific Decadal Oscillation,NA
01-MAR-1897 00:00,1897,3,-0.398,NA,PDO,NA,NA,Pacific Decadal Oscillation,NA
01-APR-1897 00:00,1897,4,0.01,NA,PDO,NA,NA,Pacific Decadal Oscillation,NA
01-MAY-1897 00:00,1897,5,0.575,NA,PDO,NA,NA,Pacific Decadal Oscillation,NA
01-JUN-1897 00:00,1897,6,0.781,NA,PDO,NA,NA,Pacific Decadal Oscillation,NA
01-JUL-1897 00:00,1897,7,0.774,NA,PDO,NA,NA,Pacific Decadal Oscillation,NA
01-AUG-1897 00:00,1897,8,0.192,NA,PDO,NA,NA,Pacific Decadal Oscillation,NA
01-SEP-1897 00:00,1897,9,-0.489,NA,PDO,NA,NA,Pacific Decadal Oscillation,NA
01-OCT-1897 00:00,1897,10,0.198,NA,PDO,NA,NA,Pacific Decadal Oscillation,NA
01-NOV-1897 00:00,1897,11,0.411,NA,PDO,NA,NA,Pacific Decadal Oscillation,NA
01-DEC-1897 00:00,1897,12,0.062,NA,PDO,NA,NA,Pacific Decadal Oscillation,NA
01-JAN-1898 00:00,1898,1,0.121,NA,PDO,NA,NA,Pacific Decadal Oscillation,NA
01-FEB-1898 00:00,1898,2,-0.072,NA,PDO,NA,NA,Pacific Decadal Oscillation,NA
01-MAR-1898 00:00,1898,3,-0.343,NA,PDO,NA,NA,Pacific Decadal Oscillation,NA
01-APR-1898 00:00,1898,4,0.005,NA,PDO,NA,NA,Pacific Decadal Oscillation,NA
01-MAY-1898 00:00,1898,5,-0.395,NA,PDO,NA,NA,Pacific Decadal Oscillation,NA
01-JUN-1898 00:00,1898,6,0.003,NA,PDO,NA,NA,Pacific Decadal Oscillation,NA
01-JUL-1898 00:00,1898,7,-0.484,NA,PDO,NA,NA,Pacific Decadal Oscillation,NA
01-AUG-1898 00:00,1898,8,0.351,NA,PDO,NA,NA,Pacific Decadal Oscillation,NA
01-SEP-1898 00:00,1898,9,0.323,NA,PDO,NA,NA,Pacific Decadal Oscillation,NA
01-OCT-1898 00:00,1898,10,0.125,NA,PDO,NA,NA,Pacific Decadal Oscillation,NA
01-NOV-1898 00:00,1898,11,0.586,NA,PDO,NA,NA,Pacific Decadal Oscillation,NA
01-DEC-1898 00:00,1898,12,0.197,NA,PDO,NA,NA,Pacific Decadal Oscillation,NA
01-JAN-1899 00:00,1899,1,0.049,NA,PDO,NA,NA,Pacific Decadal Oscillation,NA
01-FEB-1899 00:00,1899,2,-0.531,NA,PDO,NA,NA,Pacific Decadal Oscillation,NA
01-MAR-1899 00:00,1899,3,-0.398,NA,PDO,NA,NA,Pacific Decadal Oscillation,NA
01-APR-1899 00:00,1899,4,-0.283,NA,PDO,NA,NA,Pacific Decadal Oscillation,NA
01-MAY-1899 00:00,1899,5,-0.582,NA,PDO,NA,NA,Pacific Decadal Oscillation,NA
01-JUN-1899 00:00,1899,6,-0.972,NA,PDO,NA,NA,Pacific Decadal Oscillation,NA
01-JUL-1899 00:00,1899,7,-0.1,NA,PDO,NA,NA,Pacific Decadal Oscillation,NA
01-AUG-1899 00:00,1899,8,0.571,NA,PDO,NA,NA,Pacific Decadal Oscillation,NA
01-SEP-1899 00:00,1899,9,0.596,NA,PDO,NA,NA,Pacific Decadal Oscillation,NA
01-OCT-1899 00:00,1899,10,-0.086,NA,PDO,NA,NA,Pacific Decadal Oscillation,NA
01-NOV-1899 00:00,1899,11,0.383,NA,PDO,NA,NA,Pacific Decadal Oscillation,NA
01-DEC-1899 00:00,1899,12,0.399,NA,PDO,NA,NA,Pacific Decadal Oscillation,NA
01-JAN-1900 00:00,1900,1,0.909,NA,PDO,NA,NA,Pacific Decadal Oscillation,NA
01-FEB-1900 00:00,1900,2,0.395,NA,PDO,NA,NA,Pacific Decadal Oscillation,NA
01-MAR-1900 00:00,1900,3,0.797,NA,PDO,NA,NA,Pacific Decadal Oscillation,NA
01-APR-1900 00:00,1900,4,1.735,NA,PDO,NA,NA,Pacific Decadal Oscillation,NA
01-MAY-1900 00:00,1900,5,1.276,NA,PDO,NA,NA,Pacific Decadal Oscillation,NA
01-JUN-1900 00:00,1900,6,1.003,NA,PDO,NA,NA,Pacific Decadal Oscillation,NA
01-JUL-1900 00:00,1900,7,1.005,NA,PDO,NA,NA,Pacific Decadal Oscillation,NA
01-AUG-1900 00:00,1900,8,1.246,NA,PDO,NA,NA,Pacific Decadal Oscillation,NA
01-SEP-1900 00:00,1900,9,-0.23,NA,PDO,NA,NA,Pacific Decadal Oscillation,NA
01-OCT-1900 00:00,1900,10,0.122,NA,PDO,NA,NA,Pacific Decadal Oscillation,NA
01-NOV-1900 00:00,1900,11,0.657,NA,PDO,NA,NA,Pacific Decadal Oscillation,NA
01-DEC-1900 00:00,1900,12,0.651,NA,PDO,NA,NA,Pacific Decadal Oscillation,NA
01-JAN-1901 00:00,1901,1,1.146,NA,PDO,NA,NA,Pacific Decadal Oscillation,NA
01-FEB-1901 00:00,1901,2,0.671,NA,PDO,NA,NA,Pacific Decadal Oscillation,NA
01-MAR-1901 00:00,1901,3,-0.317,NA,PDO,NA,NA,Pacific Decadal Oscillation,NA
01-APR-1901 00:00,1901,4,-0.437,NA,PDO,NA,NA,Pacific Decadal Oscillation,NA
01-MAY-1901 00:00,1901,5,-1.034,NA,PDO,NA,NA,Pacific Decadal Oscillation,NA
01-JUN-1901 00:00,1901,6,-1.072,NA,PDO,NA,NA,Pacific Decadal Oscillation,NA
01-JUL-1901 00:00,1901,7,-1.138,NA,PDO,NA,NA,Pacific Decadal Oscillation,NA
01-AUG-1901 00:00,1901,8,-0.466,NA,PDO,NA,NA,Pacific Decadal Oscillation,NA
01-SEP-1901 00:00,1901,9,0.092,NA,PDO,NA,NA,Pacific Decadal Oscillation,NA
01-OCT-1901 00:00,1901,10,0.227,NA,PDO,NA,NA,Pacific Decadal Oscillation,NA
01-NOV-1901 00:00,1901,11,0.074,NA,PDO,NA,NA,Pacific Decadal Oscillation,NA
01-DEC-1901 00:00,1901,12,0.327,NA,PDO,NA,NA,Pacific Decadal Oscillation,NA
01-JAN-1902 00:00,1902,1,1.098,NA,PDO,NA,NA,Pacific Decadal Oscillation,NA
01-FEB-1902 00:00,1902,2,0.44,NA,PDO,NA,NA,Pacific Decadal Oscillation,NA
01-MAR-1902 00:00,1902,3,0.3,NA,PDO,NA,NA,Pacific Decadal Oscillation,NA
01-APR-1902 00:00,1902,4,0.382,NA,PDO,NA,NA,Pacific Decadal Oscillation,NA
01-MAY-1902 00:00,1902,5,1.002,NA,PDO,NA,NA,Pacific Decadal Oscillation,NA
01-JUN-1902 00:00,1902,6,1.967,NA,PDO,NA,NA,Pacific Decadal Oscillation,NA
01-JUL-1902 00:00,1902,7,2.492,NA,PDO,NA,NA,Pacific Decadal Oscillation,NA
01-AUG-1902 00:00,1902,8,1.593,NA,PDO,NA,NA,Pacific Decadal Oscillation,NA
01-SEP-1902 00:00,1902,9,0.965,NA,PDO,NA,NA,Pacific Decadal Oscillation,NA
01-OCT-1902 00:00,1902,10,1.035,NA,PDO,NA,NA,Pacific Decadal Oscillation,NA
01-NOV-1902 00:00,1902,11,0.465,NA,PDO,NA,NA,Pacific Decadal Oscillation,NA
01-DEC-1902 00:00,1902,12,0.227,NA,PDO,NA,NA,Pacific Decadal Oscillation,NA
01-JAN-1903 00:00,1903,1,-0.038,NA,PDO,NA,NA,Pacific Decadal Oscillation,NA
01-FEB-1903 00:00,1903,2,0.116,NA,PDO,NA,NA,Pacific Decadal Oscillation,NA
01-MAR-1903 00:00,1903,3,-0.135,NA,PDO,NA,NA,Pacific Decadal Oscillation,NA
01-APR-1903 00:00,1903,4,-0.934,NA,PDO,NA,NA,Pacific Decadal Oscillation,NA
01-MAY-1903 00:00,1903,5,-0.403,NA,PDO,NA,NA,Pacific Decadal Oscillation,NA
01-JUN-1903 00:00,1903,6,-0.063,NA,PDO,NA,NA,Pacific Decadal Oscillation,NA
01-JUL-1903 00:00,1903,7,1.302,NA,PDO,NA,NA,Pacific Decadal Oscillation,NA
01-AUG-1903 00:00,1903,8,1.152,NA,PDO,NA,NA,Pacific Decadal Oscillation,NA
01-SEP-1903 00:00,1903,9,0.601,NA,PDO,NA,NA,Pacific Decadal Oscillation,NA
01-OCT-1903 00:00,1903,10,0.466,NA,PDO,NA,NA,Pacific Decadal Oscillation,NA
01-NOV-1903 00:00,1903,11,-0.187,NA,PDO,NA,NA,Pacific Decadal Oscillation,NA
01-DEC-1903 00:00,1903,12,-0.017,NA,PDO,NA,NA,Pacific Decadal Oscillation,NA
01-JAN-1904 00:00,1904,1,0.915,NA,PDO,NA,NA,Pacific Decadal Oscillation,NA
01-FEB-1904 00:00,1904,2,0.262,NA,PDO,NA,NA,Pacific Decadal Oscillation,NA
01-MAR-1904 00:00,1904,3,0.55,NA,PDO,NA,NA,Pacific Decadal Oscillation,NA
01-APR-1904 00:00,1904,4,0.108,NA,PDO,NA,NA,Pacific Decadal Oscillation,NA
01-MAY-1904 00:00,1904,5,0.339,NA,PDO,NA,NA,Pacific Decadal Oscillation,NA
01-JUN-1904 00:00,1904,6,-0.123,NA,PDO,NA,NA,Pacific Decadal Oscillation,NA
01-JUL-1904 00:00,1904,7,0.056,NA,PDO,NA,NA,Pacific Decadal Oscillation,NA
01-AUG-1904 00:00,1904,8,1.556,NA,PDO,NA,NA,Pacific Decadal Oscillation,NA
01-SEP-1904 00:00,1904,9,1.992,NA,PDO,NA,NA,Pacific Decadal Oscillation,NA
01-OCT-1904 00:00,1904,10,1.767,NA,PDO,NA,NA,Pacific Decadal Oscillation,NA
01-NOV-1904 00:00,1904,11,1.659,NA,PDO,NA,NA,Pacific Decadal Oscillation,NA
01-DEC-1904 00:00,1904,12,2.808,NA,PDO,NA,NA,Pacific Decadal Oscillation,NA
01-JAN-1905 00:00,1905,1,2.479,NA,PDO,NA,NA,Pacific Decadal Oscillation,NA
01-FEB-1905 00:00,1905,2,1.301,NA,PDO,NA,NA,Pacific Decadal Oscillation,NA
01-MAR-1905 00:00,1905,3,0.584,NA,PDO,NA,NA,Pacific Decadal Oscillation,NA
01-APR-1905 00:00,1905,4,1.684,NA,PDO,NA,NA,Pacific Decadal Oscillation,NA
01-MAY-1905 00:00,1905,5,1.252,NA,PDO,NA,NA,Pacific Decadal Oscillation,NA
01-JUN-1905 00:00,1905,6,1.393,NA,PDO,NA,NA,Pacific Decadal Oscillation,NA
01-JUL-1905 00:00,1905,7,2.093,NA,PDO,NA,NA,Pacific Decadal Oscillation,NA
01-AUG-1905 00:00,1905,8,2.066,NA,PDO,NA,NA,Pacific Decadal Oscillation,NA
01-SEP-1905 00:00,1905,9,1.798,NA,PDO,NA,NA,Pacific Decadal Oscillation,NA
01-OCT-1905 00:00,1905,10,-0.218,NA,PDO,NA,NA,Pacific Decadal Oscillation,NA
01-NOV-1905 00:00,1905,11,0.565,NA,PDO,NA,NA,Pacific Decadal Oscillation,NA
01-DEC-1905 00:00,1905,12,-0.99,NA,PDO,NA,NA,Pacific Decadal Oscillation,NA
01-JAN-1906 00:00,1906,1,1.175,NA,PDO,NA,NA,Pacific Decadal Oscillation,NA
01-FEB-1906 00:00,1906,2,1.218,NA,PDO,NA,NA,Pacific Decadal Oscillation,NA
01-MAR-1906 00:00,1906,3,0.566,NA,PDO,NA,NA,Pacific Decadal Oscillation,NA
01-APR-1906 00:00,1906,4,0.512,NA,PDO,NA,NA,Pacific Decadal Oscillation,NA
01-MAY-1906 00:00,1906,5,1.274,NA,PDO,NA,NA,Pacific Decadal Oscillation,NA
01-JUN-1906 00:00,1906,6,0.719,NA,PDO,NA,NA,Pacific Decadal Oscillation,NA
01-JUL-1906 00:00,1906,7,1.331,NA,PDO,NA,NA,Pacific Decadal Oscillation,NA
01-AUG-1906 00:00,1906,8,0.919,NA,PDO,NA,NA,Pacific Decadal Oscillation,NA
01-SEP-1906 00:00,1906,9,0.188,NA,PDO,NA,NA,Pacific Decadal Oscillation,NA
01-OCT-1906 00:00,1906,10,1.005,NA,PDO,NA,NA,Pacific Decadal Oscillation,NA
01-NOV-1906 00:00,1906,11,0.629,NA,PDO,NA,NA,Pacific Decadal Oscillation,NA
01-DEC-1906 00:00,1906,12,-0.577,NA,PDO,NA,NA,Pacific Decadal Oscillation,NA
01-JAN-1907 00:00,1907,1,-0.65,NA,PDO,NA,NA,Pacific Decadal Oscillation,NA
01-FEB-1907 00:00,1907,2,-0.477,NA,PDO,NA,NA,Pacific Decadal Oscillation,NA
01-MAR-1907 00:00,1907,3,-1.773,NA,PDO,NA,NA,Pacific Decadal Oscillation,NA
01-APR-1907 00:00,1907,4,-1.206,NA,PDO,NA,NA,Pacific Decadal Oscillation,NA
01-MAY-1907 00:00,1907,5,0.446,NA,PDO,NA,NA,Pacific Decadal Oscillation,NA
01-JUN-1907 00:00,1907,6,0.747,NA,PDO,NA,NA,Pacific Decadal Oscillation,NA
01-JUL-1907 00:00,1907,7,0.642,NA,PDO,NA,NA,Pacific Decadal Oscillation,NA
01-AUG-1907 00:00,1907,8,-0.044,NA,PDO,NA,NA,Pacific Decadal Oscillation,NA
01-SEP-1907 00:00,1907,9,1.103,NA,PDO,NA,NA,Pacific Decadal Oscillation,NA
01-OCT-1907 00:00,1907,10,1.905,NA,PDO,NA,NA,Pacific Decadal Oscillation,NA
01-NOV-1907 00:00,1907,11,1.597,NA,PDO,NA,NA,Pacific Decadal Oscillation,NA
01-DEC-1907 00:00,1907,12,1.588,NA,PDO,NA,NA,Pacific Decadal Oscillation,NA
01-JAN-1908 00:00,1908,1,1.259,NA,PDO,NA,NA,Pacific Decadal Oscillation,NA
01-FEB-1908 00:00,1908,2,1.196,NA,PDO,NA,NA,Pacific Decadal Oscillation,NA
01-MAR-1908 00:00,1908,3,0.281,NA,PDO,NA,NA,Pacific Decadal Oscillation,NA
01-APR-1908 00:00,1908,4,-0.008,NA,PDO,NA,NA,Pacific Decadal Oscillation,NA
01-MAY-1908 00:00,1908,5,0.148,NA,PDO,NA,NA,Pacific Decadal Oscillation,NA
01-JUN-1908 00:00,1908,6,0.211,NA,PDO,NA,NA,Pacific Decadal Oscillation,NA
01-JUL-1908 00:00,1908,7,0.293,NA,PDO,NA,NA,Pacific Decadal Oscillation,NA
01-AUG-1908 00:00,1908,8,-0.213,NA,PDO,NA,NA,Pacific Decadal Oscillation,NA
01-SEP-1908 00:00,1908,9,0.816,NA,PDO,NA,NA,Pacific Decadal Oscillation,NA
01-OCT-1908 00:00,1908,10,1.114,NA,PDO,NA,NA,Pacific Decadal Oscillation,NA
01-NOV-1908 00:00,1908,11,1.581,NA,PDO,NA,NA,Pacific Decadal Oscillation,NA
01-DEC-1908 00:00,1908,12,0.829,NA,PDO,NA,NA,Pacific Decadal Oscillation,NA
01-JAN-1909 00:00,1909,1,0.316,NA,PDO,NA,NA,Pacific Decadal Oscillation,NA
01-FEB-1909 00:00,1909,2,0.542,NA,PDO,NA,NA,Pacific Decadal Oscillation,NA
01-MAR-1909 00:00,1909,3,0.664,NA,PDO,NA,NA,Pacific Decadal Oscillation,NA
01-APR-1909 00:00,1909,4,0.127,NA,PDO,NA,NA,Pacific Decadal Oscillation,NA
01-MAY-1909 00:00,1909,5,-0.309,NA,PDO,NA,NA,Pacific Decadal Oscillation,NA
01-JUN-1909 00:00,1909,6,-0.696,NA,PDO,NA,NA,Pacific Decadal Oscillation,NA
01-JUL-1909 00:00,1909,7,-1.218,NA,PDO,NA,NA,Pacific Decadal Oscillation,NA
01-AUG-1909 00:00,1909,8,-2.06,NA,PDO,NA,NA,Pacific Decadal Oscillation,NA
01-SEP-1909 00:00,1909,9,-1.825,NA,PDO,NA,NA,Pacific Decadal Oscillation,NA
01-OCT-1909 00:00,1909,10,-1.213,NA,PDO,NA,NA,Pacific Decadal Oscillation,NA
01-NOV-1909 00:00,1909,11,-1.438,NA,PDO,NA,NA,Pacific Decadal Oscillation,NA
01-DEC-1909 00:00,1909,12,-2.131,NA,PDO,NA,NA,Pacific Decadal Oscillation,NA
01-JAN-1910 00:00,1910,1,-1.58,NA,PDO,NA,NA,Pacific Decadal Oscillation,NA
01-FEB-1910 00:00,1910,2,-1.159,NA,PDO,NA,NA,Pacific Decadal Oscillation,NA
01-MAR-1910 00:00,1910,3,-0.959,NA,PDO,NA,NA,Pacific Decadal Oscillation,NA
01-APR-1910 00:00,1910,4,-1.958,NA,PDO,NA,NA,Pacific Decadal Oscillation,NA
01-MAY-1910 00:00,1910,5,-2.125,NA,PDO,NA,NA,Pacific Decadal Oscillation,NA
01-JUN-1910 00:00,1910,6,-0.354,NA,PDO,NA,NA,Pacific Decadal Oscillation,NA
01-JUL-1910 00:00,1910,7,-0.033,NA,PDO,NA,NA,Pacific Decadal Oscillation,NA
01-AUG-1910 00:00,1910,8,-0.494,NA,PDO,NA,NA,Pacific Decadal Oscillation,NA
01-SEP-1910 00:00,1910,9,0.754,NA,PDO,NA,NA,Pacific Decadal Oscillation,NA
01-OCT-1910 00:00,1910,10,-0.956,NA,PDO,NA,NA,Pacific Decadal Oscillation,NA
01-NOV-1910 00:00,1910,11,-0.633,NA,PDO,NA,NA,Pacific Decadal Oscillation,NA
01-DEC-1910 00:00,1910,12,-0.095,NA,PDO,NA,NA,Pacific Decadal Oscillation,NA
01-JAN-1911 00:00,1911,1,-0.54,NA,PDO,NA,NA,Pacific Decadal Oscillation,NA
01-FEB-1911 00:00,1911,2,-1.129,NA,PDO,NA,NA,Pacific Decadal Oscillation,NA
01-MAR-1911 00:00,1911,3,-1.259,NA,PDO,NA,NA,Pacific Decadal Oscillation,NA
01-APR-1911 00:00,1911,4,-0.616,NA,PDO,NA,NA,Pacific Decadal Oscillation,NA
01-MAY-1911 00:00,1911,5,-0.66,NA,PDO,NA,NA,Pacific Decadal Oscillation,NA
01-JUN-1911 00:00,1911,6,-1.346,NA,PDO,NA,NA,Pacific Decadal Oscillation,NA
01-JUL-1911 00:00,1911,7,-0.363,NA,PDO,NA,NA,Pacific Decadal Oscillation,NA
01-AUG-1911 00:00,1911,8,0.14,NA,PDO,NA,NA,Pacific Decadal Oscillation,NA
01-SEP-1911 00:00,1911,9,-0.084,NA,PDO,NA,NA,Pacific Decadal Oscillation,NA
01-OCT-1911 00:00,1911,10,-0.107,NA,PDO,NA,NA,Pacific Decadal Oscillation,NA
01-NOV-1911 00:00,1911,11,-0.329,NA,PDO,NA,NA,Pacific Decadal Oscillation,NA
01-DEC-1911 00:00,1911,12,-0.858,NA,PDO,NA,NA,Pacific Decadal Oscillation,NA
01-JAN-1912 00:00,1912,1,-0.3,NA,PDO,NA,NA,Pacific Decadal Oscillation,NA
01-FEB-1912 00:00,1912,2,0.088,NA,PDO,NA,NA,Pacific Decadal Oscillation,NA
01-MAR-1912 00:00,1912,3,-0.198,NA,PDO,NA,NA,Pacific Decadal Oscillation,NA
01-APR-1912 00:00,1912,4,-0.268,NA,PDO,NA,NA,Pacific Decadal Oscillation,NA
01-MAY-1912 00:00,1912,5,0.011,NA,PDO,NA,NA,Pacific Decadal Oscillation,NA
01-JUN-1912 00:00,1912,6,0.374,NA,PDO,NA,NA,Pacific Decadal Oscillation,NA
01-JUL-1912 00:00,1912,7,0.299,NA,PDO,NA,NA,Pacific Decadal Oscillation,NA
01-AUG-1912 00:00,1912,8,0.523,NA,PDO,NA,NA,Pacific Decadal Oscillation,NA
01-SEP-1912 00:00,1912,9,1.19,NA,PDO,NA,NA,Pacific Decadal Oscillation,NA
01-OCT-1912 00:00,1912,10,0.691,NA,PDO,NA,NA,Pacific Decadal Oscillation,NA
01-NOV-1912 00:00,1912,11,0.113,NA,PDO,NA,NA,Pacific Decadal Oscillation,NA
01-DEC-1912 00:00,1912,12,-0.265,NA,PDO,NA,NA,Pacific Decadal Oscillation,NA
01-JAN-1913 00:00,1913,1,-0.304,NA,PDO,NA,NA,Pacific Decadal Oscillation,NA
01-FEB-1913 00:00,1913,2,0.211,NA,PDO,NA,NA,Pacific Decadal Oscillation,NA
01-MAR-1913 00:00,1913,3,-0.087,NA,PDO,NA,NA,Pacific Decadal Oscillation,NA
01-APR-1913 00:00,1913,4,-0.506,NA,PDO,NA,NA,Pacific Decadal Oscillation,NA
01-MAY-1913 00:00,1913,5,0.201,NA,PDO,NA,NA,Pacific Decadal Oscillation,NA
01-JUN-1913 00:00,1913,6,0.128,NA,PDO,NA,NA,Pacific Decadal Oscillation,NA
01-JUL-1913 00:00,1913,7,0.743,NA,PDO,NA,NA,Pacific Decadal Oscillation,NA
01-AUG-1913 00:00,1913,8,1.206,NA,PDO,NA,NA,Pacific Decadal Oscillation,NA
01-SEP-1913 00:00,1913,9,0.877,NA,PDO,NA,NA,Pacific Decadal Oscillation,NA
01-OCT-1913 00:00,1913,10,0.617,NA,PDO,NA,NA,Pacific Decadal Oscillation,NA
01-NOV-1913 00:00,1913,11,0.505,NA,PDO,NA,NA,Pacific Decadal Oscillation,NA
01-DEC-1913 00:00,1913,12,0.04,NA,PDO,NA,NA,Pacific Decadal Oscillation,NA
01-JAN-1914 00:00,1914,1,-0.215,NA,PDO,NA,NA,Pacific Decadal Oscillation,NA
01-FEB-1914 00:00,1914,2,-0.027,NA,PDO,NA,NA,Pacific Decadal Oscillation,NA
01-MAR-1914 00:00,1914,3,0.294,NA,PDO,NA,NA,Pacific Decadal Oscillation,NA
01-APR-1914 00:00,1914,4,0.948,NA,PDO,NA,NA,Pacific Decadal Oscillation,NA
01-MAY-1914 00:00,1914,5,0.708,NA,PDO,NA,NA,Pacific Decadal Oscillation,NA
01-JUN-1914 00:00,1914,6,-0.57,NA,PDO,NA,NA,Pacific Decadal Oscillation,NA
01-JUL-1914 00:00,1914,7,-0.39,NA,PDO,NA,NA,Pacific Decadal Oscillation,NA
01-AUG-1914 00:00,1914,8,-0.251,NA,PDO,NA,NA,Pacific Decadal Oscillation,NA
01-SEP-1914 00:00,1914,9,-0.355,NA,PDO,NA,NA,Pacific Decadal Oscillation,NA
01-OCT-1914 00:00,1914,10,-0.137,NA,PDO,NA,NA,Pacific Decadal Oscillation,NA
01-NOV-1914 00:00,1914,11,0.122,NA,PDO,NA,NA,Pacific Decadal Oscillation,NA
01-DEC-1914 00:00,1914,12,0.091,NA,PDO,NA,NA,Pacific Decadal Oscillation,NA
01-JAN-1915 00:00,1915,1,-0.397,NA,PDO,NA,NA,Pacific Decadal Oscillation,NA
01-FEB-1915 00:00,1915,2,-0.286,NA,PDO,NA,NA,Pacific Decadal Oscillation,NA
01-MAR-1915 00:00,1915,3,0.578,NA,PDO,NA,NA,Pacific Decadal Oscillation,NA
01-APR-1915 00:00,1915,4,1.45,NA,PDO,NA,NA,Pacific Decadal Oscillation,NA
01-MAY-1915 00:00,1915,5,1.661,NA,PDO,NA,NA,Pacific Decadal Oscillation,NA
01-JUN-1915 00:00,1915,6,1.605,NA,PDO,NA,NA,Pacific Decadal Oscillation,NA
01-JUL-1915 00:00,1915,7,1.602,NA,PDO,NA,NA,Pacific Decadal Oscillation,NA
01-AUG-1915 00:00,1915,8,1.03,NA,PDO,NA,NA,Pacific Decadal Oscillation,NA
01-SEP-1915 00:00,1915,9,0.585,NA,PDO,NA,NA,Pacific Decadal Oscillation,NA
01-OCT-1915 00:00,1915,10,-0.727,NA,PDO,NA,NA,Pacific Decadal Oscillation,NA
01-NOV-1915 00:00,1915,11,-1.066,NA,PDO,NA,NA,Pacific Decadal Oscillation,NA
01-DEC-1915 00:00,1915,12,-0.641,NA,PDO,NA,NA,Pacific Decadal Oscillation,NA
01-JAN-1916 00:00,1916,1,-1.114,NA,PDO,NA,NA,Pacific Decadal Oscillation,NA
01-FEB-1916 00:00,1916,2,-1.116,NA,PDO,NA,NA,Pacific Decadal Oscillation,NA
01-MAR-1916 00:00,1916,3,-0.941,NA,PDO,NA,NA,Pacific Decadal Oscillation,NA
01-APR-1916 00:00,1916,4,-0.339,NA,PDO,NA,NA,Pacific Decadal Oscillation,NA
01-MAY-1916 00:00,1916,5,-0.204,NA,PDO,NA,NA,Pacific Decadal Oscillation,NA
01-JUN-1916 00:00,1916,6,-1.155,NA,PDO,NA,NA,Pacific Decadal Oscillation,NA
01-JUL-1916 00:00,1916,7,-1.127,NA,PDO,NA,NA,Pacific Decadal Oscillation,NA
01-AUG-1916 00:00,1916,8,-1.568,NA,PDO,NA,NA,Pacific Decadal Oscillation,NA
01-SEP-1916 00:00,1916,9,-1.476,NA,PDO,NA,NA,Pacific Decadal Oscillation,NA
01-OCT-1916 00:00,1916,10,-1.452,NA,PDO,NA,NA,Pacific Decadal Oscillation,NA
01-NOV-1916 00:00,1916,11,-2.164,NA,PDO,NA,NA,Pacific Decadal Oscillation,NA
01-DEC-1916 00:00,1916,12,-2.274,NA,PDO,NA,NA,Pacific Decadal Oscillation,NA
01-JAN-1917 00:00,1917,1,-1.695,NA,PDO,NA,NA,Pacific Decadal Oscillation,NA
01-FEB-1917 00:00,1917,2,-1.624,NA,PDO,NA,NA,Pacific Decadal Oscillation,NA
01-MAR-1917 00:00,1917,3,-1.794,NA,PDO,NA,NA,Pacific Decadal Oscillation,NA
01-APR-1917 00:00,1917,4,-1.591,NA,PDO,NA,NA,Pacific Decadal Oscillation,NA
01-MAY-1917 00:00,1917,5,-1.087,NA,PDO,NA,NA,Pacific Decadal Oscillation,NA
01-JUN-1917 00:00,1917,6,-0.897,NA,PDO,NA,NA,Pacific Decadal Oscillation,NA
01-JUL-1917 00:00,1917,7,-0.51,NA,PDO,NA,NA,Pacific Decadal Oscillation,NA
01-AUG-1917 00:00,1917,8,-0.219,NA,PDO,NA,NA,Pacific Decadal Oscillation,NA
01-SEP-1917 00:00,1917,9,-0.697,NA,PDO,NA,NA,Pacific Decadal Oscillation,NA
01-OCT-1917 00:00,1917,10,-1.155,NA,PDO,NA,NA,Pacific Decadal Oscillation,NA
01-NOV-1917 00:00,1917,11,-0.935,NA,PDO,NA,NA,Pacific Decadal Oscillation,NA
01-DEC-1917 00:00,1917,12,-0.584,NA,PDO,NA,NA,Pacific Decadal Oscillation,NA
01-JAN-1918 00:00,1918,1,0.153,NA,PDO,NA,NA,Pacific Decadal Oscillation,NA
01-FEB-1918 00:00,1918,2,-0.208,NA,PDO,NA,NA,Pacific Decadal Oscillation,NA
01-MAR-1918 00:00,1918,3,-0.725,NA,PDO,NA,NA,Pacific Decadal Oscillation,NA
01-APR-1918 00:00,1918,4,-0.606,NA,PDO,NA,NA,Pacific Decadal Oscillation,NA
01-MAY-1918 00:00,1918,5,-0.761,NA,PDO,NA,NA,Pacific Decadal Oscillation,NA
01-JUN-1918 00:00,1918,6,-0.404,NA,PDO,NA,NA,Pacific Decadal Oscillation,NA
01-JUL-1918 00:00,1918,7,0.066,NA,PDO,NA,NA,Pacific Decadal Oscillation,NA
01-AUG-1918 00:00,1918,8,0.292,NA,PDO,NA,NA,Pacific Decadal Oscillation,NA
01-SEP-1918 00:00,1918,9,0.643,NA,PDO,NA,NA,Pacific Decadal Oscillation,NA
01-OCT-1918 00:00,1918,10,1.407,NA,PDO,NA,NA,Pacific Decadal Oscillation,NA
01-NOV-1918 00:00,1918,11,1.223,NA,PDO,NA,NA,Pacific Decadal Oscillation,NA
01-DEC-1918 00:00,1918,12,0.364,NA,PDO,NA,NA,Pacific Decadal Oscillation,NA
01-JAN-1919 00:00,1919,1,0.354,NA,PDO,NA,NA,Pacific Decadal Oscillation,NA
01-FEB-1919 00:00,1919,2,-0.009,NA,PDO,NA,NA,Pacific Decadal Oscillation,NA
01-MAR-1919 00:00,1919,3,-0.375,NA,PDO,NA,NA,Pacific Decadal Oscillation,NA
01-APR-1919 00:00,1919,4,-0.395,NA,PDO,NA,NA,Pacific Decadal Oscillation,NA
01-MAY-1919 00:00,1919,5,-0.834,NA,PDO,NA,NA,Pacific Decadal Oscillation,NA
01-JUN-1919 00:00,1919,6,-1.216,NA,PDO,NA,NA,Pacific Decadal Oscillation,NA
01-JUL-1919 00:00,1919,7,-1.286,NA,PDO,NA,NA,Pacific Decadal Oscillation,NA
01-AUG-1919 00:00,1919,8,-0.448,NA,PDO,NA,NA,Pacific Decadal Oscillation,NA
01-SEP-1919 00:00,1919,9,0.115,NA,PDO,NA,NA,Pacific Decadal Oscillation,NA
01-OCT-1919 00:00,1919,10,-0.112,NA,PDO,NA,NA,Pacific Decadal Oscillation,NA
01-NOV-1919 00:00,1919,11,-0.569,NA,PDO,NA,NA,Pacific Decadal Oscillation,NA
01-DEC-1919 00:00,1919,12,-0.448,NA,PDO,NA,NA,Pacific Decadal Oscillation,NA
01-JAN-1920 00:00,1920,1,-1.089,NA,PDO,NA,NA,Pacific Decadal Oscillation,NA
01-FEB-1920 00:00,1920,2,-0.685,NA,PDO,NA,NA,Pacific Decadal Oscillation,NA
01-MAR-1920 00:00,1920,3,-0.571,NA,PDO,NA,NA,Pacific Decadal Oscillation,NA
01-APR-1920 00:00,1920,4,-0.815,NA,PDO,NA,NA,Pacific Decadal Oscillation,NA
01-MAY-1920 00:00,1920,5,-0.538,NA,PDO,NA,NA,Pacific Decadal Oscillation,NA
01-JUN-1920 00:00,1920,6,-0.726,NA,PDO,NA,NA,Pacific Decadal Oscillation,NA
01-JUL-1920 00:00,1920,7,-0.877,NA,PDO,NA,NA,Pacific Decadal Oscillation,NA
01-AUG-1920 00:00,1920,8,-1.296,NA,PDO,NA,NA,Pacific Decadal Oscillation,NA
01-SEP-1920 00:00,1920,9,-1.388,NA,PDO,NA,NA,Pacific Decadal Oscillation,NA
01-OCT-1920 00:00,1920,10,-1.154,NA,PDO,NA,NA,Pacific Decadal Oscillation,NA
01-NOV-1920 00:00,1920,11,-0.476,NA,PDO,NA,NA,Pacific Decadal Oscillation,NA
01-DEC-1920 00:00,1920,12,-0.638,NA,PDO,NA,NA,Pacific Decadal Oscillation,NA
01-JAN-1921 00:00,1921,1,-1.021,NA,PDO,NA,NA,Pacific Decadal Oscillation,NA
01-FEB-1921 00:00,1921,2,-1.297,NA,PDO,NA,NA,Pacific Decadal Oscillation,NA
01-MAR-1921 00:00,1921,3,-0.687,NA,PDO,NA,NA,Pacific Decadal Oscillation,NA
01-APR-1921 00:00,1921,4,-1.459,NA,PDO,NA,NA,Pacific Decadal Oscillation,NA
01-MAY-1921 00:00,1921,5,-1.257,NA,PDO,NA,NA,Pacific Decadal Oscillation,NA
01-JUN-1921 00:00,1921,6,-0.986,NA,PDO,NA,NA,Pacific Decadal Oscillation,NA
01-JUL-1921 00:00,1921,7,-1.076,NA,PDO,NA,NA,Pacific Decadal Oscillation,NA
01-AUG-1921 00:00,1921,8,-1.235,NA,PDO,NA,NA,Pacific Decadal Oscillation,NA
01-SEP-1921 00:00,1921,9,-1.098,NA,PDO,NA,NA,Pacific Decadal Oscillation,NA
01-OCT-1921 00:00,1921,10,-1.164,NA,PDO,NA,NA,Pacific Decadal Oscillation,NA
01-NOV-1921 00:00,1921,11,-0.562,NA,PDO,NA,NA,Pacific Decadal Oscillation,NA
01-DEC-1921 00:00,1921,12,-0.097,NA,PDO,NA,NA,Pacific Decadal Oscillation,NA
01-JAN-1922 00:00,1922,1,-0.179,NA,PDO,NA,NA,Pacific Decadal Oscillation,NA
01-FEB-1922 00:00,1922,2,-1.024,NA,PDO,NA,NA,Pacific Decadal Oscillation,NA
01-MAR-1922 00:00,1922,3,-1.27,NA,PDO,NA,NA,Pacific Decadal Oscillation,NA
01-APR-1922 00:00,1922,4,-1.427,NA,PDO,NA,NA,Pacific Decadal Oscillation,NA
01-MAY-1922 00:00,1922,5,-1.436,NA,PDO,NA,NA,Pacific Decadal Oscillation,NA
01-JUN-1922 00:00,1922,6,-0.853,NA,PDO,NA,NA,Pacific Decadal Oscillation,NA
01-JUL-1922 00:00,1922,7,-0.422,NA,PDO,NA,NA,Pacific Decadal Oscillation,NA
01-AUG-1922 00:00,1922,8,-0.095,NA,PDO,NA,NA,Pacific Decadal Oscillation,NA
01-SEP-1922 00:00,1922,9,-0.15,NA,PDO,NA,NA,Pacific Decadal Oscillation,NA
01-OCT-1922 00:00,1922,10,-0.053,NA,PDO,NA,NA,Pacific Decadal Oscillation,NA
01-NOV-1922 00:00,1922,11,-0.483,NA,PDO,NA,NA,Pacific Decadal Oscillation,NA
01-DEC-1922 00:00,1922,12,0.2,NA,PDO,NA,NA,Pacific Decadal Oscillation,NA
01-JAN-1923 00:00,1923,1,0.1,NA,PDO,NA,NA,Pacific Decadal Oscillation,NA
01-FEB-1923 00:00,1923,2,-0.658,NA,PDO,NA,NA,Pacific Decadal Oscillation,NA
01-MAR-1923 00:00,1923,3,-0.785,NA,PDO,NA,NA,Pacific Decadal Oscillation,NA
01-APR-1923 00:00,1923,4,-0.301,NA,PDO,NA,NA,Pacific Decadal Oscillation,NA
01-MAY-1923 00:00,1923,5,0.36,NA,PDO,NA,NA,Pacific Decadal Oscillation,NA
01-JUN-1923 00:00,1923,6,-0.8,NA,PDO,NA,NA,Pacific Decadal Oscillation,NA
01-JUL-1923 00:00,1923,7,0.592,NA,PDO,NA,NA,Pacific Decadal Oscillation,NA
01-AUG-1923 00:00,1923,8,0.336,NA,PDO,NA,NA,Pacific Decadal Oscillation,NA
01-SEP-1923 00:00,1923,9,0.063,NA,PDO,NA,NA,Pacific Decadal Oscillation,NA
01-OCT-1923 00:00,1923,10,0.389,NA,PDO,NA,NA,Pacific Decadal Oscillation,NA
01-NOV-1923 00:00,1923,11,-0.134,NA,PDO,NA,NA,Pacific Decadal Oscillation,NA
01-DEC-1923 00:00,1923,12,-0.252,NA,PDO,NA,NA,Pacific Decadal Oscillation,NA
01-JAN-1924 00:00,1924,1,-0.742,NA,PDO,NA,NA,Pacific Decadal Oscillation,NA
01-FEB-1924 00:00,1924,2,-0.801,NA,PDO,NA,NA,Pacific Decadal Oscillation,NA
01-MAR-1924 00:00,1924,3,-0.443,NA,PDO,NA,NA,Pacific Decadal Oscillation,NA
01-APR-1924 00:00,1924,4,-0.835,NA,PDO,NA,NA,Pacific Decadal Oscillation,NA
01-MAY-1924 00:00,1924,5,-0.132,NA,PDO,NA,NA,Pacific Decadal Oscillation,NA
01-JUN-1924 00:00,1924,6,-0.09,NA,PDO,NA,NA,Pacific Decadal Oscillation,NA
01-JUL-1924 00:00,1924,7,-0.409,NA,PDO,NA,NA,Pacific Decadal Oscillation,NA
01-AUG-1924 00:00,1924,8,-0.771,NA,PDO,NA,NA,Pacific Decadal Oscillation,NA
01-SEP-1924 00:00,1924,9,-1.29,NA,PDO,NA,NA,Pacific Decadal Oscillation,NA
01-OCT-1924 00:00,1924,10,-1.755,NA,PDO,NA,NA,Pacific Decadal Oscillation,NA
01-NOV-1924 00:00,1924,11,-1.393,NA,PDO,NA,NA,Pacific Decadal Oscillation,NA
01-DEC-1924 00:00,1924,12,-0.542,NA,PDO,NA,NA,Pacific Decadal Oscillation,NA
01-JAN-1925 00:00,1925,1,-1.169,NA,PDO,NA,NA,Pacific Decadal Oscillation,NA
01-FEB-1925 00:00,1925,2,-0.856,NA,PDO,NA,NA,Pacific Decadal Oscillation,NA
01-MAR-1925 00:00,1925,3,-0.735,NA,PDO,NA,NA,Pacific Decadal Oscillation,NA
01-APR-1925 00:00,1925,4,-1.012,NA,PDO,NA,NA,Pacific Decadal Oscillation,NA
01-MAY-1925 00:00,1925,5,-0.441,NA,PDO,NA,NA,Pacific Decadal Oscillation,NA
01-JUN-1925 00:00,1925,6,-0.765,NA,PDO,NA,NA,Pacific Decadal Oscillation,NA
01-JUL-1925 00:00,1925,7,-0.33,NA,PDO,NA,NA,Pacific Decadal Oscillation,NA
01-AUG-1925 00:00,1925,8,-0.127,NA,PDO,NA,NA,Pacific Decadal Oscillation,NA
01-SEP-1925 00:00,1925,9,0.445,NA,PDO,NA,NA,Pacific Decadal Oscillation,NA
01-OCT-1925 00:00,1925,10,0.572,NA,PDO,NA,NA,Pacific Decadal Oscillation,NA
01-NOV-1925 00:00,1925,11,0.943,NA,PDO,NA,NA,Pacific Decadal Oscillation,NA
01-DEC-1925 00:00,1925,12,0.662,NA,PDO,NA,NA,Pacific Decadal Oscillation,NA
01-JAN-1926 00:00,1926,1,0.873,NA,PDO,NA,NA,Pacific Decadal Oscillation,NA
01-FEB-1926 00:00,1926,2,1.08,NA,PDO,NA,NA,Pacific Decadal Oscillation,NA
01-MAR-1926 00:00,1926,3,1.156,NA,PDO,NA,NA,Pacific Decadal Oscillation,NA
01-APR-1926 00:00,1926,4,1.766,NA,PDO,NA,NA,Pacific Decadal Oscillation,NA
01-MAY-1926 00:00,1926,5,2.209,NA,PDO,NA,NA,Pacific Decadal Oscillation,NA
01-JUN-1926 00:00,1926,6,1.518,NA,PDO,NA,NA,Pacific Decadal Oscillation,NA
01-JUL-1926 00:00,1926,7,2.102,NA,PDO,NA,NA,Pacific Decadal Oscillation,NA
01-AUG-1926 00:00,1926,8,1.798,NA,PDO,NA,NA,Pacific Decadal Oscillation,NA
01-SEP-1926 00:00,1926,9,1.632,NA,PDO,NA,NA,Pacific Decadal Oscillation,NA
01-OCT-1926 00:00,1926,10,1.569,NA,PDO,NA,NA,Pacific Decadal Oscillation,NA
01-NOV-1926 00:00,1926,11,2.023,NA,PDO,NA,NA,Pacific Decadal Oscillation,NA
01-DEC-1926 00:00,1926,12,1.632,NA,PDO,NA,NA,Pacific Decadal Oscillation,NA
01-JAN-1927 00:00,1927,1,0.713,NA,PDO,NA,NA,Pacific Decadal Oscillation,NA
01-FEB-1927 00:00,1927,2,1.134,NA,PDO,NA,NA,Pacific Decadal Oscillation,NA
01-MAR-1927 00:00,1927,3,0.776,NA,PDO,NA,NA,Pacific Decadal Oscillation,NA
01-APR-1927 00:00,1927,4,0.163,NA,PDO,NA,NA,Pacific Decadal Oscillation,NA
01-MAY-1927 00:00,1927,5,0.137,NA,PDO,NA,NA,Pacific Decadal Oscillation,NA
01-JUN-1927 00:00,1927,6,0.485,NA,PDO,NA,NA,Pacific Decadal Oscillation,NA
01-JUL-1927 00:00,1927,7,-0.171,NA,PDO,NA,NA,Pacific Decadal Oscillation,NA
01-AUG-1927 00:00,1927,8,-0.252,NA,PDO,NA,NA,Pacific Decadal Oscillation,NA
01-SEP-1927 00:00,1927,9,0.266,NA,PDO,NA,NA,Pacific Decadal Oscillation,NA
01-OCT-1927 00:00,1927,10,-0.457,NA,PDO,NA,NA,Pacific Decadal Oscillation,NA
01-NOV-1927 00:00,1927,11,-0.285,NA,PDO,NA,NA,Pacific Decadal Oscillation,NA
01-DEC-1927 00:00,1927,12,-0.24,NA,PDO,NA,NA,Pacific Decadal Oscillation,NA
01-JAN-1928 00:00,1928,1,0.282,NA,PDO,NA,NA,Pacific Decadal Oscillation,NA
01-FEB-1928 00:00,1928,2,0.556,NA,PDO,NA,NA,Pacific Decadal Oscillation,NA
01-MAR-1928 00:00,1928,3,0.815,NA,PDO,NA,NA,Pacific Decadal Oscillation,NA
01-APR-1928 00:00,1928,4,0.526,NA,PDO,NA,NA,Pacific Decadal Oscillation,NA
01-MAY-1928 00:00,1928,5,0.654,NA,PDO,NA,NA,Pacific Decadal Oscillation,NA
01-JUN-1928 00:00,1928,6,1.037,NA,PDO,NA,NA,Pacific Decadal Oscillation,NA
01-JUL-1928 00:00,1928,7,-0.289,NA,PDO,NA,NA,Pacific Decadal Oscillation,NA
01-AUG-1928 00:00,1928,8,-0.446,NA,PDO,NA,NA,Pacific Decadal Oscillation,NA
01-SEP-1928 00:00,1928,9,-1.223,NA,PDO,NA,NA,Pacific Decadal Oscillation,NA
01-OCT-1928 00:00,1928,10,-0.769,NA,PDO,NA,NA,Pacific Decadal Oscillation,NA
01-NOV-1928 00:00,1928,11,0.203,NA,PDO,NA,NA,Pacific Decadal Oscillation,NA
01-DEC-1928 00:00,1928,12,0.387,NA,PDO,NA,NA,Pacific Decadal Oscillation,NA
01-JAN-1929 00:00,1929,1,0.496,NA,PDO,NA,NA,Pacific Decadal Oscillation,NA
01-FEB-1929 00:00,1929,2,0.032,NA,PDO,NA,NA,Pacific Decadal Oscillation,NA
01-MAR-1929 00:00,1929,3,-0.051,NA,PDO,NA,NA,Pacific Decadal Oscillation,NA
01-APR-1929 00:00,1929,4,0.276,NA,PDO,NA,NA,Pacific Decadal Oscillation,NA
01-MAY-1929 00:00,1929,5,0.346,NA,PDO,NA,NA,Pacific Decadal Oscillation,NA
01-JUN-1929 00:00,1929,6,0.314,NA,PDO,NA,NA,Pacific Decadal Oscillation,NA
01-JUL-1929 00:00,1929,7,0.054,NA,PDO,NA,NA,Pacific Decadal Oscillation,NA
01-AUG-1929 00:00,1929,8,0.107,NA,PDO,NA,NA,Pacific Decadal Oscillation,NA
01-SEP-1929 00:00,1929,9,0.912,NA,PDO,NA,NA,Pacific Decadal Oscillation,NA
01-OCT-1929 00:00,1929,10,0.955,NA,PDO,NA,NA,Pacific Decadal Oscillation,NA
01-NOV-1929 00:00,1929,11,0.616,NA,PDO,NA,NA,Pacific Decadal Oscillation,NA
01-DEC-1929 00:00,1929,12,1.37,NA,PDO,NA,NA,Pacific Decadal Oscillation,NA
01-JAN-1930 00:00,1930,1,0.892,NA,PDO,NA,NA,Pacific Decadal Oscillation,NA
01-FEB-1930 00:00,1930,2,0.589,NA,PDO,NA,NA,Pacific Decadal Oscillation,NA
01-MAR-1930 00:00,1930,3,0.292,NA,PDO,NA,NA,Pacific Decadal Oscillation,NA
01-APR-1930 00:00,1930,4,0.292,NA,PDO,NA,NA,Pacific Decadal Oscillation,NA
01-MAY-1930 00:00,1930,5,0.146,NA,PDO,NA,NA,Pacific Decadal Oscillation,NA
01-JUN-1930 00:00,1930,6,0.021,NA,PDO,NA,NA,Pacific Decadal Oscillation,NA
01-JUL-1930 00:00,1930,7,0.171,NA,PDO,NA,NA,Pacific Decadal Oscillation,NA
01-AUG-1930 00:00,1930,8,0.152,NA,PDO,NA,NA,Pacific Decadal Oscillation,NA
01-SEP-1930 00:00,1930,9,0.691,NA,PDO,NA,NA,Pacific Decadal Oscillation,NA
01-OCT-1930 00:00,1930,10,0.321,NA,PDO,NA,NA,Pacific Decadal Oscillation,NA
01-NOV-1930 00:00,1930,11,0.081,NA,PDO,NA,NA,Pacific Decadal Oscillation,NA
01-DEC-1930 00:00,1930,12,0.539,NA,PDO,NA,NA,Pacific Decadal Oscillation,NA
01-JAN-1931 00:00,1931,1,0.834,NA,PDO,NA,NA,Pacific Decadal Oscillation,NA
01-FEB-1931 00:00,1931,2,0.752,NA,PDO,NA,NA,Pacific Decadal Oscillation,NA
01-MAR-1931 00:00,1931,3,0.869,NA,PDO,NA,NA,Pacific Decadal Oscillation,NA
01-APR-1931 00:00,1931,4,1.459,NA,PDO,NA,NA,Pacific Decadal Oscillation,NA
01-MAY-1931 00:00,1931,5,2.018,NA,PDO,NA,NA,Pacific Decadal Oscillation,NA
01-JUN-1931 00:00,1931,6,1.764,NA,PDO,NA,NA,Pacific Decadal Oscillation,NA
01-JUL-1931 00:00,1931,7,2.081,NA,PDO,NA,NA,Pacific Decadal Oscillation,NA
01-AUG-1931 00:00,1931,8,1.172,NA,PDO,NA,NA,Pacific Decadal Oscillation,NA
01-SEP-1931 00:00,1931,9,1.067,NA,PDO,NA,NA,Pacific Decadal Oscillation,NA
01-OCT-1931 00:00,1931,10,0.344,NA,PDO,NA,NA,Pacific Decadal Oscillation,NA
01-NOV-1931 00:00,1931,11,-0.123,NA,PDO,NA,NA,Pacific Decadal Oscillation,NA
01-DEC-1931 00:00,1931,12,-0.756,NA,PDO,NA,NA,Pacific Decadal Oscillation,NA
01-JAN-1932 00:00,1932,1,-1.01,NA,PDO,NA,NA,Pacific Decadal Oscillation,NA
01-FEB-1932 00:00,1932,2,-1.253,NA,PDO,NA,NA,Pacific Decadal Oscillation,NA
01-MAR-1932 00:00,1932,3,-0.427,NA,PDO,NA,NA,Pacific Decadal Oscillation,NA
01-APR-1932 00:00,1932,4,0.509,NA,PDO,NA,NA,Pacific Decadal Oscillation,NA
01-MAY-1932 00:00,1932,5,0.02,NA,PDO,NA,NA,Pacific Decadal Oscillation,NA
01-JUN-1932 00:00,1932,6,-0.187,NA,PDO,NA,NA,Pacific Decadal Oscillation,NA
01-JUL-1932 00:00,1932,7,-0.126,NA,PDO,NA,NA,Pacific Decadal Oscillation,NA
01-AUG-1932 00:00,1932,8,-0.041,NA,PDO,NA,NA,Pacific Decadal Oscillation,NA
01-SEP-1932 00:00,1932,9,-0.76,NA,PDO,NA,NA,Pacific Decadal Oscillation,NA
01-OCT-1932 00:00,1932,10,-0.055,NA,PDO,NA,NA,Pacific Decadal Oscillation,NA
01-NOV-1932 00:00,1932,11,-0.427,NA,PDO,NA,NA,Pacific Decadal Oscillation,NA
01-DEC-1932 00:00,1932,12,-0.14,NA,PDO,NA,NA,Pacific Decadal Oscillation,NA
01-JAN-1933 00:00,1933,1,-0.842,NA,PDO,NA,NA,Pacific Decadal Oscillation,NA
01-FEB-1933 00:00,1933,2,-1.017,NA,PDO,NA,NA,Pacific Decadal Oscillation,NA
01-MAR-1933 00:00,1933,3,-1.116,NA,PDO,NA,NA,Pacific Decadal Oscillation,NA
01-APR-1933 00:00,1933,4,-0.883,NA,PDO,NA,NA,Pacific Decadal Oscillation,NA
01-MAY-1933 00:00,1933,5,-1.534,NA,PDO,NA,NA,Pacific Decadal Oscillation,NA
01-JUN-1933 00:00,1933,6,-2.022,NA,PDO,NA,NA,Pacific Decadal Oscillation,NA
01-JUL-1933 00:00,1933,7,-2.517,NA,PDO,NA,NA,Pacific Decadal Oscillation,NA
01-AUG-1933 00:00,1933,8,-2.138,NA,PDO,NA,NA,Pacific Decadal Oscillation,NA
01-SEP-1933 00:00,1933,9,-2.303,NA,PDO,NA,NA,Pacific Decadal Oscillation,NA
01-OCT-1933 00:00,1933,10,-1.486,NA,PDO,NA,NA,Pacific Decadal Oscillation,NA
01-NOV-1933 00:00,1933,11,-0.459,NA,PDO,NA,NA,Pacific Decadal Oscillation,NA
01-DEC-1933 00:00,1933,12,-0.746,NA,PDO,NA,NA,Pacific Decadal Oscillation,NA
01-JAN-1934 00:00,1934,1,-0.6,NA,PDO,NA,NA,Pacific Decadal Oscillation,NA
01-FEB-1934 00:00,1934,2,-0.017,NA,PDO,NA,NA,Pacific Decadal Oscillation,NA
01-MAR-1934 00:00,1934,3,0.562,NA,PDO,NA,NA,Pacific Decadal Oscillation,NA
01-APR-1934 00:00,1934,4,1.07,NA,PDO,NA,NA,Pacific Decadal Oscillation,NA
01-MAY-1934 00:00,1934,5,0.724,NA,PDO,NA,NA,Pacific Decadal Oscillation,NA
01-JUN-1934 00:00,1934,6,-0.134,NA,PDO,NA,NA,Pacific Decadal Oscillation,NA
01-JUL-1934 00:00,1934,7,0.206,NA,PDO,NA,NA,Pacific Decadal Oscillation,NA
01-AUG-1934 00:00,1934,8,1.171,NA,PDO,NA,NA,Pacific Decadal Oscillation,NA
01-SEP-1934 00:00,1934,9,1.093,NA,PDO,NA,NA,Pacific Decadal Oscillation,NA
01-OCT-1934 00:00,1934,10,1.749,NA,PDO,NA,NA,Pacific Decadal Oscillation,NA
01-NOV-1934 00:00,1934,11,1.439,NA,PDO,NA,NA,Pacific Decadal Oscillation,NA
01-DEC-1934 00:00,1934,12,1.105,NA,PDO,NA,NA,Pacific Decadal Oscillation,NA
01-JAN-1935 00:00,1935,1,0.417,NA,PDO,NA,NA,Pacific Decadal Oscillation,NA
01-FEB-1935 00:00,1935,2,0.081,NA,PDO,NA,NA,Pacific Decadal Oscillation,NA
01-MAR-1935 00:00,1935,3,-0.252,NA,PDO,NA,NA,Pacific Decadal Oscillation,NA
01-APR-1935 00:00,1935,4,0.243,NA,PDO,NA,NA,Pacific Decadal Oscillation,NA
01-MAY-1935 00:00,1935,5,0.81,NA,PDO,NA,NA,Pacific Decadal Oscillation,NA
01-JUN-1935 00:00,1935,6,1.15,NA,PDO,NA,NA,Pacific Decadal Oscillation,NA
01-JUL-1935 00:00,1935,7,0.516,NA,PDO,NA,NA,Pacific Decadal Oscillation,NA
01-AUG-1935 00:00,1935,8,0.516,NA,PDO,NA,NA,Pacific Decadal Oscillation,NA
01-SEP-1935 00:00,1935,9,0.614,NA,PDO,NA,NA,Pacific Decadal Oscillation,NA
01-OCT-1935 00:00,1935,10,0.73,NA,PDO,NA,NA,Pacific Decadal Oscillation,NA
01-NOV-1935 00:00,1935,11,0.486,NA,PDO,NA,NA,Pacific Decadal Oscillation,NA
01-DEC-1935 00:00,1935,12,1.305,NA,PDO,NA,NA,Pacific Decadal Oscillation,NA
01-JAN-1936 00:00,1936,1,1.747,NA,PDO,NA,NA,Pacific Decadal Oscillation,NA
01-FEB-1936 00:00,1936,2,1.416,NA,PDO,NA,NA,Pacific Decadal Oscillation,NA
01-MAR-1936 00:00,1936,3,1.001,NA,PDO,NA,NA,Pacific Decadal Oscillation,NA
01-APR-1936 00:00,1936,4,1.159,NA,PDO,NA,NA,Pacific Decadal Oscillation,NA
01-MAY-1936 00:00,1936,5,1.541,NA,PDO,NA,NA,Pacific Decadal Oscillation,NA
01-JUN-1936 00:00,1936,6,2.028,NA,PDO,NA,NA,Pacific Decadal Oscillation,NA
01-JUL-1936 00:00,1936,7,2.48,NA,PDO,NA,NA,Pacific Decadal Oscillation,NA
01-AUG-1936 00:00,1936,8,1.988,NA,PDO,NA,NA,Pacific Decadal Oscillation,NA
01-SEP-1936 00:00,1936,9,1.202,NA,PDO,NA,NA,Pacific Decadal Oscillation,NA
01-OCT-1936 00:00,1936,10,2.043,NA,PDO,NA,NA,Pacific Decadal Oscillation,NA
01-NOV-1936 00:00,1936,11,2.589,NA,PDO,NA,NA,Pacific Decadal Oscillation,NA
01-DEC-1936 00:00,1936,12,1.343,NA,PDO,NA,NA,Pacific Decadal Oscillation,NA
01-JAN-1937 00:00,1937,1,0.156,NA,PDO,NA,NA,Pacific Decadal Oscillation,NA
01-FEB-1937 00:00,1937,2,-0.187,NA,PDO,NA,NA,Pacific Decadal Oscillation,NA
01-MAR-1937 00:00,1937,3,-0.014,NA,PDO,NA,NA,Pacific Decadal Oscillation,NA
01-APR-1937 00:00,1937,4,-0.403,NA,PDO,NA,NA,Pacific Decadal Oscillation,NA
01-MAY-1937 00:00,1937,5,-0.019,NA,PDO,NA,NA,Pacific Decadal Oscillation,NA
01-JUN-1937 00:00,1937,6,1.383,NA,PDO,NA,NA,Pacific Decadal Oscillation,NA
01-JUL-1937 00:00,1937,7,0.137,NA,PDO,NA,NA,Pacific Decadal Oscillation,NA
01-AUG-1937 00:00,1937,8,-0.254,NA,PDO,NA,NA,Pacific Decadal Oscillation,NA
01-SEP-1937 00:00,1937,9,0.239,NA,PDO,NA,NA,Pacific Decadal Oscillation,NA
01-OCT-1937 00:00,1937,10,0.59,NA,PDO,NA,NA,Pacific Decadal Oscillation,NA
01-NOV-1937 00:00,1937,11,0.868,NA,PDO,NA,NA,Pacific Decadal Oscillation,NA
01-DEC-1937 00:00,1937,12,0.809,NA,PDO,NA,NA,Pacific Decadal Oscillation,NA
01-JAN-1938 00:00,1938,1,1.14,NA,PDO,NA,NA,Pacific Decadal Oscillation,NA
01-FEB-1938 00:00,1938,2,0.063,NA,PDO,NA,NA,Pacific Decadal Oscillation,NA
01-MAR-1938 00:00,1938,3,-0.397,NA,PDO,NA,NA,Pacific Decadal Oscillation,NA
01-APR-1938 00:00,1938,4,-0.081,NA,PDO,NA,NA,Pacific Decadal Oscillation,NA
01-MAY-1938 00:00,1938,5,-0.488,NA,PDO,NA,NA,Pacific Decadal Oscillation,NA
01-JUN-1938 00:00,1938,6,-0.439,NA,PDO,NA,NA,Pacific Decadal Oscillation,NA
01-JUL-1938 00:00,1938,7,-0.23,NA,PDO,NA,NA,Pacific Decadal Oscillation,NA
01-AUG-1938 00:00,1938,8,-0.187,NA,PDO,NA,NA,Pacific Decadal Oscillation,NA
01-SEP-1938 00:00,1938,9,0.066,NA,PDO,NA,NA,Pacific Decadal Oscillation,NA
01-OCT-1938 00:00,1938,10,0.819,NA,PDO,NA,NA,Pacific Decadal Oscillation,NA
01-NOV-1938 00:00,1938,11,0.007,NA,PDO,NA,NA,Pacific Decadal Oscillation,NA
01-DEC-1938 00:00,1938,12,0.683,NA,PDO,NA,NA,Pacific Decadal Oscillation,NA
01-JAN-1939 00:00,1939,1,0.578,NA,PDO,NA,NA,Pacific Decadal Oscillation,NA
01-FEB-1939 00:00,1939,2,-0.25,NA,PDO,NA,NA,Pacific Decadal Oscillation,NA
01-MAR-1939 00:00,1939,3,-0.647,NA,PDO,NA,NA,Pacific Decadal Oscillation,NA
01-APR-1939 00:00,1939,4,-0.007,NA,PDO,NA,NA,Pacific Decadal Oscillation,NA
01-MAY-1939 00:00,1939,5,0.176,NA,PDO,NA,NA,Pacific Decadal Oscillation,NA
01-JUN-1939 00:00,1939,6,0.075,NA,PDO,NA,NA,Pacific Decadal Oscillation,NA
01-JUL-1939 00:00,1939,7,-0.683,NA,PDO,NA,NA,Pacific Decadal Oscillation,NA
01-AUG-1939 00:00,1939,8,-0.59,NA,PDO,NA,NA,Pacific Decadal Oscillation,NA
01-SEP-1939 00:00,1939,9,-0.9,NA,PDO,NA,NA,Pacific Decadal Oscillation,NA
01-OCT-1939 00:00,1939,10,-0.998,NA,PDO,NA,NA,Pacific Decadal Oscillation,NA
01-NOV-1939 00:00,1939,11,-0.729,NA,PDO,NA,NA,Pacific Decadal Oscillation,NA
01-DEC-1939 00:00,1939,12,1.16,NA,PDO,NA,NA,Pacific Decadal Oscillation,NA
01-JAN-1940 00:00,1940,1,1.661,NA,PDO,NA,NA,Pacific Decadal Oscillation,NA
01-FEB-1940 00:00,1940,2,1.411,NA,PDO,NA,NA,Pacific Decadal Oscillation,NA
01-MAR-1940 00:00,1940,3,1.794,NA,PDO,NA,NA,Pacific Decadal Oscillation,NA
01-APR-1940 00:00,1940,4,2.133,NA,PDO,NA,NA,Pacific Decadal Oscillation,NA
01-MAY-1940 00:00,1940,5,1.983,NA,PDO,NA,NA,Pacific Decadal Oscillation,NA
01-JUN-1940 00:00,1940,6,2.301,NA,PDO,NA,NA,Pacific Decadal Oscillation,NA
01-JUL-1940 00:00,1940,7,2.083,NA,PDO,NA,NA,Pacific Decadal Oscillation,NA
01-AUG-1940 00:00,1940,8,1.711,NA,PDO,NA,NA,Pacific Decadal Oscillation,NA
01-SEP-1940 00:00,1940,9,1.543,NA,PDO,NA,NA,Pacific Decadal Oscillation,NA
01-OCT-1940 00:00,1940,10,1.442,NA,PDO,NA,NA,Pacific Decadal Oscillation,NA
01-NOV-1940 00:00,1940,11,1.717,NA,PDO,NA,NA,Pacific Decadal Oscillation,NA
01-DEC-1940 00:00,1940,12,2.425,NA,PDO,NA,NA,Pacific Decadal Oscillation,NA
01-JAN-1941 00:00,1941,1,2.584,NA,PDO,NA,NA,Pacific Decadal Oscillation,NA
01-FEB-1941 00:00,1941,2,2.77,NA,PDO,NA,NA,Pacific Decadal Oscillation,NA
01-MAR-1941 00:00,1941,3,2.392,NA,PDO,NA,NA,Pacific Decadal Oscillation,NA
01-APR-1941 00:00,1941,4,2.417,NA,PDO,NA,NA,Pacific Decadal Oscillation,NA
01-MAY-1941 00:00,1941,5,2.232,NA,PDO,NA,NA,Pacific Decadal Oscillation,NA
01-JUN-1941 00:00,1941,6,2.931,NA,PDO,NA,NA,Pacific Decadal Oscillation,NA
01-JUL-1941 00:00,1941,7,2.971,NA,PDO,NA,NA,Pacific Decadal Oscillation,NA
01-AUG-1941 00:00,1941,8,3.202,NA,PDO,NA,NA,Pacific Decadal Oscillation,NA
01-SEP-1941 00:00,1941,9,2.238,NA,PDO,NA,NA,Pacific Decadal Oscillation,NA
01-OCT-1941 00:00,1941,10,1.456,NA,PDO,NA,NA,Pacific Decadal Oscillation,NA
01-NOV-1941 00:00,1941,11,1.641,NA,PDO,NA,NA,Pacific Decadal Oscillation,NA
01-DEC-1941 00:00,1941,12,2.098,NA,PDO,NA,NA,Pacific Decadal Oscillation,NA
01-JAN-1942 00:00,1942,1,2.144,NA,PDO,NA,NA,Pacific Decadal Oscillation,NA
01-FEB-1942 00:00,1942,2,1.718,NA,PDO,NA,NA,Pacific Decadal Oscillation,NA
01-MAR-1942 00:00,1942,3,1.176,NA,PDO,NA,NA,Pacific Decadal Oscillation,NA
01-APR-1942 00:00,1942,4,1.181,NA,PDO,NA,NA,Pacific Decadal Oscillation,NA
01-MAY-1942 00:00,1942,5,0.832,NA,PDO,NA,NA,Pacific Decadal Oscillation,NA
01-JUN-1942 00:00,1942,6,1.023,NA,PDO,NA,NA,Pacific Decadal Oscillation,NA
01-JUL-1942 00:00,1942,7,0.832,NA,PDO,NA,NA,Pacific Decadal Oscillation,NA
01-AUG-1942 00:00,1942,8,0.87,NA,PDO,NA,NA,Pacific Decadal Oscillation,NA
01-SEP-1942 00:00,1942,9,0.509,NA,PDO,NA,NA,Pacific Decadal Oscillation,NA
01-OCT-1942 00:00,1942,10,0.452,NA,PDO,NA,NA,Pacific Decadal Oscillation,NA
01-NOV-1942 00:00,1942,11,-0.063,NA,PDO,NA,NA,Pacific Decadal Oscillation,NA
01-DEC-1942 00:00,1942,12,-0.877,NA,PDO,NA,NA,Pacific Decadal Oscillation,NA
01-JAN-1943 00:00,1943,1,-1.402,NA,PDO,NA,NA,Pacific Decadal Oscillation,NA
01-FEB-1943 00:00,1943,2,-0.746,NA,PDO,NA,NA,Pacific Decadal Oscillation,NA
01-MAR-1943 00:00,1943,3,0.156,NA,PDO,NA,NA,Pacific Decadal Oscillation,NA
01-APR-1943 00:00,1943,4,1.102,NA,PDO,NA,NA,Pacific Decadal Oscillation,NA
01-MAY-1943 00:00,1943,5,0.576,NA,PDO,NA,NA,Pacific Decadal Oscillation,NA
01-JUN-1943 00:00,1943,6,-0.169,NA,PDO,NA,NA,Pacific Decadal Oscillation,NA
01-JUL-1943 00:00,1943,7,-0.077,NA,PDO,NA,NA,Pacific Decadal Oscillation,NA
01-AUG-1943 00:00,1943,8,-1.249,NA,PDO,NA,NA,Pacific Decadal Oscillation,NA
01-SEP-1943 00:00,1943,9,-1.046,NA,PDO,NA,NA,Pacific Decadal Oscillation,NA
01-OCT-1943 00:00,1943,10,-1.181,NA,PDO,NA,NA,Pacific Decadal Oscillation,NA
01-NOV-1943 00:00,1943,11,-0.264,NA,PDO,NA,NA,Pacific Decadal Oscillation,NA
01-DEC-1943 00:00,1943,12,1.512,NA,PDO,NA,NA,Pacific Decadal Oscillation,NA
01-JAN-1944 00:00,1944,1,1.255,NA,PDO,NA,NA,Pacific Decadal Oscillation,NA
01-FEB-1944 00:00,1944,2,0.224,NA,PDO,NA,NA,Pacific Decadal Oscillation,NA
01-MAR-1944 00:00,1944,3,-0.24,NA,PDO,NA,NA,Pacific Decadal Oscillation,NA
01-APR-1944 00:00,1944,4,-0.442,NA,PDO,NA,NA,Pacific Decadal Oscillation,NA
01-MAY-1944 00:00,1944,5,-1.175,NA,PDO,NA,NA,Pacific Decadal Oscillation,NA
01-JUN-1944 00:00,1944,6,-1.658,NA,PDO,NA,NA,Pacific Decadal Oscillation,NA
01-JUL-1944 00:00,1944,7,-1.116,NA,PDO,NA,NA,Pacific Decadal Oscillation,NA
01-AUG-1944 00:00,1944,8,-0.457,NA,PDO,NA,NA,Pacific Decadal Oscillation,NA
01-SEP-1944 00:00,1944,9,-1.116,NA,PDO,NA,NA,Pacific Decadal Oscillation,NA
01-OCT-1944 00:00,1944,10,-0.88,NA,PDO,NA,NA,Pacific Decadal Oscillation,NA
01-NOV-1944 00:00,1944,11,-0.382,NA,PDO,NA,NA,Pacific Decadal Oscillation,NA
01-DEC-1944 00:00,1944,12,-0.349,NA,PDO,NA,NA,Pacific Decadal Oscillation,NA
01-JAN-1945 00:00,1945,1,0.05,NA,PDO,NA,NA,Pacific Decadal Oscillation,NA
01-FEB-1945 00:00,1945,2,-0.025,NA,PDO,NA,NA,Pacific Decadal Oscillation,NA
01-MAR-1945 00:00,1945,3,0.247,NA,PDO,NA,NA,Pacific Decadal Oscillation,NA
01-APR-1945 00:00,1945,4,-0.026,NA,PDO,NA,NA,Pacific Decadal Oscillation,NA
01-MAY-1945 00:00,1945,5,-0.06,NA,PDO,NA,NA,Pacific Decadal Oscillation,NA
01-JUN-1945 00:00,1945,6,0.402,NA,PDO,NA,NA,Pacific Decadal Oscillation,NA
01-JUL-1945 00:00,1945,7,0.762,NA,PDO,NA,NA,Pacific Decadal Oscillation,NA
01-AUG-1945 00:00,1945,8,0.207,NA,PDO,NA,NA,Pacific Decadal Oscillation,NA
01-SEP-1945 00:00,1945,9,0.214,NA,PDO,NA,NA,Pacific Decadal Oscillation,NA
01-OCT-1945 00:00,1945,10,0.15,NA,PDO,NA,NA,Pacific Decadal Oscillation,NA
01-NOV-1945 00:00,1945,11,-0.841,NA,PDO,NA,NA,Pacific Decadal Oscillation,NA
01-DEC-1945 00:00,1945,12,-1.488,NA,PDO,NA,NA,Pacific Decadal Oscillation,NA
01-JAN-1946 00:00,1946,1,-0.93,NA,PDO,NA,NA,Pacific Decadal Oscillation,NA
01-FEB-1946 00:00,1946,2,0.506,NA,PDO,NA,NA,Pacific Decadal Oscillation,NA
01-MAR-1946 00:00,1946,3,0.704,NA,PDO,NA,NA,Pacific Decadal Oscillation,NA
01-APR-1946 00:00,1946,4,0.72,NA,PDO,NA,NA,Pacific Decadal Oscillation,NA
01-MAY-1946 00:00,1946,5,-0.132,NA,PDO,NA,NA,Pacific Decadal Oscillation,NA
01-JUN-1946 00:00,1946,6,-0.386,NA,PDO,NA,NA,Pacific Decadal Oscillation,NA
01-JUL-1946 00:00,1946,7,0.347,NA,PDO,NA,NA,Pacific Decadal Oscillation,NA
01-AUG-1946 00:00,1946,8,0.158,NA,PDO,NA,NA,Pacific Decadal Oscillation,NA
01-SEP-1946 00:00,1946,9,0.249,NA,PDO,NA,NA,Pacific Decadal Oscillation,NA
01-OCT-1946 00:00,1946,10,-0.603,NA,PDO,NA,NA,Pacific Decadal Oscillation,NA
01-NOV-1946 00:00,1946,11,-1.237,NA,PDO,NA,NA,Pacific Decadal Oscillation,NA
01-DEC-1946 00:00,1946,12,-1.428,NA,PDO,NA,NA,Pacific Decadal Oscillation,NA
01-JAN-1947 00:00,1947,1,0.023,NA,PDO,NA,NA,Pacific Decadal Oscillation,NA
01-FEB-1947 00:00,1947,2,0.461,NA,PDO,NA,NA,Pacific Decadal Oscillation,NA
01-MAR-1947 00:00,1947,3,0.705,NA,PDO,NA,NA,Pacific Decadal Oscillation,NA
01-APR-1947 00:00,1947,4,0.464,NA,PDO,NA,NA,Pacific Decadal Oscillation,NA
01-MAY-1947 00:00,1947,5,-0.005,NA,PDO,NA,NA,Pacific Decadal Oscillation,NA
01-JUN-1947 00:00,1947,6,0.951,NA,PDO,NA,NA,Pacific Decadal Oscillation,NA
01-JUL-1947 00:00,1947,7,0.736,NA,PDO,NA,NA,Pacific Decadal Oscillation,NA
01-AUG-1947 00:00,1947,8,0.8,NA,PDO,NA,NA,Pacific Decadal Oscillation,NA
01-SEP-1947 00:00,1947,9,0.575,NA,PDO,NA,NA,Pacific Decadal Oscillation,NA
01-OCT-1947 00:00,1947,10,1.415,NA,PDO,NA,NA,Pacific Decadal Oscillation,NA
01-NOV-1947 00:00,1947,11,0.673,NA,PDO,NA,NA,Pacific Decadal Oscillation,NA
01-DEC-1947 00:00,1947,12,0.159,NA,PDO,NA,NA,Pacific Decadal Oscillation,NA
01-JAN-1948 00:00,1948,1,0.117,NA,PDO,NA,NA,Pacific Decadal Oscillation,NA
01-FEB-1948 00:00,1948,2,-0.23,NA,PDO,NA,NA,Pacific Decadal Oscillation,NA
01-MAR-1948 00:00,1948,3,-0.884,NA,PDO,NA,NA,Pacific Decadal Oscillation,NA
01-APR-1948 00:00,1948,4,-0.733,NA,PDO,NA,NA,Pacific Decadal Oscillation,NA
01-MAY-1948 00:00,1948,5,-1.298,NA,PDO,NA,NA,Pacific Decadal Oscillation,NA
01-JUN-1948 00:00,1948,6,-0.029,NA,PDO,NA,NA,Pacific Decadal Oscillation,NA
01-JUL-1948 00:00,1948,7,0.012,NA,PDO,NA,NA,Pacific Decadal Oscillation,NA
01-AUG-1948 00:00,1948,8,-0.516,NA,PDO,NA,NA,Pacific Decadal Oscillation,NA
01-SEP-1948 00:00,1948,9,-0.768,NA,PDO,NA,NA,Pacific Decadal Oscillation,NA
01-OCT-1948 00:00,1948,10,-1.391,NA,PDO,NA,NA,Pacific Decadal Oscillation,NA
01-NOV-1948 00:00,1948,11,-0.744,NA,PDO,NA,NA,Pacific Decadal Oscillation,NA
01-DEC-1948 00:00,1948,12,-1.795,NA,PDO,NA,NA,Pacific Decadal Oscillation,NA
01-JAN-1949 00:00,1949,1,-2.345,NA,PDO,NA,NA,Pacific Decadal Oscillation,NA
01-FEB-1949 00:00,1949,2,-2.615,NA,PDO,NA,NA,Pacific Decadal Oscillation,NA
01-MAR-1949 00:00,1949,3,-1.447,NA,PDO,NA,NA,Pacific Decadal Oscillation,NA
01-APR-1949 00:00,1949,4,-1.208,NA,PDO,NA,NA,Pacific Decadal Oscillation,NA
01-MAY-1949 00:00,1949,5,-0.918,NA,PDO,NA,NA,Pacific Decadal Oscillation,NA
01-JUN-1949 00:00,1949,6,-0.753,NA,PDO,NA,NA,Pacific Decadal Oscillation,NA
01-JUL-1949 00:00,1949,7,-0.898,NA,PDO,NA,NA,Pacific Decadal Oscillation,NA
01-AUG-1949 00:00,1949,8,-0.987,NA,PDO,NA,NA,Pacific Decadal Oscillation,NA
01-SEP-1949 00:00,1949,9,-0.948,NA,PDO,NA,NA,Pacific Decadal Oscillation,NA
01-OCT-1949 00:00,1949,10,-1.574,NA,PDO,NA,NA,Pacific Decadal Oscillation,NA
01-NOV-1949 00:00,1949,11,-0.767,NA,PDO,NA,NA,Pacific Decadal Oscillation,NA
01-DEC-1949 00:00,1949,12,-0.699,NA,PDO,NA,NA,Pacific Decadal Oscillation,NA
01-JAN-1950 00:00,1950,1,-1.317,NA,PDO,NA,NA,Pacific Decadal Oscillation,NA
01-FEB-1950 00:00,1950,2,-1.654,NA,PDO,NA,NA,Pacific Decadal Oscillation,NA
01-MAR-1950 00:00,1950,3,-1.346,NA,PDO,NA,NA,Pacific Decadal Oscillation,NA
01-APR-1950 00:00,1950,4,-1.402,NA,PDO,NA,NA,Pacific Decadal Oscillation,NA
01-MAY-1950 00:00,1950,5,-2.424,NA,PDO,NA,NA,Pacific Decadal Oscillation,NA
01-JUN-1950 00:00,1950,6,-1.798,NA,PDO,NA,NA,Pacific Decadal Oscillation,NA
01-JUL-1950 00:00,1950,7,-2.62,NA,PDO,NA,NA,Pacific Decadal Oscillation,NA
01-AUG-1950 00:00,1950,8,-1.74,NA,PDO,NA,NA,Pacific Decadal Oscillation,NA
01-SEP-1950 00:00,1950,9,-1.401,NA,PDO,NA,NA,Pacific Decadal Oscillation,NA
01-OCT-1950 00:00,1950,10,-1.328,NA,PDO,NA,NA,Pacific Decadal Oscillation,NA
01-NOV-1950 00:00,1950,11,-1.106,NA,PDO,NA,NA,Pacific Decadal Oscillation,NA
01-DEC-1950 00:00,1950,12,-0.766,NA,PDO,NA,NA,Pacific Decadal Oscillation,NA
01-JAN-1951 00:00,1951,1,-0.803,NA,PDO,NA,NA,Pacific Decadal Oscillation,NA
01-FEB-1951 00:00,1951,2,-1.14,NA,PDO,NA,NA,Pacific Decadal Oscillation,NA
01-MAR-1951 00:00,1951,3,-1.29,NA,PDO,NA,NA,Pacific Decadal Oscillation,NA
01-APR-1951 00:00,1951,4,-0.883,NA,PDO,NA,NA,Pacific Decadal Oscillation,NA
01-MAY-1951 00:00,1951,5,-0.648,NA,PDO,NA,NA,Pacific Decadal Oscillation,NA
01-JUN-1951 00:00,1951,6,-1.142,NA,PDO,NA,NA,Pacific Decadal Oscillation,NA
01-JUL-1951 00:00,1951,7,0.143,NA,PDO,NA,NA,Pacific Decadal Oscillation,NA
01-AUG-1951 00:00,1951,8,-1.048,NA,PDO,NA,NA,Pacific Decadal Oscillation,NA
01-SEP-1951 00:00,1951,9,-0.129,NA,PDO,NA,NA,Pacific Decadal Oscillation,NA
01-OCT-1951 00:00,1951,10,0.074,NA,PDO,NA,NA,Pacific Decadal Oscillation,NA
01-NOV-1951 00:00,1951,11,-0.145,NA,PDO,NA,NA,Pacific Decadal Oscillation,NA
01-DEC-1951 00:00,1951,12,-1.321,NA,PDO,NA,NA,Pacific Decadal Oscillation,NA
01-JAN-1952 00:00,1952,1,-2.005,NA,PDO,NA,NA,Pacific Decadal Oscillation,NA
01-FEB-1952 00:00,1952,2,-1.153,NA,PDO,NA,NA,Pacific Decadal Oscillation,NA
01-MAR-1952 00:00,1952,3,-1.49,NA,PDO,NA,NA,Pacific Decadal Oscillation,NA
01-APR-1952 00:00,1952,4,-1.498,NA,PDO,NA,NA,Pacific Decadal Oscillation,NA
01-MAY-1952 00:00,1952,5,-1.393,NA,PDO,NA,NA,Pacific Decadal Oscillation,NA
01-JUN-1952 00:00,1952,6,-1.647,NA,PDO,NA,NA,Pacific Decadal Oscillation,NA
01-JUL-1952 00:00,1952,7,-1.458,NA,PDO,NA,NA,Pacific Decadal Oscillation,NA
01-AUG-1952 00:00,1952,8,-0.814,NA,PDO,NA,NA,Pacific Decadal Oscillation,NA
01-SEP-1952 00:00,1952,9,-0.666,NA,PDO,NA,NA,Pacific Decadal Oscillation,NA
01-OCT-1952 00:00,1952,10,-0.322,NA,PDO,NA,NA,Pacific Decadal Oscillation,NA
01-NOV-1952 00:00,1952,11,-0.163,NA,PDO,NA,NA,Pacific Decadal Oscillation,NA
01-DEC-1952 00:00,1952,12,-0.564,NA,PDO,NA,NA,Pacific Decadal Oscillation,NA
01-JAN-1953 00:00,1953,1,-0.091,NA,PDO,NA,NA,Pacific Decadal Oscillation,NA
01-FEB-1953 00:00,1953,2,-0.252,NA,PDO,NA,NA,Pacific Decadal Oscillation,NA
01-MAR-1953 00:00,1953,3,-0.966,NA,PDO,NA,NA,Pacific Decadal Oscillation,NA
01-APR-1953 00:00,1953,4,-0.628,NA,PDO,NA,NA,Pacific Decadal Oscillation,NA
01-MAY-1953 00:00,1953,5,-0.177,NA,PDO,NA,NA,Pacific Decadal Oscillation,NA
01-JUN-1953 00:00,1953,6,-0.179,NA,PDO,NA,NA,Pacific Decadal Oscillation,NA
01-JUL-1953 00:00,1953,7,0.354,NA,PDO,NA,NA,Pacific Decadal Oscillation,NA
01-AUG-1953 00:00,1953,8,-0.41,NA,PDO,NA,NA,Pacific Decadal Oscillation,NA
01-SEP-1953 00:00,1953,9,-0.581,NA,PDO,NA,NA,Pacific Decadal Oscillation,NA
01-OCT-1953 00:00,1953,10,-0.845,NA,PDO,NA,NA,Pacific Decadal Oscillation,NA
01-NOV-1953 00:00,1953,11,-0.231,NA,PDO,NA,NA,Pacific Decadal Oscillation,NA
01-DEC-1953 00:00,1953,12,-0.023,NA,PDO,NA,NA,Pacific Decadal Oscillation,NA
01-JAN-1954 00:00,1954,1,-0.774,NA,PDO,NA,NA,Pacific Decadal Oscillation,NA
01-FEB-1954 00:00,1954,2,-0.605,NA,PDO,NA,NA,Pacific Decadal Oscillation,NA
01-MAR-1954 00:00,1954,3,-0.732,NA,PDO,NA,NA,Pacific Decadal Oscillation,NA
01-APR-1954 00:00,1954,4,-0.702,NA,PDO,NA,NA,Pacific Decadal Oscillation,NA
01-MAY-1954 00:00,1954,5,-0.211,NA,PDO,NA,NA,Pacific Decadal Oscillation,NA
01-JUN-1954 00:00,1954,6,0.592,NA,PDO,NA,NA,Pacific Decadal Oscillation,NA
01-JUL-1954 00:00,1954,7,0.095,NA,PDO,NA,NA,Pacific Decadal Oscillation,NA
01-AUG-1954 00:00,1954,8,0.148,NA,PDO,NA,NA,Pacific Decadal Oscillation,NA
01-SEP-1954 00:00,1954,9,-0.499,NA,PDO,NA,NA,Pacific Decadal Oscillation,NA
01-OCT-1954 00:00,1954,10,0.4,NA,PDO,NA,NA,Pacific Decadal Oscillation,NA
01-NOV-1954 00:00,1954,11,1.003,NA,PDO,NA,NA,Pacific Decadal Oscillation,NA
01-DEC-1954 00:00,1954,12,0.461,NA,PDO,NA,NA,Pacific Decadal Oscillation,NA
01-JAN-1955 00:00,1955,1,-0.067,NA,PDO,NA,NA,Pacific Decadal Oscillation,NA
01-FEB-1955 00:00,1955,2,-0.649,NA,PDO,NA,NA,Pacific Decadal Oscillation,NA
01-MAR-1955 00:00,1955,3,-0.909,NA,PDO,NA,NA,Pacific Decadal Oscillation,NA
01-APR-1955 00:00,1955,4,-1.645,NA,PDO,NA,NA,Pacific Decadal Oscillation,NA
01-MAY-1955 00:00,1955,5,-1.435,NA,PDO,NA,NA,Pacific Decadal Oscillation,NA
01-JUN-1955 00:00,1955,6,-1.903,NA,PDO,NA,NA,Pacific Decadal Oscillation,NA
01-JUL-1955 00:00,1955,7,-2.218,NA,PDO,NA,NA,Pacific Decadal Oscillation,NA
01-AUG-1955 00:00,1955,8,-1.946,NA,PDO,NA,NA,Pacific Decadal Oscillation,NA
01-SEP-1955 00:00,1955,9,-1.829,NA,PDO,NA,NA,Pacific Decadal Oscillation,NA
01-OCT-1955 00:00,1955,10,-2.564,NA,PDO,NA,NA,Pacific Decadal Oscillation,NA
01-NOV-1955 00:00,1955,11,-1.957,NA,PDO,NA,NA,Pacific Decadal Oscillation,NA
01-DEC-1955 00:00,1955,12,-1.64,NA,PDO,NA,NA,Pacific Decadal Oscillation,NA
01-JAN-1956 00:00,1956,1,-1.61,NA,PDO,NA,NA,Pacific Decadal Oscillation,NA
01-FEB-1956 00:00,1956,2,-1.643,NA,PDO,NA,NA,Pacific Decadal Oscillation,NA
01-MAR-1956 00:00,1956,3,-2.328,NA,PDO,NA,NA,Pacific Decadal Oscillation,NA
01-APR-1956 00:00,1956,4,-2.007,NA,PDO,NA,NA,Pacific Decadal Oscillation,NA
01-MAY-1956 00:00,1956,5,-1.241,NA,PDO,NA,NA,Pacific Decadal Oscillation,NA
01-JUN-1956 00:00,1956,6,-1.865,NA,PDO,NA,NA,Pacific Decadal Oscillation,NA
01-JUL-1956 00:00,1956,7,-1.227,NA,PDO,NA,NA,Pacific Decadal Oscillation,NA
01-AUG-1956 00:00,1956,8,-0.532,NA,PDO,NA,NA,Pacific Decadal Oscillation,NA
01-SEP-1956 00:00,1956,9,-0.039,NA,PDO,NA,NA,Pacific Decadal Oscillation,NA
01-OCT-1956 00:00,1956,10,-1.23,NA,PDO,NA,NA,Pacific Decadal Oscillation,NA
01-NOV-1956 00:00,1956,11,-1.884,NA,PDO,NA,NA,Pacific Decadal Oscillation,NA
01-DEC-1956 00:00,1956,12,-1.005,NA,PDO,NA,NA,Pacific Decadal Oscillation,NA
01-JAN-1957 00:00,1957,1,-1.018,NA,PDO,NA,NA,Pacific Decadal Oscillation,NA
01-FEB-1957 00:00,1957,2,-1.22,NA,PDO,NA,NA,Pacific Decadal Oscillation,NA
01-MAR-1957 00:00,1957,3,-0.55,NA,PDO,NA,NA,Pacific Decadal Oscillation,NA
01-APR-1957 00:00,1957,4,-0.417,NA,PDO,NA,NA,Pacific Decadal Oscillation,NA
01-MAY-1957 00:00,1957,5,0.226,NA,PDO,NA,NA,Pacific Decadal Oscillation,NA
01-JUN-1957 00:00,1957,6,1.313,NA,PDO,NA,NA,Pacific Decadal Oscillation,NA
01-JUL-1957 00:00,1957,7,0.498,NA,PDO,NA,NA,Pacific Decadal Oscillation,NA
01-AUG-1957 00:00,1957,8,0.273,NA,PDO,NA,NA,Pacific Decadal Oscillation,NA
01-SEP-1957 00:00,1957,9,1.691,NA,PDO,NA,NA,Pacific Decadal Oscillation,NA
01-OCT-1957 00:00,1957,10,1.591,NA,PDO,NA,NA,Pacific Decadal Oscillation,NA
01-NOV-1957 00:00,1957,11,1.493,NA,PDO,NA,NA,Pacific Decadal Oscillation,NA
01-DEC-1957 00:00,1957,12,0.405,NA,PDO,NA,NA,Pacific Decadal Oscillation,NA
01-JAN-1958 00:00,1958,1,0.706,NA,PDO,NA,NA,Pacific Decadal Oscillation,NA
01-FEB-1958 00:00,1958,2,0.872,NA,PDO,NA,NA,Pacific Decadal Oscillation,NA
01-MAR-1958 00:00,1958,3,0.683,NA,PDO,NA,NA,Pacific Decadal Oscillation,NA
01-APR-1958 00:00,1958,4,0.675,NA,PDO,NA,NA,Pacific Decadal Oscillation,NA
01-MAY-1958 00:00,1958,5,1.393,NA,PDO,NA,NA,Pacific Decadal Oscillation,NA
01-JUN-1958 00:00,1958,6,1.548,NA,PDO,NA,NA,Pacific Decadal Oscillation,NA
01-JUL-1958 00:00,1958,7,0.785,NA,PDO,NA,NA,Pacific Decadal Oscillation,NA
01-AUG-1958 00:00,1958,8,1.169,NA,PDO,NA,NA,Pacific Decadal Oscillation,NA
01-SEP-1958 00:00,1958,9,0.922,NA,PDO,NA,NA,Pacific Decadal Oscillation,NA
01-OCT-1958 00:00,1958,10,0.398,NA,PDO,NA,NA,Pacific Decadal Oscillation,NA
01-NOV-1958 00:00,1958,11,0.407,NA,PDO,NA,NA,Pacific Decadal Oscillation,NA
01-DEC-1958 00:00,1958,12,1.074,NA,PDO,NA,NA,Pacific Decadal Oscillation,NA
01-JAN-1959 00:00,1959,1,1.075,NA,PDO,NA,NA,Pacific Decadal Oscillation,NA
01-FEB-1959 00:00,1959,2,0.541,NA,PDO,NA,NA,Pacific Decadal Oscillation,NA
01-MAR-1959 00:00,1959,3,0.058,NA,PDO,NA,NA,Pacific Decadal Oscillation,NA
01-APR-1959 00:00,1959,4,0.119,NA,PDO,NA,NA,Pacific Decadal Oscillation,NA
01-MAY-1959 00:00,1959,5,0.208,NA,PDO,NA,NA,Pacific Decadal Oscillation,NA
01-JUN-1959 00:00,1959,6,0.254,NA,PDO,NA,NA,Pacific Decadal Oscillation,NA
01-JUL-1959 00:00,1959,7,-0.118,NA,PDO,NA,NA,Pacific Decadal Oscillation,NA
01-AUG-1959 00:00,1959,8,0.002,NA,PDO,NA,NA,Pacific Decadal Oscillation,NA
01-SEP-1959 00:00,1959,9,-0.182,NA,PDO,NA,NA,Pacific Decadal Oscillation,NA
01-OCT-1959 00:00,1959,10,1.083,NA,PDO,NA,NA,Pacific Decadal Oscillation,NA
01-NOV-1959 00:00,1959,11,1.38,NA,PDO,NA,NA,Pacific Decadal Oscillation,NA
01-DEC-1959 00:00,1959,12,0.945,NA,PDO,NA,NA,Pacific Decadal Oscillation,NA
01-JAN-1960 00:00,1960,1,0.359,NA,PDO,NA,NA,Pacific Decadal Oscillation,NA
01-FEB-1960 00:00,1960,2,0.705,NA,PDO,NA,NA,Pacific Decadal Oscillation,NA
01-MAR-1960 00:00,1960,3,0.446,NA,PDO,NA,NA,Pacific Decadal Oscillation,NA
01-APR-1960 00:00,1960,4,0.507,NA,PDO,NA,NA,Pacific Decadal Oscillation,NA
01-MAY-1960 00:00,1960,5,0.642,NA,PDO,NA,NA,Pacific Decadal Oscillation,NA
01-JUN-1960 00:00,1960,6,1.051,NA,PDO,NA,NA,Pacific Decadal Oscillation,NA
01-JUL-1960 00:00,1960,7,-0.09,NA,PDO,NA,NA,Pacific Decadal Oscillation,NA
01-AUG-1960 00:00,1960,8,0.12,NA,PDO,NA,NA,Pacific Decadal Oscillation,NA
01-SEP-1960 00:00,1960,9,-0.498,NA,PDO,NA,NA,Pacific Decadal Oscillation,NA
01-OCT-1960 00:00,1960,10,0.064,NA,PDO,NA,NA,Pacific Decadal Oscillation,NA
01-NOV-1960 00:00,1960,11,0.042,NA,PDO,NA,NA,Pacific Decadal Oscillation,NA
01-DEC-1960 00:00,1960,12,0.103,NA,PDO,NA,NA,Pacific Decadal Oscillation,NA
01-JAN-1961 00:00,1961,1,0.879,NA,PDO,NA,NA,Pacific Decadal Oscillation,NA
01-FEB-1961 00:00,1961,2,0.886,NA,PDO,NA,NA,Pacific Decadal Oscillation,NA
01-MAR-1961 00:00,1961,3,0.684,NA,PDO,NA,NA,Pacific Decadal Oscillation,NA
01-APR-1961 00:00,1961,4,0.486,NA,PDO,NA,NA,Pacific Decadal Oscillation,NA
01-MAY-1961 00:00,1961,5,-0.216,NA,PDO,NA,NA,Pacific Decadal Oscillation,NA
01-JUN-1961 00:00,1961,6,-0.455,NA,PDO,NA,NA,Pacific Decadal Oscillation,NA
01-JUL-1961 00:00,1961,7,-0.671,NA,PDO,NA,NA,Pacific Decadal Oscillation,NA
01-AUG-1961 00:00,1961,8,-0.426,NA,PDO,NA,NA,Pacific Decadal Oscillation,NA
01-SEP-1961 00:00,1961,9,-0.73,NA,PDO,NA,NA,Pacific Decadal Oscillation,NA
01-OCT-1961 00:00,1961,10,-1.262,NA,PDO,NA,NA,Pacific Decadal Oscillation,NA
01-NOV-1961 00:00,1961,11,-0.901,NA,PDO,NA,NA,Pacific Decadal Oscillation,NA
01-DEC-1961 00:00,1961,12,-1.448,NA,PDO,NA,NA,Pacific Decadal Oscillation,NA
01-JAN-1962 00:00,1962,1,-0.85,NA,PDO,NA,NA,Pacific Decadal Oscillation,NA
01-FEB-1962 00:00,1962,2,-0.632,NA,PDO,NA,NA,Pacific Decadal Oscillation,NA
01-MAR-1962 00:00,1962,3,-0.708,NA,PDO,NA,NA,Pacific Decadal Oscillation,NA
01-APR-1962 00:00,1962,4,-0.585,NA,PDO,NA,NA,Pacific Decadal Oscillation,NA
01-MAY-1962 00:00,1962,5,-0.907,NA,PDO,NA,NA,Pacific Decadal Oscillation,NA
01-JUN-1962 00:00,1962,6,-1.504,NA,PDO,NA,NA,Pacific Decadal Oscillation,NA
01-JUL-1962 00:00,1962,7,-1.443,NA,PDO,NA,NA,Pacific Decadal Oscillation,NA
01-AUG-1962 00:00,1962,8,-0.513,NA,PDO,NA,NA,Pacific Decadal Oscillation,NA
01-SEP-1962 00:00,1962,9,-1.13,NA,PDO,NA,NA,Pacific Decadal Oscillation,NA
01-OCT-1962 00:00,1962,10,-1.329,NA,PDO,NA,NA,Pacific Decadal Oscillation,NA
01-NOV-1962 00:00,1962,11,-0.241,NA,PDO,NA,NA,Pacific Decadal Oscillation,NA
01-DEC-1962 00:00,1962,12,-0.21,NA,PDO,NA,NA,Pacific Decadal Oscillation,NA
01-JAN-1963 00:00,1963,1,0.132,NA,PDO,NA,NA,Pacific Decadal Oscillation,NA
01-FEB-1963 00:00,1963,2,0.321,NA,PDO,NA,NA,Pacific Decadal Oscillation,NA
01-MAR-1963 00:00,1963,3,-0.056,NA,PDO,NA,NA,Pacific Decadal Oscillation,NA
01-APR-1963 00:00,1963,4,-0.009,NA,PDO,NA,NA,Pacific Decadal Oscillation,NA
01-MAY-1963 00:00,1963,5,-0.881,NA,PDO,NA,NA,Pacific Decadal Oscillation,NA
01-JUN-1963 00:00,1963,6,-0.62,NA,PDO,NA,NA,Pacific Decadal Oscillation,NA
01-JUL-1963 00:00,1963,7,-0.957,NA,PDO,NA,NA,Pacific Decadal Oscillation,NA
01-AUG-1963 00:00,1963,8,-0.704,NA,PDO,NA,NA,Pacific Decadal Oscillation,NA
01-SEP-1963 00:00,1963,9,1.059,NA,PDO,NA,NA,Pacific Decadal Oscillation,NA
01-OCT-1963 00:00,1963,10,0.248,NA,PDO,NA,NA,Pacific Decadal Oscillation,NA
01-NOV-1963 00:00,1963,11,-0.377,NA,PDO,NA,NA,Pacific Decadal Oscillation,NA
01-DEC-1963 00:00,1963,12,0.318,NA,PDO,NA,NA,Pacific Decadal Oscillation,NA
01-JAN-1964 00:00,1964,1,0.301,NA,PDO,NA,NA,Pacific Decadal Oscillation,NA
01-FEB-1964 00:00,1964,2,0.135,NA,PDO,NA,NA,Pacific Decadal Oscillation,NA
01-MAR-1964 00:00,1964,3,-0.506,NA,PDO,NA,NA,Pacific Decadal Oscillation,NA
01-APR-1964 00:00,1964,4,-0.821,NA,PDO,NA,NA,Pacific Decadal Oscillation,NA
01-MAY-1964 00:00,1964,5,-1.71,NA,PDO,NA,NA,Pacific Decadal Oscillation,NA
01-JUN-1964 00:00,1964,6,-0.485,NA,PDO,NA,NA,Pacific Decadal Oscillation,NA
01-JUL-1964 00:00,1964,7,-0.7,NA,PDO,NA,NA,Pacific Decadal Oscillation,NA
01-AUG-1964 00:00,1964,8,-1.119,NA,PDO,NA,NA,Pacific Decadal Oscillation,NA
01-SEP-1964 00:00,1964,9,-0.858,NA,PDO,NA,NA,Pacific Decadal Oscillation,NA
01-OCT-1964 00:00,1964,10,-0.372,NA,PDO,NA,NA,Pacific Decadal Oscillation,NA
01-NOV-1964 00:00,1964,11,-0.424,NA,PDO,NA,NA,Pacific Decadal Oscillation,NA
01-DEC-1964 00:00,1964,12,-0.427,NA,PDO,NA,NA,Pacific Decadal Oscillation,NA
01-JAN-1965 00:00,1965,1,-0.741,NA,PDO,NA,NA,Pacific Decadal Oscillation,NA
01-FEB-1965 00:00,1965,2,-0.341,NA,PDO,NA,NA,Pacific Decadal Oscillation,NA
01-MAR-1965 00:00,1965,3,0.052,NA,PDO,NA,NA,Pacific Decadal Oscillation,NA
01-APR-1965 00:00,1965,4,0.143,NA,PDO,NA,NA,Pacific Decadal Oscillation,NA
01-MAY-1965 00:00,1965,5,-0.277,NA,PDO,NA,NA,Pacific Decadal Oscillation,NA
01-JUN-1965 00:00,1965,6,-0.513,NA,PDO,NA,NA,Pacific Decadal Oscillation,NA
01-JUL-1965 00:00,1965,7,-0.485,NA,PDO,NA,NA,Pacific Decadal Oscillation,NA
01-AUG-1965 00:00,1965,8,0.526,NA,PDO,NA,NA,Pacific Decadal Oscillation,NA
01-SEP-1965 00:00,1965,9,1.053,NA,PDO,NA,NA,Pacific Decadal Oscillation,NA
01-OCT-1965 00:00,1965,10,0.647,NA,PDO,NA,NA,Pacific Decadal Oscillation,NA
01-NOV-1965 00:00,1965,11,0.559,NA,PDO,NA,NA,Pacific Decadal Oscillation,NA
01-DEC-1965 00:00,1965,12,0.218,NA,PDO,NA,NA,Pacific Decadal Oscillation,NA
01-JAN-1966 00:00,1966,1,-0.528,NA,PDO,NA,NA,Pacific Decadal Oscillation,NA
01-FEB-1966 00:00,1966,2,-0.228,NA,PDO,NA,NA,Pacific Decadal Oscillation,NA
01-MAR-1966 00:00,1966,3,-0.633,NA,PDO,NA,NA,Pacific Decadal Oscillation,NA
01-APR-1966 00:00,1966,4,-0.085,NA,PDO,NA,NA,Pacific Decadal Oscillation,NA
01-MAY-1966 00:00,1966,5,-0.332,NA,PDO,NA,NA,Pacific Decadal Oscillation,NA
01-JUN-1966 00:00,1966,6,0.154,NA,PDO,NA,NA,Pacific Decadal Oscillation,NA
01-JUL-1966 00:00,1966,7,0.118,NA,PDO,NA,NA,Pacific Decadal Oscillation,NA
01-AUG-1966 00:00,1966,8,0.101,NA,PDO,NA,NA,Pacific Decadal Oscillation,NA
01-SEP-1966 00:00,1966,9,0.051,NA,PDO,NA,NA,Pacific Decadal Oscillation,NA
01-OCT-1966 00:00,1966,10,-0.184,NA,PDO,NA,NA,Pacific Decadal Oscillation,NA
01-NOV-1966 00:00,1966,11,-0.32,NA,PDO,NA,NA,Pacific Decadal Oscillation,NA
01-DEC-1966 00:00,1966,12,-0.057,NA,PDO,NA,NA,Pacific Decadal Oscillation,NA
01-JAN-1967 00:00,1967,1,-0.153,NA,PDO,NA,NA,Pacific Decadal Oscillation,NA
01-FEB-1967 00:00,1967,2,-0.118,NA,PDO,NA,NA,Pacific Decadal Oscillation,NA
01-MAR-1967 00:00,1967,3,-0.508,NA,PDO,NA,NA,Pacific Decadal Oscillation,NA
01-APR-1967 00:00,1967,4,-0.754,NA,PDO,NA,NA,Pacific Decadal Oscillation,NA
01-MAY-1967 00:00,1967,5,-1.107,NA,PDO,NA,NA,Pacific Decadal Oscillation,NA
01-JUN-1967 00:00,1967,6,-0.872,NA,PDO,NA,NA,Pacific Decadal Oscillation,NA
01-JUL-1967 00:00,1967,7,-0.635,NA,PDO,NA,NA,Pacific Decadal Oscillation,NA
01-AUG-1967 00:00,1967,8,-0.861,NA,PDO,NA,NA,Pacific Decadal Oscillation,NA
01-SEP-1967 00:00,1967,9,-0.231,NA,PDO,NA,NA,Pacific Decadal Oscillation,NA
01-OCT-1967 00:00,1967,10,0.041,NA,PDO,NA,NA,Pacific Decadal Oscillation,NA
01-NOV-1967 00:00,1967,11,0.247,NA,PDO,NA,NA,Pacific Decadal Oscillation,NA
01-DEC-1967 00:00,1967,12,-0.652,NA,PDO,NA,NA,Pacific Decadal Oscillation,NA
01-JAN-1968 00:00,1968,1,-0.549,NA,PDO,NA,NA,Pacific Decadal Oscillation,NA
01-FEB-1968 00:00,1968,2,-0.103,NA,PDO,NA,NA,Pacific Decadal Oscillation,NA
01-MAR-1968 00:00,1968,3,0.196,NA,PDO,NA,NA,Pacific Decadal Oscillation,NA
01-APR-1968 00:00,1968,4,-0.322,NA,PDO,NA,NA,Pacific Decadal Oscillation,NA
01-MAY-1968 00:00,1968,5,-0.299,NA,PDO,NA,NA,Pacific Decadal Oscillation,NA
01-JUN-1968 00:00,1968,6,0.311,NA,PDO,NA,NA,Pacific Decadal Oscillation,NA
01-JUL-1968 00:00,1968,7,0.716,NA,PDO,NA,NA,Pacific Decadal Oscillation,NA
01-AUG-1968 00:00,1968,8,0.276,NA,PDO,NA,NA,Pacific Decadal Oscillation,NA
01-SEP-1968 00:00,1968,9,0.464,NA,PDO,NA,NA,Pacific Decadal Oscillation,NA
01-OCT-1968 00:00,1968,10,0.2,NA,PDO,NA,NA,Pacific Decadal Oscillation,NA
01-NOV-1968 00:00,1968,11,0.278,NA,PDO,NA,NA,Pacific Decadal Oscillation,NA
01-DEC-1968 00:00,1968,12,0.117,NA,PDO,NA,NA,Pacific Decadal Oscillation,NA
01-JAN-1969 00:00,1969,1,-0.318,NA,PDO,NA,NA,Pacific Decadal Oscillation,NA
01-FEB-1969 00:00,1969,2,-0.792,NA,PDO,NA,NA,Pacific Decadal Oscillation,NA
01-MAR-1969 00:00,1969,3,-0.791,NA,PDO,NA,NA,Pacific Decadal Oscillation,NA
01-APR-1969 00:00,1969,4,-0.733,NA,PDO,NA,NA,Pacific Decadal Oscillation,NA
01-MAY-1969 00:00,1969,5,-0.585,NA,PDO,NA,NA,Pacific Decadal Oscillation,NA
01-JUN-1969 00:00,1969,6,1.078,NA,PDO,NA,NA,Pacific Decadal Oscillation,NA
01-JUL-1969 00:00,1969,7,0.054,NA,PDO,NA,NA,Pacific Decadal Oscillation,NA
01-AUG-1969 00:00,1969,8,-0.347,NA,PDO,NA,NA,Pacific Decadal Oscillation,NA
01-SEP-1969 00:00,1969,9,-0.548,NA,PDO,NA,NA,Pacific Decadal Oscillation,NA
01-OCT-1969 00:00,1969,10,1.124,NA,PDO,NA,NA,Pacific Decadal Oscillation,NA
01-NOV-1969 00:00,1969,11,0.755,NA,PDO,NA,NA,Pacific Decadal Oscillation,NA
01-DEC-1969 00:00,1969,12,1.102,NA,PDO,NA,NA,Pacific Decadal Oscillation,NA
01-JAN-1970 00:00,1970,1,1.111,NA,PDO,NA,NA,Pacific Decadal Oscillation,NA
01-FEB-1970 00:00,1970,2,1.114,NA,PDO,NA,NA,Pacific Decadal Oscillation,NA
01-MAR-1970 00:00,1970,3,1.214,NA,PDO,NA,NA,Pacific Decadal Oscillation,NA
01-APR-1970 00:00,1970,4,0.428,NA,PDO,NA,NA,Pacific Decadal Oscillation,NA
01-MAY-1970 00:00,1970,5,-0.547,NA,PDO,NA,NA,Pacific Decadal Oscillation,NA
01-JUN-1970 00:00,1970,6,0.068,NA,PDO,NA,NA,Pacific Decadal Oscillation,NA
01-JUL-1970 00:00,1970,7,-0.521,NA,PDO,NA,NA,Pacific Decadal Oscillation,NA
01-AUG-1970 00:00,1970,8,-1.213,NA,PDO,NA,NA,Pacific Decadal Oscillation,NA
01-SEP-1970 00:00,1970,9,-1.072,NA,PDO,NA,NA,Pacific Decadal Oscillation,NA
01-OCT-1970 00:00,1970,10,-0.73,NA,PDO,NA,NA,Pacific Decadal Oscillation,NA
01-NOV-1970 00:00,1970,11,-0.543,NA,PDO,NA,NA,Pacific Decadal Oscillation,NA
01-DEC-1970 00:00,1970,12,-0.718,NA,PDO,NA,NA,Pacific Decadal Oscillation,NA
01-JAN-1971 00:00,1971,1,-0.989,NA,PDO,NA,NA,Pacific Decadal Oscillation,NA
01-FEB-1971 00:00,1971,2,-1.001,NA,PDO,NA,NA,Pacific Decadal Oscillation,NA
01-MAR-1971 00:00,1971,3,-1.029,NA,PDO,NA,NA,Pacific Decadal Oscillation,NA
01-APR-1971 00:00,1971,4,-1.208,NA,PDO,NA,NA,Pacific Decadal Oscillation,NA
01-MAY-1971 00:00,1971,5,-1.259,NA,PDO,NA,NA,Pacific Decadal Oscillation,NA
01-JUN-1971 00:00,1971,6,-1.484,NA,PDO,NA,NA,Pacific Decadal Oscillation,NA
01-JUL-1971 00:00,1971,7,-1.896,NA,PDO,NA,NA,Pacific Decadal Oscillation,NA
01-AUG-1971 00:00,1971,8,-0.189,NA,PDO,NA,NA,Pacific Decadal Oscillation,NA
01-SEP-1971 00:00,1971,9,0.05,NA,PDO,NA,NA,Pacific Decadal Oscillation,NA
01-OCT-1971 00:00,1971,10,-0.154,NA,PDO,NA,NA,Pacific Decadal Oscillation,NA
01-NOV-1971 00:00,1971,11,-0.985,NA,PDO,NA,NA,Pacific Decadal Oscillation,NA
01-DEC-1971 00:00,1971,12,-1.519,NA,PDO,NA,NA,Pacific Decadal Oscillation,NA
01-JAN-1972 00:00,1972,1,-1.674,NA,PDO,NA,NA,Pacific Decadal Oscillation,NA
01-FEB-1972 00:00,1972,2,-1.53,NA,PDO,NA,NA,Pacific Decadal Oscillation,NA
01-MAR-1972 00:00,1972,3,-1.114,NA,PDO,NA,NA,Pacific Decadal Oscillation,NA
01-APR-1972 00:00,1972,4,-1.235,NA,PDO,NA,NA,Pacific Decadal Oscillation,NA
01-MAY-1972 00:00,1972,5,-1.603,NA,PDO,NA,NA,Pacific Decadal Oscillation,NA
01-JUN-1972 00:00,1972,6,-1.409,NA,PDO,NA,NA,Pacific Decadal Oscillation,NA
01-JUL-1972 00:00,1972,7,-0.972,NA,PDO,NA,NA,Pacific Decadal Oscillation,NA
01-AUG-1972 00:00,1972,8,0.258,NA,PDO,NA,NA,Pacific Decadal Oscillation,NA
01-SEP-1972 00:00,1972,9,0.243,NA,PDO,NA,NA,Pacific Decadal Oscillation,NA
01-OCT-1972 00:00,1972,10,0.125,NA,PDO,NA,NA,Pacific Decadal Oscillation,NA
01-NOV-1972 00:00,1972,11,0.133,NA,PDO,NA,NA,Pacific Decadal Oscillation,NA
01-DEC-1972 00:00,1972,12,-0.287,NA,PDO,NA,NA,Pacific Decadal Oscillation,NA
01-JAN-1973 00:00,1973,1,-0.067,NA,PDO,NA,NA,Pacific Decadal Oscillation,NA
01-FEB-1973 00:00,1973,2,-0.267,NA,PDO,NA,NA,Pacific Decadal Oscillation,NA
01-MAR-1973 00:00,1973,3,-0.521,NA,PDO,NA,NA,Pacific Decadal Oscillation,NA
01-APR-1973 00:00,1973,4,-0.821,NA,PDO,NA,NA,Pacific Decadal Oscillation,NA
01-MAY-1973 00:00,1973,5,-1.017,NA,PDO,NA,NA,Pacific Decadal Oscillation,NA
01-JUN-1973 00:00,1973,6,-0.988,NA,PDO,NA,NA,Pacific Decadal Oscillation,NA
01-JUL-1973 00:00,1973,7,-0.708,NA,PDO,NA,NA,Pacific Decadal Oscillation,NA
01-AUG-1973 00:00,1973,8,-0.738,NA,PDO,NA,NA,Pacific Decadal Oscillation,NA
01-SEP-1973 00:00,1973,9,-0.37,NA,PDO,NA,NA,Pacific Decadal Oscillation,NA
01-OCT-1973 00:00,1973,10,-0.686,NA,PDO,NA,NA,Pacific Decadal Oscillation,NA
01-NOV-1973 00:00,1973,11,-0.929,NA,PDO,NA,NA,Pacific Decadal Oscillation,NA
01-DEC-1973 00:00,1973,12,-0.69,NA,PDO,NA,NA,Pacific Decadal Oscillation,NA
01-JAN-1974 00:00,1974,1,-0.537,NA,PDO,NA,NA,Pacific Decadal Oscillation,NA
01-FEB-1974 00:00,1974,2,-0.98,NA,PDO,NA,NA,Pacific Decadal Oscillation,NA
01-MAR-1974 00:00,1974,3,-0.834,NA,PDO,NA,NA,Pacific Decadal Oscillation,NA
01-APR-1974 00:00,1974,4,-0.374,NA,PDO,NA,NA,Pacific Decadal Oscillation,NA
01-MAY-1974 00:00,1974,5,-0.432,NA,PDO,NA,NA,Pacific Decadal Oscillation,NA
01-JUN-1974 00:00,1974,6,-0.326,NA,PDO,NA,NA,Pacific Decadal Oscillation,NA
01-JUL-1974 00:00,1974,7,0.188,NA,PDO,NA,NA,Pacific Decadal Oscillation,NA
01-AUG-1974 00:00,1974,8,0.205,NA,PDO,NA,NA,Pacific Decadal Oscillation,NA
01-SEP-1974 00:00,1974,9,0.886,NA,PDO,NA,NA,Pacific Decadal Oscillation,NA
01-OCT-1974 00:00,1974,10,0.433,NA,PDO,NA,NA,Pacific Decadal Oscillation,NA
01-NOV-1974 00:00,1974,11,0.642,NA,PDO,NA,NA,Pacific Decadal Oscillation,NA
01-DEC-1974 00:00,1974,12,0.239,NA,PDO,NA,NA,Pacific Decadal Oscillation,NA
01-JAN-1975 00:00,1975,1,-0.411,NA,PDO,NA,NA,Pacific Decadal Oscillation,NA
01-FEB-1975 00:00,1975,2,-0.576,NA,PDO,NA,NA,Pacific Decadal Oscillation,NA
01-MAR-1975 00:00,1975,3,-0.706,NA,PDO,NA,NA,Pacific Decadal Oscillation,NA
01-APR-1975 00:00,1975,4,-1.3,NA,PDO,NA,NA,Pacific Decadal Oscillation,NA
01-MAY-1975 00:00,1975,5,-1.568,NA,PDO,NA,NA,Pacific Decadal Oscillation,NA
01-JUN-1975 00:00,1975,6,-1.184,NA,PDO,NA,NA,Pacific Decadal Oscillation,NA
01-JUL-1975 00:00,1975,7,-0.559,NA,PDO,NA,NA,Pacific Decadal Oscillation,NA
01-AUG-1975 00:00,1975,8,-0.816,NA,PDO,NA,NA,Pacific Decadal Oscillation,NA
01-SEP-1975 00:00,1975,9,-0.779,NA,PDO,NA,NA,Pacific Decadal Oscillation,NA
01-OCT-1975 00:00,1975,10,-0.987,NA,PDO,NA,NA,Pacific Decadal Oscillation,NA
01-NOV-1975 00:00,1975,11,-1.242,NA,PDO,NA,NA,Pacific Decadal Oscillation,NA
01-DEC-1975 00:00,1975,12,-1.188,NA,PDO,NA,NA,Pacific Decadal Oscillation,NA
01-JAN-1976 00:00,1976,1,-0.841,NA,PDO,NA,NA,Pacific Decadal Oscillation,NA
01-FEB-1976 00:00,1976,2,-0.794,NA,PDO,NA,NA,Pacific Decadal Oscillation,NA
01-MAR-1976 00:00,1976,3,-0.942,NA,PDO,NA,NA,Pacific Decadal Oscillation,NA
01-APR-1976 00:00,1976,4,-1.027,NA,PDO,NA,NA,Pacific Decadal Oscillation,NA
01-MAY-1976 00:00,1976,5,-0.795,NA,PDO,NA,NA,Pacific Decadal Oscillation,NA
01-JUN-1976 00:00,1976,6,-1.028,NA,PDO,NA,NA,Pacific Decadal Oscillation,NA
01-JUL-1976 00:00,1976,7,0.368,NA,PDO,NA,NA,Pacific Decadal Oscillation,NA
01-AUG-1976 00:00,1976,8,1.023,NA,PDO,NA,NA,Pacific Decadal Oscillation,NA
01-SEP-1976 00:00,1976,9,0.732,NA,PDO,NA,NA,Pacific Decadal Oscillation,NA
01-OCT-1976 00:00,1976,10,1.235,NA,PDO,NA,NA,Pacific Decadal Oscillation,NA
01-NOV-1976 00:00,1976,11,1.215,NA,PDO,NA,NA,Pacific Decadal Oscillation,NA
01-DEC-1976 00:00,1976,12,0.97,NA,PDO,NA,NA,Pacific Decadal Oscillation,NA
01-JAN-1977 00:00,1977,1,1.051,NA,PDO,NA,NA,Pacific Decadal Oscillation,NA
01-FEB-1977 00:00,1977,2,1.349,NA,PDO,NA,NA,Pacific Decadal Oscillation,NA
01-MAR-1977 00:00,1977,3,0.689,NA,PDO,NA,NA,Pacific Decadal Oscillation,NA
01-APR-1977 00:00,1977,4,0.075,NA,PDO,NA,NA,Pacific Decadal Oscillation,NA
01-MAY-1977 00:00,1977,5,-0.105,NA,PDO,NA,NA,Pacific Decadal Oscillation,NA
01-JUN-1977 00:00,1977,6,0.292,NA,PDO,NA,NA,Pacific Decadal Oscillation,NA
01-JUL-1977 00:00,1977,7,0.382,NA,PDO,NA,NA,Pacific Decadal Oscillation,NA
01-AUG-1977 00:00,1977,8,0.51,NA,PDO,NA,NA,Pacific Decadal Oscillation,NA
01-SEP-1977 00:00,1977,9,-0.095,NA,PDO,NA,NA,Pacific Decadal Oscillation,NA
01-OCT-1977 00:00,1977,10,-0.337,NA,PDO,NA,NA,Pacific Decadal Oscillation,NA
01-NOV-1977 00:00,1977,11,0.014,NA,PDO,NA,NA,Pacific Decadal Oscillation,NA
01-DEC-1977 00:00,1977,12,0.149,NA,PDO,NA,NA,Pacific Decadal Oscillation,NA
01-JAN-1978 00:00,1978,1,0.71,NA,PDO,NA,NA,Pacific Decadal Oscillation,NA
01-FEB-1978 00:00,1978,2,0.925,NA,PDO,NA,NA,Pacific Decadal Oscillation,NA
01-MAR-1978 00:00,1978,3,1.307,NA,PDO,NA,NA,Pacific Decadal Oscillation,NA
01-APR-1978 00:00,1978,4,1.165,NA,PDO,NA,NA,Pacific Decadal Oscillation,NA
01-MAY-1978 00:00,1978,5,1.027,NA,PDO,NA,NA,Pacific Decadal Oscillation,NA
01-JUN-1978 00:00,1978,6,0.575,NA,PDO,NA,NA,Pacific Decadal Oscillation,NA
01-JUL-1978 00:00,1978,7,-0.8,NA,PDO,NA,NA,Pacific Decadal Oscillation,NA
01-AUG-1978 00:00,1978,8,-0.305,NA,PDO,NA,NA,Pacific Decadal Oscillation,NA
01-SEP-1978 00:00,1978,9,-0.348,NA,PDO,NA,NA,Pacific Decadal Oscillation,NA
01-OCT-1978 00:00,1978,10,0.331,NA,PDO,NA,NA,Pacific Decadal Oscillation,NA
01-NOV-1978 00:00,1978,11,0.256,NA,PDO,NA,NA,Pacific Decadal Oscillation,NA
01-DEC-1978 00:00,1978,12,-0.284,NA,PDO,NA,NA,Pacific Decadal Oscillation,NA
01-JAN-1979 00:00,1979,1,0.002,NA,PDO,NA,NA,Pacific Decadal Oscillation,NA
01-FEB-1979 00:00,1979,2,-0.765,NA,PDO,NA,NA,Pacific Decadal Oscillation,NA
01-MAR-1979 00:00,1979,3,-0.224,NA,PDO,NA,NA,Pacific Decadal Oscillation,NA
01-APR-1979 00:00,1979,4,0.195,NA,PDO,NA,NA,Pacific Decadal Oscillation,NA
01-MAY-1979 00:00,1979,5,0.84,NA,PDO,NA,NA,Pacific Decadal Oscillation,NA
01-JUN-1979 00:00,1979,6,0.475,NA,PDO,NA,NA,Pacific Decadal Oscillation,NA
01-JUL-1979 00:00,1979,7,0.627,NA,PDO,NA,NA,Pacific Decadal Oscillation,NA
01-AUG-1979 00:00,1979,8,0.469,NA,PDO,NA,NA,Pacific Decadal Oscillation,NA
01-SEP-1979 00:00,1979,9,1.127,NA,PDO,NA,NA,Pacific Decadal Oscillation,NA
01-OCT-1979 00:00,1979,10,1.302,NA,PDO,NA,NA,Pacific Decadal Oscillation,NA
01-NOV-1979 00:00,1979,11,0.805,NA,PDO,NA,NA,Pacific Decadal Oscillation,NA
01-DEC-1979 00:00,1979,12,0.378,NA,PDO,NA,NA,Pacific Decadal Oscillation,NA
01-JAN-1980 00:00,1980,1,0.36,NA,PDO,NA,NA,Pacific Decadal Oscillation,NA
01-FEB-1980 00:00,1980,2,0.863,NA,PDO,NA,NA,Pacific Decadal Oscillation,NA
01-MAR-1980 00:00,1980,3,0.797,NA,PDO,NA,NA,Pacific Decadal Oscillation,NA
01-APR-1980 00:00,1980,4,1.023,NA,PDO,NA,NA,Pacific Decadal Oscillation,NA
01-MAY-1980 00:00,1980,5,1.036,NA,PDO,NA,NA,Pacific Decadal Oscillation,NA
01-JUN-1980 00:00,1980,6,-0.39,NA,PDO,NA,NA,Pacific Decadal Oscillation,NA
01-JUL-1980 00:00,1980,7,0.1,NA,PDO,NA,NA,Pacific Decadal Oscillation,NA
01-AUG-1980 00:00,1980,8,0.184,NA,PDO,NA,NA,Pacific Decadal Oscillation,NA
01-SEP-1980 00:00,1980,9,0.161,NA,PDO,NA,NA,Pacific Decadal Oscillation,NA
01-OCT-1980 00:00,1980,10,1.265,NA,PDO,NA,NA,Pacific Decadal Oscillation,NA
01-NOV-1980 00:00,1980,11,0.874,NA,PDO,NA,NA,Pacific Decadal Oscillation,NA
01-DEC-1980 00:00,1980,12,0.476,NA,PDO,NA,NA,Pacific Decadal Oscillation,NA
01-JAN-1981 00:00,1981,1,1.167,NA,PDO,NA,NA,Pacific Decadal Oscillation,NA
01-FEB-1981 00:00,1981,2,1.32,NA,PDO,NA,NA,Pacific Decadal Oscillation,NA
01-MAR-1981 00:00,1981,3,1.35,NA,PDO,NA,NA,Pacific Decadal Oscillation,NA
01-APR-1981 00:00,1981,4,1.228,NA,PDO,NA,NA,Pacific Decadal Oscillation,NA
01-MAY-1981 00:00,1981,5,1.379,NA,PDO,NA,NA,Pacific Decadal Oscillation,NA
01-JUN-1981 00:00,1981,6,1.708,NA,PDO,NA,NA,Pacific Decadal Oscillation,NA
01-JUL-1981 00:00,1981,7,1.001,NA,PDO,NA,NA,Pacific Decadal Oscillation,NA
01-AUG-1981 00:00,1981,8,0.54,NA,PDO,NA,NA,Pacific Decadal Oscillation,NA
01-SEP-1981 00:00,1981,9,0.784,NA,PDO,NA,NA,Pacific Decadal Oscillation,NA
01-OCT-1981 00:00,1981,10,0.171,NA,PDO,NA,NA,Pacific Decadal Oscillation,NA
01-NOV-1981 00:00,1981,11,0.618,NA,PDO,NA,NA,Pacific Decadal Oscillation,NA
01-DEC-1981 00:00,1981,12,0.61,NA,PDO,NA,NA,Pacific Decadal Oscillation,NA
01-JAN-1982 00:00,1982,1,0.204,NA,PDO,NA,NA,Pacific Decadal Oscillation,NA
01-FEB-1982 00:00,1982,2,0.077,NA,PDO,NA,NA,Pacific Decadal Oscillation,NA
01-MAR-1982 00:00,1982,3,0.045,NA,PDO,NA,NA,Pacific Decadal Oscillation,NA
01-APR-1982 00:00,1982,4,-0.271,NA,PDO,NA,NA,Pacific Decadal Oscillation,NA
01-MAY-1982 00:00,1982,5,-0.662,NA,PDO,NA,NA,Pacific Decadal Oscillation,NA
01-JUN-1982 00:00,1982,6,-0.501,NA,PDO,NA,NA,Pacific Decadal Oscillation,NA
01-JUL-1982 00:00,1982,7,0.576,NA,PDO,NA,NA,Pacific Decadal Oscillation,NA
01-AUG-1982 00:00,1982,8,0.397,NA,PDO,NA,NA,Pacific Decadal Oscillation,NA
01-SEP-1982 00:00,1982,9,0.883,NA,PDO,NA,NA,Pacific Decadal Oscillation,NA
01-OCT-1982 00:00,1982,10,0.441,NA,PDO,NA,NA,Pacific Decadal Oscillation,NA
01-NOV-1982 00:00,1982,11,-0.231,NA,PDO,NA,NA,Pacific Decadal Oscillation,NA
01-DEC-1982 00:00,1982,12,0.161,NA,PDO,NA,NA,Pacific Decadal Oscillation,NA
01-JAN-1983 00:00,1983,1,0.329,NA,PDO,NA,NA,Pacific Decadal Oscillation,NA
01-FEB-1983 00:00,1983,2,0.944,NA,PDO,NA,NA,Pacific Decadal Oscillation,NA
01-MAR-1983 00:00,1983,3,1.735,NA,PDO,NA,NA,Pacific Decadal Oscillation,NA
01-APR-1983 00:00,1983,4,1.445,NA,PDO,NA,NA,Pacific Decadal Oscillation,NA
01-MAY-1983 00:00,1983,5,1.181,NA,PDO,NA,NA,Pacific Decadal Oscillation,NA
01-JUN-1983 00:00,1983,6,1.756,NA,PDO,NA,NA,Pacific Decadal Oscillation,NA
01-JUL-1983 00:00,1983,7,2.273,NA,PDO,NA,NA,Pacific Decadal Oscillation,NA
01-AUG-1983 00:00,1983,8,1.302,NA,PDO,NA,NA,Pacific Decadal Oscillation,NA
01-SEP-1983 00:00,1983,9,0.669,NA,PDO,NA,NA,Pacific Decadal Oscillation,NA
01-OCT-1983 00:00,1983,10,0.702,NA,PDO,NA,NA,Pacific Decadal Oscillation,NA
01-NOV-1983 00:00,1983,11,1.032,NA,PDO,NA,NA,Pacific Decadal Oscillation,NA
01-DEC-1983 00:00,1983,12,1.389,NA,PDO,NA,NA,Pacific Decadal Oscillation,NA
01-JAN-1984 00:00,1984,1,1.178,NA,PDO,NA,NA,Pacific Decadal Oscillation,NA
01-FEB-1984 00:00,1984,2,1.046,NA,PDO,NA,NA,Pacific Decadal Oscillation,NA
01-MAR-1984 00:00,1984,3,1.381,NA,PDO,NA,NA,Pacific Decadal Oscillation,NA
01-APR-1984 00:00,1984,4,1.001,NA,PDO,NA,NA,Pacific Decadal Oscillation,NA
01-MAY-1984 00:00,1984,5,0.942,NA,PDO,NA,NA,Pacific Decadal Oscillation,NA
01-JUN-1984 00:00,1984,6,0.074,NA,PDO,NA,NA,Pacific Decadal Oscillation,NA
01-JUL-1984 00:00,1984,7,0.098,NA,PDO,NA,NA,Pacific Decadal Oscillation,NA
01-AUG-1984 00:00,1984,8,0.505,NA,PDO,NA,NA,Pacific Decadal Oscillation,NA
01-SEP-1984 00:00,1984,9,0.479,NA,PDO,NA,NA,Pacific Decadal Oscillation,NA
01-OCT-1984 00:00,1984,10,0.7,NA,PDO,NA,NA,Pacific Decadal Oscillation,NA
01-NOV-1984 00:00,1984,11,0.636,NA,PDO,NA,NA,Pacific Decadal Oscillation,NA
01-DEC-1984 00:00,1984,12,0.476,NA,PDO,NA,NA,Pacific Decadal Oscillation,NA
01-JAN-1985 00:00,1985,1,0.831,NA,PDO,NA,NA,Pacific Decadal Oscillation,NA
01-FEB-1985 00:00,1985,2,0.587,NA,PDO,NA,NA,Pacific Decadal Oscillation,NA
01-MAR-1985 00:00,1985,3,-0.038,NA,PDO,NA,NA,Pacific Decadal Oscillation,NA
01-APR-1985 00:00,1985,4,-0.182,NA,PDO,NA,NA,Pacific Decadal Oscillation,NA
01-MAY-1985 00:00,1985,5,-0.271,NA,PDO,NA,NA,Pacific Decadal Oscillation,NA
01-JUN-1985 00:00,1985,6,0.338,NA,PDO,NA,NA,Pacific Decadal Oscillation,NA
01-JUL-1985 00:00,1985,7,0.84,NA,PDO,NA,NA,Pacific Decadal Oscillation,NA
01-AUG-1985 00:00,1985,8,0.687,NA,PDO,NA,NA,Pacific Decadal Oscillation,NA
01-SEP-1985 00:00,1985,9,0.565,NA,PDO,NA,NA,Pacific Decadal Oscillation,NA
01-OCT-1985 00:00,1985,10,0.441,NA,PDO,NA,NA,Pacific Decadal Oscillation,NA
01-NOV-1985 00:00,1985,11,-0.402,NA,PDO,NA,NA,Pacific Decadal Oscillation,NA
01-DEC-1985 00:00,1985,12,0.401,NA,PDO,NA,NA,Pacific Decadal Oscillation,NA
01-JAN-1986 00:00,1986,1,1.053,NA,PDO,NA,NA,Pacific Decadal Oscillation,NA
01-FEB-1986 00:00,1986,2,1.57,NA,PDO,NA,NA,Pacific Decadal Oscillation,NA
01-MAR-1986 00:00,1986,3,1.769,NA,PDO,NA,NA,Pacific Decadal Oscillation,NA
01-APR-1986 00:00,1986,4,1.261,NA,PDO,NA,NA,Pacific Decadal Oscillation,NA
01-MAY-1986 00:00,1986,5,0.99,NA,PDO,NA,NA,Pacific Decadal Oscillation,NA
01-JUN-1986 00:00,1986,6,0.835,NA,PDO,NA,NA,Pacific Decadal Oscillation,NA
01-JUL-1986 00:00,1986,7,1.304,NA,PDO,NA,NA,Pacific Decadal Oscillation,NA
01-AUG-1986 00:00,1986,8,0.475,NA,PDO,NA,NA,Pacific Decadal Oscillation,NA
01-SEP-1986 00:00,1986,9,0.617,NA,PDO,NA,NA,Pacific Decadal Oscillation,NA
01-OCT-1986 00:00,1986,10,1.266,NA,PDO,NA,NA,Pacific Decadal Oscillation,NA
01-NOV-1986 00:00,1986,11,1.763,NA,PDO,NA,NA,Pacific Decadal Oscillation,NA
01-DEC-1986 00:00,1986,12,1.519,NA,PDO,NA,NA,Pacific Decadal Oscillation,NA
01-JAN-1987 00:00,1987,1,1.423,NA,PDO,NA,NA,Pacific Decadal Oscillation,NA
01-FEB-1987 00:00,1987,2,1.59,NA,PDO,NA,NA,Pacific Decadal Oscillation,NA
01-MAR-1987 00:00,1987,3,1.501,NA,PDO,NA,NA,Pacific Decadal Oscillation,NA
01-APR-1987 00:00,1987,4,1.572,NA,PDO,NA,NA,Pacific Decadal Oscillation,NA
01-MAY-1987 00:00,1987,5,1.267,NA,PDO,NA,NA,Pacific Decadal Oscillation,NA
01-JUN-1987 00:00,1987,6,0.548,NA,PDO,NA,NA,Pacific Decadal Oscillation,NA
01-JUL-1987 00:00,1987,7,1.694,NA,PDO,NA,NA,Pacific Decadal Oscillation,NA
01-AUG-1987 00:00,1987,8,1.917,NA,PDO,NA,NA,Pacific Decadal Oscillation,NA
01-SEP-1987 00:00,1987,9,1.769,NA,PDO,NA,NA,Pacific Decadal Oscillation,NA
01-OCT-1987 00:00,1987,10,1.1,NA,PDO,NA,NA,Pacific Decadal Oscillation,NA
01-NOV-1987 00:00,1987,11,1.092,NA,PDO,NA,NA,Pacific Decadal Oscillation,NA
01-DEC-1987 00:00,1987,12,0.861,NA,PDO,NA,NA,Pacific Decadal Oscillation,NA
01-JAN-1988 00:00,1988,1,0.399,NA,PDO,NA,NA,Pacific Decadal Oscillation,NA
01-FEB-1988 00:00,1988,2,0.643,NA,PDO,NA,NA,Pacific Decadal Oscillation,NA
01-MAR-1988 00:00,1988,3,0.633,NA,PDO,NA,NA,Pacific Decadal Oscillation,NA
01-APR-1988 00:00,1988,4,0.475,NA,PDO,NA,NA,Pacific Decadal Oscillation,NA
01-MAY-1988 00:00,1988,5,0.49,NA,PDO,NA,NA,Pacific Decadal Oscillation,NA
01-JUN-1988 00:00,1988,6,0.307,NA,PDO,NA,NA,Pacific Decadal Oscillation,NA
01-JUL-1988 00:00,1988,7,0.172,NA,PDO,NA,NA,Pacific Decadal Oscillation,NA
01-AUG-1988 00:00,1988,8,-0.362,NA,PDO,NA,NA,Pacific Decadal Oscillation,NA
01-SEP-1988 00:00,1988,9,-0.334,NA,PDO,NA,NA,Pacific Decadal Oscillation,NA
01-OCT-1988 00:00,1988,10,-0.05,NA,PDO,NA,NA,Pacific Decadal Oscillation,NA
01-NOV-1988 00:00,1988,11,0.056,NA,PDO,NA,NA,Pacific Decadal Oscillation,NA
01-DEC-1988 00:00,1988,12,-0.136,NA,PDO,NA,NA,Pacific Decadal Oscillation,NA
01-JAN-1989 00:00,1989,1,-0.989,NA,PDO,NA,NA,Pacific Decadal Oscillation,NA
01-FEB-1989 00:00,1989,2,-1.094,NA,PDO,NA,NA,Pacific Decadal Oscillation,NA
01-MAR-1989 00:00,1989,3,-0.87,NA,PDO,NA,NA,Pacific Decadal Oscillation,NA
01-APR-1989 00:00,1989,4,-0.122,NA,PDO,NA,NA,Pacific Decadal Oscillation,NA
01-MAY-1989 00:00,1989,5,0.011,NA,PDO,NA,NA,Pacific Decadal Oscillation,NA
01-JUN-1989 00:00,1989,6,0.071,NA,PDO,NA,NA,Pacific Decadal Oscillation,NA
01-JUL-1989 00:00,1989,7,0.571,NA,PDO,NA,NA,Pacific Decadal Oscillation,NA
01-AUG-1989 00:00,1989,8,-0.079,NA,PDO,NA,NA,Pacific Decadal Oscillation,NA
01-SEP-1989 00:00,1989,9,-0.202,NA,PDO,NA,NA,Pacific Decadal Oscillation,NA
01-OCT-1989 00:00,1989,10,-0.231,NA,PDO,NA,NA,Pacific Decadal Oscillation,NA
01-NOV-1989 00:00,1989,11,-0.552,NA,PDO,NA,NA,Pacific Decadal Oscillation,NA
01-DEC-1989 00:00,1989,12,-0,NA,PDO,NA,NA,Pacific Decadal Oscillation,NA
01-JAN-1990 00:00,1990,1,-0.254,NA,PDO,NA,NA,Pacific Decadal Oscillation,NA
01-FEB-1990 00:00,1990,2,-0.837,NA,PDO,NA,NA,Pacific Decadal Oscillation,NA
01-MAR-1990 00:00,1990,3,-0.707,NA,PDO,NA,NA,Pacific Decadal Oscillation,NA
01-APR-1990 00:00,1990,4,0.105,NA,PDO,NA,NA,Pacific Decadal Oscillation,NA
01-MAY-1990 00:00,1990,5,-0.047,NA,PDO,NA,NA,Pacific Decadal Oscillation,NA
01-JUN-1990 00:00,1990,6,-0.136,NA,PDO,NA,NA,Pacific Decadal Oscillation,NA
01-JUL-1990 00:00,1990,7,-0.047,NA,PDO,NA,NA,Pacific Decadal Oscillation,NA
01-AUG-1990 00:00,1990,8,0.004,NA,PDO,NA,NA,Pacific Decadal Oscillation,NA
01-SEP-1990 00:00,1990,9,0.058,NA,PDO,NA,NA,Pacific Decadal Oscillation,NA
01-OCT-1990 00:00,1990,10,-0.701,NA,PDO,NA,NA,Pacific Decadal Oscillation,NA
01-NOV-1990 00:00,1990,11,-1.439,NA,PDO,NA,NA,Pacific Decadal Oscillation,NA
01-DEC-1990 00:00,1990,12,-1.722,NA,PDO,NA,NA,Pacific Decadal Oscillation,NA
01-JAN-1991 00:00,1991,1,-1.302,NA,PDO,NA,NA,Pacific Decadal Oscillation,NA
01-FEB-1991 00:00,1991,2,-0.65,NA,PDO,NA,NA,Pacific Decadal Oscillation,NA
01-MAR-1991 00:00,1991,3,-0.61,NA,PDO,NA,NA,Pacific Decadal Oscillation,NA
01-APR-1991 00:00,1991,4,-1.198,NA,PDO,NA,NA,Pacific Decadal Oscillation,NA
01-MAY-1991 00:00,1991,5,-1.176,NA,PDO,NA,NA,Pacific Decadal Oscillation,NA
01-JUN-1991 00:00,1991,6,-1.826,NA,PDO,NA,NA,Pacific Decadal Oscillation,NA
01-JUL-1991 00:00,1991,7,-1.171,NA,PDO,NA,NA,Pacific Decadal Oscillation,NA
01-AUG-1991 00:00,1991,8,-0.317,NA,PDO,NA,NA,Pacific Decadal Oscillation,NA
01-SEP-1991 00:00,1991,9,0.613,NA,PDO,NA,NA,Pacific Decadal Oscillation,NA
01-OCT-1991 00:00,1991,10,0.545,NA,PDO,NA,NA,Pacific Decadal Oscillation,NA
01-NOV-1991 00:00,1991,11,0.598,NA,PDO,NA,NA,Pacific Decadal Oscillation,NA
01-DEC-1991 00:00,1991,12,-0.042,NA,PDO,NA,NA,Pacific Decadal Oscillation,NA
01-JAN-1992 00:00,1992,1,0.244,NA,PDO,NA,NA,Pacific Decadal Oscillation,NA
01-FEB-1992 00:00,1992,2,0.27,NA,PDO,NA,NA,Pacific Decadal Oscillation,NA
01-MAR-1992 00:00,1992,3,0.207,NA,PDO,NA,NA,Pacific Decadal Oscillation,NA
01-APR-1992 00:00,1992,4,0.615,NA,PDO,NA,NA,Pacific Decadal Oscillation,NA
01-MAY-1992 00:00,1992,5,1.349,NA,PDO,NA,NA,Pacific Decadal Oscillation,NA
01-JUN-1992 00:00,1992,6,1.239,NA,PDO,NA,NA,Pacific Decadal Oscillation,NA
01-JUL-1992 00:00,1992,7,1.579,NA,PDO,NA,NA,Pacific Decadal Oscillation,NA
01-AUG-1992 00:00,1992,8,1.113,NA,PDO,NA,NA,Pacific Decadal Oscillation,NA
01-SEP-1992 00:00,1992,9,0.872,NA,PDO,NA,NA,Pacific Decadal Oscillation,NA
01-OCT-1992 00:00,1992,10,1.377,NA,PDO,NA,NA,Pacific Decadal Oscillation,NA
01-NOV-1992 00:00,1992,11,1.35,NA,PDO,NA,NA,Pacific Decadal Oscillation,NA
01-DEC-1992 00:00,1992,12,0.474,NA,PDO,NA,NA,Pacific Decadal Oscillation,NA
01-JAN-1993 00:00,1993,1,0.01,NA,PDO,NA,NA,Pacific Decadal Oscillation,NA
01-FEB-1993 00:00,1993,2,0.312,NA,PDO,NA,NA,Pacific Decadal Oscillation,NA
01-MAR-1993 00:00,1993,3,0.545,NA,PDO,NA,NA,Pacific Decadal Oscillation,NA
01-APR-1993 00:00,1993,4,1.123,NA,PDO,NA,NA,Pacific Decadal Oscillation,NA
01-MAY-1993 00:00,1993,5,1.776,NA,PDO,NA,NA,Pacific Decadal Oscillation,NA
01-JUN-1993 00:00,1993,6,1.928,NA,PDO,NA,NA,Pacific Decadal Oscillation,NA
01-JUL-1993 00:00,1993,7,1.464,NA,PDO,NA,NA,Pacific Decadal Oscillation,NA
01-AUG-1993 00:00,1993,8,1.962,NA,PDO,NA,NA,Pacific Decadal Oscillation,NA
01-SEP-1993 00:00,1993,9,1.437,NA,PDO,NA,NA,Pacific Decadal Oscillation,NA
01-OCT-1993 00:00,1993,10,1.478,NA,PDO,NA,NA,Pacific Decadal Oscillation,NA
01-NOV-1993 00:00,1993,11,1.229,NA,PDO,NA,NA,Pacific Decadal Oscillation,NA
01-DEC-1993 00:00,1993,12,0.752,NA,PDO,NA,NA,Pacific Decadal Oscillation,NA
01-JAN-1994 00:00,1994,1,0.945,NA,PDO,NA,NA,Pacific Decadal Oscillation,NA
01-FEB-1994 00:00,1994,2,0.556,NA,PDO,NA,NA,Pacific Decadal Oscillation,NA
01-MAR-1994 00:00,1994,3,0.481,NA,PDO,NA,NA,Pacific Decadal Oscillation,NA
01-APR-1994 00:00,1994,4,0.717,NA,PDO,NA,NA,Pacific Decadal Oscillation,NA
01-MAY-1994 00:00,1994,5,0.684,NA,PDO,NA,NA,Pacific Decadal Oscillation,NA
01-JUN-1994 00:00,1994,6,0.152,NA,PDO,NA,NA,Pacific Decadal Oscillation,NA
01-JUL-1994 00:00,1994,7,-0.472,NA,PDO,NA,NA,Pacific Decadal Oscillation,NA
01-AUG-1994 00:00,1994,8,-0.426,NA,PDO,NA,NA,Pacific Decadal Oscillation,NA
01-SEP-1994 00:00,1994,9,-0.886,NA,PDO,NA,NA,Pacific Decadal Oscillation,NA
01-OCT-1994 00:00,1994,10,-0.591,NA,PDO,NA,NA,Pacific Decadal Oscillation,NA
01-NOV-1994 00:00,1994,11,-1.428,NA,PDO,NA,NA,Pacific Decadal Oscillation,NA
01-DEC-1994 00:00,1994,12,-1.852,NA,PDO,NA,NA,Pacific Decadal Oscillation,NA
01-JAN-1995 00:00,1995,1,-0.578,NA,PDO,NA,NA,Pacific Decadal Oscillation,NA
01-FEB-1995 00:00,1995,2,0.239,NA,PDO,NA,NA,Pacific Decadal Oscillation,NA
01-MAR-1995 00:00,1995,3,0.71,NA,PDO,NA,NA,Pacific Decadal Oscillation,NA
01-APR-1995 00:00,1995,4,0.712,NA,PDO,NA,NA,Pacific Decadal Oscillation,NA
01-MAY-1995 00:00,1995,5,1.153,NA,PDO,NA,NA,Pacific Decadal Oscillation,NA
01-JUN-1995 00:00,1995,6,1.15,NA,PDO,NA,NA,Pacific Decadal Oscillation,NA
01-JUL-1995 00:00,1995,7,1.262,NA,PDO,NA,NA,Pacific Decadal Oscillation,NA
01-AUG-1995 00:00,1995,8,0.277,NA,PDO,NA,NA,Pacific Decadal Oscillation,NA
01-SEP-1995 00:00,1995,9,1.342,NA,PDO,NA,NA,Pacific Decadal Oscillation,NA
01-OCT-1995 00:00,1995,10,0.692,NA,PDO,NA,NA,Pacific Decadal Oscillation,NA
01-NOV-1995 00:00,1995,11,0.182,NA,PDO,NA,NA,Pacific Decadal Oscillation,NA
01-DEC-1995 00:00,1995,12,0.425,NA,PDO,NA,NA,Pacific Decadal Oscillation,NA
01-JAN-1996 00:00,1996,1,0.947,NA,PDO,NA,NA,Pacific Decadal Oscillation,NA
01-FEB-1996 00:00,1996,2,1.068,NA,PDO,NA,NA,Pacific Decadal Oscillation,NA
01-MAR-1996 00:00,1996,3,1.013,NA,PDO,NA,NA,Pacific Decadal Oscillation,NA
01-APR-1996 00:00,1996,4,1.285,NA,PDO,NA,NA,Pacific Decadal Oscillation,NA
01-MAY-1996 00:00,1996,5,1.898,NA,PDO,NA,NA,Pacific Decadal Oscillation,NA
01-JUN-1996 00:00,1996,6,1.026,NA,PDO,NA,NA,Pacific Decadal Oscillation,NA
01-JUL-1996 00:00,1996,7,0.577,NA,PDO,NA,NA,Pacific Decadal Oscillation,NA
01-AUG-1996 00:00,1996,8,-0.212,NA,PDO,NA,NA,Pacific Decadal Oscillation,NA
01-SEP-1996 00:00,1996,9,0.511,NA,PDO,NA,NA,Pacific Decadal Oscillation,NA
01-OCT-1996 00:00,1996,10,0.717,NA,PDO,NA,NA,Pacific Decadal Oscillation,NA
01-NOV-1996 00:00,1996,11,0.688,NA,PDO,NA,NA,Pacific Decadal Oscillation,NA
01-DEC-1996 00:00,1996,12,0.22,NA,PDO,NA,NA,Pacific Decadal Oscillation,NA
01-JAN-1997 00:00,1997,1,0.815,NA,PDO,NA,NA,Pacific Decadal Oscillation,NA
01-FEB-1997 00:00,1997,2,0.592,NA,PDO,NA,NA,Pacific Decadal Oscillation,NA
01-MAR-1997 00:00,1997,3,0.732,NA,PDO,NA,NA,Pacific Decadal Oscillation,NA
01-APR-1997 00:00,1997,4,0.961,NA,PDO,NA,NA,Pacific Decadal Oscillation,NA
01-MAY-1997 00:00,1997,5,1.657,NA,PDO,NA,NA,Pacific Decadal Oscillation,NA
01-JUN-1997 00:00,1997,6,2.382,NA,PDO,NA,NA,Pacific Decadal Oscillation,NA
01-JUL-1997 00:00,1997,7,1.442,NA,PDO,NA,NA,Pacific Decadal Oscillation,NA
01-AUG-1997 00:00,1997,8,2.123,NA,PDO,NA,NA,Pacific Decadal Oscillation,NA
01-SEP-1997 00:00,1997,9,1.639,NA,PDO,NA,NA,Pacific Decadal Oscillation,NA
01-OCT-1997 00:00,1997,10,1.587,NA,PDO,NA,NA,Pacific Decadal Oscillation,NA
01-NOV-1997 00:00,1997,11,1.281,NA,PDO,NA,NA,Pacific Decadal Oscillation,NA
01-DEC-1997 00:00,1997,12,0.867,NA,PDO,NA,NA,Pacific Decadal Oscillation,NA
01-JAN-1998 00:00,1998,1,0.991,NA,PDO,NA,NA,Pacific Decadal Oscillation,NA
01-FEB-1998 00:00,1998,2,1.482,NA,PDO,NA,NA,Pacific Decadal Oscillation,NA
01-MAR-1998 00:00,1998,3,1.407,NA,PDO,NA,NA,Pacific Decadal Oscillation,NA
01-APR-1998 00:00,1998,4,0.31,NA,PDO,NA,NA,Pacific Decadal Oscillation,NA
01-MAY-1998 00:00,1998,5,-0.355,NA,PDO,NA,NA,Pacific Decadal Oscillation,NA
01-JUN-1998 00:00,1998,6,-0.519,NA,PDO,NA,NA,Pacific Decadal Oscillation,NA
01-JUL-1998 00:00,1998,7,-0.681,NA,PDO,NA,NA,Pacific Decadal Oscillation,NA
01-AUG-1998 00:00,1998,8,-0.171,NA,PDO,NA,NA,Pacific Decadal Oscillation,NA
01-SEP-1998 00:00,1998,9,-0.867,NA,PDO,NA,NA,Pacific Decadal Oscillation,NA
01-OCT-1998 00:00,1998,10,-1.576,NA,PDO,NA,NA,Pacific Decadal Oscillation,NA
01-NOV-1998 00:00,1998,11,-0.612,NA,PDO,NA,NA,Pacific Decadal Oscillation,NA
01-DEC-1998 00:00,1998,12,-0.874,NA,PDO,NA,NA,Pacific Decadal Oscillation,NA
01-JAN-1999 00:00,1999,1,-0.543,NA,PDO,NA,NA,Pacific Decadal Oscillation,NA
01-FEB-1999 00:00,1999,2,-0.756,NA,PDO,NA,NA,Pacific Decadal Oscillation,NA
01-MAR-1999 00:00,1999,3,-0.867,NA,PDO,NA,NA,Pacific Decadal Oscillation,NA
01-APR-1999 00:00,1999,4,-1.452,NA,PDO,NA,NA,Pacific Decadal Oscillation,NA
01-MAY-1999 00:00,1999,5,-1.864,NA,PDO,NA,NA,Pacific Decadal Oscillation,NA
01-JUN-1999 00:00,1999,6,-1.91,NA,PDO,NA,NA,Pacific Decadal Oscillation,NA
01-JUL-1999 00:00,1999,7,-1.321,NA,PDO,NA,NA,Pacific Decadal Oscillation,NA
01-AUG-1999 00:00,1999,8,-1.189,NA,PDO,NA,NA,Pacific Decadal Oscillation,NA
01-SEP-1999 00:00,1999,9,-1.379,NA,PDO,NA,NA,Pacific Decadal Oscillation,NA
01-OCT-1999 00:00,1999,10,-1.849,NA,PDO,NA,NA,Pacific Decadal Oscillation,NA
01-NOV-1999 00:00,1999,11,-1.754,NA,PDO,NA,NA,Pacific Decadal Oscillation,NA
01-DEC-1999 00:00,1999,12,-1.64,NA,PDO,NA,NA,Pacific Decadal Oscillation,NA
01-JAN-2000 00:00,2000,1,-1.784,NA,PDO,NA,NA,Pacific Decadal Oscillation,NA
01-FEB-2000 00:00,2000,2,-0.969,NA,PDO,NA,NA,Pacific Decadal Oscillation,NA
01-MAR-2000 00:00,2000,3,-0.475,NA,PDO,NA,NA,Pacific Decadal Oscillation,NA
01-APR-2000 00:00,2000,4,-0.392,NA,PDO,NA,NA,Pacific Decadal Oscillation,NA
01-MAY-2000 00:00,2000,5,-0.568,NA,PDO,NA,NA,Pacific Decadal Oscillation,NA
01-JUN-2000 00:00,2000,6,-0.521,NA,PDO,NA,NA,Pacific Decadal Oscillation,NA
01-JUL-2000 00:00,2000,7,-0.903,NA,PDO,NA,NA,Pacific Decadal Oscillation,NA
01-AUG-2000 00:00,2000,8,-1.102,NA,PDO,NA,NA,Pacific Decadal Oscillation,NA
01-SEP-2000 00:00,2000,9,-0.811,NA,PDO,NA,NA,Pacific Decadal Oscillation,NA
01-OCT-2000 00:00,2000,10,-1.082,NA,PDO,NA,NA,Pacific Decadal Oscillation,NA
01-NOV-2000 00:00,2000,11,-0.804,NA,PDO,NA,NA,Pacific Decadal Oscillation,NA
01-DEC-2000 00:00,2000,12,0.024,NA,PDO,NA,NA,Pacific Decadal Oscillation,NA
01-JAN-2001 00:00,2001,1,0.519,NA,PDO,NA,NA,Pacific Decadal Oscillation,NA
01-FEB-2001 00:00,2001,2,0.145,NA,PDO,NA,NA,Pacific Decadal Oscillation,NA
01-MAR-2001 00:00,2001,3,-0.035,NA,PDO,NA,NA,Pacific Decadal Oscillation,NA
01-APR-2001 00:00,2001,4,-0.837,NA,PDO,NA,NA,Pacific Decadal Oscillation,NA
01-MAY-2001 00:00,2001,5,-0.755,NA,PDO,NA,NA,Pacific Decadal Oscillation,NA
01-JUN-2001 00:00,2001,6,-1.02,NA,PDO,NA,NA,Pacific Decadal Oscillation,NA
01-JUL-2001 00:00,2001,7,-1.73,NA,PDO,NA,NA,Pacific Decadal Oscillation,NA
01-AUG-2001 00:00,2001,8,-1.09,NA,PDO,NA,NA,Pacific Decadal Oscillation,NA
01-SEP-2001 00:00,2001,9,-1.217,NA,PDO,NA,NA,Pacific Decadal Oscillation,NA
01-OCT-2001 00:00,2001,10,-1.201,NA,PDO,NA,NA,Pacific Decadal Oscillation,NA
01-NOV-2001 00:00,2001,11,-0.793,NA,PDO,NA,NA,Pacific Decadal Oscillation,NA
01-DEC-2001 00:00,2001,12,-0.889,NA,PDO,NA,NA,Pacific Decadal Oscillation,NA
01-JAN-2002 00:00,2002,1,-0.154,NA,PDO,NA,NA,Pacific Decadal Oscillation,NA
01-FEB-2002 00:00,2002,2,-0.961,NA,PDO,NA,NA,Pacific Decadal Oscillation,NA
01-MAR-2002 00:00,2002,3,-0.779,NA,PDO,NA,NA,Pacific Decadal Oscillation,NA
01-APR-2002 00:00,2002,4,-0.701,NA,PDO,NA,NA,Pacific Decadal Oscillation,NA
01-MAY-2002 00:00,2002,5,-0.996,NA,PDO,NA,NA,Pacific Decadal Oscillation,NA
01-JUN-2002 00:00,2002,6,-0.868,NA,PDO,NA,NA,Pacific Decadal Oscillation,NA
01-JUL-2002 00:00,2002,7,-0.422,NA,PDO,NA,NA,Pacific Decadal Oscillation,NA
01-AUG-2002 00:00,2002,8,0.285,NA,PDO,NA,NA,Pacific Decadal Oscillation,NA
01-SEP-2002 00:00,2002,9,0.123,NA,PDO,NA,NA,Pacific Decadal Oscillation,NA
01-OCT-2002 00:00,2002,10,0.3,NA,PDO,NA,NA,Pacific Decadal Oscillation,NA
01-NOV-2002 00:00,2002,11,1.081,NA,PDO,NA,NA,Pacific Decadal Oscillation,NA
01-DEC-2002 00:00,2002,12,1.473,NA,PDO,NA,NA,Pacific Decadal Oscillation,NA
01-JAN-2003 00:00,2003,1,1.442,NA,PDO,NA,NA,Pacific Decadal Oscillation,NA
01-FEB-2003 00:00,2003,2,1.262,NA,PDO,NA,NA,Pacific Decadal Oscillation,NA
01-MAR-2003 00:00,2003,3,1.282,NA,PDO,NA,NA,Pacific Decadal Oscillation,NA
01-APR-2003 00:00,2003,4,0.529,NA,PDO,NA,NA,Pacific Decadal Oscillation,NA
01-MAY-2003 00:00,2003,5,0.324,NA,PDO,NA,NA,Pacific Decadal Oscillation,NA
01-JUN-2003 00:00,2003,6,-0.182,NA,PDO,NA,NA,Pacific Decadal Oscillation,NA
01-JUL-2003 00:00,2003,7,0.493,NA,PDO,NA,NA,Pacific Decadal Oscillation,NA
01-AUG-2003 00:00,2003,8,0.745,NA,PDO,NA,NA,Pacific Decadal Oscillation,NA
01-SEP-2003 00:00,2003,9,0.049,NA,PDO,NA,NA,Pacific Decadal Oscillation,NA
01-OCT-2003 00:00,2003,10,0.757,NA,PDO,NA,NA,Pacific Decadal Oscillation,NA
01-NOV-2003 00:00,2003,11,-0.02,NA,PDO,NA,NA,Pacific Decadal Oscillation,NA
01-DEC-2003 00:00,2003,12,-0.361,NA,PDO,NA,NA,Pacific Decadal Oscillation,NA
01-JAN-2004 00:00,2004,1,-0.226,NA,PDO,NA,NA,Pacific Decadal Oscillation,NA
01-FEB-2004 00:00,2004,2,0.032,NA,PDO,NA,NA,Pacific Decadal Oscillation,NA
01-MAR-2004 00:00,2004,3,0.128,NA,PDO,NA,NA,Pacific Decadal Oscillation,NA
01-APR-2004 00:00,2004,4,0.095,NA,PDO,NA,NA,Pacific Decadal Oscillation,NA
01-MAY-2004 00:00,2004,5,0.496,NA,PDO,NA,NA,Pacific Decadal Oscillation,NA
01-JUN-2004 00:00,2004,6,-0.288,NA,PDO,NA,NA,Pacific Decadal Oscillation,NA
01-JUL-2004 00:00,2004,7,0.032,NA,PDO,NA,NA,Pacific Decadal Oscillation,NA
01-AUG-2004 00:00,2004,8,0.292,NA,PDO,NA,NA,Pacific Decadal Oscillation,NA
01-SEP-2004 00:00,2004,9,0.108,NA,PDO,NA,NA,Pacific Decadal Oscillation,NA
01-OCT-2004 00:00,2004,10,-0.52,NA,PDO,NA,NA,Pacific Decadal Oscillation,NA
01-NOV-2004 00:00,2004,11,-0.946,NA,PDO,NA,NA,Pacific Decadal Oscillation,NA
01-DEC-2004 00:00,2004,12,-0.531,NA,PDO,NA,NA,Pacific Decadal Oscillation,NA
01-JAN-2005 00:00,2005,1,-0.068,NA,PDO,NA,NA,Pacific Decadal Oscillation,NA
01-FEB-2005 00:00,2005,2,0.169,NA,PDO,NA,NA,Pacific Decadal Oscillation,NA
01-MAR-2005 00:00,2005,3,0.795,NA,PDO,NA,NA,Pacific Decadal Oscillation,NA
01-APR-2005 00:00,2005,4,0.402,NA,PDO,NA,NA,Pacific Decadal Oscillation,NA
01-MAY-2005 00:00,2005,5,1.147,NA,PDO,NA,NA,Pacific Decadal Oscillation,NA
01-JUN-2005 00:00,2005,6,0.528,NA,PDO,NA,NA,Pacific Decadal Oscillation,NA
01-JUL-2005 00:00,2005,7,0.014,NA,PDO,NA,NA,Pacific Decadal Oscillation,NA
01-AUG-2005 00:00,2005,8,-0.198,NA,PDO,NA,NA,Pacific Decadal Oscillation,NA
01-SEP-2005 00:00,2005,9,-0.712,NA,PDO,NA,NA,Pacific Decadal Oscillation,NA
01-OCT-2005 00:00,2005,10,-1.566,NA,PDO,NA,NA,Pacific Decadal Oscillation,NA
01-NOV-2005 00:00,2005,11,-1.544,NA,PDO,NA,NA,Pacific Decadal Oscillation,NA
01-DEC-2005 00:00,2005,12,-0.059,NA,PDO,NA,NA,Pacific Decadal Oscillation,NA
01-JAN-2006 00:00,2006,1,0.554,NA,PDO,NA,NA,Pacific Decadal Oscillation,NA
01-FEB-2006 00:00,2006,2,0.507,NA,PDO,NA,NA,Pacific Decadal Oscillation,NA
01-MAR-2006 00:00,2006,3,-0.351,NA,PDO,NA,NA,Pacific Decadal Oscillation,NA
01-APR-2006 00:00,2006,4,-0.358,NA,PDO,NA,NA,Pacific Decadal Oscillation,NA
01-MAY-2006 00:00,2006,5,-0.284,NA,PDO,NA,NA,Pacific Decadal Oscillation,NA
01-JUN-2006 00:00,2006,6,0.091,NA,PDO,NA,NA,Pacific Decadal Oscillation,NA
01-JUL-2006 00:00,2006,7,0.377,NA,PDO,NA,NA,Pacific Decadal Oscillation,NA
01-AUG-2006 00:00,2006,8,-0.466,NA,PDO,NA,NA,Pacific Decadal Oscillation,NA
01-SEP-2006 00:00,2006,9,-0.997,NA,PDO,NA,NA,Pacific Decadal Oscillation,NA
01-OCT-2006 00:00,2006,10,-0.169,NA,PDO,NA,NA,Pacific Decadal Oscillation,NA
01-NOV-2006 00:00,2006,11,-0.442,NA,PDO,NA,NA,Pacific Decadal Oscillation,NA
01-DEC-2006 00:00,2006,12,-0.296,NA,PDO,NA,NA,Pacific Decadal Oscillation,NA
01-JAN-2007 00:00,2007,1,-0.468,NA,PDO,NA,NA,Pacific Decadal Oscillation,NA
01-FEB-2007 00:00,2007,2,-0.382,NA,PDO,NA,NA,Pacific Decadal Oscillation,NA
01-MAR-2007 00:00,2007,3,-0.734,NA,PDO,NA,NA,Pacific Decadal Oscillation,NA
01-APR-2007 00:00,2007,4,-0.24,NA,PDO,NA,NA,Pacific Decadal Oscillation,NA
01-MAY-2007 00:00,2007,5,-0.116,NA,PDO,NA,NA,Pacific Decadal Oscillation,NA
01-JUN-2007 00:00,2007,6,0.086,NA,PDO,NA,NA,Pacific Decadal Oscillation,NA
01-JUL-2007 00:00,2007,7,0.547,NA,PDO,NA,NA,Pacific Decadal Oscillation,NA
01-AUG-2007 00:00,2007,8,0.185,NA,PDO,NA,NA,Pacific Decadal Oscillation,NA
01-SEP-2007 00:00,2007,9,-0.582,NA,PDO,NA,NA,Pacific Decadal Oscillation,NA
01-OCT-2007 00:00,2007,10,-1.871,NA,PDO,NA,NA,Pacific Decadal Oscillation,NA
01-NOV-2007 00:00,2007,11,-1.23,NA,PDO,NA,NA,Pacific Decadal Oscillation,NA
01-DEC-2007 00:00,2007,12,-0.759,NA,PDO,NA,NA,Pacific Decadal Oscillation,NA
01-JAN-2008 00:00,2008,1,-1.23,NA,PDO,NA,NA,Pacific Decadal Oscillation,NA
01-FEB-2008 00:00,2008,2,-1.188,NA,PDO,NA,NA,Pacific Decadal Oscillation,NA
01-MAR-2008 00:00,2008,3,-0.955,NA,PDO,NA,NA,Pacific Decadal Oscillation,NA
01-APR-2008 00:00,2008,4,-1.498,NA,PDO,NA,NA,Pacific Decadal Oscillation,NA
01-MAY-2008 00:00,2008,5,-1.348,NA,PDO,NA,NA,Pacific Decadal Oscillation,NA
01-JUN-2008 00:00,2008,6,-1.625,NA,PDO,NA,NA,Pacific Decadal Oscillation,NA
01-JUL-2008 00:00,2008,7,-1.373,NA,PDO,NA,NA,Pacific Decadal Oscillation,NA
01-AUG-2008 00:00,2008,8,-1.218,NA,PDO,NA,NA,Pacific Decadal Oscillation,NA
01-SEP-2008 00:00,2008,9,-1.347,NA,PDO,NA,NA,Pacific Decadal Oscillation,NA
01-OCT-2008 00:00,2008,10,-1.538,NA,PDO,NA,NA,Pacific Decadal Oscillation,NA
01-NOV-2008 00:00,2008,11,-1.384,NA,PDO,NA,NA,Pacific Decadal Oscillation,NA
01-DEC-2008 00:00,2008,12,-1.266,NA,PDO,NA,NA,Pacific Decadal Oscillation,NA
01-JAN-2009 00:00,2009,1,-1.619,NA,PDO,NA,NA,Pacific Decadal Oscillation,NA
01-FEB-2009 00:00,2009,2,-1.464,NA,PDO,NA,NA,Pacific Decadal Oscillation,NA
01-MAR-2009 00:00,2009,3,-1.742,NA,PDO,NA,NA,Pacific Decadal Oscillation,NA
01-APR-2009 00:00,2009,4,-1.872,NA,PDO,NA,NA,Pacific Decadal Oscillation,NA
01-MAY-2009 00:00,2009,5,-1.008,NA,PDO,NA,NA,Pacific Decadal Oscillation,NA
01-JUN-2009 00:00,2009,6,-0.665,NA,PDO,NA,NA,Pacific Decadal Oscillation,NA
01-JUL-2009 00:00,2009,7,-0.523,NA,PDO,NA,NA,Pacific Decadal Oscillation,NA
01-AUG-2009 00:00,2009,8,-0.25,NA,PDO,NA,NA,Pacific Decadal Oscillation,NA
01-SEP-2009 00:00,2009,9,0.454,NA,PDO,NA,NA,Pacific Decadal Oscillation,NA
01-OCT-2009 00:00,2009,10,0.078,NA,PDO,NA,NA,Pacific Decadal Oscillation,NA
01-NOV-2009 00:00,2009,11,-0.759,NA,PDO,NA,NA,Pacific Decadal Oscillation,NA
01-DEC-2009 00:00,2009,12,-0.429,NA,PDO,NA,NA,Pacific Decadal Oscillation,NA
01-JAN-2010 00:00,2010,1,0.134,NA,PDO,NA,NA,Pacific Decadal Oscillation,NA
01-FEB-2010 00:00,2010,2,0.361,NA,PDO,NA,NA,Pacific Decadal Oscillation,NA
01-MAR-2010 00:00,2010,3,0.036,NA,PDO,NA,NA,Pacific Decadal Oscillation,NA
01-APR-2010 00:00,2010,4,0.043,NA,PDO,NA,NA,Pacific Decadal Oscillation,NA
01-MAY-2010 00:00,2010,5,-0.132,NA,PDO,NA,NA,Pacific Decadal Oscillation,NA
01-JUN-2010 00:00,2010,6,-0.699,NA,PDO,NA,NA,Pacific Decadal Oscillation,NA
01-JUL-2010 00:00,2010,7,-1.579,NA,PDO,NA,NA,Pacific Decadal Oscillation,NA
01-AUG-2010 00:00,2010,8,-1.499,NA,PDO,NA,NA,Pacific Decadal Oscillation,NA
01-SEP-2010 00:00,2010,9,-1.639,NA,PDO,NA,NA,Pacific Decadal Oscillation,NA
01-OCT-2010 00:00,2010,10,-1.083,NA,PDO,NA,NA,Pacific Decadal Oscillation,NA
01-NOV-2010 00:00,2010,11,-1.183,NA,PDO,NA,NA,Pacific Decadal Oscillation,NA
01-DEC-2010 00:00,2010,12,-1.677,NA,PDO,NA,NA,Pacific Decadal Oscillation,NA
01-JAN-2011 00:00,2011,1,-1.469,NA,PDO,NA,NA,Pacific Decadal Oscillation,NA
01-FEB-2011 00:00,2011,2,-1.069,NA,PDO,NA,NA,Pacific Decadal Oscillation,NA
01-MAR-2011 00:00,2011,3,-0.931,NA,PDO,NA,NA,Pacific Decadal Oscillation,NA
01-APR-2011 00:00,2011,4,-0.823,NA,PDO,NA,NA,Pacific Decadal Oscillation,NA
01-MAY-2011 00:00,2011,5,-0.898,NA,PDO,NA,NA,Pacific Decadal Oscillation,NA
01-JUN-2011 00:00,2011,6,-1.445,NA,PDO,NA,NA,Pacific Decadal Oscillation,NA
01-JUL-2011 00:00,2011,7,-2.137,NA,PDO,NA,NA,Pacific Decadal Oscillation,NA
01-AUG-2011 00:00,2011,8,-1.997,NA,PDO,NA,NA,Pacific Decadal Oscillation,NA
01-SEP-2011 00:00,2011,9,-1.867,NA,PDO,NA,NA,Pacific Decadal Oscillation,NA
01-OCT-2011 00:00,2011,10,-1.553,NA,PDO,NA,NA,Pacific Decadal Oscillation,NA
01-NOV-2011 00:00,2011,11,-2.48,NA,PDO,NA,NA,Pacific Decadal Oscillation,NA
01-DEC-2011 00:00,2011,12,-2.184,NA,PDO,NA,NA,Pacific Decadal Oscillation,NA
01-JAN-2012 00:00,2012,1,-1.669,NA,PDO,NA,NA,Pacific Decadal Oscillation,NA
01-FEB-2012 00:00,2012,2,-1.148,NA,PDO,NA,NA,Pacific Decadal Oscillation,NA
01-MAR-2012 00:00,2012,3,-1.348,NA,PDO,NA,NA,Pacific Decadal Oscillation,NA
01-APR-2012 00:00,2012,4,-0.761,NA,PDO,NA,NA,Pacific Decadal Oscillation,NA
01-MAY-2012 00:00,2012,5,-1.626,NA,PDO,NA,NA,Pacific Decadal Oscillation,NA
01-JUN-2012 00:00,2012,6,-1.426,NA,PDO,NA,NA,Pacific Decadal Oscillation,NA
01-JUL-2012 00:00,2012,7,-1.953,NA,PDO,NA,NA,Pacific Decadal Oscillation,NA
01-AUG-2012 00:00,2012,8,-1.936,NA,PDO,NA,NA,Pacific Decadal Oscillation,NA
01-SEP-2012 00:00,2012,9,-2.309,NA,PDO,NA,NA,Pacific Decadal Oscillation,NA
01-OCT-2012 00:00,2012,10,-0.918,NA,PDO,NA,NA,Pacific Decadal Oscillation,NA
01-NOV-2012 00:00,2012,11,-0.577,NA,PDO,NA,NA,Pacific Decadal Oscillation,NA
01-DEC-2012 00:00,2012,12,-1.301,NA,PDO,NA,NA,Pacific Decadal Oscillation,NA
01-JAN-2013 00:00,2013,1,-1,NA,PDO,NA,NA,Pacific Decadal Oscillation,NA
01-FEB-2013 00:00,2013,2,-1.109,NA,PDO,NA,NA,Pacific Decadal Oscillation,NA
01-MAR-2013 00:00,2013,3,-1.109,NA,PDO,NA,NA,Pacific Decadal Oscillation,NA
01-APR-2013 00:00,2013,4,-0.556,NA,PDO,NA,NA,Pacific Decadal Oscillation,NA
01-MAY-2013 00:00,2013,5,-0.294,NA,PDO,NA,NA,Pacific Decadal Oscillation,NA
01-JUN-2013 00:00,2013,6,-1.069,NA,PDO,NA,NA,Pacific Decadal Oscillation,NA
01-JUL-2013 00:00,2013,7,-1.139,NA,PDO,NA,NA,Pacific Decadal Oscillation,NA
01-AUG-2013 00:00,2013,8,-1.088,NA,PDO,NA,NA,Pacific Decadal Oscillation,NA
01-SEP-2013 00:00,2013,9,-0.658,NA,PDO,NA,NA,Pacific Decadal Oscillation,NA
01-OCT-2013 00:00,2013,10,-1.267,NA,PDO,NA,NA,Pacific Decadal Oscillation,NA
01-NOV-2013 00:00,2013,11,-0.895,NA,PDO,NA,NA,Pacific Decadal Oscillation,NA
01-DEC-2013 00:00,2013,12,-0.928,NA,PDO,NA,NA,Pacific Decadal Oscillation,NA
01-JAN-2014 00:00,2014,1,-0.496,NA,PDO,NA,NA,Pacific Decadal Oscillation,NA
01-FEB-2014 00:00,2014,2,-0.227,NA,PDO,NA,NA,Pacific Decadal Oscillation,NA
01-MAR-2014 00:00,2014,3,0.464,NA,PDO,NA,NA,Pacific Decadal Oscillation,NA
01-APR-2014 00:00,2014,4,0.526,NA,PDO,NA,NA,Pacific Decadal Oscillation,NA
01-MAY-2014 00:00,2014,5,1.153,NA,PDO,NA,NA,Pacific Decadal Oscillation,NA
01-JUN-2014 00:00,2014,6,-0.324,NA,PDO,NA,NA,Pacific Decadal Oscillation,NA
01-JUL-2014 00:00,2014,7,0.4,NA,PDO,NA,NA,Pacific Decadal Oscillation,NA
01-AUG-2014 00:00,2014,8,0.361,NA,PDO,NA,NA,Pacific Decadal Oscillation,NA
01-SEP-2014 00:00,2014,9,0.621,NA,PDO,NA,NA,Pacific Decadal Oscillation,NA
01-OCT-2014 00:00,2014,10,1.202,NA,PDO,NA,NA,Pacific Decadal Oscillation,NA
01-NOV-2014 00:00,2014,11,1.132,NA,PDO,NA,NA,Pacific Decadal Oscillation,NA
01-DEC-2014 00:00,2014,12,1.567,NA,PDO,NA,NA,Pacific Decadal Oscillation,NA
01-JAN-2015 00:00,2015,1,1.336,NA,PDO,NA,NA,Pacific Decadal Oscillation,NA
01-FEB-2015 00:00,2015,2,1.426,NA,PDO,NA,NA,Pacific Decadal Oscillation,NA
01-MAR-2015 00:00,2015,3,1.26,NA,PDO,NA,NA,Pacific Decadal Oscillation,NA
01-APR-2015 00:00,2015,4,0.83,NA,PDO,NA,NA,Pacific Decadal Oscillation,NA
01-MAY-2015 00:00,2015,5,0.389,NA,PDO,NA,NA,Pacific Decadal Oscillation,NA
01-JUN-2015 00:00,2015,6,0.657,NA,PDO,NA,NA,Pacific Decadal Oscillation,NA
01-JUL-2015 00:00,2015,7,1.144,NA,PDO,NA,NA,Pacific Decadal Oscillation,NA
01-AUG-2015 00:00,2015,8,0.889,NA,PDO,NA,NA,Pacific Decadal Oscillation,NA
01-SEP-2015 00:00,2015,9,0.936,NA,PDO,NA,NA,Pacific Decadal Oscillation,NA
01-OCT-2015 00:00,2015,10,0.72,NA,PDO,NA,NA,Pacific Decadal Oscillation,NA
01-NOV-2015 00:00,2015,11,0.067,NA,PDO,NA,NA,Pacific Decadal Oscillation,NA
01-DEC-2015 00:00,2015,12,0.01,NA,PDO,NA,NA,Pacific Decadal Oscillation,NA
01-JAN-2016 00:00,2016,1,0.521,NA,PDO,NA,NA,Pacific Decadal Oscillation,NA
01-FEB-2016 00:00,2016,2,1.113,NA,PDO,NA,NA,Pacific Decadal Oscillation,NA
01-MAR-2016 00:00,2016,3,1.447,NA,PDO,NA,NA,Pacific Decadal Oscillation,NA
01-APR-2016 00:00,2016,4,1.619,NA,PDO,NA,NA,Pacific Decadal Oscillation,NA
01-MAY-2016 00:00,2016,5,1.498,NA,PDO,NA,NA,Pacific Decadal Oscillation,NA
01-JUN-2016 00:00,2016,6,0.676,NA,PDO,NA,NA,Pacific Decadal Oscillation,NA
01-JUL-2016 00:00,2016,7,0.478,NA,PDO,NA,NA,Pacific Decadal Oscillation,NA
01-AUG-2016 00:00,2016,8,-0.124,NA,PDO,NA,NA,Pacific Decadal Oscillation,NA
01-SEP-2016 00:00,2016,9,-0.327,NA,PDO,NA,NA,Pacific Decadal Oscillation,NA
01-OCT-2016 00:00,2016,10,-0.296,NA,PDO,NA,NA,Pacific Decadal Oscillation,NA
01-NOV-2016 00:00,2016,11,0.66,NA,PDO,NA,NA,Pacific Decadal Oscillation,NA
01-DEC-2016 00:00,2016,12,0.315,NA,PDO,NA,NA,Pacific Decadal Oscillation,NA
01-JAN-2017 00:00,2017,1,-0.091,NA,PDO,NA,NA,Pacific Decadal Oscillation,NA
01-FEB-2017 00:00,2017,2,0.108,NA,PDO,NA,NA,Pacific Decadal Oscillation,NA
01-MAR-2017 00:00,2017,3,0.196,NA,PDO,NA,NA,Pacific Decadal Oscillation,NA
01-APR-2017 00:00,2017,4,0.492,NA,PDO,NA,NA,Pacific Decadal Oscillation,NA
01-MAY-2017 00:00,2017,5,0.397,NA,PDO,NA,NA,Pacific Decadal Oscillation,NA
01-JUN-2017 00:00,2017,6,0.122,NA,PDO,NA,NA,Pacific Decadal Oscillation,NA
01-JUL-2017 00:00,2017,7,-0.445,NA,PDO,NA,NA,Pacific Decadal Oscillation,NA
01-AUG-2017 00:00,2017,8,-0.334,NA,PDO,NA,NA,Pacific Decadal Oscillation,NA
01-SEP-2017 00:00,2017,9,0.038,NA,PDO,NA,NA,Pacific Decadal Oscillation,NA
01-OCT-2017 00:00,2017,10,-0.46,NA,PDO,NA,NA,Pacific Decadal Oscillation,NA
01-NOV-2017 00:00,2017,11,-0.547,NA,PDO,NA,NA,Pacific Decadal Oscillation,NA
01-DEC-2017 00:00,2017,12,-0.23,NA,PDO,NA,NA,Pacific Decadal Oscillation,NA
01-JAN-2018 00:00,2018,1,0.174,NA,PDO,NA,NA,Pacific Decadal Oscillation,NA
01-FEB-2018 00:00,2018,2,-0.193,NA,PDO,NA,NA,Pacific Decadal Oscillation,NA
01-MAR-2018 00:00,2018,3,-0.549,NA,PDO,NA,NA,Pacific Decadal Oscillation,NA
01-APR-2018 00:00,2018,4,-0.511,NA,PDO,NA,NA,Pacific Decadal Oscillation,NA
01-MAY-2018 00:00,2018,5,-0.312,NA,PDO,NA,NA,Pacific Decadal Oscillation,NA
01-JUN-2018 00:00,2018,6,-0.713,NA,PDO,NA,NA,Pacific Decadal Oscillation,NA
01-JUL-2018 00:00,2018,7,-0.083,NA,PDO,NA,NA,Pacific Decadal Oscillation,NA
01-AUG-2018 00:00,2018,8,-0.123,NA,PDO,NA,NA,Pacific Decadal Oscillation,NA
01-SEP-2018 00:00,2018,9,-0.138,NA,PDO,NA,NA,Pacific Decadal Oscillation,NA
01-OCT-2018 00:00,2018,10,-0.428,NA,PDO,NA,NA,Pacific Decadal Oscillation,NA
01-NOV-2018 00:00,2018,11,-0.529,NA,PDO,NA,NA,Pacific Decadal Oscillation,NA
01-DEC-2018 00:00,2018,12,-0.23,NA,PDO,NA,NA,Pacific Decadal Oscillation,NA
01-JAN-2019 00:00,2019,1,-0.306,NA,PDO,NA,NA,Pacific Decadal Oscillation,NA
01-FEB-2019 00:00,2019,2,-0.51,NA,PDO,NA,NA,Pacific Decadal Oscillation,NA
01-MAR-2019 00:00,2019,3,-0.216,NA,PDO,NA,NA,Pacific Decadal Oscillation,NA
01-APR-2019 00:00,2019,4,0.202,NA,PDO,NA,NA,Pacific Decadal Oscillation,NA
01-MAY-2019 00:00,2019,5,0.436,NA,PDO,NA,NA,Pacific Decadal Oscillation,NA
01-JUN-2019 00:00,2019,6,0.033,NA,PDO,NA,NA,Pacific Decadal Oscillation,NA
01-JUL-2019 00:00,2019,7,0.53,NA,PDO,NA,NA,Pacific Decadal Oscillation,NA
01-AUG-2019 00:00,2019,8,0.232,NA,PDO,NA,NA,Pacific Decadal Oscillation,NA
01-SEP-2019 00:00,2019,9,0.171,NA,PDO,NA,NA,Pacific Decadal Oscillation,NA
01-OCT-2019 00:00,2019,10,-0.705,NA,PDO,NA,NA,Pacific Decadal Oscillation,NA
01-NOV-2019 00:00,2019,11,-0.353,NA,PDO,NA,NA,Pacific Decadal Oscillation,NA
01-DEC-2019 00:00,2019,12,0.01,NA,PDO,NA,NA,Pacific Decadal Oscillation,NA
01-JAN-2020 00:00,2020,1,-1.21,NA,PDO,NA,NA,Pacific Decadal Oscillation,NA
01-FEB-2020 00:00,2020,2,-1.14,NA,PDO,NA,NA,Pacific Decadal Oscillation,NA
01-MAR-2020 00:00,2020,3,-1.426,NA,PDO,NA,NA,Pacific Decadal Oscillation,NA
01-APR-2020 00:00,2020,4,-1.082,NA,PDO,NA,NA,Pacific Decadal Oscillation,NA
01-MAY-2020 00:00,2020,5,-0.456,NA,PDO,NA,NA,Pacific Decadal Oscillation,NA
01-JUN-2020 00:00,2020,6,-0.813,NA,PDO,NA,NA,Pacific Decadal Oscillation,NA
01-JUL-2020 00:00,2020,7,-0.938,NA,PDO,NA,NA,Pacific Decadal Oscillation,NA
01-AUG-2020 00:00,2020,8,-1.24,NA,PDO,NA,NA,Pacific Decadal Oscillation,NA
01-SEP-2020 00:00,2020,9,-1.053,NA,PDO,NA,NA,Pacific Decadal Oscillation,NA
01-OCT-2020 00:00,2020,10,-0.686,NA,PDO,NA,NA,Pacific Decadal Oscillation,NA
01-NOV-2020 00:00,2020,11,-1.497,NA,PDO,NA,NA,Pacific Decadal Oscillation,NA
01-DEC-2020 00:00,2020,12,-0.955,NA,PDO,NA,NA,Pacific Decadal Oscillation,NA
01-JAN-2021 00:00,2021,1,-0.56,NA,PDO,NA,NA,Pacific Decadal Oscillation,NA
01-FEB-2021 00:00,2021,2,-0.87,NA,PDO,NA,NA,Pacific Decadal Oscillation,NA
01-MAR-2021 00:00,2021,3,-1.331,NA,PDO,NA,NA,Pacific Decadal Oscillation,NA
01-APR-2021 00:00,2021,4,-1.438,NA,PDO,NA,NA,Pacific Decadal Oscillation,NA
01-MAY-2021 00:00,2021,5,-1.616,NA,PDO,NA,NA,Pacific Decadal Oscillation,NA
01-JUN-2021 00:00,2021,6,-1.655,NA,PDO,NA,NA,Pacific Decadal Oscillation,NA
01-JUL-2021 00:00,2021,7,-1.572,NA,PDO,NA,NA,Pacific Decadal Oscillation,NA
01-AUG-2021 00:00,2021,8,-0.776,NA,PDO,NA,NA,Pacific Decadal Oscillation,NA
01-SEP-2021 00:00,2021,9,-1.626,NA,PDO,NA,NA,Pacific Decadal Oscillation,NA
01-OCT-2021 00:00,2021,10,-2.686,NA,PDO,NA,NA,Pacific Decadal Oscillation,NA
01-NOV-2021 00:00,2021,11,-2.468,NA,PDO,NA,NA,Pacific Decadal Oscillation,NA
01-DEC-2021 00:00,2021,12,-2.417,NA,PDO,NA,NA,Pacific Decadal Oscillation,NA
01-JAN-2022 00:00,2022,1,-2.05,NA,PDO,NA,NA,Pacific Decadal Oscillation,NA
01-FEB-2022 00:00,2022,2,-1.583,NA,PDO,NA,NA,Pacific Decadal Oscillation,NA
01-MAR-2022 00:00,2022,3,-1.361,NA,PDO,NA,NA,Pacific Decadal Oscillation,NA
01-APR-2022 00:00,2022,4,-1.805,NA,PDO,NA,NA,Pacific Decadal Oscillation,NA
01-MAY-2022 00:00,2022,5,-2.033,NA,PDO,NA,NA,Pacific Decadal Oscillation,NA
01-JUN-2022 00:00,2022,6,-1.405,NA,PDO,NA,NA,Pacific Decadal Oscillation,NA
01-JUL-2022 00:00,2022,7,-2.262,NA,PDO,NA,NA,Pacific Decadal Oscillation,NA
01-AUG-2022 00:00,2022,8,-1.947,NA,PDO,NA,NA,Pacific Decadal Oscillation,NA
01-SEP-2022 00:00,2022,9,-1.723,NA,PDO,NA,NA,Pacific Decadal Oscillation,NA
01-OCT-2022 00:00,2022,10,-1.364,NA,PDO,NA,NA,Pacific Decadal Oscillation,NA
01-NOV-2022 00:00,2022,11,-1.986,NA,PDO,NA,NA,Pacific Decadal Oscillation,NA
01-DEC-2022 00:00,2022,12,-1.836,NA,PDO,NA,NA,Pacific Decadal Oscillation,NA
01-JAN-2023 00:00,2023,1,-0.947,NA,PDO,NA,NA,Pacific Decadal Oscillation,NA
01-FEB-2023 00:00,2023,2,-1.273,NA,PDO,NA,NA,Pacific Decadal Oscillation,NA
01-MAR-2023 00:00,2023,3,-1.892,NA,PDO,NA,NA,Pacific Decadal Oscillation,NA
01-APR-2023 00:00,2023,4,-2.484,NA,PDO,NA,NA,Pacific Decadal Oscillation,NA
01-MAY-2023 00:00,2023,5,-1.949,NA,PDO,NA,NA,Pacific Decadal Oscillation,NA
01-JUN-2023 00:00,2023,6,-2.16,NA,PDO,NA,NA,Pacific Decadal Oscillation,NA
01-JUL-2023 00:00,2023,7,-2.148,NA,PDO,NA,NA,Pacific Decadal Oscillation,NA
01-AUG-2023 00:00,2023,8,-1.971,NA,PDO,NA,NA,Pacific Decadal Oscillation,NA
01-SEP-2023 00:00,2023,9,-2.39,NA,PDO,NA,NA,Pacific Decadal Oscillation,NA
01-OCT-2023 00:00,2023,10,-2.021,NA,PDO,NA,NA,Pacific Decadal Oscillation,NA
01-NOV-2023 00:00,2023,11,-1.621,NA,PDO,NA,NA,Pacific Decadal Oscillation,NA
01-DEC-2023 00:00,2023,12,-1.68,NA,PDO,NA,NA,Pacific Decadal Oscillation,NA
01-JAN-2024 00:00,2024,1,-1.4,NA,PDO,NA,NA,Pacific Decadal Oscillation,NA
01-FEB-2024 00:00,2024,2,-1.077,NA,PDO,NA,NA,Pacific Decadal Oscillation,NA
01-MAR-2024 00:00,2024,3,-1.274,NA,PDO,NA,NA,Pacific Decadal Oscillation,NA
01-APR-2024 00:00,2024,4,-1.69,NA,PDO,NA,NA,Pacific Decadal Oscillation,NA
01-MAY-2024 00:00,2024,5,-2.607,NA,PDO,NA,NA,Pacific Decadal Oscillation,NA
01-JUN-2024 00:00,2024,6,-2.744,NA,PDO,NA,NA,Pacific Decadal Oscillation,NA
01-JUL-2024 00:00,2024,7,-2.315,NA,PDO,NA,NA,Pacific Decadal Oscillation,NA
01-AUG-2024 00:00,2024,8,-2.079,NA,PDO,NA,NA,Pacific Decadal Oscillation,NA
01-SEP-2024 00:00,2024,9,-2.652,NA,PDO,NA,NA,Pacific Decadal Oscillation,NA
01-OCT-2024 00:00,2024,10,-3.043,NA,PDO,NA,NA,Pacific Decadal Oscillation,NA
01-NOV-2024 00:00,2024,11,-2.628,NA,PDO,NA,NA,Pacific Decadal Oscillation,NA
01-DEC-2024 00:00,2024,12,-1.788,NA,PDO,NA,NA,Pacific Decadal Oscillation,NA
01-JAN-2025 00:00,2025,1,-1.086,NA,PDO,NA,NA,Pacific Decadal Oscillation,NA
01-FEB-2025 00:00,2025,2,-1.11,NA,PDO,NA,NA,Pacific Decadal Oscillation,NA
01-MAR-2025 00:00,2025,3,-0.892,NA,PDO,NA,NA,Pacific Decadal Oscillation,NA
01-APR-2025 00:00,2025,4,-1.017,NA,PDO,NA,NA,Pacific Decadal Oscillation,NA
01-MAY-2025 00:00,2025,5,-1.595,NA,PDO,NA,NA,Pacific Decadal Oscillation,NA
01-JUN-2025 00:00,2025,6,-2.666,NA,PDO,NA,NA,Pacific Decadal Oscillation,NA
01-JUL-2025 00:00,2025,7,-3.59,NA,PDO,NA,NA,Pacific Decadal Oscillation,NA
01-AUG-2025 00:00,2025,8,-2.691,NA,PDO,NA,NA,Pacific Decadal Oscillation,NA
01-SEP-2025 00:00,2025,9,-1.976,NA,PDO,NA,NA,Pacific Decadal Oscillation,NA
01-OCT-2025 00:00,2025,10,-2.125,NA,PDO,NA,NA,Pacific Decadal Oscillation,NA
01-NOV-2025 00:00,2025,11,-1.489,NA,PDO,NA,NA,Pacific Decadal Oscillation,NA
01-DEC-2025 00:00,2025,12,-1.08,NA,PDO,NA,NA,Pacific Decadal Oscillation,NA
01-Jan-1985 00:00,1985,1,24.19542582515,-0.482037332503378,SST,25.2320600330384,-0.311055458347005,Deg C,1
01-Feb-1985 00:00,1985,2,23.9380176306887,-0.401463936644102,SST,25.2334504232994,-0.309788430003433,Deg C,2
01-Mar-1985 00:00,1985,3,23.5797749309175,-0.693787301415025,SST,25.2348408135605,-0.30852140165986,Deg C,3
01-Apr-1985 00:00,1985,4,23.3177754797436,-1.19534819927953,SST,25.2362312038215,-0.307254373316288,Deg C,4
01-May-1985 00:00,1985,5,24.0685479095784,-1.02605475151208,SST,25.2376215940826,-0.305987344972716,Deg C,5
01-Jun-1985 00:00,1985,6,24.8953519930375,-0.841391599642002,SST,25.2390119843436,-0.304720316629143,Deg C,6
01-Jul-1985 00:00,1985,7,25.8748469452313,-0.331646924761966,SST,25.2404023746047,-0.303453288285571,Deg C,7
01-Aug-1985 00:00,1985,8,26.1682048929137,-0.483526376707683,SST,25.2417927648657,-0.302186259941999,Deg C,8
01-Sep-1985 00:00,1985,9,26.679377947173,-0.288367891679751,SST,25.2431831551268,-0.300919231598426,Deg C,9
01-Oct-1985 00:00,1985,10,26.275330398767,-0.580411518378213,SST,25.2445735453878,-0.299652203254854,Deg C,10
01-Nov-1985 00:00,1985,11,25.8203114893182,-0.41203236754324,SST,25.2459639356489,-0.298385174911282,Deg C,11
01-Dec-1985 00:00,1985,12,24.7509920646014,-0.580784398318279,SST,25.2473543259099,-0.297118146567709,Deg C,12
01-Jan-1986 00:00,1986,1,24.2629087203949,-0.41455443725846,SST,25.248744716171,-0.295851118224137,Deg C,13
01-Feb-1986 00:00,1986,2,24.2931301847052,-0.0463513826276376,SST,25.250135106432,-0.294584089880565,Deg C,14
01-Mar-1986 00:00,1986,3,24.6966114332661,0.423049200933491,SST,25.2515254966931,-0.293317061536992,Deg C,15
01-Apr-1986 00:00,1986,4,24.4208498394313,-0.0922738395918117,SST,25.2529158869541,-0.29205003319342,Deg C,16
01-May-1986 00:00,1986,5,25.309104256119898,0.214501595029503,SST,25.2543062772152,-0.290783004849848,Deg C,17
01-Jun-1986 00:00,1986,6,25.6051458321675,-0.131597760511973,SST,25.2556966674762,-0.289515976506276,Deg C,18
01-Jul-1986 00:00,1986,7,26.1090502294225,-0.0974436405707806,SST,25.2570870577372,-0.288248948162703,Deg C,19
01-Aug-1986 00:00,1986,8,26.7963638783016,0.144632608680229,SST,25.2584774479983,-0.286981919819131,Deg C,20
01-Sep-1986 00:00,1986,9,27.2865502187834,0.318804379930647,SST,25.2598678382593,-0.285714891475559,Deg C,21
01-Oct-1986 00:00,1986,10,27.2432886402857,0.387546723140435,SST,25.2612582285204,-0.284447863131986,Deg C,22
01-Nov-1986 00:00,1986,11,26.5558093192555,0.323465462394054,SST,25.2626486187814,-0.283180834788414,Deg C,23
01-Dec-1986 00:00,1986,12,25.2669886574283,-0.0647878054913669,SST,25.2640390090425,-0.281913806444842,Deg C,24
01-Jan-1987 00:00,1987,1,24.6999009866958,0.0224378290424632,SST,25.2654293993035,-0.280646778101269,Deg C,25
01-Feb-1987 00:00,1987,2,24.0888503795483,-0.250631187784546,SST,25.2668197895646,-0.279379749757697,Deg C,26
01-Mar-1987 00:00,1987,3,24.1119004478976,-0.161661784434951,SST,25.2682101798256,-0.278112721414125,Deg C,27
01-Apr-1987 00:00,1987,4,24.1426593640059,-0.370464315017209,SST,25.2696005700867,-0.276845693070552,Deg C,28
01-May-1987 00:00,1987,5,24.1467941953503,-0.947808465740088,SST,25.2709909603477,-0.27557866472698,Deg C,29
01-Jun-1987 00:00,1987,6,25.1120822904434,-0.624661302236028,SST,25.2723813506088,-0.274311636383408,Deg C,30
01-Jul-1987 00:00,1987,7,26.0396885248582,-0.166805345135067,SST,25.2737717408698,-0.273044608039835,Deg C,31
01-Aug-1987 00:00,1987,8,26.9985064799124,0.346775210291021,SST,25.2751621311309,-0.271777579696263,Deg C,32
01-Sep-1987 00:00,1987,9,27.3495372659576,0.381791427104783,SST,25.2765525213919,-0.270510551352691,Deg C,33
01-Oct-1987 00:00,1987,10,27.1432507895805,0.28750887243524,SST,25.277942911653,-0.269243523009118,Deg C,34
01-Nov-1987 00:00,1987,11,26.4936576974791,0.261313840617657,SST,25.279333301914,-0.267976494665546,Deg C,35
01-Dec-1987 00:00,1987,12,25.148946712976,-0.182829749943686,SST,25.280723692175,-0.266709466321974,Deg C,36
01-Jan-1988 00:00,1988,1,24.712288436505,0.0348252788516277,SST,25.2821140824361,-0.265442437978401,Deg C,37
01-Feb-1988 00:00,1988,2,24.6755635392378,0.336081971904996,SST,25.2835044726971,-0.264175409634829,Deg C,38
01-Mar-1988 00:00,1988,3,24.765231374446,0.49166914211342,SST,25.2848948629582,-0.262908381291257,Deg C,39
01-Apr-1988 00:00,1988,4,24.6527898611248,0.139666182101713,SST,25.2862852532192,-0.261641352947684,Deg C,40
01-May-1988 00:00,1988,5,25.1795687776785,0.0849661165880313,SST,25.2876756434803,-0.260374324604112,Deg C,41
01-Jun-1988 00:00,1988,6,25.7132463034512,-0.0234972892282599,SST,25.2890660337413,-0.25910729626054,Deg C,42
01-Jul-1988 00:00,1988,7,26.1342510084991,-0.072242861494221,SST,25.2904564240024,-0.257840267916967,Deg C,43
01-Aug-1988 00:00,1988,8,26.4822487956464,-0.169482473974984,SST,25.2918468142634,-0.256573239573395,Deg C,44
01-Sep-1988 00:00,1988,9,26.7949783753095,-0.172767463543252,SST,25.2932372045245,-0.255306211229823,Deg C,45
01-Oct-1988 00:00,1988,10,26.9561829584126,0.100441041267416,SST,25.2946275947855,-0.25403918288625,Deg C,46
01-Nov-1988 00:00,1988,11,26.6297587395401,0.397414882678689,SST,25.2960179850466,-0.252772154542678,Deg C,47
01-Dec-1988 00:00,1988,12,25.9344778490186,0.602701386098932,SST,25.2974083753076,-0.251505126199106,Deg C,48
01-Jan-1989 00:00,1989,1,25.0057949192197,0.328331761566361,SST,25.2987987655687,-0.250238097855534,Deg C,49
01-Feb-1989 00:00,1989,2,24.4800333006587,0.140551733325868,SST,25.3001891558297,-0.248971069511961,Deg C,50
01-Mar-1989 00:00,1989,3,24.471306264422,0.197744032089421,SST,25.3015795460908,-0.247704041168389,Deg C,51
01-Apr-1989 00:00,1989,4,24.3656337765167,-0.1474899025064,SST,25.3029699363518,-0.246437012824817,Deg C,52
01-May-1989 00:00,1989,5,24.9296084138872,-0.164994247203232,SST,25.3043603266129,-0.245169984481244,Deg C,53
01-Jun-1989 00:00,1989,6,25.7252061814338,-0.0115374112456514,SST,25.3057507168739,-0.243902956137672,Deg C,54
01-Jul-1989 00:00,1989,7,25.9914431086023,-0.215050761391023,SST,25.3071411071349,-0.2426359277941,Deg C,55
01-Aug-1989 00:00,1989,8,26.5005617316867,-0.151169537934638,SST,25.308531497396,-0.241368899450527,Deg C,56
01-Sep-1989 00:00,1989,9,26.7112693480978,-0.256476490754977,SST,25.309921887657,-0.240101871106955,Deg C,57
01-Oct-1989 00:00,1989,10,26.8740682440522,0.0183263269070011,SST,25.3113122779181,-0.238834842763383,Deg C,58
01-Nov-1989 00:00,1989,11,26.2108516363433,-0.0214922205180699,SST,25.3127026681791,-0.23756781441981,Deg C,59
01-Dec-1989 00:00,1989,12,25.0761775333417,-0.255598929578017,SST,25.3140930584402,-0.236300786076238,Deg C,60
01-Jan-1990 00:00,1990,1,24.776513306752,0.0990501490986659,SST,25.3154834487012,-0.235033757732666,Deg C,61
01-Feb-1990 00:00,1990,2,24.0491600615282,-0.290321505804659,SST,25.3168738389623,-0.233766729389093,Deg C,62
01-Mar-1990 00:00,1990,3,23.881551141914,-0.39201109041857,SST,25.3182642292233,-0.232499701045521,Deg C,63
01-Apr-1990 00:00,1990,4,24.396711382799,-0.116412296224116,SST,25.3196546194844,-0.231232672701949,Deg C,64
01-May-1990 00:00,1990,5,24.9672146293384,-0.127388031752009,SST,25.3210450097454,-0.229965644358376,Deg C,65
01-Jun-1990 00:00,1990,6,25.2273316529315,-0.509411939747999,SST,25.3224354000065,-0.228698616014804,Deg C,66
01-Jul-1990 00:00,1990,7,25.7358111334139,-0.47068273657937,SST,25.3238257902675,-0.227431587671232,Deg C,67
01-Aug-1990 00:00,1990,8,26.3880644512555,-0.263666818365881,SST,25.3252161805286,-0.226164559327659,Deg C,68
01-Sep-1990 00:00,1990,9,26.9058003229849,-0.0619455158678903,SST,25.3266065707896,-0.224897530984087,Deg C,69
01-Oct-1990 00:00,1990,10,26.7477421490975,-0.107999768047733,SST,25.3279969610507,-0.223630502640515,Deg C,70
01-Nov-1990 00:00,1990,11,26.0519328435033,-0.180411013358079,SST,25.3293873513117,-0.222363474296942,Deg C,71
01-Dec-1990 00:00,1990,12,24.8570642895436,-0.474712173376048,SST,25.3307777415727,-0.22109644595337,Deg C,72
01-Jan-1991 00:00,1991,1,24.3792636000428,-0.29819955761058,SST,25.3321681318338,-0.219829417609798,Deg C,73
01-Feb-1991 00:00,1991,2,24.3754834495177,0.036001882184852,SST,25.3335585220948,-0.218562389266225,Deg C,74
01-Mar-1991 00:00,1991,3,23.7485217917596,-0.52504044057294,SST,25.3349489123559,-0.217295360922653,Deg C,75
01-Apr-1991 00:00,1991,4,23.8248766734954,-0.688247005527653,SST,25.3363393026169,-0.216028332579081,Deg C,76
01-May-1991 00:00,1991,5,24.6065079150201,-0.488094746070292,SST,25.337729692878,-0.214761304235508,Deg C,77
01-Jun-1991 00:00,1991,6,25.2806391855088,-0.456104407170635,SST,25.339120083139,-0.213494275891936,Deg C,78
01-Jul-1991 00:00,1991,7,25.8817681021342,-0.324725767859125,SST,25.3405104734001,-0.212227247548364,Deg C,79
01-Aug-1991 00:00,1991,8,26.3859767553228,-0.265754514298525,SST,25.3419008636611,-0.210960219204791,Deg C,80
01-Sep-1991 00:00,1991,9,26.7560784997895,-0.211667339063247,SST,25.3432912539222,-0.209693190861219,Deg C,81
01-Oct-1991 00:00,1991,10,26.8394697573617,-0.0162721597835365,SST,25.3446816441832,-0.208426162517647,Deg C,82
01-Nov-1991 00:00,1991,11,26.6114710173162,0.379127160454782,SST,25.3460720344443,-0.207159134174074,Deg C,83
01-Dec-1991 00:00,1991,12,25.5833705701886,0.251594107268925,SST,25.3474624247053,-0.205892105830502,Deg C,84
01-Jan-1992 00:00,1992,1,24.4358516361029,-0.241611521550407,SST,25.3488528149664,-0.20462507748693,Deg C,85
01-Feb-1992 00:00,1992,2,23.8504681496213,-0.48901341771148,SST,25.3502432052274,-0.203358049143358,Deg C,86
01-Mar-1992 00:00,1992,3,24.022788976567,-0.250773255765591,SST,25.3516335954885,-0.202091020799785,Deg C,87
01-Apr-1992 00:00,1992,4,24.8195769027021,0.306453223678979,SST,25.3530239857495,-0.200823992456213,Deg C,88
01-May-1992 00:00,1992,5,25.3695903842639,0.274987723173513,SST,25.3544143760105,-0.199556964112641,Deg C,89
01-Jun-1992 00:00,1992,6,26.2184308616644,0.481687268984949,SST,25.3558047662716,-0.198289935769068,Deg C,90
01-Jul-1992 00:00,1992,7,26.5774909994093,0.370997129416015,SST,25.3571951565326,-0.197022907425496,Deg C,91
01-Aug-1992 00:00,1992,8,26.5650296884344,-0.0867015811869898,SST,25.3585855467937,-0.195755879081924,Deg C,92
01-Sep-1992 00:00,1992,9,27.0986622374909,0.13091639863811,SST,25.3599759370547,-0.194488850738351,Deg C,93
01-Oct-1992 00:00,1992,10,27.2164467355524,0.360704818407221,SST,25.3613663273158,-0.193221822394779,Deg C,94
01-Nov-1992 00:00,1992,11,26.2206950089809,-0.0116488478804975,SST,25.3627567175768,-0.191954794051207,Deg C,95
01-Dec-1992 00:00,1992,12,25.4747965417408,0.143020078821138,SST,25.3641471078379,-0.190687765707634,Deg C,96
01-Jan-1993 00:00,1993,1,24.3601080259489,-0.317355131704435,SST,25.3655374980989,-0.189420737364062,Deg C,97
01-Feb-1993 00:00,1993,2,23.76677800444,-0.572703562892876,SST,25.36692788836,-0.18815370902049,Deg C,98
01-Mar-1993 00:00,1993,3,23.6516879732161,-0.621874259116453,SST,25.368318278621,-0.186886680676917,Deg C,99
01-Apr-1993 00:00,1993,4,24.1564665271689,-0.356657151854211,SST,25.3697086688821,-0.185619652333345,Deg C,100
01-May-1993 00:00,1993,5,24.7040115235562,-0.390591137534212,SST,25.3710990591431,-0.184352623989773,Deg C,101
01-Jun-1993 00:00,1993,6,25.4454591160075,-0.291284476671962,SST,25.3724894494042,-0.1830855956462,Deg C,102
01-Jul-1993 00:00,1993,7,26.0329492202885,-0.173544649704834,SST,25.3738798396652,-0.181818567302628,Deg C,103
01-Aug-1993 00:00,1993,8,26.5921957014617,-0.0595355681596459,SST,25.3752702299263,-0.180551538959056,Deg C,104
01-Sep-1993 00:00,1993,9,27.0922119245711,0.124466085718357,SST,25.3766606201873,-0.179284510615483,Deg C,105
01-Oct-1993 00:00,1993,10,26.9349567987183,0.0792148815730904,SST,25.3780510104483,-0.178017482271911,Deg C,106
01-Nov-1993 00:00,1993,11,25.7304150037384,-0.501928853123022,SST,25.3794414007094,-0.176750453928339,Deg C,107
01-Dec-1993 00:00,1993,12,24.7520480705414,-0.579728392378254,SST,25.3808317909704,-0.175483425584766,Deg C,108
01-Jan-1994 00:00,1994,1,23.8311091080646,-0.846354049588705,SST,25.3822221812315,-0.174216397241194,Deg C,109
01-Feb-1994 00:00,1994,2,23.7146795205517,-0.624802046781141,SST,25.3836125714925,-0.172949368897622,Deg C,110
01-Mar-1994 00:00,1994,3,24.0362927643224,-0.23726946801019,SST,25.3850029617536,-0.171682340554049,Deg C,111
01-Apr-1994 00:00,1994,4,23.9493887263921,-0.563734952630998,SST,25.3863933520146,-0.170415312210477,Deg C,112
01-May-1994 00:00,1994,5,24.7577394754027,-0.33686318568774,SST,25.3877837422757,-0.169148283866905,Deg C,113
01-Jun-1994 00:00,1994,6,25.4179717384314,-0.31877185424807,SST,25.3891741325367,-0.167881255523332,Deg C,114
01-Jul-1994 00:00,1994,7,26.0142942093069,-0.192199660686448,SST,25.3905645227978,-0.16661422717976,Deg C,115
01-Aug-1994 00:00,1994,8,26.7349207968775,0.0831895272561844,SST,25.3919549130588,-0.165347198836188,Deg C,116
01-Sep-1994 00:00,1994,9,26.9253159970485,-0.0424298418042959,SST,25.3933453033199,-0.164080170492616,Deg C,117
01-Oct-1994 00:00,1994,10,26.7474270553782,-0.108314861767056,SST,25.3947356935809,-0.162813142149043,Deg C,118
01-Nov-1994 00:00,1994,11,25.9318896430321,-0.300454213829298,SST,25.396126083842,-0.161546113805471,Deg C,119
01-Dec-1994 00:00,1994,12,24.4962396587363,-0.835536804183441,SST,25.397516474103,-0.160279085461899,Deg C,120
01-Jan-1995 00:00,1995,1,23.8836235100304,-0.793839647622953,SST,25.3989068643641,-0.159012057118326,Deg C,121
01-Feb-1995 00:00,1995,2,23.8557832154345,-0.483698351898298,SST,25.4002972546251,-0.157745028774754,Deg C,122
01-Mar-1995 00:00,1995,3,24.2304834421478,-0.0430787901847616,SST,25.4016876448862,-0.156478000431182,Deg C,123
01-Apr-1995 00:00,1995,4,24.3578979169718,-0.15522576205132,SST,25.4030780351472,-0.155210972087609,Deg C,124
01-May-1995 00:00,1995,5,24.5699090876939,-0.524693573396565,SST,25.4044684254082,-0.153943943744037,Deg C,125
01-Jun-1995 00:00,1995,6,25.4171534015585,-0.31959019112092,SST,25.4058588156693,-0.152676915400465,Deg C,126
01-Jul-1995 00:00,1995,7,26.118758536776,-0.0877353332173065,SST,25.4072492059303,-0.151409887056892,Deg C,127
01-Aug-1995 00:00,1995,8,26.4557562279624,-0.195975041658979,SST,25.4086395961914,-0.15014285871332,Deg C,128
01-Sep-1995 00:00,1995,9,26.9015259407904,-0.0662198980624282,SST,25.4100299864524,-0.148875830369748,Deg C,129
01-Oct-1995 00:00,1995,10,26.6453204723327,-0.210421444812543,SST,25.4114203767135,-0.147608802026175,Deg C,130
01-Nov-1995 00:00,1995,11,26.3298712509933,0.0975273941319088,SST,25.4128107669745,-0.146341773682603,Deg C,131
01-Dec-1995 00:00,1995,12,25.9505095905995,0.618733127679793,SST,25.4142011572356,-0.145074745339031,Deg C,132
01-Jan-1996 00:00,1996,1,25.3237144400157,0.646251282362364,SST,25.4155915474966,-0.143807716995458,Deg C,133
01-Feb-1996 00:00,1996,2,24.6586676349646,0.319186067631772,SST,25.4169819377577,-0.142540688651886,Deg C,134
01-Mar-1996 00:00,1996,3,23.9736559199566,-0.299906312375938,SST,25.4183723280187,-0.141273660308314,Deg C,135
01-Apr-1996 00:00,1996,4,24.824790238218,0.311666559194951,SST,25.4197627182798,-0.140006631964741,Deg C,136
01-May-1996 00:00,1996,5,25.7242600144265,0.629657353336029,SST,25.4211531085408,-0.138739603621169,Deg C,137
01-Jun-1996 00:00,1996,6,26.3406464061936,0.603902813514164,SST,25.4225434988019,-0.137472575277597,Deg C,138
01-Jul-1996 00:00,1996,7,26.596697890076,0.390204020082667,SST,25.4239338890629,-0.136205546934024,Deg C,139
01-Aug-1996 00:00,1996,8,27.1408129294742,0.489081659852822,SST,25.425324279324,-0.134938518590452,Deg C,140
01-Sep-1996 00:00,1996,9,27.4009398564101,0.43319401755728,SST,25.426714669585,-0.13367149024688,Deg C,141
01-Oct-1996 00:00,1996,10,27.2259542808972,0.370212363752017,SST,25.428105059846,-0.132404461903307,Deg C,142
01-Nov-1996 00:00,1996,11,26.3129942383661,0.0806503815047002,SST,25.4294954501071,-0.131137433559735,Deg C,143
01-Dec-1996 00:00,1996,12,24.9718221064132,-0.359954356506496,SST,25.4308858403681,-0.129870405216163,Deg C,144
01-Jan-1997 00:00,1997,1,24.4062819628566,-0.271181194796725,SST,25.4322762306292,-0.12860337687259,Deg C,145
01-Feb-1997 00:00,1997,2,24.5005023461432,0.161020778810329,SST,25.4336666208902,-0.127336348529018,Deg C,146
01-Mar-1997 00:00,1997,3,24.507638634217,0.234076401884479,SST,25.4350570111513,-0.126069320185446,Deg C,147
01-Apr-1997 00:00,1997,4,24.8223055572358,0.30918187821274,SST,25.4364474014123,-0.124802291841874,Deg C,148
01-May-1997 00:00,1997,5,25.2163008613298,0.121698200239393,SST,25.4378377916734,-0.123535263498301,Deg C,149
01-Jun-1997 00:00,1997,6,25.883504661674,0.146761068994579,SST,25.4392281819344,-0.122268235154729,Deg C,150
01-Jul-1997 00:00,1997,7,26.2755734627737,0.0690795927803585,SST,25.4406185721955,-0.121001206811157,Deg C,151
01-Aug-1997 00:00,1997,8,26.8799756848216,0.228244415200209,SST,25.4420089624565,-0.119734178467584,Deg C,152
01-Sep-1997 00:00,1997,9,27.2046525151257,0.23690667627287,SST,25.4433993527176,-0.118467150124012,Deg C,153
01-Oct-1997 00:00,1997,10,27.0070192813015,0.15127736415624,SST,25.4447897429786,-0.11720012178044,Deg C,154
01-Nov-1997 00:00,1997,11,26.0922227242374,-0.140121132624031,SST,25.4461801332397,-0.115933093436867,Deg C,155
01-Dec-1997 00:00,1997,12,24.794487755720102,-0.537288707199554,SST,25.4475705235007,-0.114666065093295,Deg C,156
01-Jan-1998 00:00,1998,1,24.3225801467552,-0.354883010898106,SST,25.4489609137618,-0.113399036749723,Deg C,157
01-Feb-1998 00:00,1998,2,24.1082724130621,-0.231209154270697,SST,25.4503513040228,-0.11213200840615,Deg C,158
01-Mar-1998 00:00,1998,3,24.4709596472504,0.197397414917887,SST,25.4517416942839,-0.110864980062578,Deg C,159
01-Apr-1998 00:00,1998,4,23.9515547271594,-0.561568951863716,SST,25.4531320845449,-0.109597951719006,Deg C,160
01-May-1998 00:00,1998,5,23.8243635161816,-1.27023914490887,SST,25.4545224748059,-0.108330923375433,Deg C,161
01-Jun-1998 00:00,1998,6,24.6625594244529,-1.07418416822658,SST,25.455912865067,-0.107063895031861,Deg C,162
01-Jul-1998 00:00,1998,7,25.2243977327934,-0.982096137199925,SST,25.457303255328,-0.105796866688289,Deg C,163
01-Aug-1998 00:00,1998,8,26.0078312860447,-0.643899983576635,SST,25.4586936455891,-0.104529838344716,Deg C,164
01-Sep-1998 00:00,1998,9,26.2190178444285,-0.748727994424303,SST,25.4600840358501,-0.103262810001144,Deg C,165
01-Oct-1998 00:00,1998,10,26.0481598736959,-0.807582043449365,SST,25.4614744261112,-0.101995781657572,Deg C,166
01-Nov-1998 00:00,1998,11,25.6076881558422,-0.624655701019208,SST,25.4628648163722,-0.100728753313999,Deg C,167
01-Dec-1998 00:00,1998,12,24.5315988512833,-0.800177611636414,SST,25.4642552066333,-0.099461724970427,Deg C,168
01-Jan-1999 00:00,1999,1,24.2822470246006,-0.395216133052706,SST,25.4656455968943,-0.0981946966268547,Deg C,169
01-Feb-1999 00:00,1999,2,23.8451332178827,-0.494348349450156,SST,25.4670359871554,-0.0969276682832824,Deg C,170
01-Mar-1999 00:00,1999,3,23.8542059857853,-0.419356246547224,SST,25.4684263774164,-0.0956606399397101,Deg C,171
01-Apr-1999 00:00,1999,4,23.9271434973503,-0.585980181672777,SST,25.4698167676775,-0.0943936115961378,Deg C,172
01-May-1999 00:00,1999,5,24.6603601007183,-0.434242560372109,SST,25.4712071579385,-0.0931265832525654,Deg C,173
01-Jun-1999 00:00,1999,6,25.0318122231192,-0.704931369560278,SST,25.4725975481996,-0.0918595549089931,Deg C,174
01-Jul-1999 00:00,1999,7,25.4307805230646,-0.77571334692875,SST,25.4739879384606,-0.0905925265654208,Deg C,175
01-Aug-1999 00:00,1999,8,25.8708876325451,-0.780843637076234,SST,25.4753783287216,-0.0893254982218485,Deg C,176
01-Sep-1999 00:00,1999,9,25.9825288288706,-0.985217009982208,SST,25.4767687189827,-0.0880584698782761,Deg C,177
01-Oct-1999 00:00,1999,10,25.9707490189882,-0.884992898157051,SST,25.4781591092437,-0.0867914415347038,Deg C,178
01-Nov-1999 00:00,1999,11,25.3589133790469,-0.873430477814527,SST,25.4795494995048,-0.0855244131911315,Deg C,179
01-Dec-1999 00:00,1999,12,24.6066006389847,-0.725175823934993,SST,25.4809398897658,-0.0842573848475592,Deg C,180
01-Jan-2000 00:00,2000,1,23.9434020573345,-0.734061100318808,SST,25.4823302800269,-0.0829903565039869,Deg C,181
01-Feb-2000 00:00,2000,2,23.7423181703806,-0.597163396952219,SST,25.4837206702879,-0.0817233281604145,Deg C,182
01-Mar-2000 00:00,2000,3,23.9789088655814,-0.294653366751113,SST,25.485111060549,-0.0804562998168422,Deg C,183
01-Apr-2000 00:00,2000,4,23.8036730185575,-0.709450660465539,SST,25.48650145081,-0.0791892714732699,Deg C,184
01-May-2000 00:00,2000,5,24.5889593077341,-0.505643353356326,SST,25.4878918410711,-0.0779222431296976,Deg C,185
01-Jun-2000 00:00,2000,6,25.5228475030481,-0.213896089631376,SST,25.4892822313321,-0.0766552147861252,Deg C,186
01-Jul-2000 00:00,2000,7,25.8875747066974,-0.318919163295877,SST,25.4906726215932,-0.075388186442552907,Deg C,187
01-Aug-2000 00:00,2000,8,26.214254571587,-0.437476698034335,SST,25.4920630118542,-0.0741211580989806,Deg C,188
01-Sep-2000 00:00,2000,9,26.486338683071,-0.48140715578177,SST,25.4934534021153,-0.0728541297554083,Deg C,189
01-Oct-2000 00:00,2000,10,26.3971246053815,-0.458617311763742,SST,25.4948437923763,-0.0715871014118359,Deg C,190
01-Nov-2000 00:00,2000,11,25.7206887194352,-0.511655137426178,SST,25.4962341826374,-0.0703200730682636,Deg C,191
01-Dec-2000 00:00,2000,12,25.0573973870338,-0.274379075885943,SST,25.4976245728984,-0.0690530447246913,Deg C,192
01-Jan-2001 00:00,2001,1,24.5967347844282,-0.0807283732251882,SST,25.4990149631595,-0.067786016381119,Deg C,193
01-Feb-2001 00:00,2001,2,24.2827250755731,-0.0567564917597636,SST,25.5004053534205,-0.0665189880375467,Deg C,194
01-Mar-2001 00:00,2001,3,24.1080986633548,-0.16546356897776,SST,25.5017957436815,-0.0652519596939743,Deg C,195
01-Apr-2001 00:00,2001,4,24.1316096429822,-0.381514036040908,SST,25.5031861339426,-0.063984931350402,Deg C,196
01-May-2001 00:00,2001,5,24.7594427487212,-0.335159912369182,SST,25.5045765242036,-0.0627179030068297,Deg C,197
01-Jun-2001 00:00,2001,6,25.4830410538022,-0.253702538877249,SST,25.5059669144647,-0.0614508746632574,Deg C,198
01-Jul-2001 00:00,2001,7,26.0317284718322,-0.174765398161075,SST,25.5073573047257,-0.060183846319685,Deg C,199
01-Aug-2001 00:00,2001,8,26.3016411575603,-0.35009011206105,SST,25.5087476949868,-0.0589168179761127,Deg C,200
01-Sep-2001 00:00,2001,9,26.7006706763911,-0.267075162461701,SST,25.5101380852478,-0.0576497896325404,Deg C,201
01-Oct-2001 00:00,2001,10,26.3724513491753,-0.48329056796987,SST,25.5115284755089,-0.0563827612889681,Deg C,202
01-Nov-2001 00:00,2001,11,25.7372605353326,-0.495083321528867,SST,25.5129188657699,-0.0551157329453957,Deg C,203
01-Dec-2001 00:00,2001,12,25.1192977870589,-0.212478675860844,SST,25.514309256031,-0.0538487046018234,Deg C,204
01-Jan-2002 00:00,2002,1,24.5222740399996,-0.155189117653752,SST,25.515699646292,-0.0525816762582511,Deg C,205
01-Feb-2002 00:00,2002,2,23.9921480015022,-0.34733356583066,SST,25.5170900365531,-0.0513146479146788,Deg C,206
01-Mar-2002 00:00,2002,3,23.7394085323634,-0.534153699969156,SST,25.5184804268141,-0.0500476195711064,Deg C,207
01-Apr-2002 00:00,2002,4,24.6479213087517,0.13479762972862,SST,25.5198708170752,-0.0487805912275341,Deg C,208
01-May-2002 00:00,2002,5,25.2854492153502,0.190846554259743,SST,25.5212612073362,-0.0475135628839618,Deg C,209
01-Jun-2002 00:00,2002,6,26.1546407923838,0.417897199704317,SST,25.5226515975973,-0.0462465345403895,Deg C,210
01-Jul-2002 00:00,2002,7,26.0793320292142,-0.127161840779074,SST,25.5240419878583,-0.0449795061968172,Deg C,211
01-Aug-2002 00:00,2002,8,26.6689133781471,0.0171821085257733,SST,25.5254323781193,-0.0437124778532448,Deg C,212
01-Sep-2002 00:00,2002,9,26.8561406243736,-0.111605214479159,SST,25.5268227683804,-0.0424454495096725,Deg C,213
01-Oct-2002 00:00,2002,10,26.6699099798274,-0.185831937317772,SST,25.5282131586414,-0.0411784211661002,Deg C,214
01-Nov-2002 00:00,2002,11,26.1403339928245,-0.0920098640369389,SST,25.5296035489025,-0.0399113928225279,Deg C,215
01-Dec-2002 00:00,2002,12,25.3864151874291,0.0546387245094095,SST,25.5309939391635,-0.0386443644789555,Deg C,216
01-Jan-2003 00:00,2003,1,24.6638557819054,-0.0136073757479487,SST,25.5323843294246,-0.0373773361353832,Deg C,217
01-Feb-2003 00:00,2003,2,24.2463125665711,-0.0931690007616943,SST,25.5337747196856,-0.0361103077918109,Deg C,218
01-Mar-2003 00:00,2003,3,24.6439467082575,0.370384475924901,SST,25.5351651099467,-0.0348432794482386,Deg C,219
01-Apr-2003 00:00,2003,4,24.8586118174063,0.345488138383224,SST,25.5365555002077,-0.0335762511046663,Deg C,220
01-May-2003 00:00,2003,5,25.3099198607519,0.215317199661484,SST,25.5379458904688,-0.0323092227610939,Deg C,221
01-Jun-2003 00:00,2003,6,26.2827493745215,0.546005781842059,SST,25.5393362807298,-0.0310421944175216,Deg C,222
01-Jul-2003 00:00,2003,7,26.3156085814509,0.109114711457622,SST,25.5407266709909,-0.0297751660739493,Deg C,223
01-Aug-2003 00:00,2003,8,26.7247578629839,0.0730265933625631,SST,25.5421170612519,-0.028508137730377,Deg C,224
01-Sep-2003 00:00,2003,9,26.9731805898923,0.00543475103946278,SST,25.543507451513,-0.0272411093868046,Deg C,225
01-Oct-2003 00:00,2003,10,27.2107580011166,0.355016083971424,SST,25.544897841774,-0.0259740810432323,Deg C,226
01-Nov-2003 00:00,2003,11,26.4425513339979,0.210207477136446,SST,25.5462882320351,-0.02470705269966,Deg C,227
01-Dec-2003 00:00,2003,12,25.448041952296,0.116265489376328,SST,25.5476786222961,-0.0234400243560877,Deg C,228
01-Jan-2004 00:00,2004,1,24.858950294176,0.181487136522637,SST,25.5490690125572,-0.0221729960125153,Deg C,229
01-Feb-2004 00:00,2004,2,25.074408532391,0.734926965058143,SST,25.5504594028182,-0.020905967668943,Deg C,230
01-Mar-2004 00:00,2004,3,24.7620408817466,0.488478649414034,SST,25.5518497930792,-0.0196389393253707,Deg C,231
01-Apr-2004 00:00,2004,4,25.063183295113,0.550059616089882,SST,25.5532401833403,-0.0183719109817984,Deg C,232
01-May-2004 00:00,2004,5,25.7772956397578,0.682692978667404,SST,25.5546305736013,-0.0171048826382261,Deg C,233
01-Jun-2004 00:00,2004,6,26.2760721982105,0.539328605531058,SST,25.5560209638624,-0.0158378542946537,Deg C,234
01-Jul-2004 00:00,2004,7,26.7154780337396,0.508984163746266,SST,25.5574113541234,-0.0145708259510814,Deg C,235
01-Aug-2004 00:00,2004,8,27.1767734840786,0.525042214457244,SST,25.5588017443845,-0.0133037976075091,Deg C,236
01-Sep-2004 00:00,2004,9,27.482960950826,0.515215111973227,SST,25.5601921346455,-0.0120367692639368,Deg C,237
01-Oct-2004 00:00,2004,10,27.2043581314554,0.348616214310166,SST,25.5615825249066,-0.0107697409203644,Deg C,238
01-Nov-2004 00:00,2004,11,26.6607165664574,0.428372709595987,SST,25.5629729151676,-0.00950271257679214,Deg C,239
01-Dec-2004 00:00,2004,12,25.6415943474404,0.309817884520726,SST,25.5643633054287,-0.0082356842332198,Deg C,240
01-Jan-2005 00:00,2005,1,24.9346786215016,0.257215463848208,SST,25.5657536956897,-0.00696865588964746,Deg C,241
01-Feb-2005 00:00,2005,2,24.6870273692083,0.347545801875459,SST,25.5671440859508,-0.00570162754607517,Deg C,242
01-Mar-2005 00:00,2005,3,24.3455293440415,0.0719671117089433,SST,25.5685344762118,-0.00443459920250283,Deg C,243
01-Apr-2005 00:00,2005,4,24.6255500590497,0.112426380026598,SST,25.5699248664729,-0.00316757085893049,Deg C,244
01-May-2005 00:00,2005,5,25.6111297923368,0.516527131246328,SST,25.5713152567339,-0.00190054251535821,Deg C,245
01-Jun-2005 00:00,2005,6,25.9581472610114,0.221403668331902,SST,25.572705646995,-6.3351417178586e-4,Deg C,246
01-Jul-2005 00:00,2005,7,26.3683174248002,0.161823554806922,SST,25.574096037255998,6.3351417178647e-4,Deg C,247
01-Aug-2005 00:00,2005,8,26.763588419225,0.111857149603633,SST,25.575486427517,0.00190054251535882,Deg C,248
01-Sep-2005 00:00,2005,9,27.1323154665473,0.164569627694544,SST,25.5768768177781,0.0031675708589311,Deg C,249
01-Oct-2005 00:00,2005,10,26.6473874683469,-0.208354448798303,SST,25.5782672080391,0.00443459920250344,Deg C,250
01-Nov-2005 00:00,2005,11,25.9690745306994,-0.263269326162018,SST,25.5796575983002,0.00570162754607578,Deg C,251
01-Dec-2005 00:00,2005,12,25.523984522024602,0.192208059104857,SST,25.5810479885612,0.00696865588964807,Deg C,252
01-Jan-2006 00:00,2006,1,24.8873766527186,0.209913495065301,SST,25.5824383788223,0.00823568423322041,Deg C,253
01-Feb-2006 00:00,2006,2,24.2256580714403,-0.113823495892539,SST,25.5838287690833,0.00950271257679275,Deg C,254
01-Mar-2006 00:00,2006,3,24.2030365498838,-0.0705256824487961,SST,25.5852191593444,0.010769740920365,Deg C,255
01-Apr-2006 00:00,2006,4,24.2334650583649,-0.279658620658211,SST,25.5866095496054,0.0120367692639374,Deg C,256
01-May-2006 00:00,2006,5,24.6338800801877,-0.46072258090274,SST,25.5879999398665,0.0133037976075097,Deg C,257
01-Jun-2006 00:00,2006,6,25.6364566133655,-0.100286979313918,SST,25.5893903301275,0.014570825951082,Deg C,258
01-Jul-2006 00:00,2006,7,25.9181175803726,-0.2883762896207,SST,25.5907807203886,0.0158378542946543,Deg C,259
01-Aug-2006 00:00,2006,8,26.5476728237744,-0.104058445846938,SST,25.5921711106496,0.0171048826382267,Deg C,260
01-Sep-2006 00:00,2006,9,26.770767920559,-0.196977918293822,SST,25.5935615009107,0.018371910981799,Deg C,261
01-Oct-2006 00:00,2006,10,26.8512846543543,-0.00445726279095027,SST,25.5949518911717,0.0196389393253713,Deg C,262
01-Nov-2006 00:00,2006,11,26.4917068505484,0.25936299368702,SST,25.5963422814328,0.0209059676689436,Deg C,263
01-Dec-2006 00:00,2006,12,25.3856058728579,0.0538294099381886,SST,25.5977326716938,0.0221729960125159,Deg C,264
01-Jan-2007 00:00,2007,1,24.7111316278421,0.0336684701887435,SST,25.5991230619548,0.0234400243560883,Deg C,265
01-Feb-2007 00:00,2007,2,24.152627835224,-0.186853732108872,SST,25.6005134522159,0.0247070526996606,Deg C,266
01-Mar-2007 00:00,2007,3,24.4266258633991,0.153063631066562,SST,25.6019038424769,0.025974081043233,Deg C,267
01-Apr-2007 00:00,2007,4,24.6477601827801,0.134636503756987,SST,25.603294232738,0.0272411093868052,Deg C,268
01-May-2007 00:00,2007,5,25.0135037776245,-0.0810988834659092,SST,25.604684622999,0.0285081377303776,Deg C,269
01-Jun-2007 00:00,2007,6,25.8191618706453,0.0824182779658145,SST,25.6060750132601,0.0297751660739499,Deg C,270
01-Jul-2007 00:00,2007,7,26.0878123764859,-0.118681493507381,SST,25.6074654035211,0.0310421944175222,Deg C,271
01-Aug-2007 00:00,2007,8,26.504380632915,-0.147350636706399,SST,25.6088557937822,0.0323092227610945,Deg C,272
01-Sep-2007 00:00,2007,9,26.7732139018357,-0.19453193701705,SST,25.6102461840432,0.0335762511046669,Deg C,273
01-Oct-2007 00:00,2007,10,26.4382904212081,-0.417451495937119,SST,25.6116365743043,0.0348432794482392,Deg C,274
01-Nov-2007 00:00,2007,11,25.9381292991858,-0.294214557675648,SST,25.6130269645653,0.0361103077918115,Deg C,275
01-Dec-2007 00:00,2007,12,25.2153447914948,-0.116431671424916,SST,25.6144173548264,0.0373773361353839,Deg C,276
01-Jan-2008 00:00,2008,1,24.3892267165015,-0.288236441151884,SST,25.615807745087402,0.0386443644789561,Deg C,277
01-Feb-2008 00:00,2008,2,24.0899324983756,-0.249549068957236,SST,25.6171981353485,0.0399113928225285,Deg C,278
01-Mar-2008 00:00,2008,3,24.5316402880374,0.258078055704814,SST,25.6185885256095,0.0411784211661008,Deg C,279
01-Apr-2008 00:00,2008,4,24.4904528050531,-0.0226708739700179,SST,25.6199789158706,0.0424454495096731,Deg C,280
01-May-2008 00:00,2008,5,25.0833687596841,-0.0112339014062997,SST,25.6213693061316,0.0437124778532454,Deg C,281
01-Jun-2008 00:00,2008,6,25.5330995800772,-0.203644012602215,SST,25.6227596963926,0.0449795061968178,Deg C,282
01-Jul-2008 00:00,2008,7,26.3907615909226,0.184267720929302,SST,25.6241500866537,0.0462465345403901,Deg C,283
01-Aug-2008 00:00,2008,8,26.2399801941797,-0.411751075441646,SST,25.6255404769147,0.0475135628839624,Deg C,284
01-Sep-2008 00:00,2008,9,26.483007729633,-0.484738109219773,SST,25.6269308671758,0.0487805912275348,Deg C,285
01-Oct-2008 00:00,2008,10,26.3811541238963,-0.474587793248965,SST,25.6283212574368,0.0500476195711071,Deg C,286
01-Nov-2008 00:00,2008,11,25.7862837573028,-0.446060099558572,SST,25.6297116476979,0.0513146479146794,Deg C,287
01-Dec-2008 00:00,2008,12,25.1802844886175,-0.1514919743022,SST,25.6311020379589,0.0525816762582517,Deg C,288
01-Jan-2009 00:00,2009,1,24.5467734893192,-0.130689668334149,SST,25.63249242822,0.0538487046018241,Deg C,289
01-Feb-2009 00:00,2009,2,23.8874963982568,-0.451985169076046,SST,25.633882818481,0.0551157329453963,Deg C,290
01-Mar-2009 00:00,2009,3,23.279241999577,-0.994320232755548,SST,25.6352732087421,0.0563827612889687,Deg C,291
01-Apr-2009 00:00,2009,4,23.5895021659761,-0.92362151304701,SST,25.6366635990031,0.057649789632541,Deg C,292
01-May-2009 00:00,2009,5,25.150685981576,0.0560833204855591,SST,25.6380539892642,0.0589168179761133,Deg C,293
01-Jun-2009 00:00,2009,6,26.0801530701675,0.343409477488056,SST,25.6394443795252,0.0601838463196857,Deg C,294
01-Jul-2009 00:00,2009,7,26.1965664323389,-0.00992743765445425,SST,25.6408347697863,0.061450874663258,Deg C,295
01-Aug-2009 00:00,2009,8,26.5689152139616,-0.0828160556597446,SST,25.6422251600473,0.0627179030068303,Deg C,296
01-Sep-2009 00:00,2009,9,26.7458183385075,-0.221927500345323,SST,25.6436155503084,0.0639849313504026,Deg C,297
01-Oct-2009 00:00,2009,10,26.8393905234071,-0.0163513937381197,SST,25.6450059405694,0.065251959693975,Deg C,298
01-Nov-2009 00:00,2009,11,26.2021056732601,-0.0302381836013659,SST,25.6463963308305,0.0665189880375472,Deg C,299
01-Dec-2009 00:00,2009,12,25.4612882570864,0.129511794166728,SST,25.6477867210915,0.0677860163811196,Deg C,300
01-Jan-2010 00:00,2010,1,24.897166913561,0.219703755907652,SST,25.6491771113525,0.0690530447246919,Deg C,301
01-Feb-2010 00:00,2010,2,24.4543437322438,0.114862164910992,SST,25.6505675016136,0.0703200730682642,Deg C,302
01-Mar-2010 00:00,2010,3,24.0392428751167,-0.23431935721587,SST,25.6519578918746,0.0715871014118366,Deg C,303
01-Apr-2010 00:00,2010,4,24.2184677869242,-0.29465589209887,SST,25.6533482821357,0.0728541297554089,Deg C,304
01-May-2010 00:00,2010,5,24.7516600787747,-0.342942582315715,SST,25.6547386723967,0.0741211580989812,Deg C,305
01-Jun-2010 00:00,2010,6,25.3094931758047,-0.427250416874791,SST,25.6561290626578,0.0753881864425535,Deg C,306
01-Jul-2010 00:00,2010,7,25.8058471339703,-0.400646736023031,SST,25.6575194529188,0.0766552147861259,Deg C,307
01-Aug-2010 00:00,2010,8,25.9933642626753,-0.658367006946044,SST,25.6589098431799,0.0779222431296982,Deg C,308
01-Sep-2010 00:00,2010,9,26.1852259833391,-0.78251985551368,SST,25.6603002334409,0.0791892714732705,Deg C,309
01-Oct-2010 00:00,2010,10,26.2642014783022,-0.591540438843019,SST,25.661690623702,0.0804562998168428,Deg C,310
01-Nov-2010 00:00,2010,11,25.7556769527631,-0.476666904098273,SST,25.663081013963,0.0817233281604152,Deg C,311
01-Dec-2010 00:00,2010,12,25.3105428599178,-0.0212336030018818,SST,25.6644714042241,0.0829903565039875,Deg C,312
01-Jan-2011 00:00,2011,1,24.8662765670862,0.188813409432839,SST,25.6658617944851,0.0842573848475598,Deg C,313
01-Feb-2011 00:00,2011,2,24.7421948144794,0.402713247146526,SST,25.6672521847462,0.0855244131911321,Deg C,314
01-Mar-2011 00:00,2011,3,24.6466492880237,0.373087055691123,SST,25.6686425750072,0.0867914415347044,Deg C,315
01-Apr-2011 00:00,2011,4,24.966674438603,0.453550759579873,SST,25.6700329652683,0.0880584698782768,Deg C,316
01-May-2011 00:00,2011,5,25.2805626482512,0.185959987160743,SST,25.6714233555293,0.0893254982218491,Deg C,317
01-Jun-2011 00:00,2011,6,25.3556139573031,-0.381129635376379,SST,25.6728137457904,0.0905925265654214,Deg C,318
01-Jul-2011 00:00,2011,7,25.650879546898,-0.555614323095316,SST,25.6742041360514,0.0918595549089937,Deg C,319
01-Aug-2011 00:00,2011,8,25.9662576532209,-0.685473616400447,SST,25.6755945263124,0.0931265832525661,Deg C,320
01-Sep-2011 00:00,2011,9,26.4238332745666,-0.543912564286234,SST,25.6769849165735,0.0943936115961383,Deg C,321
01-Oct-2011 00:00,2011,10,26.2485766723339,-0.607165244811348,SST,25.6783753068345,0.0956606399397107,Deg C,322
01-Nov-2011 00:00,2011,11,25.6235595984041,-0.60878425845727,SST,25.6797656970956,0.096927668283283,Deg C,323
01-Dec-2011 00:00,2011,12,24.6246786050587,-0.707097857861008,SST,25.6811560873566,0.0981946966268553,Deg C,324
01-Jan-2012 00:00,2012,1,24.252492806617,-0.424970351036372,SST,25.6825464776177,0.0994617249704277,Deg C,325
01-Feb-2012 00:00,2012,2,24.1099127019787,-0.229568865354132,SST,25.6839368678787,0.100728753314,Deg C,326
01-Mar-2012 00:00,2012,3,23.9135010782488,-0.360061154083713,SST,25.6853272581398,0.101995781657572,Deg C,327
01-Apr-2012 00:00,2012,4,24.0441627835558,-0.468960895467287,SST,25.6867176484008,0.103262810001145,Deg C,328
01-May-2012 00:00,2012,5,24.5368671128765,-0.557735548213962,SST,25.6881080386619,0.104529838344717,Deg C,329
01-Jun-2012 00:00,2012,6,24.7919472411763,-0.944796351503143,SST,25.6894984289229,0.105796866688289,Deg C,330
01-Jul-2012 00:00,2012,7,25.2334911619797,-0.973002708013599,SST,25.690888819184,0.107063895031862,Deg C,331
01-Aug-2012 00:00,2012,8,25.7154987455059,-0.936232524115507,SST,25.692279209445,0.108330923375434,Deg C,332
01-Sep-2012 00:00,2012,9,25.7936883335024,-1.17405750535038,SST,25.6936695997061,0.109597951719006,Deg C,333
01-Oct-2012 00:00,2012,10,26.1846569993319,-0.671084917813356,SST,25.6950599899671,0.110864980062579,Deg C,334
01-Nov-2012 00:00,2012,11,25.5178654927936,-0.714478364067791,SST,25.6964503802281,0.112132008406151,Deg C,335
01-Dec-2012 00:00,2012,12,24.8757886452172,-0.455987817702539,SST,25.6978407704892,0.113399036749723,Deg C,336
01-Jan-2013 00:00,2013,1,24.2580176533062,-0.419445504347099,SST,25.6992311607502,0.114666065093296,Deg C,337
01-Feb-2013 00:00,2013,2,23.8652628751637,-0.474218692169142,SST,25.7006215510113,0.115933093436868,Deg C,338
01-Mar-2013 00:00,2013,3,23.7454735086597,-0.528088723672823,SST,25.7020119412723,0.11720012178044,Deg C,339
01-Apr-2013 00:00,2013,4,24.4095066575039,-0.103617021519202,SST,25.7034023315334,0.118467150124012,Deg C,340
01-May-2013 00:00,2013,5,25.564397743721,0.469795082630583,SST,25.7047927217944,0.119734178467585,Deg C,341
01-Jun-2013 00:00,2013,6,25.7803492951316,0.0436057024521155,SST,25.7061831120555,0.121001206811157,Deg C,342
01-Jul-2013 00:00,2013,7,26.2738413829618,0.0673475129684995,SST,25.7075735023165,0.122268235154729,Deg C,343
01-Aug-2013 00:00,2013,8,26.6854744623752,0.0337431927538816,SST,25.7089638925776,0.123535263498302,Deg C,344
01-Sep-2013 00:00,2013,9,26.9716168533438,0.00387101449098992,SST,25.7103542828386,0.124802291841874,Deg C,345
01-Oct-2013 00:00,2013,10,26.8190799068538,-0.0366620102914688,SST,25.7117446730997,0.126069320185446,Deg C,346
01-Nov-2013 00:00,2013,11,26.3430059168207,0.110662059959282,SST,25.7131350633607,0.127336348529019,Deg C,347
01-Dec-2013 00:00,2013,12,25.697514372418,0.365737909498261,SST,25.7145254536218,0.128603376872591,Deg C,348
01-Jan-2014 00:00,2014,1,24.9791816585047,0.301718500851397,SST,25.7159158438828,0.129870405216163,Deg C,349
01-Feb-2014 00:00,2014,2,24.8472929431845,0.507811375851663,SST,25.7173062341439,0.131137433559736,Deg C,350
01-Mar-2014 00:00,2014,3,24.768626209983,0.495063977650432,SST,25.7186966244049,0.132404461903308,Deg C,351
01-Apr-2014 00:00,2014,4,24.7487405506364,0.235616871613296,SST,25.720087014666,0.13367149024688,Deg C,352
01-May-2014 00:00,2014,5,25.5460721945909,0.451469533500468,SST,25.721477404927,0.134938518590453,Deg C,353
01-Jun-2014 00:00,2014,6,26.0611676446903,0.324424052010865,SST,25.722867795188,0.136205546934025,Deg C,354
01-Jul-2014 00:00,2014,7,26.5189241988649,0.312430328871624,SST,25.7242581854491,0.137472575277597,Deg C,355
01-Aug-2014 00:00,2014,8,27.0388395649777,0.387108295356295,SST,25.7256485757101,0.13873960362117,Deg C,356
01-Sep-2014 00:00,2014,9,27.6850243014829,0.717278462630116,SST,25.7270389659712,0.140006631964742,Deg C,357
01-Oct-2014 00:00,2014,10,27.5971579007378,0.741415983592557,SST,25.7284293562322,0.141273660308314,Deg C,358
01-Nov-2014 00:00,2014,11,26.672069685211,0.439725828349612,SST,25.7298197464933,0.142540688651887,Deg C,359
01-Dec-2014 00:00,2014,12,25.5150954368778,0.18331897395813,SST,25.7312101367543,0.143807716995459,Deg C,360
01-Jan-2015 00:00,2015,1,24.832924022235,0.155460864581677,SST,25.7326005270154,0.145074745339031,Deg C,361
01-Feb-2015 00:00,2015,2,24.7876521400037,0.448170572670911,SST,25.7339909172764,0.146341773682604,Deg C,362
01-Mar-2015 00:00,2015,3,24.5182895136687,0.244727281336136,SST,25.7353813075375,0.147608802026176,Deg C,363
01-Apr-2015 00:00,2015,4,24.927209217599,0.414085538575957,SST,25.7367716977985,0.148875830369748,Deg C,364
01-May-2015 00:00,2015,5,25.2000045146193,0.105401853528878,SST,25.7381620880596,0.150142858713321,Deg C,365
01-Jun-2015 00:00,2015,6,26.0978610040818,0.361117411402329,SST,25.7395524783206,0.151409887056893,Deg C,366
01-Jul-2015 00:00,2015,7,27.2157346229567,1.00924075296339,SST,25.7409428685817,0.152676915400465,Deg C,367
01-Aug-2015 00:00,2015,8,27.8175162357266,1.16578496610524,SST,25.7423332588427,0.153943943744038,Deg C,368
01-Sep-2015 00:00,2015,9,28.4705284563036,1.50278261745085,SST,25.7437236491038,0.15521097208761,Deg C,369
01-Oct-2015 00:00,2015,10,27.5582192865344,0.702477369389179,SST,25.7451140393648,0.156478000431182,Deg C,370
01-Nov-2015 00:00,2015,11,26.7831517644697,0.550807907608256,SST,25.7465044296258,0.157745028774755,Deg C,371
01-Dec-2015 00:00,2015,12,25.8678249873229,0.536048524403231,SST,25.7478948198869,0.159012057118327,Deg C,372
01-Jan-2016 00:00,2016,1,25.3110848087864,0.633621651133076,SST,25.7492852101479,0.160279085461899,Deg C,373
01-Feb-2016 00:00,2016,2,25.0446740786807,0.705192511347843,SST,25.750675600409,0.161546113805472,Deg C,374
01-Mar-2016 00:00,2016,3,24.8730257765441,0.59946354421156,SST,25.75206599067,0.162813142149044,Deg C,375
01-Apr-2016 00:00,2016,4,25.2087837644391,0.695660085416055,SST,25.7534563809311,0.164080170492616,Deg C,376
01-May-2016 00:00,2016,5,25.6515484496678,0.556945788577337,SST,25.7548467711921,0.165347198836188,Deg C,377
01-Jun-2016 00:00,2016,6,26.1289493693351,0.392205776655643,SST,25.7562371614532,0.166614227179761,Deg C,378
01-Jul-2016 00:00,2016,7,26.7041744852735,0.497680615280235,SST,25.7576275517142,0.167881255523333,Deg C,379
01-Aug-2016 00:00,2016,8,27.3141366572615,0.66240538764016,SST,25.7590179419753,0.169148283866905,Deg C,380
01-Sep-2016 00:00,2016,9,27.3576440466021,0.38989820774928,SST,25.7604083322363,0.170415312210478,Deg C,381
01-Oct-2016 00:00,2016,10,26.9036072997854,0.0478653826401896,SST,25.7617987224974,0.17168234055405,Deg C,382
01-Nov-2016 00:00,2016,11,26.1204987320919,-0.111845124769506,SST,25.7631891127584,0.172949368897622,Deg C,383
01-Dec-2016 00:00,2016,12,25.3547983437422,0.0230218808225544,SST,25.7645795030195,0.174216397241195,Deg C,384
01-Jan-2017 00:00,2017,1,24.7944355498641,0.116972392210752,SST,25.7659698932805,0.175483425584767,Deg C,385
01-Feb-2017 00:00,2017,2,24.483142770191,0.14366120285819,SST,25.7673602835416,0.176750453928339,Deg C,386
01-Mar-2017 00:00,2017,3,24.9632255897962,0.689663357463608,SST,25.7687506738026,0.178017482271912,Deg C,387
01-Apr-2017 00:00,2017,4,25.4553817033682,0.942258024345112,SST,25.7701410640637,0.179284510615484,Deg C,388
01-May-2017 00:00,2017,5,25.7879897523879,0.693387091297492,SST,25.7715314543247,0.180551538959056,Deg C,389
01-Jun-2017 00:00,2017,6,26.3531130540701,0.616369461390693,SST,25.7729218445857,0.181818567302629,Deg C,390
01-Jul-2017 00:00,2017,7,26.7963026461946,0.58980877620133,SST,25.7743122348468,0.183085595646201,Deg C,391
01-Aug-2017 00:00,2017,8,27.1411082094678,0.489376939846455,SST,25.7757026251078,0.184352623989773,Deg C,392
01-Sep-2017 00:00,2017,9,27.5403483921047,0.572602553251908,SST,25.7770930153689,0.185619652333346,Deg C,393
01-Oct-2017 00:00,2017,10,27.1936334425226,0.337891525377362,SST,25.7784834056299,0.186886680676918,Deg C,394
01-Nov-2017 00:00,2017,11,26.4956715813549,0.263327724493454,SST,25.779873795891,0.18815370902049,Deg C,395
01-Dec-2017 00:00,2017,12,25.1823289788452,-0.149447484074468,SST,25.781264186152,0.189420737364063,Deg C,396
01-Jan-2018 00:00,2018,1,24.6120777871912,-0.065385370462106407,SST,25.7826545764131,0.190687765707635,Deg C,397
01-Feb-2018 00:00,2018,2,24.3640097297693,0.0245281624364679,SST,25.7840449666741,0.191954794051207,Deg C,398
01-Mar-2018 00:00,2018,3,24.1845255693085,-0.0890366630240322,SST,25.7854353569352,0.19322182239478,Deg C,399
01-Apr-2018 00:00,2018,4,24.8892113703122,0.376087691289097,SST,25.7868257471962,0.194488850738352,Deg C,400
01-May-2018 00:00,2018,5,25.1962441575583,0.101641496467835,SST,25.7882161374573,0.195755879081924,Deg C,401
01-Jun-2018 00:00,2018,6,25.9779582310376,0.241214638358102,SST,25.7896065277183,0.197022907425496,Deg C,402
01-Jul-2018 00:00,2018,7,26.5283750414548,0.321881171461445,SST,25.7909969179794,0.198289935769069,Deg C,403
01-Aug-2018 00:00,2018,8,26.910213362282,0.25848209266066,SST,25.7923873082404,0.199556964112641,Deg C,404
01-Sep-2018 00:00,2018,9,27.2506409647828,0.282895125929972,SST,25.7937776985015,0.200823992456213,Deg C,405
01-Oct-2018 00:00,2018,10,27.4344580478276,0.578716130682391,SST,25.7951680887625,0.202091020799786,Deg C,406
01-Nov-2018 00:00,2018,11,26.6717563915219,0.43941253466047703,SST,25.7965584790235,0.203358049143358,Deg C,407
01-Dec-2018 00:00,2018,12,25.5122857356527,0.180509272733016,SST,25.7979488692846,0.20462507748693,Deg C,408
01-Jan-2019 00:00,2019,1,24.785311462298,0.107848304644641,SST,25.7993392595456,0.205892105830503,Deg C,409
01-Feb-2019 00:00,2019,2,24.0394301493476,-0.300051417985252,SST,25.8007296498067,0.207159134174075,Deg C,410
01-Mar-2019 00:00,2019,3,23.8831202782097,-0.390441954122853,SST,25.8021200400677,0.208426162517647,Deg C,411
01-Apr-2019 00:00,2019,4,24.8149810975776,0.301857418554484,SST,25.8035104303288,0.20969319086122,Deg C,412
01-May-2019 00:00,2019,5,25.8951512269078,0.800548565817326,SST,25.8049008205898,0.210960219204792,Deg C,413
01-Jun-2019 00:00,2019,6,26.7452412755703,1.00849768289083,SST,25.8062912108509,0.212227247548364,Deg C,414
01-Jul-2019 00:00,2019,7,27.4113891338503,1.20489526385704,SST,25.8076816011119,0.213494275891937,Deg C,415
01-Aug-2019 00:00,2019,8,27.8031904478488,1.15145917822748,SST,25.809071991373,0.214761304235509,Deg C,416
01-Sep-2019 00:00,2019,9,28.0056121695329,1.03786633068014,SST,25.810462381634,0.216028332579081,Deg C,417
01-Oct-2019 00:00,2019,10,27.7611190313738,0.905377114228592,SST,25.8118527718951,0.217295360922654,Deg C,418
01-Nov-2019 00:00,2019,11,27.397061571012,1.16471771415057,SST,25.8132431621561,0.218562389266226,Deg C,419
01-Dec-2019 00:00,2019,12,26.4206778727549,1.08890140983524,SST,25.8146335524172,0.219829417609798,Deg C,420
01-Jan-2020 00:00,2020,1,25.387083186492,0.70962002883866,SST,25.8160239426782,0.221096445953371,Deg C,421
01-Feb-2020 00:00,2020,2,24.6798109661387,0.340329398805878,SST,25.8174143329393,0.222363474296943,Deg C,422
01-Mar-2020 00:00,2020,3,24.3319400487549,0.0583778164223361,SST,25.8188047232003,0.223630502640515,Deg C,423
01-Apr-2020 00:00,2020,4,25.0035641177077,0.490440438684647,SST,25.8201951134613,0.224897530984088,Deg C,424
01-May-2020 00:00,2020,5,25.4988251934388,0.404222532348356,SST,25.8215855037224,0.22616455932766,Deg C,425
01-Jun-2020 00:00,2020,6,26.1633921861219,0.426648593442469,SST,25.8229758939834,0.227431587671232,Deg C,426
01-Jul-2020 00:00,2020,7,26.7580680751011,0.551574205107755,SST,25.8243662842445,0.228698616014805,Deg C,427
01-Aug-2020 00:00,2020,8,26.9617140699214,0.309982800300062,SST,25.8257566745055,0.229965644358377,Deg C,428
01-Sep-2020 00:00,2020,9,27.1994472278036,0.231701388950793,SST,25.8271470647666,0.231232672701949,Deg C,429
01-Oct-2020 00:00,2020,10,27.4267392831609,0.570997366015714,SST,25.8285374550276,0.232499701045522,Deg C,430
01-Nov-2020 00:00,2020,11,27.039263604569,0.806919747707614,SST,25.8299278452887,0.233766729389094,Deg C,431
01-Dec-2020 00:00,2020,12,26.1993554164748,0.867578953555089,SST,25.8313182355497,0.235033757732666,Deg C,432
01-Jan-2021 00:00,2021,1,25.4505104609947,0.773047303341396,SST,25.8327086258108,0.236300786076239,Deg C,433
01-Feb-2021 00:00,2021,2,24.8313665881104,0.49188502077758,SST,25.8340990160718,0.237567814419811,Deg C,434
01-Mar-2021 00:00,2021,3,24.4575521976002,0.183989965267653,SST,25.8354894063329,0.238834842763383,Deg C,435
01-Apr-2021 00:00,2021,4,24.639900091959,0.126776412935964,SST,25.8368797965939,0.240101871106956,Deg C,436
01-May-2021 00:00,2021,5,25.2291510483752,0.134548387284813,SST,25.838270186855,0.241368899450528,Deg C,437
01-Jun-2021 00:00,2021,6,25.9858219341103,0.249078341430891,SST,25.839660577116,0.2426359277941,Deg C,438
01-Jul-2021 00:00,2021,7,26.3530248180756,0.146530948082326,SST,25.8410509673771,0.243902956137672,Deg C,439
01-Aug-2021 00:00,2021,8,26.5576233535865,-0.0941079160348188,SST,25.8424413576381,0.245169984481245,Deg C,440
01-Sep-2021 00:00,2021,9,26.6313278720583,-0.336417966794524,SST,25.8438317478991,0.246437012824817,Deg C,441
01-Oct-2021 00:00,2021,10,26.3088062638038,-0.5469356533414,SST,25.8452221381602,0.247704041168389,Deg C,442
01-Nov-2021 00:00,2021,11,26.1717572701591,-0.0605865867022892,SST,25.8466125284212,0.248971069511962,Deg C,443
01-Dec-2021 00:00,2021,12,25.4372326207324,0.105456157812714,SST,25.8480029186823,0.250238097855534,Deg C,444
01-Jan-2022 00:00,2022,1,24.9623091663008,0.284846008647449,SST,25.8493933089433,0.251505126199106,Deg C,445
01-Feb-2022 00:00,2022,2,24.8502241463639,0.510742579031074,SST,25.8507836992044,0.252772154542679,Deg C,446
01-Mar-2022 00:00,2022,3,25.0418464128689,0.768284180536323,SST,25.8521740894654,0.254039182886251,Deg C,447
01-Apr-2022 00:00,2022,4,24.9453366748025,0.432212995779459,SST,25.8535644797265,0.255306211229823,Deg C,448
01-May-2022 00:00,2022,5,25.20508823096,0.110485569869603,SST,25.8549548699875,0.256573239573396,Deg C,449
01-Jun-2022 00:00,2022,6,25.9129798414898,0.176236248810376,SST,25.8563452602486,0.257840267916968,Deg C,450
01-Jul-2022 00:00,2022,7,26.1920714824802,-0.0144223875131324,SST,25.8577356505096,0.25910729626054,Deg C,451
01-Aug-2022 00:00,2022,8,26.7773811821462,0.125649912524825,SST,25.8591260407707,0.26037432460411303,Deg C,452
01-Sep-2022 00:00,2022,9,27.2713396216967,0.303593782843912,SST,25.8605164310317,0.261641352947685,Deg C,453
01-Oct-2022 00:00,2022,10,27.4139638194344,0.558221902289173,SST,25.8619068212928,0.262908381291257,Deg C,454
01-Nov-2022 00:00,2022,11,26.6130851780635,0.380741321202034,SST,25.8632972115538,0.26417540963483,Deg C,455
01-Dec-2022 00:00,2022,12,25.6311289116252,0.299352448705509,SST,25.8646876018149,0.265442437978402,Deg C,456
01-Jan-2023 00:00,2023,1,25.209012421164,0.531549263510616,SST,25.8660779920759,0.266709466321974,Deg C,457
01-Feb-2023 00:00,2023,2,24.6333948594871,0.293913292154258,SST,25.867468382337,0.267976494665547,Deg C,458
01-Mar-2023 00:00,2023,3,24.5858435268491,0.312281294516545,SST,25.868858772598,0.269243523009119,Deg C,459
01-Apr-2023 00:00,2023,4,24.9712387709297,0.458115091906588,SST,25.870249162859,0.270510551352691,Deg C,460
01-May-2023 00:00,2023,5,25.3926161110808,0.298013449990417,SST,25.8716395531201,0.271777579696264,Deg C,461
01-Jun-2023 00:00,2023,6,25.9342527902938,0.197509197614323,SST,25.8730299433811,0.273044608039836,Deg C,462
01-Jul-2023 00:00,2023,7,26.2945030510833,0.0880091810900403,SST,25.8744203336422,0.274311636383408,Deg C,463
01-Aug-2023 00:00,2023,8,26.6155193766373,-0.0362118929840562,SST,25.8758107239032,0.275578664726981,Deg C,464
01-Sep-2023 00:00,2023,9,26.7683957784692,-0.199350060383605,SST,25.8772011141643,0.276845693070553,Deg C,465
01-Oct-2023 00:00,2023,10,26.8792924019,0.0235504847547858,SST,25.8785915044253,0.278112721414125,Deg C,466
01-Nov-2023 00:00,2023,11,26.5030824529382,0.270738596076782,SST,25.8799818946864,0.279379749757698,Deg C,467
01-Dec-2023 00:00,2023,12,25.6271335871734,0.295357124253709,SST,25.8813722849474,0.28064677810127,Deg C,468
01-Jan-2024 00:00,2024,1,24.9502007562049,0.272737598551569,SST,25.8827626752085,0.281913806444842,Deg C,469
01-Feb-2024 00:00,2024,2,24.5247533574652,0.185271790132372,SST,25.8841530654695,0.283180834788415,Deg C,470
01-Mar-2024 00:00,2024,3,24.1397155331415,-0.133846699191089,SST,25.8855434557306,0.284447863131987,Deg C,471
01-Apr-2024 00:00,2024,4,24.3885812196192,-0.124542459403855,SST,25.8869338459916,0.285714891475559,Deg C,472
01-May-2024 00:00,2024,5,25.1570624747121,0.0624598136216363,SST,25.8883242362527,0.286981919819132,Deg C,473
01-Jun-2024 00:00,2024,6,25.801489019205,0.0647454265255654,SST,25.8897146265137,0.288248948162704,Deg C,474
01-Jul-2024 00:00,2024,7,26.2635361738758,0.0570423038824899,SST,25.8911050167748,0.289515976506276,Deg C,475
01-Aug-2024 00:00,2024,8,26.7429681557479,0.0912368861265556,SST,25.8924954070358,0.290783004849848,Deg C,476
01-Sep-2024 00:00,2024,9,27.1448298592682,0.177084020415446,SST,25.8938857972968,0.292050033193421,Deg C,477
01-Oct-2024 00:00,2024,10,27.0072155512191,0.151473634073838,SST,25.8952761875579,0.293317061536993,Deg C,478
01-Nov-2024 00:00,2024,11,26.3061433279733,0.0737994711118866,SST,25.8966665778189,0.294584089880565,Deg C,479
01-Dec-2024 00:00,2024,12,25.7837774659989,0.452001003079214,SST,25.89805696808,0.295851118224138,Deg C,480
01-Jan-2025 00:00,2025,1,25.2958885283191,0.618425370665712,SST,25.899447358341,0.29711814656771,Deg C,481
01-Feb-2025 00:00,2025,2,25.0801008411308,0.74061927379794,SST,25.9008377486021,0.298385174911282,Deg C,482
01-Mar-2025 00:00,2025,3,25.1023856945334,0.828823462200791,SST,25.9022281388631,0.299652203254855,Deg C,483
01-Apr-2025 00:00,2025,4,25.3841807700595,0.87105709103637,SST,25.9036185291242,0.300919231598427,Deg C,484
01-May-2025 00:00,2025,5,25.7379519425153,0.643349281424875,SST,25.9050089193852,0.302186259941999,Deg C,485
01-Jun-2025 00:00,2025,6,26.0839466911278,0.347203098448297,SST,25.9063993096463,0.303453288285572,Deg C,486
01-Jul-2025 00:00,2025,7,26.4369868602004,0.230492990207104,SST,25.9077896999073,0.304720316629144,Deg C,487
01-Aug-2025 00:00,2025,8,27.0019616440212,0.350230374399871,SST,25.9091800901684,0.305987344972716,Deg C,488
01-Sep-2025 00:00,2025,9,27.2652142536395,0.297468414786753,SST,25.9105704804294,0.307254373316289,Deg C,489
01-Oct-2025 00:00,2025,10,27.1972155052421,0.341473588096918,SST,25.9119608706905,0.308521401659861,Deg C,490
01-Nov-2025 00:00,2025,11,26.465115205135,0.232771348273538,SST,25.9133512609515,0.309788430003433,Deg C,491
01-Dec-2025 00:00,2025,12,25.9472956554384,0.615519192518679,SST,25.9147416512126,0.311055458347006,Deg C,492
01-Jan-1998 00:00,1998,1,0.0884126055981334,0.00111730002432524,Chl,0.0816161104230011,0.00324430174815413,mg chl per m3,1
01-Feb-1998 00:00,1998,2,0.0803201286706375,0.00118972869503024,Chl,0.0815981183561925,0.00322493278249351,mg chl per m3,2
01-Mar-1998 00:00,1998,3,0.0678298228461833,-0.00663744593938029,Chl,0.081580126289384,0.00320556381683288,mg chl per m3,3
01-Apr-1998 00:00,1998,4,0.0844963504188068,0.0138376337691739,Chl,0.0815621342225754,0.00318619485117226,mg chl per m3,4
01-May-1998 00:00,1998,5,0.0790975302797852,0.0109617247077324,Chl,0.0815441421557668,0.00316682588551164,mg chl per m3,5
01-Jun-1998 00:00,1998,6,0.0745804558672103,0.00611230397347132,Chl,0.0815261500889583,0.00314745691985102,mg chl per m3,6
01-Jul-1998 00:00,1998,7,0.0758204815612778,0.00333769666101175,Chl,0.0815081580221497,0.0031280879541904,mg chl per m3,7
01-Aug-1998 00:00,1998,8,0.0752340025327008,-4.9841161170123e-4,Chl,0.0814901659553412,0.00310871898852978,mg chl per m3,8
01-Sep-1998 00:00,1998,9,0.0689834943782474,-0.00943027175781194,Chl,0.0814721738885326,0.00308935002286915,mg chl per m3,9
01-Oct-1998 00:00,1998,10,0.0735468930025805,-0.00950745264527689,Chl,0.0814541818217241,0.00306998105720853,mg chl per m3,10
01-Nov-1998 00:00,1998,11,0.0841675151568432,-0.00666784380385935,Chl,0.0814361897549155,0.00305061209154791,mg chl per m3,11
01-Dec-1998 00:00,1998,12,0.0998300753604388,0.00527512280931301,Chl,0.081418197688107,0.00303124312588729,mg chl per m3,12
01-Jan-1999 00:00,1999,1,0.0822460844455054,-0.00504922112830271,Chl,0.0814002056212984,0.00301187416022667,mg chl per m3,13
01-Feb-1999 00:00,1999,2,0.0812233073286438,0.00209290735303652,Chl,0.0813822135544899,0.00299250519456605,mg chl per m3,14
01-Mar-1999 00:00,1999,3,0.0753020155902131,8.3474680464955e-4,Chl,0.0813642214876813,0.00297313622890542,mg chl per m3,15
01-Apr-1999 00:00,1999,4,0.0792885385383563,0.00862982188872352,Chl,0.0813462294208727,0.0029537672632448,mg chl per m3,16
01-May-1999 00:00,1999,5,0.0690372735446198,9.01467972567e-4,Chl,0.0813282373540642,0.00293439829758418,mg chl per m3,17
01-Jun-1999 00:00,1999,6,0.0682439448856113,-2.2420700812765e-4,Chl,0.0813102452872556,0.00291502933192356,mg chl per m3,18
01-Jul-1999 00:00,1999,7,0.0690340558908725,-0.00344872900939358,Chl,0.0812922532204471,0.00289566036626294,mg chl per m3,19
01-Aug-1999 00:00,1999,8,0.0757811782576625,4.87641132603939e-5,Chl,0.0812742611536385,0.00287629140060232,mg chl per m3,20
01-Sep-1999 00:00,1999,9,0.0790420664443973,6.2830030833792e-4,Chl,0.08125626908683,0.00285692243494169,mg chl per m3,21
01-Oct-1999 00:00,1999,10,0.0762872034537606,-0.00676714219409684,Chl,0.0812382770200214,0.00283755346928107,mg chl per m3,22
01-Nov-1999 00:00,1999,11,0.0849705893144531,-0.00586476964624948,Chl,0.0812202849532129,0.00281818450362045,mg chl per m3,23
01-Dec-1999 00:00,1999,12,0.0936522145445356,-9.0273800659013e-4,Chl,0.0812022928864043,0.00279881553795983,mg chl per m3,24
01-Jan-2000 00:00,2000,1,0.0875132797613328,2.1797418752464e-4,Chl,0.0811843008195958,0.00277944657229921,mg chl per m3,25
01-Feb-2000 00:00,2000,2,0.0687120055686297,-0.0104183944069776,Chl,0.0811663087527872,0.00276007760663859,mg chl per m3,26
01-Mar-2000 00:00,2000,3,0.0662042148499254,-0.00826305393563813,Chl,0.0811483166859786,0.00274070864097796,mg chl per m3,27
01-Apr-2000 00:00,2000,4,0.0752198638438786,0.00456114719424579,Chl,0.0811303246191701,0.00272133967531734,mg chl per m3,28
01-May-2000 00:00,2000,5,0.066915031864723,-0.00122077370732973,Chl,0.0811123325523615,0.00270197070965672,mg chl per m3,29
01-Jun-2000 00:00,2000,6,0.0705048782428402,0.00203672634910129,Chl,0.081094340485553,0.0026826017439961,mg chl per m3,30
01-Jul-2000 00:00,2000,7,0.10766560708496,0.0351828221846941,Chl,0.0810763484187444,0.00266323277833548,mg chl per m3,31
01-Aug-2000 00:00,2000,8,0.0813126217399168,0.00558020759551467,Chl,0.0810583563519359,0.00264386381267486,mg chl per m3,32
01-Sep-2000 00:00,2000,9,0.0710998678318774,-0.00731389830418197,Chl,0.0810403642851273,0.00262449484701423,mg chl per m3,33
01-Oct-2000 00:00,2000,10,0.0737739437290783,-0.00928040191877909,Chl,0.0810223722183187,0.00260512588135361,mg chl per m3,34
01-Nov-2000 00:00,2000,11,0.0835898532537904,-0.00724550570691218,Chl,0.0810043801515102,0.00258575691569299,mg chl per m3,35
01-Dec-2000 00:00,2000,12,0.0768142769030809,-0.0177406756480448,Chl,0.0809863880847016,0.00256638795003237,mg chl per m3,36
01-Jan-2001 00:00,2001,1,0.0718559506607499,-0.0154393549130582,Chl,0.0809683960178931,0.00254701898437175,mg chl per m3,37
01-Feb-2001 00:00,2001,2,0.0784605526286567,-6.6984734695056e-4,Chl,0.080950403951084507,0.00252765001871113,mg chl per m3,38
01-Mar-2001 00:00,2001,3,0.0697616674018086,-0.00470560138375498,Chl,0.080932411884276,0.0025082810530505,mg chl per m3,39
01-Apr-2001 00:00,2001,4,0.0764190120810564,0.0057602954314236,Chl,0.0809144198174674,0.00248891208738988,mg chl per m3,40
01-May-2001 00:00,2001,5,0.0684959744021461,3.6016883009334e-4,Chl,0.0808964277506589,0.00246954312172926,mg chl per m3,41
01-Jun-2001 00:00,2001,6,0.0671270586437736,-0.0013410932499654,Chl,0.0808784356838503,0.00245017415606864,mg chl per m3,42
01-Jul-2001 00:00,2001,7,0.0688954377816324,-0.00358734711863369,Chl,0.0808604436170418,0.00243080519040802,mg chl per m3,43
01-Aug-2001 00:00,2001,8,0.0770561304712097,0.00132371632680761,Chl,0.0808424515502332,0.0024114362247474,mg chl per m3,44
01-Sep-2001 00:00,2001,9,0.0779941872181003,-4.1957891795901e-4,Chl,0.0808244594834246,0.00239206725908677,mg chl per m3,45
01-Oct-2001 00:00,2001,10,0.0854064389819851,0.00235209333412773,Chl,0.0808064674166161,0.00237269829342615,mg chl per m3,46
01-Nov-2001 00:00,2001,11,0.0937885942389901,0.00295323527828754,Chl,0.0807884753498075,0.00235332932776553,mg chl per m3,47
01-Dec-2001 00:00,2001,12,0.0952325935270915,6.7764097596573e-4,Chl,0.080770483282999,0.00233396036210491,mg chl per m3,48
01-Jan-2002 00:00,2002,1,0.0859314467248848,-0.00136385884892332,Chl,0.0807524912161904,0.00231459139644429,mg chl per m3,49
01-Feb-2002 00:00,2002,2,0.0823281405109921,0.00319774053538488,Chl,0.0807344991493819,0.00229522243078367,mg chl per m3,50
01-Mar-2002 00:00,2002,3,0.0771566119940456,0.00268934320848201,Chl,0.0807165070825733,0.00227585346512304,mg chl per m3,51
01-Apr-2002 00:00,2002,4,0.0656992819038916,-0.00495943474574125,Chl,0.0806985150157648,0.00225648449946242,mg chl per m3,52
01-May-2002 00:00,2002,5,0.0704853882865304,0.0023495827144776,Chl,0.0806805229489562,0.0022371155338018,mg chl per m3,53
01-Jun-2002 00:00,2002,6,0.0689782071667119,5.100552729729e-4,Chl,0.0806625308821476,0.00221774656814118,mg chl per m3,54
01-Jul-2002 00:00,2002,7,0.0735462206598961,0.00106343575963,Chl,0.0806445388153391,0.00219837760248056,mg chl per m3,55
01-Aug-2002 00:00,2002,8,0.0831153852149785,0.00738297107057645,Chl,0.0806265467485305,0.00217900863681994,mg chl per m3,56
01-Sep-2002 00:00,2002,9,0.0899708791856884,0.011557113049629,Chl,0.080608554681722,0.00215963967115931,mg chl per m3,57
01-Oct-2002 00:00,2002,10,0.0957431225372458,0.0126887768893884,Chl,0.0805905626149134,0.00214027070549869,mg chl per m3,58
01-Nov-2002 00:00,2002,11,0.0919051330259418,0.00106977406523923,Chl,0.0805725705481049,0.00212090173983807,mg chl per m3,59
01-Dec-2002 00:00,2002,12,0.0925520665674288,-0.0020028859836969,Chl,0.0805545784812963,0.00210153277417745,mg chl per m3,60
01-Jan-2003 00:00,2003,1,0.092113920319827,0.0048186147460189,Chl,0.0805365864144878,0.00208216380851683,mg chl per m3,61
01-Feb-2003 00:00,2003,2,0.0832777154363167,0.00414731546070948,Chl,0.0805185943476792,0.00206279484285621,mg chl per m3,62
01-Mar-2003 00:00,2003,3,0.0739962069650697,-4.7106182049391e-4,Chl,0.0805006022808707,0.00204342587719558,mg chl per m3,63
01-Apr-2003 00:00,2003,4,0.0747861174343947,0.00412740078476184,Chl,0.0804826102140621,0.00202405691153496,mg chl per m3,64
01-May-2003 00:00,2003,5,0.0712785473743125,0.00314274180225972,Chl,0.0804646181472535,0.00200468794587434,mg chl per m3,65
01-Jun-2003 00:00,2003,6,0.0671205649589621,-0.00134758693477688,Chl,0.080446626080445,0.00198531898021372,mg chl per m3,66
01-Jul-2003 00:00,2003,7,0.0686067532882567,-0.00387603161200939,Chl,0.0804286340136364,0.0019659500145531,mg chl per m3,67
01-Aug-2003 00:00,2003,8,0.0795479995061949,0.00381558536179286,Chl,0.0804106419468279,0.00194658104889248,mg chl per m3,68
01-Sep-2003 00:00,2003,9,0.0897200835447949,0.0113063174087355,Chl,0.0803926498800193,0.00192721208323185,mg chl per m3,69
01-Oct-2003 00:00,2003,10,0.0882072397166864,0.00515289406882902,Chl,0.0803746578132108,0.00190784311757123,mg chl per m3,70
01-Nov-2003 00:00,2003,11,0.0969746932166769,0.00613933425597439,Chl,0.0803566657464022,0.00188847415191061,mg chl per m3,71
01-Dec-2003 00:00,2003,12,0.0991994083035285,0.00464445575240278,Chl,0.0803386736795937,0.00186910518624999,mg chl per m3,72
01-Jan-2004 00:00,2004,1,0.0977795760219649,0.0104842704481567,Chl,0.0803206816127851,0.00184973622058937,mg chl per m3,73
01-Feb-2004 00:00,2004,2,0.0745639271076399,-0.00456647286796739,Chl,0.0803026895459766,0.00183036725492875,mg chl per m3,74
01-Mar-2004 00:00,2004,3,0.082020967457875,0.00755369867231138,Chl,0.080284697479168,0.00181099828926812,mg chl per m3,75
01-Apr-2004 00:00,2004,4,0.0734574128494269,0.00279869619979407,Chl,0.0802667054123594,0.0017916293236075,mg chl per m3,76
01-May-2004 00:00,2004,5,0.0733147866644504,0.00517898109239767,Chl,0.0802487133455509,0.00177226035794688,mg chl per m3,77
01-Jun-2004 00:00,2004,6,0.0789849844299244,0.0105168325361854,Chl,0.0802307212787423,0.00175289139228626,mg chl per m3,78
01-Jul-2004 00:00,2004,7,0.0852369159223047,0.0127541310220386,Chl,0.0802127292119338,0.00173352242662564,mg chl per m3,79
01-Aug-2004 00:00,2004,8,0.0756593171717312,-7.30969726708414e-5,Chl,0.0801947371451252,0.00171415346096502,mg chl per m3,80
01-Sep-2004 00:00,2004,9,0.0813668545019261,0.00295308836586677,Chl,0.0801767450783167,0.00169478449530439,mg chl per m3,81
01-Oct-2004 00:00,2004,10,0.0910325580044676,0.00797821235661023,Chl,0.0801587530115081,0.00167541552964377,mg chl per m3,82
01-Nov-2004 00:00,2004,11,0.0901409109266319,-6.9444803407064e-4,Chl,0.0801407609446995,0.00165604656398315,mg chl per m3,83
01-Dec-2004 00:00,2004,12,0.102426485128742,0.00787153257761654,Chl,0.080122768877891,0.00163667759832253,mg chl per m3,84
01-Jan-2005 00:00,2005,1,0.0943172797409006,0.00702197416709242,Chl,0.0801047768110824,0.00161730863266191,mg chl per m3,85
01-Feb-2005 00:00,2005,2,0.0816438430189041,0.00251344304329683,Chl,0.0800867847442739,0.00159793966700129,mg chl per m3,86
01-Mar-2005 00:00,2005,3,0.081902366950949,0.00743509816538539,Chl,0.0800687926774653,0.00157857070134066,mg chl per m3,87
01-Apr-2005 00:00,2005,4,0.0747951297638317,0.00413641311419884,Chl,0.0800508006106568,0.00155920173568004,mg chl per m3,88
01-May-2005 00:00,2005,5,0.0716585131699892,0.00352270759793645,Chl,0.0800328085438482,0.00153983277001942,mg chl per m3,89
01-Jun-2005 00:00,2005,6,0.0735505002506283,0.00508234835688932,Chl,0.0800148164770397,0.0015204638043588,mg chl per m3,90
01-Jul-2005 00:00,2005,7,0.0747240258556034,0.00224124095533731,Chl,0.0799968244102311,0.00150109483869818,mg chl per m3,91
01-Aug-2005 00:00,2005,8,0.0781165264103753,0.00238411226597321,Chl,0.0799788323434226,0.00148172587303756,mg chl per m3,92
01-Sep-2005 00:00,2005,9,0.0942240416332187,0.0158102754971594,Chl,0.079960840276614,0.00146235690737693,mg chl per m3,93
01-Oct-2005 00:00,2005,10,0.0854125550085279,0.00235820936067054,Chl,0.0799428482098054,0.00144298794171631,mg chl per m3,94
01-Nov-2005 00:00,2005,11,0.0863900851048077,-0.0044452738558948,Chl,0.0799248561429969,0.00142361897605569,mg chl per m3,95
01-Dec-2005 00:00,2005,12,0.0843197123486283,-0.0102352402024975,Chl,0.0799068640761883,0.00140425001039507,mg chl per m3,96
01-Jan-2006 00:00,2006,1,0.0897329962881102,0.00243769071430205,Chl,0.0798888720093798,0.00138488104473445,mg chl per m3,97
01-Feb-2006 00:00,2006,2,0.0873476803768038,0.00821728040119653,Chl,0.0798708799425712,0.00136551207907383,mg chl per m3,98
01-Mar-2006 00:00,2006,3,0.0932233947989228,0.0187561260133592,Chl,0.0798528878757627,0.0013461431134132,mg chl per m3,99
01-Apr-2006 00:00,2006,4,0.082990215452557,0.0123314988029241,Chl,0.0798348958089541,0.00132677414775258,mg chl per m3,100
01-May-2006 00:00,2006,5,0.078396925825302,0.0102611202532493,Chl,0.0798169037421456,0.00130740518209196,mg chl per m3,101
01-Jun-2006 00:00,2006,6,0.0750116054478999,0.00654345355416092,Chl,0.079798911675337,0.00128803621643134,mg chl per m3,102
01-Jul-2006 00:00,2006,7,0.0834677118701647,0.0109849269698986,Chl,0.0797809196085285,0.00126866725077072,mg chl per m3,103
01-Aug-2006 00:00,2006,8,0.0852564250432219,0.00952401089881977,Chl,0.0797629275417199,0.0012492982851101,mg chl per m3,104
01-Sep-2006 00:00,2006,9,0.0774089094031763,-0.0010048567328831,Chl,0.0797449354749113,0.00122992931944947,mg chl per m3,105
01-Oct-2006 00:00,2006,10,0.083179845540359,1.2549989250162e-4,Chl,0.0797269434081028,0.00121056035378885,mg chl per m3,106
01-Nov-2006 00:00,2006,11,0.0859979640944379,-0.00483739486626467,Chl,0.0797089513412942,0.00119119138812823,mg chl per m3,107
01-Dec-2006 00:00,2006,12,0.100108640531555,0.00555368798042945,Chl,0.0796909592744857,0.00117182242246761,mg chl per m3,108
01-Jan-2007 00:00,2007,1,0.0958168089100692,0.00852150333626103,Chl,0.0796729672076771,0.00115245345680699,mg chl per m3,109
01-Feb-2007 00:00,2007,2,0.0857379270276812,0.00660752705207392,Chl,0.0796549751408686,0.00113308449114637,mg chl per m3,110
01-Mar-2007 00:00,2007,3,0.0767603471329648,0.00229307834740125,Chl,0.07963698307406,0.00111371552548574,mg chl per m3,111
01-Apr-2007 00:00,2007,4,0.0744111617601859,0.00375244511055306,Chl,0.0796189910072514,0.00109434655982512,mg chl per m3,112
01-May-2007 00:00,2007,5,0.0747261099750405,0.00659030440298773,Chl,0.0796009989404429,0.0010749775941645,mg chl per m3,113
01-Jun-2007 00:00,2007,6,0.0741412848781251,0.00567313298438615,Chl,0.0795830068736343,0.00105560862850388,mg chl per m3,114
01-Jul-2007 00:00,2007,7,0.0732966069043025,8.1382200403638e-4,Chl,0.0795650148068258,0.00103623966284326,mg chl per m3,115
01-Aug-2007 00:00,2007,8,0.0765659353368168,8.3352119241468e-4,Chl,0.0795470227400172,0.00101687069718264,mg chl per m3,116
01-Sep-2007 00:00,2007,9,0.0788220880523386,4.0832191627929e-4,Chl,0.0795290306732087,9.9750173152201e-4,mg chl per m3,117
01-Oct-2007 00:00,2007,10,0.0813005807142744,-0.00175376493358299,Chl,0.0795110386064001,9.7813276586139e-4,mg chl per m3,118
01-Nov-2007 00:00,2007,11,0.0891578739447355,-0.00167748501596707,Chl,0.0794930465395916,9.5876380020077e-4,mg chl per m3,119
01-Dec-2007 00:00,2007,12,0.0993502927661675,0.00479534021504176,Chl,0.079475054472783,9.3939483454014e-4,mg chl per m3,120
01-Jan-2008 00:00,2008,1,0.10082822871032,0.0135329231365115,Chl,0.0794570624059745,9.2002586887952e-4,mg chl per m3,121
01-Feb-2008 00:00,2008,2,0.0833324944921583,0.00420209451655108,Chl,0.0794390703391659,9.006569032189e-4,mg chl per m3,122
01-Mar-2008 00:00,2008,3,0.0702771048680229,-0.00419016391754072,Chl,0.0794210782723574,8.8128793755828e-4,mg chl per m3,123
01-Apr-2008 00:00,2008,4,0.0737742517553503,0.00311553510571749,Chl,0.0794030862055488,8.6191897189766e-4,mg chl per m3,124
01-May-2008 00:00,2008,5,0.0770308622885931,0.00889505671654034,Chl,0.0793850941387402,8.4255000623704e-4,mg chl per m3,125
01-Jun-2008 00:00,2008,6,0.0771029709612396,0.0086348190675006,Chl,0.0793671020719317,8.2318104057641e-4,mg chl per m3,126
01-Jul-2008 00:00,2008,7,0.0781520614850046,0.00566927658473847,Chl,0.0793491100051231,8.0381207491579e-4,mg chl per m3,127
01-Aug-2008 00:00,2008,8,0.0896435121089001,0.013911097964498,Chl,0.0793311179383146,7.8444310925517e-4,mg chl per m3,128
01-Sep-2008 00:00,2008,9,0.0917737108888964,0.0133599447528371,Chl,0.079313125871506,7.6507414359455e-4,mg chl per m3,129
01-Oct-2008 00:00,2008,10,0.0971126798296166,0.0140583341817592,Chl,0.0792951338046975,7.4570517793393e-4,mg chl per m3,130
01-Nov-2008 00:00,2008,11,0.107337226293829,0.0165018673331269,Chl,0.0792771417378889,7.2633621227331e-4,mg chl per m3,131
01-Dec-2008 00:00,2008,12,0.10732532912173,0.0127703765706041,Chl,0.0792591496710804,7.0696724661268e-4,mg chl per m3,132
01-Jan-2009 00:00,2009,1,0.102290472368267,0.0149951667944585,Chl,0.0792411576042718,6.8759828095206e-4,mg chl per m3,133
01-Feb-2009 00:00,2009,2,0.0922176328519645,0.0130872328763573,Chl,0.0792231655374632,6.6822931529144e-4,mg chl per m3,134
01-Mar-2009 00:00,2009,3,0.0960632441554101,0.0215959753698466,Chl,0.0792051734706547,6.4886034963082e-4,mg chl per m3,135
01-Apr-2009 00:00,2009,4,0.0813521959651615,0.0106934793155287,Chl,0.0791871814038461,6.294913839702e-4,mg chl per m3,136
01-May-2009 00:00,2009,5,0.0723096614244683,0.0041738558524155,Chl,0.0791691893370376,6.1012241830958e-4,mg chl per m3,137
01-Jun-2009 00:00,2009,6,0.0688039932252098,3.3584133147086e-4,Chl,0.079151197270229,5.9075345264895e-4,mg chl per m3,138
01-Jul-2009 00:00,2009,7,0.0715876014429822,-8.9518345728394e-4,Chl,0.0791332052034205,5.7138448698833e-4,mg chl per m3,139
01-Aug-2009 00:00,2009,8,0.0780987744539675,0.00236636030956543,Chl,0.0791152131366119,5.5201552132771e-4,mg chl per m3,140
01-Sep-2009 00:00,2009,9,0.0812356257297837,0.00282185959372434,Chl,0.0790972210698034,5.3264655566709e-4,mg chl per m3,141
01-Oct-2009 00:00,2009,10,0.0749870498990897,-0.00806729574876769,Chl,0.0790792290029948,5.1327759000647e-4,mg chl per m3,142
01-Nov-2009 00:00,2009,11,0.0920288001990658,0.00119344123836322,Chl,0.0790612369361862,4.9390862434585e-4,mg chl per m3,143
01-Dec-2009 00:00,2009,12,0.0908761429543881,-0.00367880959673768,Chl,0.0790432448693777,4.7453965868522e-4,mg chl per m3,144
01-Jan-2010 00:00,2010,1,0.083030066062252,-0.00426523951155611,Chl,0.0790252528025691,4.551706930246e-4,mg chl per m3,145
01-Feb-2010 00:00,2010,2,0.0811138837963397,0.00198348382073246,Chl,0.0790072607357606,4.3580172736398e-4,mg chl per m3,146
01-Mar-2010 00:00,2010,3,0.0856226544264401,0.0111553856408766,Chl,0.078989268668952,4.1643276170336e-4,mg chl per m3,147
01-Apr-2010 00:00,2010,4,0.079909068521088,0.00925035187145516,Chl,0.0789712766021435,3.9706379604274e-4,mg chl per m3,148
01-May-2010 00:00,2010,5,0.0752212560985816,0.0070854505265288,Chl,0.0789532845353349,3.7769483038212e-4,mg chl per m3,149
01-Jun-2010 00:00,2010,6,0.0751838044860356,0.00671565259229664,Chl,0.0789352924685264,3.5832586472149e-4,mg chl per m3,150
01-Jul-2010 00:00,2010,7,0.0768250499472963,0.0043422650470302,Chl,0.0789173004017178,3.3895689906087e-4,mg chl per m3,151
01-Aug-2010 00:00,2010,8,0.0713259245830107,-0.00440648956139134,Chl,0.0788993083349093,3.1958793340025e-4,mg chl per m3,152
01-Sep-2010 00:00,2010,9,0.0814807545527601,0.00306698841670075,Chl,0.0788813162681007,3.0021896773963e-4,mg chl per m3,153
01-Oct-2010 00:00,2010,10,0.0857733156238426,0.00271896997598522,Chl,0.0788633242012921,2.8085000207901e-4,mg chl per m3,154
01-Nov-2010 00:00,2010,11,0.0907866001422213,-4.87588184812371e-5,Chl,0.0788453321344836,2.6148103641839e-4,mg chl per m3,155
01-Dec-2010 00:00,2010,12,0.0964215684962475,0.00186661594512177,Chl,0.078827340067675,2.4211207075776e-4,mg chl per m3,156
01-Jan-2011 00:00,2011,1,0.0936804382198518,0.00638513264604365,Chl,0.0788093480008665,2.2274310509714e-4,mg chl per m3,157
01-Feb-2011 00:00,2011,2,0.0800625130079033,9.3211303229602e-4,Chl,0.0787913559340579,2.0337413943652e-4,mg chl per m3,158
01-Mar-2011 00:00,2011,3,0.0730314264473742,-0.0014358423381894,Chl,0.0787733638672494,1.840051737759e-4,mg chl per m3,159
01-Apr-2011 00:00,2011,4,0.0712211144905437,5.623978409109e-4,Chl,0.0787553718004408,1.6463620811528e-4,mg chl per m3,160
01-May-2011 00:00,2011,5,0.0722949383059302,0.00415913273387747,Chl,0.0787373797336323,1.4526724245466e-4,mg chl per m3,161
01-Jun-2011 00:00,2011,6,0.0753946468996543,0.0069264950059154,Chl,0.0787193876668237,1.2589827679403e-4,mg chl per m3,162
01-Jul-2011 00:00,2011,7,0.071200257423547,-0.00128252747671913,Chl,0.0787013956000151,1.0652931113341e-4,mg chl per m3,163
01-Aug-2011 00:00,2011,8,0.0840723759486358,0.00833996180423369,Chl,0.0786834035332066,8.71603454727955e-5,mg chl per m3,164
01-Sep-2011 00:00,2011,9,0.0936313861770178,0.0152176200409584,Chl,0.078665411466398,6.77913798121741e-5,mg chl per m3,165
01-Oct-2011 00:00,2011,10,0.0970611114540688,0.0140067658062114,Chl,0.0786474193995895,4.84224141515523e-5,mg chl per m3,166
01-Nov-2011 00:00,2011,11,0.121032056599863,0.0301966976391601,Chl,0.0786294273327809,2.90534484909304e-5,mg chl per m3,167
01-Dec-2011 00:00,2011,12,0.112428255121784,0.0178733025706584,Chl,0.0786114352659724,9.68448283030898e-6,mg chl per m3,168
01-Jan-2012 00:00,2012,1,0.0879045354787734,6.0922990496523e-4,Chl,0.0785934431991638,-9.68448283031288e-6,mg chl per m3,169
01-Feb-2012 00:00,2012,2,0.0798023835827825,6.7198360717524e-4,Chl,0.0785754511323553,-2.90534484909343e-5,mg chl per m3,170
01-Mar-2012 00:00,2012,3,0.0784254425995603,0.00395817381399671,Chl,0.0785574590655467,-4.84224141515562e-5,mg chl per m3,171
01-Apr-2012 00:00,2012,4,0.0674981592253448,-0.00316055742428803,Chl,0.0785394669987381,-6.77913798121776e-5,mg chl per m3,172
01-May-2012 00:00,2012,5,0.0636739585864179,-0.00446184698563488,Chl,0.0785214749319296,-8.71603454727994e-5,mg chl per m3,173
01-Jun-2012 00:00,2012,6,0.0658856802789072,-0.00258247161483173,Chl,0.078503482865121,-1.0652931113342e-4,mg chl per m3,174
01-Jul-2012 00:00,2012,7,0.0668097323027936,-0.00567305259747254,Chl,0.0784854907983125,-1.2589827679404e-4,mg chl per m3,175
01-Aug-2012 00:00,2012,8,0.067223658437322,-0.0085087557070801,Chl,0.0784674987315039,-1.4526724245466e-4,mg chl per m3,176
01-Sep-2012 00:00,2012,9,0.0715302541603345,-0.0068835119757249,Chl,0.0784495066646954,-1.6463620811528e-4,mg chl per m3,177
01-Oct-2012 00:00,2012,10,0.0782787840409551,-0.00477556160690228,Chl,0.0784315145978868,-1.840051737759e-4,mg chl per m3,178
01-Nov-2012 00:00,2012,11,0.0854600412243573,-0.00537531773634528,Chl,0.0784135225310783,-2.0337413943652e-4,mg chl per m3,179
01-Dec-2012 00:00,2012,12,0.0947344830174413,1.7953046631552e-4,Chl,0.0783955304642697,-2.2274310509715e-4,mg chl per m3,180
01-Jan-2013 00:00,2013,1,0.0844205472742668,-0.00287475829954137,Chl,0.0783775383974612,-2.4211207075777e-4,mg chl per m3,181
01-Feb-2013 00:00,2013,2,0.0760683138047158,-0.0030620861708915,Chl,0.0783595463306526,-2.6148103641839e-4,mg chl per m3,182
01-Mar-2013 00:00,2013,3,0.0715628328898947,-0.00290443589566884,Chl,0.078341554263844,-2.8085000207901e-4,mg chl per m3,183
01-Apr-2013 00:00,2013,4,0.0618493655486771,-0.00880935110095576,Chl,0.0783235621970355,-3.0021896773963e-4,mg chl per m3,184
01-May-2013 00:00,2013,5,0.0585547721080171,-0.00958103346403567,Chl,0.0783055701302269,-3.1958793340026e-4,mg chl per m3,185
01-Jun-2013 00:00,2013,6,0.060746954804473,-0.00772119708926593,Chl,0.0782875780634184,-3.3895689906088e-4,mg chl per m3,186
01-Jul-2013 00:00,2013,7,0.0625407554575636,-0.0099420294427025,Chl,0.0782695859966098,-3.583258647215e-4,mg chl per m3,187
01-Aug-2013 00:00,2013,8,0.0596647958163646,-0.0160676183280375,Chl,0.0782515939298013,-3.7769483038212e-4,mg chl per m3,188
01-Sep-2013 00:00,2013,9,0.0682742763796833,-0.0101394897563761,Chl,0.0782336018629927,-3.9706379604274e-4,mg chl per m3,189
01-Oct-2013 00:00,2013,10,0.0791914032410106,-0.00386294240684676,Chl,0.0782156097961842,-4.1643276170336e-4,mg chl per m3,190
01-Nov-2013 00:00,2013,11,0.0855698669829586,-0.00526549197774397,Chl,0.0781976177293756,-4.3580172736398e-4,mg chl per m3,191
01-Dec-2013 00:00,2013,12,0.0868122247543347,-0.00774272779679108,Chl,0.078179625662567,-4.5517069302461e-4,mg chl per m3,192
01-Jan-2014 00:00,2014,1,0.0833457076417562,-0.00394959793205195,Chl,0.0781616335957585,-4.7453965868523e-4,mg chl per m3,193
01-Feb-2014 00:00,2014,2,0.0707469939024213,-0.00838340607318591,Chl,0.0781436415289499,-4.9390862434585e-4,mg chl per m3,194
01-Mar-2014 00:00,2014,3,0.0653796052426719,-0.00908766354289169,Chl,0.0781256494621414,-5.1327759000647e-4,mg chl per m3,195
01-Apr-2014 00:00,2014,4,0.0665181159969784,-0.00414060065265442,Chl,0.0781076573953328,-5.3264655566709e-4,mg chl per m3,196
01-May-2014 00:00,2014,5,0.0589273809200747,-0.0092084246519781,Chl,0.0780896653285243,-5.5201552132772e-4,mg chl per m3,197
01-Jun-2014 00:00,2014,6,0.0606754979176346,-0.00779265397610433,Chl,0.0780716732617157,-5.7138448698834e-4,mg chl per m3,198
01-Jul-2014 00:00,2014,7,0.0662000628192942,-0.00628272208097193,Chl,0.0780536811949072,-5.9075345264896e-4,mg chl per m3,199
01-Aug-2014 00:00,2014,8,0.0688341235315534,-0.0068982906128487,Chl,0.0780356891280986,-6.1012241830958e-4,mg chl per m3,200
01-Sep-2014 00:00,2014,9,0.0698755962461028,-0.00853816988995657,Chl,0.07801769706129,-6.294913839702e-4,mg chl per m3,201
01-Oct-2014 00:00,2014,10,0.0827490932902329,-3.0525235762451e-4,Chl,0.0779997049944815,-6.4886034963082e-4,mg chl per m3,202
01-Nov-2014 00:00,2014,11,0.0891701800383828,-0.00166517892231978,Chl,0.077981712927673,-6.6822931529145e-4,mg chl per m3,203
01-Dec-2014 00:00,2014,12,0.0970013833503586,0.00244643079923287,Chl,0.0779637208608644,-6.8759828095207e-4,mg chl per m3,204
01-Jan-2015 00:00,2015,1,0.0839325236011397,-0.00336278197266841,Chl,0.0779457287940558,-7.0696724661269e-4,mg chl per m3,205
01-Feb-2015 00:00,2015,2,0.0705468944363382,-0.00858350553926901,Chl,0.0779277367272473,-7.2633621227331e-4,mg chl per m3,206
01-Mar-2015 00:00,2015,3,0.0659561554787112,-0.0085111133068524,Chl,0.0779097446604387,-7.4570517793393e-4,mg chl per m3,207
01-Apr-2015 00:00,2015,4,0.0589286681259833,-0.0117300485236495,Chl,0.0778917525936302,-7.6507414359455e-4,mg chl per m3,208
01-May-2015 00:00,2015,5,0.060215649649302,-0.00792015592275081,Chl,0.0778737605268216,-7.8444310925517e-4,mg chl per m3,209
01-Jun-2015 00:00,2015,6,0.0567449330300135,-0.0117232188637255,Chl,0.0778557684600131,-8.038120749158e-4,mg chl per m3,210
01-Jul-2015 00:00,2015,7,0.0571558458460271,-0.015326939054239,Chl,0.0778377763932045,-8.2318104057642e-4,mg chl per m3,211
01-Aug-2015 00:00,2015,8,0.0671892262014229,-0.00854318794297919,Chl,0.0778197843263959,-8.4255000623704e-4,mg chl per m3,212
01-Sep-2015 00:00,2015,9,0.0678177809341309,-0.0105959852019284,Chl,0.0778017922595874,-8.6191897189766e-4,mg chl per m3,213
01-Oct-2015 00:00,2015,10,0.0779091831190909,-0.00514516252876646,Chl,0.0777838001927788,-8.8128793755828e-4,mg chl per m3,214
01-Nov-2015 00:00,2015,11,0.0905407718102758,-2.9458715042669e-4,Chl,0.0777658081259703,-9.0065690321891e-4,mg chl per m3,215
01-Dec-2015 00:00,2015,12,0.0850433728406454,-0.00951157971048038,Chl,0.0777478160591617,-9.2002586887953e-4,mg chl per m3,216
01-Jan-2016 00:00,2016,1,0.0786046549700165,-0.00869065060379164,Chl,0.0777298239923532,-9.3939483454015e-4,mg chl per m3,217
01-Feb-2016 00:00,2016,2,0.0711223495752629,-0.00800805040034433,Chl,0.0777118319255446,-9.5876380020077e-4,mg chl per m3,218
01-Mar-2016 00:00,2016,3,0.0670389492638876,-0.007428319521676,Chl,0.0776938398587361,-9.7813276586139e-4,mg chl per m3,219
01-Apr-2016 00:00,2016,4,0.0615676512429265,-0.00909106540670632,Chl,0.0776758477919275,-9.9750173152201e-4,mg chl per m3,220
01-May-2016 00:00,2016,5,0.0600157418297295,-0.00812006374232323,Chl,0.077657855725119,-0.00101687069718264,mg chl per m3,221
01-Jun-2016 00:00,2016,6,0.0627348226837597,-0.00573332920997925,Chl,0.0776398636583104,-0.00103623966284326,mg chl per m3,222
01-Jul-2016 00:00,2016,7,0.0629489339066372,-0.00953385099362893,Chl,0.0776218715915018,-0.00105560862850388,mg chl per m3,223
01-Aug-2016 00:00,2016,8,0.0624450051864873,-0.0132874089579148,Chl,0.0776038795246933,-0.0010749775941645,mg chl per m3,224
01-Sep-2016 00:00,2016,9,0.0724020454262046,-0.00601172070985477,Chl,0.0775858874578847,-0.00109434655982513,mg chl per m3,225
01-Oct-2016 00:00,2016,10,0.0797957374221765,-0.00325860822568094,Chl,0.0775678953910762,-0.00111371552548575,mg chl per m3,226
01-Nov-2016 00:00,2016,11,0.0879446864381441,-0.00289067252255841,Chl,0.0775499033242676,-0.00113308449114637,mg chl per m3,227
01-Dec-2016 00:00,2016,12,0.0910281581893678,-0.00352679436175794,Chl,0.0775319112574591,-0.00115245345680699,mg chl per m3,228
01-Jan-2017 00:00,2017,1,0.083640984269342,-0.00365432130446613,Chl,0.0775139191906505,-0.00117182242246761,mg chl per m3,229
01-Feb-2017 00:00,2017,2,0.0735160187773525,-0.00561438119825473,Chl,0.077495927123842,-0.00119119138812823,mg chl per m3,230
01-Mar-2017 00:00,2017,3,0.0634054031046442,-0.0110618656809194,Chl,0.0774779350570334,-0.00121056035378886,mg chl per m3,231
01-Apr-2017 00:00,2017,4,0.0584951012650028,-0.01216361538463,Chl,0.0774599429902249,-0.00122992931944948,mg chl per m3,232
01-May-2017 00:00,2017,5,0.0600882245039339,-0.00804758106811886,Chl,0.0774419509234163,-0.0012492982851101,mg chl per m3,233
01-Jun-2017 00:00,2017,6,0.0598475202329107,-0.00862063166082826,Chl,0.0774239588566077,-0.00126866725077072,mg chl per m3,234
01-Jul-2017 00:00,2017,7,0.062122343610243,-0.0103604412900231,Chl,0.0774059667897992,-0.00128803621643134,mg chl per m3,235
01-Aug-2017 00:00,2017,8,0.065586135935418,-0.010146278208984,Chl,0.0773879747229906,-0.00130740518209196,mg chl per m3,236
01-Sep-2017 00:00,2017,9,0.0707442227908733,-0.00766954334518608,Chl,0.0773699826561821,-0.00132677414775259,mg chl per m3,237
01-Oct-2017 00:00,2017,10,0.083412286517825,3.5794086996764e-4,Chl,0.0773519905893735,-0.00134614311341321,mg chl per m3,238
01-Nov-2017 00:00,2017,11,0.0873209407863784,-0.00351441817432419,Chl,0.077333998522565,-0.00136551207907383,mg chl per m3,239
01-Dec-2017 00:00,2017,12,0.0974627776193917,0.00290782506826599,Chl,0.0773160064557564,-0.00138488104473445,mg chl per m3,240
01-Jan-2018 00:00,2018,1,0.0831410359016089,-0.00415426967219928,Chl,0.0772980143889478,-0.00140425001039507,mg chl per m3,241
01-Feb-2018 00:00,2018,2,0.0788814439264423,-2.4895604916495e-4,Chl,0.0772800223221393,-0.00142361897605569,mg chl per m3,242
01-Mar-2018 00:00,2018,3,0.0750493263307987,5.8205754523509e-4,Chl,0.0772620302553307,-0.00144298794171632,mg chl per m3,243
01-Apr-2018 00:00,2018,4,0.0661989750987619,-0.00445974155087092,Chl,0.0772440381885222,-0.00146235690737694,mg chl per m3,244
01-May-2018 00:00,2018,5,0.0643024149499387,-0.00383339062211403,Chl,0.0772260461217136,-0.00148172587303756,mg chl per m3,245
01-Jun-2018 00:00,2018,6,0.068595277889225,1.271259954861e-4,Chl,0.0772080540549051,-0.00150109483869818,mg chl per m3,246
01-Jul-2018 00:00,2018,7,0.0798537984806191,0.00737101358035305,Chl,0.0771900619880965,-0.0015204638043588,mg chl per m3,247
01-Aug-2018 00:00,2018,8,0.0896281709415269,0.0138957567971248,Chl,0.077172069921288,-0.00153983277001943,mg chl per m3,248
01-Sep-2018 00:00,2018,9,0.0812383297341691,0.00282456359810972,Chl,0.0771540778544794,-0.00155920173568005,mg chl per m3,249
01-Oct-2018 00:00,2018,10,0.0859797265321205,0.00292538088426306,Chl,0.0771360857876709,-0.00157857070134067,mg chl per m3,250
01-Nov-2018 00:00,2018,11,0.0979001017400276,0.00706474277932505,Chl,0.0771180937208623,-0.00159793966700129,mg chl per m3,251
01-Dec-2018 00:00,2018,12,0.104110875417173,0.0095559228660472,Chl,0.0771001016540537,-0.00161730863266191,mg chl per m3,252
01-Jan-2019 00:00,2019,1,0.0909409967348189,0.0036456911610107,Chl,0.0770821095872452,-0.00163667759832253,mg chl per m3,253
01-Feb-2019 00:00,2019,2,0.0904227470400755,0.0112923470644683,Chl,0.0770641175204366,-0.00165604656398315,mg chl per m3,254
01-Mar-2019 00:00,2019,3,0.0744100323618472,-5.72364237163558e-5,Chl,0.0770461254536281,-0.00167541552964378,mg chl per m3,255
01-Apr-2019 00:00,2019,4,0.0672663905553144,-0.00339232609431846,Chl,0.0770281333868195,-0.0016947844953044,mg chl per m3,256
01-May-2019 00:00,2019,5,0.0644127609895079,-0.00372304458254491,Chl,0.077010141320011,-0.00171415346096502,mg chl per m3,257
01-Jun-2019 00:00,2019,6,0.0653855732802547,-0.00308257861348427,Chl,0.0769921492532024,-0.00173352242662564,mg chl per m3,258
01-Jul-2019 00:00,2019,7,0.065472989308777,-0.00700979559148912,Chl,0.0769741571863939,-0.00175289139228626,mg chl per m3,259
01-Aug-2019 00:00,2019,8,0.0652303722155682,-0.0105020419288339,Chl,0.076956165119585307,-0.00177226035794688,mg chl per m3,260
01-Sep-2019 00:00,2019,9,0.0660803483442663,-0.012333417791793,Chl,0.0769381730527768,-0.00179162932360751,mg chl per m3,261
01-Oct-2019 00:00,2019,10,0.0736817395588153,-0.00937260608904214,Chl,0.0769201809859682,-0.00181099828926813,mg chl per m3,262
01-Nov-2019 00:00,2019,11,0.0791566504088568,-0.0116787085518457,Chl,0.0769021889191596,-0.00183036725492875,mg chl per m3,263
01-Dec-2019 00:00,2019,12,0.085682092548157,-0.00887286000296879,Chl,0.0768841968523511,-0.00184973622058937,mg chl per m3,264
01-Jan-2020 00:00,2020,1,0.0873048133225753,9.50774876715132e-6,Chl,0.0768662047855425,-0.00186910518624999,mg chl per m3,265
01-Feb-2020 00:00,2020,2,0.0740000221731731,-0.00513037780243414,Chl,0.076848212718734,-0.00188847415191061,mg chl per m3,266
01-Mar-2020 00:00,2020,3,0.0747977193748893,3.3045058932573e-4,Chl,0.0768302206519254,-0.00190784311757124,mg chl per m3,267
01-Apr-2020 00:00,2020,4,0.0630756258760638,-0.00758309077356904,Chl,0.0768122285851169,-0.00192721208323186,mg chl per m3,268
01-May-2020 00:00,2020,5,0.0612539556026752,-0.00688184996937751,Chl,0.0767942365183083,-0.00194658104889248,mg chl per m3,269
01-Jun-2020 00:00,2020,6,0.0687690780583642,3.009261646252e-4,Chl,0.0767762444514997,-0.0019659500145531,mg chl per m3,270
01-Jul-2020 00:00,2020,7,0.0659871418147295,-0.00649564308553661,Chl,0.0767582523846912,-0.00198531898021372,mg chl per m3,271
01-Aug-2020 00:00,2020,8,0.072916820335666,-0.00281559380873608,Chl,0.0767402603178826,-0.00200468794587435,mg chl per m3,272
01-Sep-2020 00:00,2020,9,0.0782285152380567,-1.8525089800264e-4,Chl,0.0767222682510741,-0.00202405691153497,mg chl per m3,273
01-Oct-2020 00:00,2020,10,0.0842053611919441,0.00115101554408671,Chl,0.0767042761842655,-0.00204342587719559,mg chl per m3,274
01-Nov-2020 00:00,2020,11,0.0938551713752692,0.00301981241456661,Chl,0.076686284117457,-0.00206279484285621,mg chl per m3,275
01-Dec-2020 00:00,2020,12,0.0898175436281977,-0.00473740892292802,Chl,0.0766682920506484,-0.00208216380851683,mg chl per m3,276
01-Jan-2021 00:00,2021,1,0.0875722911298843,2.7698555607619e-4,Chl,0.0766502999838399,-0.00210153277417745,mg chl per m3,277
01-Feb-2021 00:00,2021,2,0.0778704378404134,-0.0012599621351939,Chl,0.0766323079170313,-0.00212090173983807,mg chl per m3,278
01-Mar-2021 00:00,2021,3,0.0816125533811076,0.00714528459554402,Chl,0.0766143158502228,-0.0021402707054987,mg chl per m3,279
01-Apr-2021 00:00,2021,4,0.0663789915595146,-0.0042797250901182,Chl,0.0765963237834142,-0.00215963967115932,mg chl per m3,280
01-May-2021 00:00,2021,5,0.0657137498170459,-0.0024220557550069,Chl,0.0765783317166056,-0.00217900863681994,mg chl per m3,281
01-Jun-2021 00:00,2021,6,0.0652368295015645,-0.00323132239217441,Chl,0.0765603396497971,-0.00219837760248056,mg chl per m3,282
01-Jul-2021 00:00,2021,7,0.0700655122745439,-0.00241727262572218,Chl,0.0765423475829885,-0.00221774656814118,mg chl per m3,283
01-Aug-2021 00:00,2021,8,0.0704896780892969,-0.0052427360551052,Chl,0.07652435551618,-0.0022371155338018,mg chl per m3,284
01-Sep-2021 00:00,2021,9,0.079304347136988,8.9058100092863e-4,Chl,0.0765063634493714,-0.00225648449946243,mg chl per m3,285
01-Oct-2021 00:00,2021,10,0.0858884495340595,0.00283410388620213,Chl,0.0764883713825629,-0.00227585346512305,mg chl per m3,286
01-Nov-2021 00:00,2021,11,0.0820217453789043,-0.00881361358179827,Chl,0.0764703793157543,-0.00229522243078367,mg chl per m3,287
01-Dec-2021 00:00,2021,12,0.0974053662348708,0.00285041368374503,Chl,0.0764523872489458,-0.00231459139644429,mg chl per m3,288
01-Jan-2022 00:00,2022,1,0.0790210141011654,-0.00827429147264275,Chl,0.0764343951821372,-0.00233396036210491,mg chl per m3,289
01-Feb-2022 00:00,2022,2,0.0686592523346776,-0.0104711476409297,Chl,0.0764164031153287,-0.00235332932776554,mg chl per m3,290
01-Mar-2022 00:00,2022,3,0.062918036358711,-0.0115492324268526,Chl,0.0763984110485201,-0.00237269829342616,mg chl per m3,291
01-Apr-2022 00:00,2022,4,0.0671155759655067,-0.00354314068412613,Chl,0.0763804189817115,-0.00239206725908678,mg chl per m3,292
01-May-2022 00:00,2022,5,0.0683487975101065,2.1299193805372e-4,Chl,0.076362426914903,-0.0024114362247474,mg chl per m3,293
01-Jun-2022 00:00,2022,6,0.0666887174988303,-0.00177943439490866,Chl,0.0763444348480944,-0.00243080519040802,mg chl per m3,294
01-Jul-2022 00:00,2022,7,0.0785213609604986,0.00603857606023252,Chl,0.0763264427812859,-0.00245017415606864,mg chl per m3,295
01-Aug-2022 00:00,2022,8,0.078002480969442,0.00227006682503993,Chl,0.0763084507144773,-0.00246954312172927,mg chl per m3,296
01-Sep-2022 00:00,2022,9,0.0803096406882812,0.0018958745522218,Chl,0.0762904586476688,-0.00248891208738989,mg chl per m3,297
01-Oct-2022 00:00,2022,10,0.0830178563410569,-3.64893068004746e-5,Chl,0.0762724665808602,-0.00250828105305051,mg chl per m3,298
01-Nov-2022 00:00,2022,11,0.0904678843692465,-3.6747459145598e-4,Chl,0.0762544745140517,-0.00252765001871113,mg chl per m3,299
01-Dec-2022 00:00,2022,12,0.0931847523617426,-0.00137020018938312,Chl,0.0762364824472431,-0.00254701898437175,mg chl per m3,300
01-Jan-2023 00:00,2023,1,0.0773089888358343,-0.00998631673797389,Chl,0.0762184903804345,-0.00256638795003237,mg chl per m3,301
01-Feb-2023 00:00,2023,2,0.0862327351251272,0.00710233514951995,Chl,0.076200498313626,-0.00258575691569299,mg chl per m3,302
01-Mar-2023 00:00,2023,3,0.0719081357604217,-0.00255913302514191,Chl,0.0761825062468174,-0.00260512588135362,mg chl per m3,303
01-Apr-2023 00:00,2023,4,0.0688835592083203,-0.00177515744131253,Chl,0.0761645141800089,-0.00262449484701424,mg chl per m3,304
01-May-2023 00:00,2023,5,0.0677586715437515,-3.7713402830123e-4,Chl,0.0761465221132003,-0.00264386381267486,mg chl per m3,305
01-Jun-2023 00:00,2023,6,0.0684363543872612,-3.17975064777765e-5,Chl,0.0761285300463918,-0.00266323277833548,mg chl per m3,306
01-Jul-2023 00:00,2023,7,0.0699176477950548,-0.00256513710521128,Chl,0.0761105379795832,-0.0026826017439961,mg chl per m3,307
01-Aug-2023 00:00,2023,8,0.0721582546452762,-0.00357415949912591,Chl,0.0760925459127747,-0.00270197070965673,mg chl per m3,308
01-Sep-2023 00:00,2023,9,0.0799687958348739,0.00155502969881453,Chl,0.0760745538459661,-0.00272133967531735,mg chl per m3,309
01-Oct-2023 00:00,2023,10,0.0841112493909448,0.00105690374308738,Chl,0.0760565617791576,-0.00274070864097797,mg chl per m3,310
01-Nov-2023 00:00,2023,11,0.0946122101564068,0.00377685119570423,Chl,0.076038569712349,-0.00276007760663859,mg chl per m3,311
01-Dec-2023 00:00,2023,12,0.10192658122265,0.00737162867152406,Chl,0.0760205776455404,-0.00277944657229921,mg chl per m3,312
01-Jan-2024 00:00,2024,1,0.0904154167178555,0.00312011114404731,Chl,0.0760025855787319,-0.00279881553795983,mg chl per m3,313
01-Feb-2024 00:00,2024,2,0.081823587718168,0.00269318774256075,Chl,0.0759845935119233,-0.00281818450362046,mg chl per m3,314
01-Mar-2024 00:00,2024,3,0.075762760305717,0.0012954915201534,Chl,0.0759666014451148,-0.00283755346928108,mg chl per m3,315
01-Apr-2024 00:00,2024,4,0.0731650497954398,0.00250633314580695,Chl,0.0759486093783062,-0.0028569224349417,mg chl per m3,316
01-May-2024 00:00,2024,5,0.0692010460906832,0.00106524051863044,Chl,0.0759306173114977,-0.00287629140060232,mg chl per m3,317
01-Jun-2024 00:00,2024,6,0.0656572848094706,-0.00281086708426831,Chl,0.0759126252446891,-0.00289566036626294,mg chl per m3,318
01-Jul-2024 00:00,2024,7,0.0709776382895002,-0.00150514661076587,Chl,0.0758946331778806,-0.00291502933192356,mg chl per m3,319
01-Aug-2024 00:00,2024,8,0.091902556191736,0.0161701420473339,Chl,0.075876641111072,-0.00293439829758418,mg chl per m3,320
01-Sep-2024 00:00,2024,9,0.0766631149907201,-0.00175065114533927,Chl,0.0758586490442634,-0.00295376726324481,mg chl per m3,321
01-Oct-2024 00:00,2024,10,0.074978770312211,-0.0080755753356464,Chl,0.0758406569774549,-0.00297313622890543,mg chl per m3,322
01-Nov-2024 00:00,2024,11,0.0850281944730567,-0.00580716448764589,Chl,0.0758226649106463,-0.00299250519456605,mg chl per m3,323
01-Dec-2024 00:00,2024,12,0.081183623516792,-0.0133713290343337,Chl,0.0758046728438378,-0.00301187416022667,mg chl per m3,324
01-Jan-2025 00:00,2025,1,0.0811658922554226,-0.00612941331838555,Chl,0.0757866807770292,-0.00303124312588729,mg chl per m3,325
01-Feb-2025 00:00,2025,2,0.0756162672567814,-0.00351413271882582,Chl,0.0757686887102207,-0.00305061209154791,mg chl per m3,326
01-Mar-2025 00:00,2025,3,0.0677045276577132,-0.00676274112785034,Chl,0.0757506966434121,-0.00306998105720854,mg chl per m3,327
01-Apr-2025 00:00,2025,4,0.0636831219473552,-0.0069755947022776,Chl,0.0757327045766036,-0.00308935002286916,mg chl per m3,328
01-May-2025 00:00,2025,5,0.065072632411821,-0.00306317316023172,Chl,0.075714712509795,-0.00310871898852978,mg chl per m3,329
01-Jun-2025 00:00,2025,6,0.066974828308195,-0.00149332358554392,Chl,0.0756967204429864,-0.0031280879541904,mg chl per m3,330
01-Jul-2025 00:00,2025,7,0.072885427223068,4.0264232280186e-4,Chl,0.0756787283761779,-0.00314745691985102,mg chl per m3,331
01-Aug-2025 00:00,2025,8,0.0784502087668556,0.00271779462245354,Chl,0.0756607363093693,-0.00316682588551165,mg chl per m3,332
01-Sep-2025 00:00,2025,9,0.0763942343627541,-0.00201953177330529,Chl,0.0756427442425608,-0.00318619485117227,mg chl per m3,333
01-Oct-2025 00:00,2025,10,0.0834975001519805,4.4315450412309e-4,Chl,0.0756247521757522,-0.00320556381683289,mg chl per m3,334
01-Nov-2025 00:00,2025,11,0.0960737102051191,0.00523835124441659,Chl,0.0756067601089437,-0.00322493278249351,mg chl per m3,335
01-Dec-2025 00:00,2025,12,0.0916083750550516,-0.00294657749607415,Chl,0.0755887680421351,-0.00324430174815413,mg chl per m3,336
01-Jan-1979 00:00,1979,1,3.103515625,1.05216644503546,Rainfall,1.63551627403947,0.0466093367539066,mm per day,1
01-Feb-1979 00:00,1979,2,6.953125,4.63705119680851,Rainfall,1.6353593947957,0.046443761845367,mm per day,2
01-Mar-1979 00:00,1979,3,0.801432291666667,-1.30646054964539,Rainfall,1.63520251555192,0.0462781869368273,mm per day,3
01-Apr-1979 00:00,1979,4,1.39127604166667,0.226105385638298,Rainfall,1.63504563630815,0.0461126120282877,mm per day,4
01-May-1979 00:00,1979,5,0.358072916666667,-0.499612145390071,Rainfall,1.63488875706438,0.0459470371197481,mm per day,5
01-Jun-1979 00:00,1979,6,0.940104166666667,0.31745899822695,Rainfall,1.63473187782061,0.0457814622112084,mm per day,6
01-Jul-1979 00:00,1979,7,0.740234375,-0.19798592641844,Rainfall,1.63457499857684,0.0456158873026688,mm per day,7
01-Aug-1979 00:00,1979,8,0.848958333333333,-0.192265070921986,Rainfall,1.63441811933307,0.0454503123941292,mm per day,8
01-Sep-1979 00:00,1979,9,1.11848958333333,-0.105634973404255,Rainfall,1.6342612400893,0.0452847374855895,mm per day,9
01-Oct-1979 00:00,1979,10,2.13216145833333,0.323872451241135,Rainfall,1.63410436084553,0.0451191625770499,mm per day,10
01-Nov-1979 00:00,1979,11,1.90169270833333,-0.459081338652482,Rainfall,1.63394748160175,0.0449535876685103,mm per day,11
01-Dec-1979 00:00,1979,12,1.677734375,-0.925074800531915,Rainfall,1.63379060235798,0.0447880127599707,mm per day,12
01-Jan-1980 00:00,1980,1,2.63997395833333,0.588624778368795,Rainfall,1.63363372311421,0.044622437851431,mm per day,13
01-Feb-1980 00:00,1980,2,2.25520833333333,-0.0608654698581561,Rainfall,1.63347684387044,0.0444568629428914,mm per day,14
01-Mar-1980 00:00,1980,3,3.50260416666667,1.39471132535461,Rainfall,1.63331996462667,0.0442912880343517,mm per day,15
01-Apr-1980 00:00,1980,4,0.880859375,-0.284311281028369,Rainfall,1.6331630853829,0.0441257131258121,mm per day,16
01-May-1980 00:00,1980,5,1.39518229166667,0.537497229609929,Rainfall,1.63300620613913,0.0439601382172725,mm per day,17
01-Jun-1980 00:00,1980,6,0.863932291666667,0.24128712322695,Rainfall,1.63284932689535,0.0437945633087329,mm per day,18
01-Jul-1980 00:00,1980,7,1.26692708333333,0.328706781914894,Rainfall,1.63269244765158,0.0436289884001932,mm per day,19
01-Aug-1980 00:00,1980,8,0.8671875,-0.174035904255319,Rainfall,1.63253556840781,0.0434634134916536,mm per day,20
01-Sep-1980 00:00,1980,9,1.78515625,0.561031693262411,Rainfall,1.63237868916404,0.043297838583114,mm per day,21
01-Oct-1980 00:00,1980,10,1.17122395833333,-0.637065048758865,Rainfall,1.63222180992027,0.0431322636745743,mm per day,22
01-Nov-1980 00:00,1980,11,1.54817708333333,-0.812596963652482,Rainfall,1.6320649306765,0.0429666887660347,mm per day,23
01-Dec-1980 00:00,1980,12,2.615234375,0.0124251994680851,Rainfall,1.63190805143273,0.0428011138574951,mm per day,24
01-Jan-1981 00:00,1981,1,0.887369791666667,-1.16397938829787,Rainfall,1.63175117218896,0.0426355389489554,mm per day,25
01-Feb-1981 00:00,1981,2,1.70963541666667,-0.606438386524823,Rainfall,1.63159429294518,0.0424699640404158,mm per day,26
01-Mar-1981 00:00,1981,3,0.686197916666667,-1.42169492464539,Rainfall,1.63143741370141,0.0423043891318762,mm per day,27
01-Apr-1981 00:00,1981,4,0.960286458333333,-0.204884197695035,Rainfall,1.63128053445764,0.0421388142233365,mm per day,28
01-May-1981 00:00,1981,5,0.321614583333333,-0.536070478723404,Rainfall,1.63112365521387,0.0419732393147969,mm per day,29
01-Jun-1981 00:00,1981,6,0.471354166666667,-0.15129100177305,Rainfall,1.6309667759701,0.0418076644062573,mm per day,30
01-Jul-1981 00:00,1981,7,0.466145833333333,-0.472074468085106,Rainfall,1.63080989672633,0.0416420894977176,mm per day,31
01-Aug-1981 00:00,1981,8,1.03059895833333,-0.010624445921986,Rainfall,1.63065301748256,0.041476514589178,mm per day,32
01-Sep-1981 00:00,1981,9,1.34830729166667,0.124182734929078,Rainfall,1.63049613823879,0.0413109396806384,mm per day,33
01-Oct-1981 00:00,1981,10,1.333984375,-0.474304632092199,Rainfall,1.63033925899501,0.0411453647720987,mm per day,34
01-Nov-1981 00:00,1981,11,2.40364583333333,0.0428717863475181,Rainfall,1.63018237975124,0.0409797898635591,mm per day,35
01-Dec-1981 00:00,1981,12,2.61328125,0.0104720744680851,Rainfall,1.63002550050747,0.0408142149550195,mm per day,36
01-Jan-1982 00:00,1982,1,4.07682291666667,2.02547373670213,Rainfall,1.6298686212637,0.0406486400464798,mm per day,37
01-Feb-1982 00:00,1982,2,3.42708333333333,1.11100953014184,Rainfall,1.62971174201993,0.0404830651379402,mm per day,38
01-Mar-1982 00:00,1982,3,5.25455729166667,3.14666445035461,Rainfall,1.62955486277616,0.0403174902294006,mm per day,39
01-Apr-1982 00:00,1982,4,1.958984375,0.793813718971631,Rainfall,1.62939798353239,0.0401519153208609,mm per day,40
01-May-1982 00:00,1982,5,0.918619791666667,0.0609347296099291,Rainfall,1.62924110428862,0.0399863404123213,mm per day,41
01-Jun-1982 00:00,1982,6,0.995442708333333,0.372797539893617,Rainfall,1.62908422504484,0.0398207655037817,mm per day,42
01-Jul-1982 00:00,1982,7,1.33268229166667,0.394461990248227,Rainfall,1.62892734580107,0.039655190595242,mm per day,43
01-Aug-1982 00:00,1982,8,2.46419270833333,1.42296930407801,Rainfall,1.6287704665573,0.0394896156867024,mm per day,44
01-Sep-1982 00:00,1982,9,2.00130208333333,0.777177526595745,Rainfall,1.62861358731353,0.0393240407781628,mm per day,45
01-Oct-1982 00:00,1982,10,3.052734375,1.2444453679078,Rainfall,1.62845670806976,0.0391584658696231,mm per day,46
01-Nov-1982 00:00,1982,11,3.50260416666667,1.14183011968085,Rainfall,1.62829982882599,0.0389928909610835,mm per day,47
01-Dec-1982 00:00,1982,12,1.91015625,-0.692652925531915,Rainfall,1.62814294958222,0.0388273160525439,mm per day,48
01-Jan-1983 00:00,1983,1,0.4375,-1.61384917996454,Rainfall,1.62798607033844,0.0386617411440042,mm per day,49
01-Feb-1983 00:00,1983,2,0.637369791666667,-1.67870401152482,Rainfall,1.62782919109467,0.0384961662354646,mm per day,50
01-Mar-1983 00:00,1983,3,0.459635416666667,-1.64825742464539,Rainfall,1.6276723118509,0.038330591326925,mm per day,51
01-Apr-1983 00:00,1983,4,0.705078125,-0.460092531028369,Rainfall,1.62751543260713,0.0381650164183853,mm per day,52
01-May-1983 00:00,1983,5,0.337239583333333,-0.520445478723404,Rainfall,1.62735855336336,0.0379994415098457,mm per day,53
01-Jun-1983 00:00,1983,6,0.3203125,-0.302332668439716,Rainfall,1.62720167411959,0.0378338666013061,mm per day,54
01-Jul-1983 00:00,1983,7,0.758463541666667,-0.179756759751773,Rainfall,1.62704479487582,0.0376682916927664,mm per day,55
01-Aug-1983 00:00,1983,8,0.972005208333333,-0.069218195921986,Rainfall,1.62688791563205,0.0375027167842268,mm per day,56
01-Sep-1983 00:00,1983,9,1.0546875,-0.169437056737589,Rainfall,1.62673103638827,0.0373371418756872,mm per day,57
01-Oct-1983 00:00,1983,10,1.02604166666667,-0.782247340425532,Rainfall,1.6265741571445,0.0371715669671475,mm per day,58
01-Nov-1983 00:00,1983,11,1.66731770833333,-0.693456338652482,Rainfall,1.62641727790073,0.0370059920586079,mm per day,59
01-Dec-1983 00:00,1983,12,2.39973958333333,-0.203069592198581,Rainfall,1.62626039865696,0.0368404171500683,mm per day,60
01-Jan-1984 00:00,1984,1,1.58984375,-0.461505429964539,Rainfall,1.62610351941319,0.0366748422415286,mm per day,61
01-Feb-1984 00:00,1984,2,0.7578125,-1.55826130319149,Rainfall,1.62594664016942,0.036509267332989,mm per day,62
01-Mar-1984 00:00,1984,3,0.513020833333333,-1.59487200797872,Rainfall,1.62578976092565,0.0363436924244494,mm per day,63
01-Apr-1984 00:00,1984,4,0.727213541666667,-0.437957114361702,Rainfall,1.62563288168188,0.0361781175159097,mm per day,64
01-May-1984 00:00,1984,5,0.407552083333333,-0.450132978723404,Rainfall,1.6254760024381,0.0360125426073701,mm per day,65
01-Jun-1984 00:00,1984,6,0.548177083333333,-0.0744680851063829,Rainfall,1.62531912319433,0.0358469676988305,mm per day,66
01-Jul-1984 00:00,1984,7,0.932942708333333,-0.00527759308510645,Rainfall,1.62516224395056,0.0356813927902908,mm per day,67
01-Aug-1984 00:00,1984,8,1.03971354166667,-0.00150986258865249,Rainfall,1.62500536470679,0.0355158178817512,mm per day,68
01-Sep-1984 00:00,1984,9,1.20833333333333,-0.0157912234042554,Rainfall,1.62484848546302,0.0353502429732116,mm per day,69
01-Oct-1984 00:00,1984,10,1.57877604166667,-0.229512965425532,Rainfall,1.62469160621925,0.0351846680646719,mm per day,70
01-Nov-1984 00:00,1984,11,3.73828125,1.37750720301418,Rainfall,1.62453472697548,0.0350190931561323,mm per day,71
01-Dec-1984 00:00,1984,12,3.27604166666667,0.673232491134752,Rainfall,1.62437784773171,0.0348535182475927,mm per day,72
01-Jan-1985 00:00,1985,1,1.33723958333333,-0.714109596631205,Rainfall,1.62422096848793,0.034687943339053,mm per day,73
01-Feb-1985 00:00,1985,2,2.62109375,0.30501994680851,Rainfall,1.62406408924416,0.0345223684305134,mm per day,74
01-Mar-1985 00:00,1985,3,1.84895833333333,-0.258934507978724,Rainfall,1.62390721000039,0.0343567935219738,mm per day,75
01-Apr-1985 00:00,1985,4,0.852864583333333,-0.312306072695035,Rainfall,1.62375033075662,0.0341912186134341,mm per day,76
01-May-1985 00:00,1985,5,1.18619791666667,0.328512854609929,Rainfall,1.62359345151285,0.0340256437048945,mm per day,77
01-Jun-1985 00:00,1985,6,0.376302083333333,-0.246343085106383,Rainfall,1.62343657226908,0.0338600687963549,mm per day,78
01-Jul-1985 00:00,1985,7,1.13802083333333,0.199800531914894,Rainfall,1.62327969302531,0.0336944938878152,mm per day,79
01-Aug-1985 00:00,1985,8,1.26236979166667,0.221146387411348,Rainfall,1.62312281378153,0.0335289189792756,mm per day,80
01-Sep-1985 00:00,1985,9,1.13932291666667,-0.084801640070922,Rainfall,1.62296593453776,0.033363344070736,mm per day,81
01-Oct-1985 00:00,1985,10,3.16927083333333,1.36098182624113,Rainfall,1.62280905529399,0.0331977691621963,mm per day,82
01-Nov-1985 00:00,1985,11,2.50911458333333,0.148340536347518,Rainfall,1.62265217605022,0.0330321942536567,mm per day,83
01-Dec-1985 00:00,1985,12,1.84700520833333,-0.755803967198582,Rainfall,1.62249529680645,0.0328666193451171,mm per day,84
01-Jan-1986 00:00,1986,1,0.706380208333333,-1.34496897163121,Rainfall,1.62233841756268,0.0327010444365774,mm per day,85
01-Feb-1986 00:00,1986,2,1.623046875,-0.69302692819149,Rainfall,1.62218153831891,0.0325354695280378,mm per day,86
01-Mar-1986 00:00,1986,3,1.359375,-0.748517841312057,Rainfall,1.62202465907514,0.0323698946194982,mm per day,87
01-Apr-1986 00:00,1986,4,2.1171875,0.952016843971631,Rainfall,1.62186777983136,0.0322043197109585,mm per day,88
01-May-1986 00:00,1986,5,1.32747395833333,0.469788896276596,Rainfall,1.62171090058759,0.0320387448024189,mm per day,89
01-Jun-1986 00:00,1986,6,0.241536458333333,-0.381108710106383,Rainfall,1.62155402134382,0.0318731698938793,mm per day,90
01-Jul-1986 00:00,1986,7,1.79361979166667,0.855399490248227,Rainfall,1.62139714210005,0.0317075949853396,mm per day,91
01-Aug-1986 00:00,1986,8,1.69270833333333,0.651484929078014,Rainfall,1.62124026285628,0.0315420200768,mm per day,92
01-Sep-1986 00:00,1986,9,2.48307291666667,1.25894835992908,Rainfall,1.62108338361251,0.0313764451682604,mm per day,93
01-Oct-1986 00:00,1986,10,1.13216145833333,-0.676127548758865,Rainfall,1.62092650436874,0.0312108702597207,mm per day,94
01-Nov-1986 00:00,1986,11,3.255859375,0.89508532801418506,Rainfall,1.62076962512497,0.0310452953511811,mm per day,95
01-Dec-1986 00:00,1986,12,0.577473958333333,-2.02533521719858,Rainfall,1.62061274588119,0.0308797204426415,mm per day,96
01-Jan-1987 00:00,1987,1,0.966145833333333,-1.08520334663121,Rainfall,1.62045586663742,0.0307141455341018,mm per day,97
01-Feb-1987 00:00,1987,2,1.3125,-1.00357380319149,Rainfall,1.62029898739365,0.0305485706255622,mm per day,98
01-Mar-1987 00:00,1987,3,0.577473958333333,-1.53041888297872,Rainfall,1.62014210814988,0.0303829957170226,mm per day,99
01-Apr-1987 00:00,1987,4,0.732421875,-0.432748781028369,Rainfall,1.61998522890611,0.0302174208084829,mm per day,100
01-May-1987 00:00,1987,5,0.930338541666667,0.0726534796099291,Rainfall,1.61982834966234,0.0300518458999433,mm per day,101
01-Jun-1987 00:00,1987,6,0.403645833333333,-0.218999335106383,Rainfall,1.61967147041857,0.0298862709914037,mm per day,102
01-Jul-1987 00:00,1987,7,1.11653645833333,0.178316156914894,Rainfall,1.6195145911748,0.029720696082864,mm per day,103
01-Aug-1987 00:00,1987,8,0.579427083333333,-0.461796320921986,Rainfall,1.61935771193102,0.0295551211743244,mm per day,104
01-Sep-1987 00:00,1987,9,2.02278645833333,0.798661901595745,Rainfall,1.61920083268725,0.0293895462657848,mm per day,105
01-Oct-1987 00:00,1987,10,3.30143229166667,1.49314328457447,Rainfall,1.61904395344348,0.0292239713572451,mm per day,106
01-Nov-1987 00:00,1987,11,1.38020833333333,-0.980565713652482,Rainfall,1.61888707419971,0.0290583964487055,mm per day,107
01-Dec-1987 00:00,1987,12,4.634765625,2.03195644946809,Rainfall,1.61873019495594,0.0288928215401659,mm per day,108
01-Jan-1988 00:00,1988,1,2.22786458333333,0.176515403368795,Rainfall,1.61857331571217,0.0287272466316262,mm per day,109
01-Feb-1988 00:00,1988,2,0.698567708333333,-1.61750609485816,Rainfall,1.6184164364684,0.0285616717230866,mm per day,110
01-Mar-1988 00:00,1988,3,1.423828125,-0.684064716312057,Rainfall,1.61825955722462,0.028396096814547,mm per day,111
01-Apr-1988 00:00,1988,4,0.479817708333333,-0.685352947695036,Rainfall,1.61810267798085,0.0282305219060074,mm per day,112
01-May-1988 00:00,1988,5,0.850911458333333,-0.0067736037234043,Rainfall,1.61794579873708,0.0280649469974677,mm per day,113
01-Jun-1988 00:00,1988,6,0.731119791666667,0.10847462322695,Rainfall,1.61778891949331,0.0278993720889281,mm per day,114
01-Jul-1988 00:00,1988,7,0.674479166666667,-0.263741134751773,Rainfall,1.61763204024954,0.0277337971803885,mm per day,115
01-Aug-1988 00:00,1988,8,1.29296875,0.251745345744681,Rainfall,1.61747516100577,0.0275682222718488,mm per day,116
01-Sep-1988 00:00,1988,9,1.54166666666667,0.317542109929078,Rainfall,1.617318281762,0.0274026473633092,mm per day,117
01-Oct-1988 00:00,1988,10,1.32096354166667,-0.487325465425532,Rainfall,1.61716140251823,0.0272370724547696,mm per day,118
01-Nov-1988 00:00,1988,11,3.03255208333333,0.671778036347518,Rainfall,1.61700452327445,0.0270714975462299,mm per day,119
01-Dec-1988 00:00,1988,12,3.03450520833333,0.431696032801419,Rainfall,1.61684764403068,0.0269059226376903,mm per day,120
01-Jan-1989 00:00,1989,1,3.74674479166667,1.69539561170213,Rainfall,1.61669076478691,0.0267403477291507,mm per day,121
01-Feb-1989 00:00,1989,2,5.13932291666667,2.82324911347518,Rainfall,1.61653388554314,0.026574772820611,mm per day,122
01-Mar-1989 00:00,1989,3,2.80794270833333,0.700049867021276,Rainfall,1.61637700629937,0.0264091979120714,mm per day,123
01-Apr-1989 00:00,1989,4,2.53841145833333,1.37324080230496,Rainfall,1.6162201270556,0.0262436230035318,mm per day,124
01-May-1989 00:00,1989,5,0.548177083333333,-0.309507978723404,Rainfall,1.61606324781183,0.0260780480949921,mm per day,125
01-Jun-1989 00:00,1989,6,0.608072916666667,-0.0145722517730497,Rainfall,1.61590636856806,0.0259124731864525,mm per day,126
01-Jul-1989 00:00,1989,7,1.87630208333333,0.938081781914894,Rainfall,1.61574948932428,0.0257468982779129,mm per day,127
01-Aug-1989 00:00,1989,8,0.856770833333333,-0.184452570921986,Rainfall,1.61559261008051,0.0255813233693732,mm per day,128
01-Sep-1989 00:00,1989,9,0.700520833333333,-0.523603723404255,Rainfall,1.61543573083674,0.0254157484608336,mm per day,129
01-Oct-1989 00:00,1989,10,2.93294270833333,1.12465370124113,Rainfall,1.61527885159297,0.025250173552294,mm per day,130
01-Nov-1989 00:00,1989,11,2.15234375,-0.208430296985815,Rainfall,1.6151219723492,0.0250845986437543,mm per day,131
01-Dec-1989 00:00,1989,12,1.826171875,-0.776637300531915,Rainfall,1.61496509310543,0.0249190237352147,mm per day,132
01-Jan-1990 00:00,1990,1,5.49544270833333,3.44409352836879,Rainfall,1.61480821386166,0.0247534488266751,mm per day,133
01-Feb-1990 00:00,1990,2,3.16145833333333,0.845384530141843,Rainfall,1.61465133461789,0.0245878739181354,mm per day,134
01-Mar-1990 00:00,1990,3,1.4140625,-0.693830341312057,Rainfall,1.61449445537411,0.0244222990095958,mm per day,135
01-Apr-1990 00:00,1990,4,1.142578125,-0.0225925310283688,Rainfall,1.61433757613034,0.0242567241010562,mm per day,136
01-May-1990 00:00,1990,5,0.516276041666667,-0.341409020390071,Rainfall,1.61418069688657,0.0240911491925165,mm per day,137
01-Jun-1990 00:00,1990,6,0.729817708333333,0.107172539893617,Rainfall,1.6140238176428,0.0239255742839769,mm per day,138
01-Jul-1990 00:00,1990,7,0.533854166666667,-0.404366134751773,Rainfall,1.61386693839903,0.0237599993754373,mm per day,139
01-Aug-1990 00:00,1990,8,0.658203125,-0.383020279255319,Rainfall,1.61371005915526,0.0235944244668976,mm per day,140
01-Sep-1990 00:00,1990,9,1.046875,-0.177249556737589,Rainfall,1.61355317991149,0.023428849558358,mm per day,141
01-Oct-1990 00:00,1990,10,1.158203125,-0.650085882092199,Rainfall,1.61339630066771,0.0232632746498184,mm per day,142
01-Nov-1990 00:00,1990,11,5.84505208333333,3.48427803634752,Rainfall,1.61323942142394,0.0230976997412787,mm per day,143
01-Dec-1990 00:00,1990,12,2.80078125,0.197972074468085,Rainfall,1.61308254218017,0.0229321248327391,mm per day,144
01-Jan-1991 00:00,1991,1,1.25911458333333,-0.792234596631206,Rainfall,1.6129256629364,0.0227665499241995,mm per day,145
01-Feb-1991 00:00,1991,2,1.66145833333333,-0.654615469858156,Rainfall,1.61276878369263,0.0226009750156598,mm per day,146
01-Mar-1991 00:00,1991,3,3.74348958333333,1.63559674202128,Rainfall,1.61261190444886,0.0224354001071202,mm per day,147
01-Apr-1991 00:00,1991,4,0.561848958333333,-0.603321697695035,Rainfall,1.61245502520509,0.0222698251985806,mm per day,148
01-May-1991 00:00,1991,5,0.373697916666667,-0.483987145390071,Rainfall,1.61229814596132,0.0221042502900409,mm per day,149
01-Jun-1991 00:00,1991,6,0.6484375,0.0257923315602837,Rainfall,1.61214126671754,0.0219386753815013,mm per day,150
01-Jul-1991 00:00,1991,7,0.636067708333333,-0.302152593085106,Rainfall,1.61198438747377,0.0217731004729617,mm per day,151
01-Aug-1991 00:00,1991,8,1.09635416666667,0.0551307624113475,Rainfall,1.61182750823,0.021607525564422,mm per day,152
01-Sep-1991 00:00,1991,9,0.917317708333333,-0.306806848404255,Rainfall,1.61167062898623,0.0214419506558824,mm per day,153
01-Oct-1991 00:00,1991,10,1.66536458333333,-0.142924423758865,Rainfall,1.61151374974246,0.0212763757473428,mm per day,154
01-Nov-1991 00:00,1991,11,3.11393229166667,0.753158244680851,Rainfall,1.61135687049869,0.0211108008388031,mm per day,155
01-Dec-1991 00:00,1991,12,4.419921875,1.81711269946809,Rainfall,1.61119999125492,0.0209452259302635,mm per day,156
01-Jan-1992 00:00,1992,1,1.1796875,-0.871661679964539,Rainfall,1.61104311201115,0.0207796510217239,mm per day,157
01-Feb-1992 00:00,1992,2,1.93359375,-0.38248005319149,Rainfall,1.61088623276737,0.0206140761131842,mm per day,158
01-Mar-1992 00:00,1992,3,0.422526041666667,-1.68536679964539,Rainfall,1.6107293535236,0.0204485012046446,mm per day,159
01-Apr-1992 00:00,1992,4,0.400390625,-0.764780031028369,Rainfall,1.61057247427983,0.020282926296105,mm per day,160
01-May-1992 00:00,1992,5,0.813802083333333,-0.0438829787234042,Rainfall,1.61041559503606,0.0201173513875653,mm per day,161
01-Jun-1992 00:00,1992,6,0.33203125,-0.290613918439716,Rainfall,1.61025871579229,0.0199517764790257,mm per day,162
01-Jul-1992 00:00,1992,7,1.01953125,0.0813109485815603,Rainfall,1.61010183654852,0.0197862015704861,mm per day,163
01-Aug-1992 00:00,1992,8,2.27864583333333,1.23742242907801,Rainfall,1.60994495730475,0.0196206266619464,mm per day,164
01-Sep-1992 00:00,1992,9,2.82161458333333,1.59749002659574,Rainfall,1.60978807806098,0.0194550517534068,mm per day,165
01-Oct-1992 00:00,1992,10,2.73502604166667,0.926737034574468,Rainfall,1.6096311988172,0.0192894768448672,mm per day,166
01-Nov-1992 00:00,1992,11,3.13736979166667,0.776595744680851,Rainfall,1.60947431957343,0.0191239019363275,mm per day,167
01-Dec-1992 00:00,1992,12,4.642578125,2.03976894946809,Rainfall,1.60931744032966,0.0189583270277879,mm per day,168
01-Jan-1993 00:00,1993,1,1.708984375,-0.342364804964539,Rainfall,1.60916056108589,0.0187927521192483,mm per day,169
01-Feb-1993 00:00,1993,2,0.731770833333333,-1.58430296985816,Rainfall,1.60900368184212,0.0186271772107086,mm per day,170
01-Mar-1993 00:00,1993,3,0.715494791666667,-1.39239804964539,Rainfall,1.60884680259835,0.018461602302169,mm per day,171
01-Apr-1993 00:00,1993,4,0.303385416666667,-0.861785239361702,Rainfall,1.60868992335458,0.0182960273936294,mm per day,172
01-May-1993 00:00,1993,5,0.377604166666667,-0.480080895390071,Rainfall,1.6085330441108,0.0181304524850897,mm per day,173
01-Jun-1993 00:00,1993,6,0.293619791666667,-0.32902537677305,Rainfall,1.60837616486703,0.0179648775765501,mm per day,174
01-Jul-1993 00:00,1993,7,1.68684895833333,0.748628656914894,Rainfall,1.60821928562326,0.0177993026680105,mm per day,175
01-Aug-1993 00:00,1993,8,0.882161458333333,-0.159061945921986,Rainfall,1.60806240637949,0.0176337277594708,mm per day,176
01-Sep-1993 00:00,1993,9,1.75716145833333,0.533036901595745,Rainfall,1.60790552713572,0.0174681528509312,mm per day,177
01-Oct-1993 00:00,1993,10,2.36588541666667,0.557596409574468,Rainfall,1.60774864789195,0.0173025779423916,mm per day,178
01-Nov-1993 00:00,1993,11,1.25455729166667,-1.10621675531915,Rainfall,1.60759176864818,0.0171370030338519,mm per day,179
01-Dec-1993 00:00,1993,12,1.470703125,-1.13210605053191,Rainfall,1.60743488940441,0.0169714281253123,mm per day,180
01-Jan-1994 00:00,1994,1,2.47395833333333,0.422609153368795,Rainfall,1.60727801016063,0.0168058532167727,mm per day,181
01-Feb-1994 00:00,1994,2,5.6484375,3.33236369680851,Rainfall,1.60712113091686,0.016640278308233,mm per day,182
01-Mar-1994 00:00,1994,3,3.04752604166667,0.93963320035461,Rainfall,1.60696425167309,0.0164747033996934,mm per day,183
01-Apr-1994 00:00,1994,4,0.469401041666667,-0.695769614361702,Rainfall,1.60680737242932,0.0163091284911538,mm per day,184
01-May-1994 00:00,1994,5,0.909505208333333,0.0518201462765958,Rainfall,1.60665049318555,0.0161435535826141,mm per day,185
01-Jun-1994 00:00,1994,6,0.718098958333333,0.0954537898936171,Rainfall,1.60649361394178,0.0159779786740745,mm per day,186
01-Jul-1994 00:00,1994,7,1.69661458333333,0.758394281914894,Rainfall,1.60633673469801,0.0158124037655349,mm per day,187
01-Aug-1994 00:00,1994,8,1.46484375,0.423620345744681,Rainfall,1.60617985545424,0.0156468288569952,mm per day,188
01-Sep-1994 00:00,1994,9,1.619140625,0.395016068262411,Rainfall,1.60602297621046,0.0154812539484556,mm per day,189
01-Oct-1994 00:00,1994,10,1.91927083333333,0.110981826241135,Rainfall,1.60586609696669,0.015315679039916,mm per day,190
01-Nov-1994 00:00,1994,11,2.34049479166667,-0.0202792553191489,Rainfall,1.60570921772292,0.0151501041313763,mm per day,191
01-Dec-1994 00:00,1994,12,1.23958333333333,-1.36322584219858,Rainfall,1.60555233847915,0.0149845292228367,mm per day,192
01-Jan-1995 00:00,1995,1,1.0703125,-0.981036679964539,Rainfall,1.60539545923538,0.0148189543142971,mm per day,193
01-Feb-1995 00:00,1995,2,2.34309895833333,0.0270251551418439,Rainfall,1.60523857999161,0.0146533794057574,mm per day,194
01-Mar-1995 00:00,1995,3,1.12955729166667,-0.97833554964539,Rainfall,1.60508170074784,0.0144878044972178,mm per day,195
01-Apr-1995 00:00,1995,4,1.56119791666667,0.396027260638298,Rainfall,1.60492482150407,0.0143222295886782,mm per day,196
01-May-1995 00:00,1995,5,0.598958333333333,-0.258726728723404,Rainfall,1.60476794226029,0.0141566546801385,mm per day,197
01-Jun-1995 00:00,1995,6,0.5078125,-0.114832668439716,Rainfall,1.60461106301652,0.0139910797715989,mm per day,198
01-Jul-1995 00:00,1995,7,0.560546875,-0.37767342641844,Rainfall,1.60445418377275,0.0138255048630593,mm per day,199
01-Aug-1995 00:00,1995,8,0.770833333333333,-0.270390070921986,Rainfall,1.60429730452898,0.0136599299545196,mm per day,200
01-Sep-1995 00:00,1995,9,0.865885416666667,-0.358239140070922,Rainfall,1.60414042528521,0.01349435504598,mm per day,201
01-Oct-1995 00:00,1995,10,1.72591145833333,-0.0823775487588654,Rainfall,1.60398354604144,0.0133287801374404,mm per day,202
01-Nov-1995 00:00,1995,11,3.53190104166667,1.17112699468085,Rainfall,1.60382666679767,0.0131632052289007,mm per day,203
01-Dec-1995 00:00,1995,12,2.33333333333333,-0.269475842198582,Rainfall,1.60366978755389,0.0129976303203611,mm per day,204
01-Jan-1996 00:00,1996,1,5.20052083333333,3.14917165336879,Rainfall,1.60351290831012,0.0128320554118215,mm per day,205
01-Feb-1996 00:00,1996,2,2.302734375,-0.0133394281914896,Rainfall,1.60335602906635,0.0126664805032818,mm per day,206
01-Mar-1996 00:00,1996,3,1.830078125,-0.277814716312057,Rainfall,1.60319914982258,0.0125009055947422,mm per day,207
01-Apr-1996 00:00,1996,4,0.725911458333333,-0.439259197695036,Rainfall,1.60304227057881,0.0123353306862026,mm per day,208
01-May-1996 00:00,1996,5,0.580078125,-0.277606937056738,Rainfall,1.60288539133504,0.012169755777663,mm per day,209
01-Jun-1996 00:00,1996,6,1.18489583333333,0.562250664893617,Rainfall,1.60272851209127,0.0120041808691233,mm per day,210
01-Jul-1996 00:00,1996,7,1.259765625,0.32154532358156,Rainfall,1.6025716328475,0.0118386059605837,mm per day,211
01-Aug-1996 00:00,1996,8,0.68359375,-0.357629654255319,Rainfall,1.60241475360372,0.011673031052044,mm per day,212
01-Sep-1996 00:00,1996,9,1.56380208333333,0.339677526595745,Rainfall,1.60225787435995,0.0115074561435044,mm per day,213
01-Oct-1996 00:00,1996,10,2.44401041666667,0.635721409574468,Rainfall,1.60210099511618,0.0113418812349648,mm per day,214
01-Nov-1996 00:00,1996,11,5.61393229166667,3.25315824468085,Rainfall,1.60194411587241,0.0111763063264252,mm per day,215
01-Dec-1996 00:00,1996,12,3.17057291666667,0.567763741134752,Rainfall,1.60178723662864,0.0110107314178855,mm per day,216
01-Jan-1997 00:00,1997,1,4.453125,2.40177582003546,Rainfall,1.60163035738487,0.0108451565093459,mm per day,217
01-Feb-1997 00:00,1997,2,0.951171875,-1.36490192819149,Rainfall,1.6014734781411,0.0106795816008063,mm per day,218
01-Mar-1997 00:00,1997,3,3.015625,0.907732158687943,Rainfall,1.60131659889733,0.0105140066922666,mm per day,219
01-Apr-1997 00:00,1997,4,1.05859375,-0.106576906028369,Rainfall,1.60115971965355,0.010348431783727,mm per day,220
01-May-1997 00:00,1997,5,1.166015625,0.308330562943262,Rainfall,1.60100284040978,0.0101828568751874,mm per day,221
01-Jun-1997 00:00,1997,6,0.455078125,-0.167567043439716,Rainfall,1.60084596116601,0.0100172819666477,mm per day,222
01-Jul-1997 00:00,1997,7,1.2109375,0.27271719858156,Rainfall,1.60068908192224,0.00985170705810809,mm per day,223
01-Aug-1997 00:00,1997,8,0.798828125,-0.242395279255319,Rainfall,1.60053220267847,0.00968613214956845,mm per day,224
01-Sep-1997 00:00,1997,9,0.89453125,-0.329593306737589,Rainfall,1.6003753234347,0.00952055724102882,mm per day,225
01-Oct-1997 00:00,1997,10,1.080078125,-0.728210882092199,Rainfall,1.60021844419093,0.00935498233248919,mm per day,226
01-Nov-1997 00:00,1997,11,1.53385416666667,-0.826919880319149,Rainfall,1.60006156494716,0.00918940742394955,mm per day,227
01-Dec-1997 00:00,1997,12,0.96484375,-1.63796542553191,Rainfall,1.59990468570338,0.00902383251540993,mm per day,228
01-Jan-1998 00:00,1998,1,0.859375,-1.19197417996454,Rainfall,1.59974780645961,0.00885825760687029,mm per day,229
01-Feb-1998 00:00,1998,2,0.677083333333333,-1.63899046985816,Rainfall,1.59959092721584,0.00869268269833066,mm per day,230
01-Mar-1998 00:00,1998,3,0.484375,-1.62351784131206,Rainfall,1.59943404797207,0.00852710778979102,mm per day,231
01-Apr-1998 00:00,1998,4,0.436197916666667,-0.728972739361702,Rainfall,1.5992771687283,0.00836153288125139,mm per day,232
01-May-1998 00:00,1998,5,0.821614583333333,-0.0360704787234042,Rainfall,1.59912028948453,0.00819595797271176,mm per day,233
01-Jun-1998 00:00,1998,6,0.481119791666667,-0.14152537677305,Rainfall,1.59896341024076,0.00803038306417213,mm per day,234
01-Jul-1998 00:00,1998,7,0.403645833333333,-0.534574468085106,Rainfall,1.59880653099698,0.00786480815563249,mm per day,235
01-Aug-1998 00:00,1998,8,0.811848958333333,-0.229374445921986,Rainfall,1.59864965175321,0.00769923324709286,mm per day,236
01-Sep-1998 00:00,1998,9,0.578776041666667,-0.645348515070922,Rainfall,1.59849277250944,0.00753365833855323,mm per day,237
01-Oct-1998 00:00,1998,10,0.90234375,-0.905945257092199,Rainfall,1.59833589326567,0.00736808343001359,mm per day,238
01-Nov-1998 00:00,1998,11,2.03841145833333,-0.322362588652482,Rainfall,1.5981790140219,0.00720250852147396,mm per day,239
01-Dec-1998 00:00,1998,12,2.283203125,-0.319606050531915,Rainfall,1.59802213477813,0.00703693361293433,mm per day,240
01-Jan-1999 00:00,1999,1,2.28255208333333,0.231202903368795,Rainfall,1.59786525553436,0.0068713587043947,mm per day,241
01-Feb-1999 00:00,1999,2,1.48372395833333,-0.832349844858156,Rainfall,1.59770837629059,0.00670578379585506,mm per day,242
01-Mar-1999 00:00,1999,3,1.03971354166667,-1.06817929964539,Rainfall,1.59755149704681,0.00654020888731543,mm per day,243
01-Apr-1999 00:00,1999,4,0.578125,-0.587045656028369,Rainfall,1.59739461780304,0.00637463397877579,mm per day,244
01-May-1999 00:00,1999,5,1.017578125,0.159893062943262,Rainfall,1.59723773855927,0.00620905907023616,mm per day,245
01-Jun-1999 00:00,1999,6,0.34375,-0.278895168439716,Rainfall,1.5970808593155,0.00604348416169653,mm per day,246
01-Jul-1999 00:00,1999,7,0.527994791666667,-0.410225509751773,Rainfall,1.59692398007173,0.0058779092531569,mm per day,247
01-Aug-1999 00:00,1999,8,0.490885416666667,-0.550337987588653,Rainfall,1.59676710082796,0.00571233434461726,mm per day,248
01-Sep-1999 00:00,1999,9,0.595703125,-0.628421431737589,Rainfall,1.59661022158419,0.00554675943607763,mm per day,249
01-Oct-1999 00:00,1999,10,2.18684895833333,0.378559951241135,Rainfall,1.59645334234042,0.005381184527538,mm per day,250
01-Nov-1999 00:00,1999,11,1.953125,-0.407649046985815,Rainfall,1.59629646309664,0.00521560961899836,mm per day,251
01-Dec-1999 00:00,1999,12,3.51822916666667,0.915419991134752,Rainfall,1.59613958385287,0.00505003471045873,mm per day,252
01-Jan-2000 00:00,2000,1,1.599609375,-0.451739804964539,Rainfall,1.5959827046091,0.0048844598019191,mm per day,253
01-Feb-2000 00:00,2000,2,0.717447916666667,-1.59862588652482,Rainfall,1.59582582536533,0.00471888489337947,mm per day,254
01-Mar-2000 00:00,2000,3,0.862630208333333,-1.24526263297872,Rainfall,1.59566894612156,0.00455330998483983,mm per day,255
01-Apr-2000 00:00,2000,4,0.893229166666667,-0.271941489361702,Rainfall,1.59551206687779,0.0043877350763002,mm per day,256
01-May-2000 00:00,2000,5,0.440755208333333,-0.416929853723404,Rainfall,1.59535518763402,0.00422216016776056,mm per day,257
01-Jun-2000 00:00,2000,6,0.455729166666667,-0.16691600177305,Rainfall,1.59519830839025,0.00405658525922093,mm per day,258
01-Jul-2000 00:00,2000,7,1.27278645833333,0.334566156914894,Rainfall,1.59504142914647,0.0038910103506813,mm per day,259
01-Aug-2000 00:00,2000,8,1.52994791666667,0.488724512411348,Rainfall,1.5948845499027,0.00372543544214167,mm per day,260
01-Sep-2000 00:00,2000,9,1.50130208333333,0.277177526595745,Rainfall,1.59472767065893,0.00355986053360204,mm per day,261
01-Oct-2000 00:00,2000,10,1.47200520833333,-0.336283798758865,Rainfall,1.59457079141516,0.0033942856250624,mm per day,262
01-Nov-2000 00:00,2000,11,2.583984375,0.223210328014185,Rainfall,1.59441391217139,0.00322871071652277,mm per day,263
01-Dec-2000 00:00,2000,12,0.834635416666667,-1.76817375886525,Rainfall,1.59425703292762,0.00306313580798313,mm per day,264
01-Jan-2001 00:00,2001,1,0.757161458333333,-1.29418772163121,Rainfall,1.59410015368385,0.0028975608994435,mm per day,265
01-Feb-2001 00:00,2001,2,3.15364583333333,0.837572030141844,Rainfall,1.59394327444007,0.00273198599090387,mm per day,266
01-Mar-2001 00:00,2001,3,0.946614583333333,-1.16127825797872,Rainfall,1.5937863951963,0.00256641108236424,mm per day,267
01-Apr-2001 00:00,2001,4,1.38346354166667,0.218292885638298,Rainfall,1.59362951595253,0.0024008361738246,mm per day,268
01-May-2001 00:00,2001,5,0.34765625,-0.510028812056738,Rainfall,1.59347263670876,0.00223526126528497,mm per day,269
01-Jun-2001 00:00,2001,6,1.03125,0.408604831560284,Rainfall,1.59331575746499,0.00206968635674534,mm per day,270
01-Jul-2001 00:00,2001,7,0.793619791666667,-0.144600509751773,Rainfall,1.59315887822122,0.0019041114482057,mm per day,271
01-Aug-2001 00:00,2001,8,0.822916666666667,-0.218306737588653,Rainfall,1.59300199897745,0.00173853653966607,mm per day,272
01-Sep-2001 00:00,2001,9,1.02994791666667,-0.194176640070922,Rainfall,1.59284511973368,0.00157296163112644,mm per day,273
01-Oct-2001 00:00,2001,10,1.48307291666667,-0.325216090425532,Rainfall,1.5926882404899,0.00140738672258681,mm per day,274
01-Nov-2001 00:00,2001,11,4.18098958333333,1.82021553634752,Rainfall,1.59253136124613,0.00124181181404717,mm per day,275
01-Dec-2001 00:00,2001,12,2.01302083333333,-0.589788342198581,Rainfall,1.59237448200236,0.00107623690550754,mm per day,276
01-Jan-2002 00:00,2002,1,3.51432291666667,1.46297373670213,Rainfall,1.59221760275859,9.106619969679e-4,mm per day,277
01-Feb-2002 00:00,2002,2,1.58854166666667,-0.727532136524823,Rainfall,1.59206072351482,7.4508708842827e-4,mm per day,278
01-Mar-2002 00:00,2002,3,2.43815104166667,0.33025820035461,Rainfall,1.59190384427105,5.7951217988864e-4,mm per day,279
01-Apr-2002 00:00,2002,4,1.13541666666667,-0.029753989361702,Rainfall,1.59174696502728,4.13937271349e-4,mm per day,280
01-May-2002 00:00,2002,5,2.720703125,1.86301806294326,Rainfall,1.59159008578351,2.4836236280937e-4,mm per day,281
01-Jun-2002 00:00,2002,6,0.565755208333333,-0.0568899601063829,Rainfall,1.59143320653973,8.27874542697407e-5,mm per day,282
01-Jul-2002 00:00,2002,7,0.825520833333333,-0.112699468085106,Rainfall,1.59127632729596,-8.27874542698934e-5,mm per day,283
01-Aug-2002 00:00,2002,8,1.85677083333333,0.815547429078014,Rainfall,1.59111944805219,-2.4836236280952e-4,mm per day,284
01-Sep-2002 00:00,2002,9,1.17252604166667,-0.0515985150709219,Rainfall,1.59096256880842,-4.1393727134915e-4,mm per day,285
01-Oct-2002 00:00,2002,10,2.17122395833333,0.362934951241135,Rainfall,1.59080568956465,-5.7951217988878e-4,mm per day,286
01-Nov-2002 00:00,2002,11,1.041015625,-1.31975842198582,Rainfall,1.59064881032088,-7.4508708842842e-4,mm per day,287
01-Dec-2002 00:00,2002,12,1.08333333333333,-1.51947584219858,Rainfall,1.59049193107711,-9.1066199696805e-4,mm per day,288
01-Jan-2003 00:00,2003,1,1.228515625,-0.822833554964539,Rainfall,1.59033505183334,-0.00107623690550769,mm per day,289
01-Feb-2003 00:00,2003,2,1.3046875,-1.01138630319149,Rainfall,1.59017817258956,-0.00124181181404732,mm per day,290
01-Mar-2003 00:00,2003,3,1.91276041666667,-0.19513242464539,Rainfall,1.59002129334579,-0.00140738672258696,mm per day,291
01-Apr-2003 00:00,2003,4,1.70247395833333,0.537303302304964,Rainfall,1.58986441410202,-0.00157296163112659,mm per day,292
01-May-2003 00:00,2003,5,0.703776041666667,-0.153909020390071,Rainfall,1.58970753485825,-0.00173853653966622,mm per day,293
01-Jun-2003 00:00,2003,6,0.391927083333333,-0.230718085106383,Rainfall,1.58955065561448,-0.00190411144820585,mm per day,294
01-Jul-2003 00:00,2003,7,1.52799479166667,0.589774490248227,Rainfall,1.58939377637071,-0.00206968635674549,mm per day,295
01-Aug-2003 00:00,2003,8,1.0234375,-0.0177859042553192,Rainfall,1.58923689712694,-0.00223526126528512,mm per day,296
01-Sep-2003 00:00,2003,9,0.801432291666667,-0.422692265070922,Rainfall,1.58908001788316,-0.00240083617382476,mm per day,297
01-Oct-2003 00:00,2003,10,2.328125,0.519835992907801,Rainfall,1.58892313863939,-0.00256641108236438,mm per day,298
01-Nov-2003 00:00,2003,11,1.38346354166667,-0.977310505319149,Rainfall,1.58876625939562,-0.00273198599090402,mm per day,299
01-Dec-2003 00:00,2003,12,3.06510416666667,0.462294991134752,Rainfall,1.58860938015185,-0.00289756089944365,mm per day,300
01-Jan-2004 00:00,2004,1,4.20833333333333,2.15698415336879,Rainfall,1.58845250090808,-0.00306313580798329,mm per day,301
01-Feb-2004 00:00,2004,2,4.2265625,1.91048869680851,Rainfall,1.58829562166431,-0.00322871071652292,mm per day,302
01-Mar-2004 00:00,2004,3,2.9453125,0.837419658687943,Rainfall,1.58813874242054,-0.00339428562506255,mm per day,303
01-Apr-2004 00:00,2004,4,0.813802083333333,-0.351368572695035,Rainfall,1.58798186317677,-0.00355986053360218,mm per day,304
01-May-2004 00:00,2004,5,1.23372395833333,0.376038896276596,Rainfall,1.58782498393299,-0.00372543544214182,mm per day,305
01-Jun-2004 00:00,2004,6,1.10611979166667,0.48347462322695,Rainfall,1.58766810468922,-0.00389101035068145,mm per day,306
01-Jul-2004 00:00,2004,7,0.774088541666667,-0.164131759751773,Rainfall,1.58751122544545,-0.00405658525922108,mm per day,307
01-Aug-2004 00:00,2004,8,1.41796875,0.376745345744681,Rainfall,1.58735434620168,-0.00422216016776072,mm per day,308
01-Sep-2004 00:00,2004,9,0.988932291666667,-0.235192265070922,Rainfall,1.58719746695791,-0.00438773507630035,mm per day,309
01-Oct-2004 00:00,2004,10,2.49544270833333,0.687153701241135,Rainfall,1.58704058771414,-0.00455330998483999,mm per day,310
01-Nov-2004 00:00,2004,11,2.46223958333333,0.101465536347518,Rainfall,1.58688370847037,-0.00471888489337961,mm per day,311
01-Dec-2004 00:00,2004,12,3.578125,0.975315824468085,Rainfall,1.5867268292266,-0.00488445980191925,mm per day,312
01-Jan-2005 00:00,2005,1,3.64192708333333,1.59057790336879,Rainfall,1.58656994998282,-0.00505003471045888,mm per day,313
01-Feb-2005 00:00,2005,2,2.62044270833333,0.304368905141844,Rainfall,1.58641307073905,-0.00521560961899852,mm per day,314
01-Mar-2005 00:00,2005,3,2.22916666666667,0.12127382535461,Rainfall,1.58625619149528,-0.00538118452753815,mm per day,315
01-Apr-2005 00:00,2005,4,0.593098958333333,-0.572071697695035,Rainfall,1.58609931225151,-0.00554675943607778,mm per day,316
01-May-2005 00:00,2005,5,0.490234375,-0.367450687056738,Rainfall,1.58594243300774,-0.00571233434461741,mm per day,317
01-Jun-2005 00:00,2005,6,0.591796875,-0.0308482934397163,Rainfall,1.58578555376397,-0.00587790925315704,mm per day,318
01-Jul-2005 00:00,2005,7,0.696614583333333,-0.241605718085106,Rainfall,1.5856286745202,-0.00604348416169668,mm per day,319
01-Aug-2005 00:00,2005,8,0.65625,-0.384973404255319,Rainfall,1.58547179527643,-0.00620905907023631,mm per day,320
01-Sep-2005 00:00,2005,9,1.49088541666667,0.266760859929078,Rainfall,1.58531491603265,-0.00637463397877595,mm per day,321
01-Oct-2005 00:00,2005,10,1.58723958333333,-0.221049423758865,Rainfall,1.58515803678888,-0.00654020888731558,mm per day,322
01-Nov-2005 00:00,2005,11,1.60546875,-0.75530529698581494,Rainfall,1.58500115754511,-0.00670578379585521,mm per day,323
01-Dec-2005 00:00,2005,12,0.638020833333333,-1.96478834219858,Rainfall,1.58484427830134,-0.00687135870439484,mm per day,324
01-Jan-2006 00:00,2006,1,1.91861979166667,-0.132729388297872,Rainfall,1.58468739905757,-0.00703693361293448,mm per day,325
01-Feb-2006 00:00,2006,2,3.56575520833333,1.24968140514184,Rainfall,1.5845305198138,-0.00720250852147411,mm per day,326
01-Mar-2006 00:00,2006,3,7.53385416666667,5.42596132535461,Rainfall,1.58437364057003,-0.00736808343001374,mm per day,327
01-Apr-2006 00:00,2006,4,1.4375,0.272329343971631,Rainfall,1.58421676132625,-0.00753365833855338,mm per day,328
01-May-2006 00:00,2006,5,0.909505208333333,0.0518201462765957,Rainfall,1.58405988208248,-0.00769923324709301,mm per day,329
01-Jun-2006 00:00,2006,6,0.580078125,-0.0425670434397163,Rainfall,1.58390300283871,-0.00786480815563264,mm per day,330
01-Jul-2006 00:00,2006,7,0.596354166666667,-0.341866134751773,Rainfall,1.58374612359494,-0.00803038306417227,mm per day,331
01-Aug-2006 00:00,2006,8,1.05208333333333,0.010859929078014,Rainfall,1.58358924435117,-0.00819595797271191,mm per day,332
01-Sep-2006 00:00,2006,9,1.14127604166667,-0.082848515070922,Rainfall,1.5834323651074,-0.00836153288125154,mm per day,333
01-Oct-2006 00:00,2006,10,3.1640625,1.3557734929078,Rainfall,1.58327548586363,-0.00852710778979118,mm per day,334
01-Nov-2006 00:00,2006,11,2.39518229166667,0.0344082446808511,Rainfall,1.58311860661986,-0.00869268269833081,mm per day,335
01-Dec-2006 00:00,2006,12,1.388671875,-1.21413730053191,Rainfall,1.58296172737608,-0.00885825760687044,mm per day,336
01-Jan-2007 00:00,2007,1,2.45182291666667,0.400473736702128,Rainfall,1.58280484813231,-0.00902383251541007,mm per day,337
01-Feb-2007 00:00,2007,2,1.20768229166667,-1.10839151152482,Rainfall,1.58264796888854,-0.0091894074239497,mm per day,338
01-Mar-2007 00:00,2007,3,1.51302083333333,-0.594872007978724,Rainfall,1.58249108964477,-0.00935498233248934,mm per day,339
01-Apr-2007 00:00,2007,4,0.464192708333333,-0.700977947695036,Rainfall,1.582334210401,-0.00952055724102897,mm per day,340
01-May-2007 00:00,2007,5,0.410807291666667,-0.446877770390071,Rainfall,1.58217733115723,-0.00968613214956861,mm per day,341
01-Jun-2007 00:00,2007,6,0.565104166666667,-0.0575410017730497,Rainfall,1.58202045191346,-0.00985170705810824,mm per day,342
01-Jul-2007 00:00,2007,7,0.631510416666667,-0.306709884751773,Rainfall,1.58186357266969,-0.0100172819666479,mm per day,343
01-Aug-2007 00:00,2007,8,0.861328125,-0.179895279255319,Rainfall,1.58170669342591,-0.0101828568751875,mm per day,344
01-Sep-2007 00:00,2007,9,1.58138020833333,0.357255651595745,Rainfall,1.58154981418214,-0.0103484317837271,mm per day,345
01-Oct-2007 00:00,2007,10,1.33268229166667,-0.475606715425532,Rainfall,1.58139293493837,-0.0105140066922668,mm per day,346
01-Nov-2007 00:00,2007,11,2.70247395833333,0.341699911347518,Rainfall,1.5812360556946,-0.0106795816008064,mm per day,347
01-Dec-2007 00:00,2007,12,4.37369791666667,1.77088874113475,Rainfall,1.58107917645083,-0.010845156509346,mm per day,348
01-Jan-2008 00:00,2008,1,1.318359375,-0.732989804964539,Rainfall,1.58092229720706,-0.0110107314178857,mm per day,349
01-Feb-2008 00:00,2008,2,1.93098958333333,-0.385084219858156,Rainfall,1.58076541796329,-0.0111763063264253,mm per day,350
01-Mar-2008 00:00,2008,3,1.25911458333333,-0.848778257978724,Rainfall,1.58060853871952,-0.0113418812349649,mm per day,351
01-Apr-2008 00:00,2008,4,1.73046875,0.565298093971631,Rainfall,1.58045165947574,-0.0115074561435046,mm per day,352
01-May-2008 00:00,2008,5,0.434244791666667,-0.423440270390071,Rainfall,1.58029478023197,-0.0116730310520442,mm per day,353
01-Jun-2008 00:00,2008,6,0.654296875,0.0316517065602837,Rainfall,1.5801379009882,-0.0118386059605838,mm per day,354
01-Jul-2008 00:00,2008,7,0.681640625,-0.25657967641844,Rainfall,1.57998102174443,-0.0120041808691235,mm per day,355
01-Aug-2008 00:00,2008,8,0.51171875,-0.529504654255319,Rainfall,1.57982414250066,-0.0121697557776631,mm per day,356
01-Sep-2008 00:00,2008,9,0.671223958333333,-0.552900598404255,Rainfall,1.57966726325689,-0.0123353306862027,mm per day,357
01-Oct-2008 00:00,2008,10,1.83723958333333,0.0289505762411346,Rainfall,1.57951038401312,-0.0125009055947424,mm per day,358
01-Nov-2008 00:00,2008,11,2.99348958333333,0.632715536347518,Rainfall,1.5793535047693401,-0.012666480503282,mm per day,359
01-Dec-2008 00:00,2008,12,5.63736979166667,3.03456061613475,Rainfall,1.57919662552557,-0.0128320554118216,mm per day,360
01-Jan-2009 00:00,2009,1,2.296875,0.245525820035461,Rainfall,1.5790397462818,-0.0129976303203613,mm per day,361
01-Feb-2009 00:00,2009,2,1.80794270833333,-0.508131094858156,Rainfall,1.57888286703803,-0.0131632052289009,mm per day,362
01-Mar-2009 00:00,2009,3,3.818359375,1.71046653368794,Rainfall,1.57872598779426,-0.0133287801374405,mm per day,363
01-Apr-2009 00:00,2009,4,1.98046875,0.815298093971631,Rainfall,1.57856910855049,-0.0134943550459802,mm per day,364
01-May-2009 00:00,2009,5,0.680338541666667,-0.177346520390071,Rainfall,1.57841222930672,-0.0136599299545198,mm per day,365
01-Jun-2009 00:00,2009,6,0.347005208333333,-0.275639960106383,Rainfall,1.57825535006295,-0.0138255048630594,mm per day,366
01-Jul-2009 00:00,2009,7,0.927083333333333,-0.0111369680851063,Rainfall,1.57809847081917,-0.0139910797715991,mm per day,367
01-Aug-2009 00:00,2009,8,0.880859375,-0.160364029255319,Rainfall,1.5779415915754,-0.0141566546801387,mm per day,368
01-Sep-2009 00:00,2009,9,0.731770833333333,-0.492353723404255,Rainfall,1.57778471233163,-0.0143222295886783,mm per day,369
01-Oct-2009 00:00,2009,10,1.58919270833333,-0.219096298758865,Rainfall,1.57762783308786,-0.014487804497218,mm per day,370
01-Nov-2009 00:00,2009,11,3.041015625,0.68024157801418506,Rainfall,1.57747095384409,-0.0146533794057576,mm per day,371
01-Dec-2009 00:00,2009,12,1.33658854166667,-1.26622063386525,Rainfall,1.57731407460032,-0.0148189543142972,mm per day,372
01-Jan-2010 00:00,2010,1,0.836588541666667,-1.21476063829787,Rainfall,1.57715719535655,-0.0149845292228369,mm per day,373
01-Feb-2010 00:00,2010,2,0.779296875,-1.53677692819149,Rainfall,1.57700031611278,-0.0151501041313765,mm per day,374
01-Mar-2010 00:00,2010,3,0.908203125,-1.19968971631206,Rainfall,1.576843436869,-0.0153156790399161,mm per day,375
01-Apr-2010 00:00,2010,4,0.669921875,-0.495248781028369,Rainfall,1.57668655762523,-0.0154812539484558,mm per day,376
01-May-2010 00:00,2010,5,0.415364583333333,-0.442320478723404,Rainfall,1.57652967838146,-0.0156468288569954,mm per day,377
01-Jun-2010 00:00,2010,6,0.341145833333333,-0.281499335106383,Rainfall,1.57637279913769,-0.015812403765535,mm per day,378
01-Jul-2010 00:00,2010,7,0.659505208333333,-0.278715093085106,Rainfall,1.57621591989392,-0.0159779786740747,mm per day,379
01-Aug-2010 00:00,2010,8,0.40234375,-0.638879654255319,Rainfall,1.57605904065015,-0.0161435535826143,mm per day,380
01-Sep-2010 00:00,2010,9,0.518229166666667,-0.705895390070922,Rainfall,1.57590216140638,-0.0163091284911539,mm per day,381
01-Oct-2010 00:00,2010,10,0.784505208333333,-1.02378379875887,Rainfall,1.5757452821626,-0.0164747033996936,mm per day,382
01-Nov-2010 00:00,2010,11,1.5859375,-0.77483654698581494,Rainfall,1.57558840291883,-0.0166402783082332,mm per day,383
01-Dec-2010 00:00,2010,12,6.15559895833333,3.55278978280142,Rainfall,1.57543152367506,-0.0168058532167728,mm per day,384
01-Jan-2011 00:00,2011,1,2.32096354166667,0.269614361702128,Rainfall,1.57527464443129,-0.0169714281253125,mm per day,385
01-Feb-2011 00:00,2011,2,3.34830729166667,1.03223348847518,Rainfall,1.57511776518752,-0.0171370030338521,mm per day,386
01-Mar-2011 00:00,2011,3,1.94856770833333,-0.159325132978724,Rainfall,1.57496088594375,-0.0173025779423917,mm per day,387
01-Apr-2011 00:00,2011,4,1.7109375,0.545766843971631,Rainfall,1.57480400669998,-0.0174681528509314,mm per day,388
01-May-2011 00:00,2011,5,2.31966145833333,1.4619763962766,Rainfall,1.57464712745621,-0.017633727759471,mm per day,389
01-Jun-2011 00:00,2011,6,1.00911458333333,0.386469414893617,Rainfall,1.57449024821243,-0.0177993026680106,mm per day,390
01-Jul-2011 00:00,2011,7,0.563151041666667,-0.375069259751773,Rainfall,1.57433336896866,-0.0179648775765502,mm per day,391
01-Aug-2011 00:00,2011,8,0.600260416666667,-0.440962987588653,Rainfall,1.57417648972489,-0.0181304524850899,mm per day,392
01-Sep-2011 00:00,2011,9,0.742838541666667,-0.481286015070922,Rainfall,1.57401961048112,-0.0182960273936295,mm per day,393
01-Oct-2011 00:00,2011,10,1.599609375,-0.208679632092199,Rainfall,1.57386273123735,-0.0184616023021692,mm per day,394
01-Nov-2011 00:00,2011,11,2.63932291666667,0.278548869680851,Rainfall,1.57370585199358,-0.0186271772107088,mm per day,395
01-Dec-2011 00:00,2011,12,2.26236979166667,-0.340439383865248,Rainfall,1.57354897274981,-0.0187927521192484,mm per day,396
01-Jan-2012 00:00,2012,1,1.16861979166667,-0.882729388297872,Rainfall,1.57339209350604,-0.0189583270277881,mm per day,397
01-Feb-2012 00:00,2012,2,2.35026041666667,0.0341866134751769,Rainfall,1.57323521426226,-0.0191239019363277,mm per day,398
01-Mar-2012 00:00,2012,3,3.5,1.39210715868794,Rainfall,1.57307833501849,-0.0192894768448673,mm per day,399
01-Apr-2012 00:00,2012,4,1.04817708333333,-0.116993572695036,Rainfall,1.57292145577472,-0.019455051753407,mm per day,400
01-May-2012 00:00,2012,5,0.382161458333333,-0.475523603723404,Rainfall,1.57276457653095,-0.0196206266619466,mm per day,401
01-Jun-2012 00:00,2012,6,0.434244791666667,-0.18840037677305,Rainfall,1.57260769728718,-0.0197862015704862,mm per day,402
01-Jul-2012 00:00,2012,7,0.446614583333333,-0.491605718085106,Rainfall,1.57245081804341,-0.0199517764790259,mm per day,403
01-Aug-2012 00:00,2012,8,0.548828125,-0.492395279255319,Rainfall,1.57229393879964,-0.0201173513875655,mm per day,404
01-Sep-2012 00:00,2012,9,0.707682291666667,-0.516442265070922,Rainfall,1.57213705955587,-0.0202829262961051,mm per day,405
01-Oct-2012 00:00,2012,10,0.764322916666667,-1.04396609042553,Rainfall,1.57198018031209,-0.0204485012046447,mm per day,406
01-Nov-2012 00:00,2012,11,1.67903645833333,-0.681737588652482,Rainfall,1.57182330106832,-0.0206140761131844,mm per day,407
01-Dec-2012 00:00,2012,12,2.62239583333333,0.0195866578014185,Rainfall,1.57166642182455,-0.020779651021724,mm per day,408
01-Jan-2013 00:00,2013,1,1.56705729166667,-0.484291888297872,Rainfall,1.57150954258078,-0.0209452259302636,mm per day,409
01-Feb-2013 00:00,2013,2,1.12044270833333,-1.19563109485816,Rainfall,1.57135266333701,-0.0211108008388033,mm per day,410
01-Mar-2013 00:00,2013,3,2.03190104166667,-0.0759917996453905,Rainfall,1.57119578409324,-0.0212763757473429,mm per day,411
01-Apr-2013 00:00,2013,4,1.50716145833333,0.341990802304965,Rainfall,1.57103890484947,-0.0214419506558826,mm per day,412
01-May-2013 00:00,2013,5,0.806640625,-0.0510444370567376,Rainfall,1.5708820256057,-0.0216075255644222,mm per day,413
01-Jun-2013 00:00,2013,6,0.530598958333333,-0.0920462101063829,Rainfall,1.57072514636192,-0.0217731004729618,mm per day,414
01-Jul-2013 00:00,2013,7,0.727864583333333,-0.210355718085106,Rainfall,1.57056826711815,-0.0219386753815015,mm per day,415
01-Aug-2013 00:00,2013,8,0.641276041666667,-0.399947362588653,Rainfall,1.57041138787438,-0.0221042502900411,mm per day,416
01-Sep-2013 00:00,2013,9,0.861979166666667,-0.362145390070922,Rainfall,1.57025450863061,-0.0222698251985807,mm per day,417
01-Oct-2013 00:00,2013,10,2.00911458333333,0.200825576241135,Rainfall,1.57009762938684,-0.0224354001071203,mm per day,418
01-Nov-2013 00:00,2013,11,2.82747395833333,0.466699911347518,Rainfall,1.56994075014307,-0.02260097501566,mm per day,419
01-Dec-2013 00:00,2013,12,2.82486979166667,0.222060616134752,Rainfall,1.5697838708993,-0.0227665499241996,mm per day,420
01-Jan-2014 00:00,2014,1,2.22786458333333,0.176515403368795,Rainfall,1.56962699165552,-0.0229321248327392,mm per day,421
01-Feb-2014 00:00,2014,2,4.05013020833333,1.73405640514184,Rainfall,1.56947011241175,-0.0230976997412789,mm per day,422
01-Mar-2014 00:00,2014,3,2.1328125,0.024919658687943,Rainfall,1.56931323316798,-0.0232632746498185,mm per day,423
01-Apr-2014 00:00,2014,4,0.9296875,-0.235483156028369,Rainfall,1.56915635392421,-0.0234288495583581,mm per day,424
01-May-2014 00:00,2014,5,0.828776041666667,-0.0289090203900709,Rainfall,1.56899947468044,-0.0235944244668978,mm per day,425
01-Jun-2014 00:00,2014,6,0.469401041666667,-0.15324412677305,Rainfall,1.56884259543667,-0.0237599993754374,mm per day,426
01-Jul-2014 00:00,2014,7,1.72135416666667,0.783133865248227,Rainfall,1.5686857161929,-0.023925574283977,mm per day,427
01-Aug-2014 00:00,2014,8,0.96875,-0.0724734042553192,Rainfall,1.56852883694913,-0.0240911491925167,mm per day,428
01-Sep-2014 00:00,2014,9,1.048828125,-0.175296431737589,Rainfall,1.56837195770535,-0.0242567241010563,mm per day,429
01-Oct-2014 00:00,2014,10,3.072265625,1.2639766179078,Rainfall,1.56821507846158,-0.0244222990095959,mm per day,430
01-Nov-2014 00:00,2014,11,1.51432291666667,-0.846451130319149,Rainfall,1.56805819921781,-0.0245878739181356,mm per day,431
01-Dec-2014 00:00,2014,12,2.01692708333333,-0.585882092198581,Rainfall,1.56790131997404,-0.0247534488266752,mm per day,432
01-Jan-2015 00:00,2015,1,0.985677083333333,-1.06567209663121,Rainfall,1.56774444073027,-0.0249190237352148,mm per day,433
01-Feb-2015 00:00,2015,2,1.677734375,-0.63833942819149,Rainfall,1.5675875614865,-0.0250845986437545,mm per day,434
01-Mar-2015 00:00,2015,3,2.54752604166667,0.43963320035461,Rainfall,1.56743068224273,-0.0252501735522941,mm per day,435
01-Apr-2015 00:00,2015,4,0.864583333333333,-0.300587322695036,Rainfall,1.56727380299896,-0.0254157484608337,mm per day,436
01-May-2015 00:00,2015,5,0.517578125,-0.340106937056738,Rainfall,1.56711692375518,-0.0255813233693734,mm per day,437
01-Jun-2015 00:00,2015,6,0.404296875,-0.218348293439716,Rainfall,1.56696004451141,-0.025746898277913,mm per day,438
01-Jul-2015 00:00,2015,7,0.755208333333333,-0.183011968085106,Rainfall,1.56680316526764,-0.0259124731864526,mm per day,439
01-Aug-2015 00:00,2015,8,2.46875,1.42752659574468,Rainfall,1.56664628602387,-0.0260780480949923,mm per day,440
01-Sep-2015 00:00,2015,9,2.376953125,1.15282856826241,Rainfall,1.5664894067801,-0.0262436230035319,mm per day,441
01-Oct-2015 00:00,2015,10,0.895182291666667,-0.913106715425532,Rainfall,1.56633252753633,-0.0264091979120715,mm per day,442
01-Nov-2015 00:00,2015,11,1.75130208333333,-0.609471963652482,Rainfall,1.56617564829256,-0.0265747728206112,mm per day,443
01-Dec-2015 00:00,2015,12,0.733723958333333,-1.86908521719858,Rainfall,1.56601876904879,-0.0267403477291508,mm per day,444
01-Jan-2016 00:00,2016,1,0.51171875,-1.53963042996454,Rainfall,1.56586188980501,-0.0269059226376904,mm per day,445
01-Feb-2016 00:00,2016,2,0.6640625,-1.65201130319149,Rainfall,1.56570501056124,-0.0270714975462301,mm per day,446
01-Mar-2016 00:00,2016,3,1.37890625,-0.728986591312057,Rainfall,1.56554813131747,-0.0272370724547697,mm per day,447
01-Apr-2016 00:00,2016,4,0.471354166666667,-0.693816489361702,Rainfall,1.5653912520737,-0.0274026473633093,mm per day,448
01-May-2016 00:00,2016,5,0.565755208333333,-0.291929853723404,Rainfall,1.56523437282993,-0.027568222271849,mm per day,449
01-Jun-2016 00:00,2016,6,0.673177083333333,0.0505319148936171,Rainfall,1.56507749358616,-0.0277337971803886,mm per day,450
01-Jul-2016 00:00,2016,7,1.1953125,0.25709219858156,Rainfall,1.56492061434239,-0.0278993720889282,mm per day,451
01-Aug-2016 00:00,2016,8,1.025390625,-0.0158327792553192,Rainfall,1.56476373509861,-0.0280649469974679,mm per day,452
01-Sep-2016 00:00,2016,9,2.13932291666667,0.915198359929078,Rainfall,1.56460685585484,-0.0282305219060075,mm per day,453
01-Oct-2016 00:00,2016,10,1.21549479166667,-0.592794215425532,Rainfall,1.56444997661107,-0.0283960968145471,mm per day,454
01-Nov-2016 00:00,2016,11,1.05989583333333,-1.30087821365248,Rainfall,1.5642930973673,-0.0285616717230868,mm per day,455
01-Dec-2016 00:00,2016,12,4.412109375,1.80930019946809,Rainfall,1.56413621812353,-0.0287272466316264,mm per day,456
01-Jan-2017 00:00,2017,1,0.759114583333333,-1.29223459663121,Rainfall,1.56397933887976,-0.028892821540166,mm per day,457
01-Feb-2017 00:00,2017,2,3.14973958333333,0.833665780141844,Rainfall,1.56382245963599,-0.0290583964487057,mm per day,458
01-Mar-2017 00:00,2017,3,1.70638020833333,-0.401512632978724,Rainfall,1.56366558039222,-0.0292239713572453,mm per day,459
01-Apr-2017 00:00,2017,4,1.07877604166667,-0.086394614361702,Rainfall,1.56350870114844,-0.0293895462657849,mm per day,460
01-May-2017 00:00,2017,5,0.925130208333333,0.0674451462765957,Rainfall,1.56335182190467,-0.0295551211743246,mm per day,461
01-Jun-2017 00:00,2017,6,0.737630208333333,0.114985039893617,Rainfall,1.5631949426609,-0.0297206960828642,mm per day,462
01-Jul-2017 00:00,2017,7,1.08723958333333,0.149019281914894,Rainfall,1.56303806341713,-0.0298862709914038,mm per day,463
01-Aug-2017 00:00,2017,8,0.761067708333333,-0.280155695921986,Rainfall,1.56288118417336,-0.0300518458999435,mm per day,464
01-Sep-2017 00:00,2017,9,0.700520833333333,-0.523603723404255,Rainfall,1.56272430492959,-0.0302174208084831,mm per day,465
01-Oct-2017 00:00,2017,10,2.33333333333333,0.525044326241135,Rainfall,1.56256742568582,-0.0303829957170227,mm per day,466
01-Nov-2017 00:00,2017,11,1.771484375,-0.58928967198581494,Rainfall,1.56241054644205,-0.0305485706255624,mm per day,467
01-Dec-2017 00:00,2017,12,1.990234375,-0.612574800531915,Rainfall,1.56225366719827,-0.030714145534102,mm per day,468
01-Jan-2018 00:00,2018,1,1.29166666666667,-0.759682513297872,Rainfall,1.5620967879545,-0.0308797204426416,mm per day,469
01-Feb-2018 00:00,2018,2,6.34440104166667,4.02832723847518,Rainfall,1.56193990871073,-0.0310452953511813,mm per day,470
01-Mar-2018 00:00,2018,3,5.01041666666667,2.90252382535461,Rainfall,1.56178302946696,-0.0312108702597209,mm per day,471
01-Apr-2018 00:00,2018,4,4.06380208333333,2.89863142730496,Rainfall,1.56162615022319,-0.0313764451682605,mm per day,472
01-May-2018 00:00,2018,5,1.48177083333333,0.624085771276596,Rainfall,1.56146927097942,-0.0315420200768002,mm per day,473
01-Jun-2018 00:00,2018,6,0.5703125,-0.0523326684397163,Rainfall,1.56131239173565,-0.0317075949853398,mm per day,474
01-Jul-2018 00:00,2018,7,1.07356770833333,0.135347406914894,Rainfall,1.56115551249188,-0.0318731698938794,mm per day,475
01-Aug-2018 00:00,2018,8,2.68424479166667,1.64302138741135,Rainfall,1.5609986332481,-0.0320387448024191,mm per day,476
01-Sep-2018 00:00,2018,9,2.11002604166667,0.885901484929078,Rainfall,1.56084175400433,-0.0322043197109587,mm per day,477
01-Oct-2018 00:00,2018,10,2.87760416666667,1.06931515957447,Rainfall,1.56068487476056,-0.0323698946194983,mm per day,478
01-Nov-2018 00:00,2018,11,1.654296875,-0.70647717198581494,Rainfall,1.56052799551679,-0.032535469528038,mm per day,479
01-Dec-2018 00:00,2018,12,1.6015625,-1.00124667553191,Rainfall,1.56037111627302,-0.0327010444365776,mm per day,480
01-Jan-2019 00:00,2019,1,0.811848958333333,-1.23950022163121,Rainfall,1.56021423702925,-0.0328666193451172,mm per day,481
01-Feb-2019 00:00,2019,2,3.6328125,1.31673869680851,Rainfall,1.56005735778548,-0.0330321942536569,mm per day,482
01-Mar-2019 00:00,2019,3,1.060546875,-1.04734596631206,Rainfall,1.5599004785417,-0.0331977691621965,mm per day,483
01-Apr-2019 00:00,2019,4,0.595703125,-0.569467531028369,Rainfall,1.55974359929793,-0.0333633440707361,mm per day,484
01-May-2019 00:00,2019,5,0.574869791666667,-0.282815270390071,Rainfall,1.55958672005416,-0.0335289189792758,mm per day,485
01-Jun-2019 00:00,2019,6,2.81770833333333,2.19506316489362,Rainfall,1.55942984081039,-0.0336944938878154,mm per day,486
01-Jul-2019 00:00,2019,7,1.14518229166667,0.206961990248227,Rainfall,1.55927296156662,-0.033860068796355,mm per day,487
01-Aug-2019 00:00,2019,8,1.64908854166667,0.607865137411348,Rainfall,1.55911608232285,-0.0340256437048947,mm per day,488
01-Sep-2019 00:00,2019,9,1.72981770833333,0.505693151595745,Rainfall,1.55895920307908,-0.0341912186134343,mm per day,489
01-Oct-2019 00:00,2019,10,2.3828125,0.574523492907801,Rainfall,1.55880232383531,-0.0343567935219739,mm per day,490
01-Nov-2019 00:00,2019,11,3.10286458333333,0.742090536347518,Rainfall,1.55864544459153,-0.0345223684305136,mm per day,491
01-Dec-2019 00:00,2019,12,4.15494791666667,1.55213874113475,Rainfall,1.55848856534776,-0.0346879433390532,mm per day,492
01-Jan-2020 00:00,2020,1,2.474609375,0.423260195035461,Rainfall,1.55833168610399,-0.0348535182475928,mm per day,493
01-Feb-2020 00:00,2020,2,1.44401041666667,-0.872063386524823,Rainfall,1.55817480686022,-0.0350190931561324,mm per day,494
01-Mar-2020 00:00,2020,3,5.07877604166667,2.97088320035461,Rainfall,1.55801792761645,-0.0351846680646721,mm per day,495
01-Apr-2020 00:00,2020,4,0.917317708333333,-0.247852947695035,Rainfall,1.55786104837268,-0.0353502429732117,mm per day,496
01-May-2020 00:00,2020,5,0.3515625,-0.506122562056738,Rainfall,1.55770416912891,-0.0355158178817514,mm per day,497
01-Jun-2020 00:00,2020,6,0.502604166666667,-0.12004100177305,Rainfall,1.55754728988514,-0.035681392790291,mm per day,498
01-Jul-2020 00:00,2020,7,1.111328125,0.17310782358156,Rainfall,1.55739041064136,-0.0358469676988306,mm per day,499
01-Aug-2020 00:00,2020,8,0.637369791666667,-0.403853612588653,Rainfall,1.55723353139759,-0.0360125426073703,mm per day,500
01-Sep-2020 00:00,2020,9,0.63671875,-0.587405806737589,Rainfall,1.55707665215382,-0.0361781175159099,mm per day,501
01-Oct-2020 00:00,2020,10,2.03059895833333,0.222309951241135,Rainfall,1.55691977291005,-0.0363436924244495,mm per day,502
01-Nov-2020 00:00,2020,11,1.85091145833333,-0.509862588652482,Rainfall,1.55676289366628,-0.0365092673329892,mm per day,503
01-Dec-2020 00:00,2020,12,1.53645833333333,-1.06635084219858,Rainfall,1.55660601442251,-0.0366748422415288,mm per day,504
01-Jan-2021 00:00,2021,1,2.26106770833333,0.209718528368795,Rainfall,1.55644913517874,-0.0368404171500684,mm per day,505
01-Feb-2021 00:00,2021,2,2.30859375,-0.00748005319148959,Rainfall,1.55629225593497,-0.037005992058608,mm per day,506
01-Mar-2021 00:00,2021,3,3.00846354166667,0.90057070035461,Rainfall,1.55613537669119,-0.0371715669671477,mm per day,507
01-Apr-2021 00:00,2021,4,0.649739583333333,-0.515431072695035,Rainfall,1.55597849744742,-0.0373371418756873,mm per day,508
01-May-2021 00:00,2021,5,0.722005208333333,-0.135679853723404,Rainfall,1.55582161820365,-0.0375027167842269,mm per day,509
01-Jun-2021 00:00,2021,6,0.344401041666667,-0.27824412677305,Rainfall,1.55566473895988,-0.0376682916927666,mm per day,510
01-Jul-2021 00:00,2021,7,0.9375,-7.203014184397e-4,Rainfall,1.55550785971611,-0.0378338666013062,mm per day,511
01-Aug-2021 00:00,2021,8,0.563151041666667,-0.478072362588652,Rainfall,1.55535098047234,-0.0379994415098458,mm per day,512
01-Sep-2021 00:00,2021,9,0.899088541666667,-0.325036015070922,Rainfall,1.55519410122857,-0.0381650164183855,mm per day,513
01-Oct-2021 00:00,2021,10,0.669921875,-1.1383671320922,Rainfall,1.55503722198479,-0.0383305913269251,mm per day,514
01-Nov-2021 00:00,2021,11,1.287109375,-1.07366467198582,Rainfall,1.55488034274102,-0.0384961662354648,mm per day,515
01-Dec-2021 00:00,2021,12,6.5625,3.95969082446809,Rainfall,1.55472346349725,-0.0386617411440044,mm per day,516
01-Jan-2022 00:00,2022,1,1.236328125,-0.815021054964539,Rainfall,1.55456658425348,-0.038827316052544,mm per day,517
01-Feb-2022 00:00,2022,2,0.774739583333333,-1.54133421985816,Rainfall,1.55440970500971,-0.0389928909610837,mm per day,518
01-Mar-2022 00:00,2022,3,1.26041666666667,-0.84747617464539,Rainfall,1.55425282576594,-0.0391584658696233,mm per day,519
01-Apr-2022 00:00,2022,4,1.185546875,0.0203762189716312,Rainfall,1.55409594652217,-0.0393240407781629,mm per day,520
01-May-2022 00:00,2022,5,2.01888020833333,1.1611951462766,Rainfall,1.5539390672784,-0.0394896156867025,mm per day,521
01-Jun-2022 00:00,2022,6,0.376302083333333,-0.246343085106383,Rainfall,1.55378218803462,-0.0396551905952422,mm per day,522
01-Jul-2022 00:00,2022,7,0.684244791666667,-0.253975509751773,Rainfall,1.55362530879085,-0.0398207655037818,mm per day,523
01-Aug-2022 00:00,2022,8,0.51953125,-0.521692154255319,Rainfall,1.55346842954708,-0.0399863404123214,mm per day,524
01-Sep-2022 00:00,2022,9,0.624348958333333,-0.599775598404255,Rainfall,1.55331155030331,-0.0401519153208611,mm per day,525
01-Oct-2022 00:00,2022,10,0.999348958333333,-0.808940048758865,Rainfall,1.55315467105954,-0.0403174902294007,mm per day,526
01-Nov-2022 00:00,2022,11,1.74739583333333,-0.613378213652482,Rainfall,1.55299779181577,-0.0404830651379403,mm per day,527
01-Dec-2022 00:00,2022,12,3.27278645833333,0.669977282801419,Rainfall,1.552840912572,-0.04064864004648,mm per day,528
01-Jan-2023 00:00,2023,1,2.73372395833333,0.682374778368795,Rainfall,1.55268403332823,-0.0408142149550196,mm per day,529
01-Feb-2023 00:00,2023,2,5.2421875,2.92611369680851,Rainfall,1.55252715408445,-0.0409797898635592,mm per day,530
01-Mar-2023 00:00,2023,3,3.4453125,1.33741965868794,Rainfall,1.55237027484068,-0.0411453647720989,mm per day,531
01-Apr-2023 00:00,2023,4,1.71419270833333,0.549022052304964,Rainfall,1.55221339559691,-0.0413109396806385,mm per day,532
01-May-2023 00:00,2023,5,1.11197916666667,0.254294104609929,Rainfall,1.55205651635314,-0.0414765145891781,mm per day,533
01-Jun-2023 00:00,2023,6,0.611328125,-0.0113170434397163,Rainfall,1.55189963710937,-0.0416420894977178,mm per day,534
01-Jul-2023 00:00,2023,7,0.516276041666667,-0.421944259751773,Rainfall,1.5517427578656,-0.0418076644062574,mm per day,535
01-Aug-2023 00:00,2023,8,0.385416666666667,-0.655806737588653,Rainfall,1.55158587862183,-0.041973239314797,mm per day,536
01-Sep-2023 00:00,2023,9,0.651692708333333,-0.572431848404255,Rainfall,1.55142899937806,-0.0421388142233367,mm per day,537
01-Oct-2023 00:00,2023,10,0.682942708333333,-1.12534629875887,Rainfall,1.55127212013428,-0.0423043891318763,mm per day,538
01-Nov-2023 00:00,2023,11,1.92513020833333,-0.435643838652482,Rainfall,1.55111524089051,-0.0424699640404159,mm per day,539
01-Dec-2023 00:00,2023,12,1.564453125,-1.03835605053191,Rainfall,1.55095836164674,-0.0426355389489556,mm per day,540
01-Jan-2024 00:00,2024,1,2.20963541666667,0.158286236702128,Rainfall,1.5508014824029701,-0.0428011138574952,mm per day,541
01-Feb-2024 00:00,2024,2,0.979166666666667,-1.33690713652482,Rainfall,1.5506446031592,-0.0429666887660348,mm per day,542
01-Mar-2024 00:00,2024,3,1.43619791666667,-0.67169492464539,Rainfall,1.55048772391543,-0.0431322636745745,mm per day,543
01-Apr-2024 00:00,2024,4,2.19140625,1.0262355939716299,Rainfall,1.55033084467166,-0.0432978385831141,mm per day,544
01-May-2024 00:00,2024,5,2.625,1.76731493794326,Rainfall,1.55017396542788,-0.0434634134916537,mm per day,545
01-Jun-2024 00:00,2024,6,0.299479166666667,-0.32316600177305,Rainfall,1.55001708618411,-0.0436289884001934,mm per day,546
01-Jul-2024 00:00,2024,7,0.544270833333333,-0.393949468085106,Rainfall,1.54986020694034,-0.043794563308733,mm per day,547
01-Aug-2024 00:00,2024,8,1.11328125,0.0720578457446808,Rainfall,1.54970332769657,-0.0439601382172726,mm per day,548
01-Sep-2024 00:00,2024,9,0.635416666666667,-0.588707890070922,Rainfall,1.5495464484528,-0.0441257131258123,mm per day,549
01-Oct-2024 00:00,2024,10,1.36197916666667,-0.446309840425532,Rainfall,1.54938956920903,-0.0442912880343519,mm per day,550
01-Nov-2024 00:00,2024,11,1.03776041666667,-1.32301363031915,Rainfall,1.54923268996526,-0.0444568629428915,mm per day,551
01-Dec-2024 00:00,2024,12,0.631510416666667,-1.97129875886525,Rainfall,1.54907581072149,-0.0446224378514312,mm per day,552
01-Jan-2025 00:00,2025,1,2.37890625,0.327557070035461,Rainfall,1.54891893147771,-0.0447880127599708,mm per day,553
01-Feb-2025 00:00,2025,2,0.836588541666667,-1.47948526152482,Rainfall,1.54876205223394,-0.0449535876685104,mm per day,554
01-Mar-2025 00:00,2025,3,1.080078125,-1.02781471631206,Rainfall,1.54860517299017,-0.0451191625770501,mm per day,555
01-Apr-2025 00:00,2025,4,2.44856770833333,1.28339705230496,Rainfall,1.5484482937464,-0.0452847374855897,mm per day,556
01-May-2025 00:00,2025,5,0.535807291666667,-0.321877770390071,Rainfall,1.54829141450263,-0.0454503123941293,mm per day,557
01-Jun-2025 00:00,2025,6,0.658854166666667,0.0362089982269503,Rainfall,1.54813453525886,-0.045615887302669,mm per day,558
01-Jul-2025 00:00,2025,7,0.568359375,-0.36986092641844,Rainfall,1.54797765601509,-0.0457814622112086,mm per day,559
01-Aug-2025 00:00,2025,8,0.512369791666667,-0.528853612588653,Rainfall,1.54782077677132,-0.0459470371197482,mm per day,560
01-Sep-2025 00:00,2025,9,0.975260416666667,-0.248864140070922,Rainfall,1.54766389752754,-0.0461126120282879,mm per day,561
01-Oct-2025 00:00,2025,10,1.515625,-0.292664007092199,Rainfall,1.54750701828377,-0.0462781869368275,mm per day,562
01-Nov-2025 00:00,2025,11,1.67838541666667,-0.682388630319149,Rainfall,1.54735013904,-0.0464437618453671,mm per day,563
01-Dec-2025 00:00,2025,12,2.78515625,0.182347074468085,Rainfall,1.54719325979623,-0.0466093367539068,mm per day,564
