Date_Time,Year,Month,Value,Anom,ID,Value_lm,Anom_lm,Units,...1
15-MAR-1958 23:39,1958,3,315.71,314.44,CO2,NA,NA,ppm,NA
16-APR-1958 00:15,1958,4,317.45,315.16,CO2,NA,NA,ppm,NA
16-MAY-1958 00:19,1958,5,317.51,314.69,CO2,NA,NA,ppm,NA
16-JUN-1958 00:02,1958,6,317.27,315.15,CO2,NA,NA,ppm,NA
16-JUL-1958 00:07,1958,7,315.87,315.2,CO2,NA,NA,ppm,NA
15-AUG-1958 23:50,1958,8,314.93,316.21,CO2,NA,NA,ppm,NA
15-SEP-1958 23:34,1958,9,313.21,316.11,CO2,NA,NA,ppm,NA
15-OCT-1958 23:38,1958,10,312.42,315.41,CO2,NA,NA,ppm,NA
16-NOV-1958 00:14,1958,11,313.33,315.21,CO2,NA,NA,ppm,NA
16-DEC-1958 00:18,1958,12,314.67,315.43,CO2,NA,NA,ppm,NA
16-JAN-1959 00:02,1959,1,315.58,315.52,CO2,NA,NA,ppm,NA
15-FEB-1959 23:45,1959,2,316.49,315.84,CO2,NA,NA,ppm,NA
15-MAR-1959 23:39,1959,3,316.65,315.37,CO2,NA,NA,ppm,NA
16-APR-1959 00:15,1959,4,317.72,315.42,CO2,NA,NA,ppm,NA
16-MAY-1959 00:19,1959,5,318.29,315.46,CO2,NA,NA,ppm,NA
16-JUN-1959 00:02,1959,6,318.15,316,CO2,NA,NA,ppm,NA
16-JUL-1959 00:07,1959,7,316.54,315.87,CO2,NA,NA,ppm,NA
15-AUG-1959 23:50,1959,8,314.8,316.09,CO2,NA,NA,ppm,NA
15-SEP-1959 23:34,1959,9,313.84,316.75,CO2,NA,NA,ppm,NA
15-OCT-1959 23:38,1959,10,313.33,316.34,CO2,NA,NA,ppm,NA
16-NOV-1959 00:14,1959,11,314.81,316.69,CO2,NA,NA,ppm,NA
16-DEC-1959 00:18,1959,12,315.58,316.35,CO2,NA,NA,ppm,NA
16-JAN-1960 00:08,1960,1,316.43,316.38,CO2,NA,NA,ppm,NA
16-FEB-1960 00:08,1960,2,316.98,316.33,CO2,NA,NA,ppm,NA
15-MAR-1960 23:50,1960,3,317.58,316.27,CO2,NA,NA,ppm,NA
15-APR-1960 23:50,1960,4,319.03,316.7,CO2,NA,NA,ppm,NA
16-MAY-1960 00:08,1960,5,320.03,317.19,CO2,NA,NA,ppm,NA
16-JUN-1960 00:08,1960,6,319.58,317.45,CO2,NA,NA,ppm,NA
16-JUL-1960 00:25,1960,7,318.18,317.54,CO2,NA,NA,ppm,NA
16-AUG-1960 00:25,1960,8,315.9,317.22,CO2,NA,NA,ppm,NA
16-SEP-1960 00:26,1960,9,314.17,317.1,CO2,NA,NA,ppm,NA
15-OCT-1960 23:50,1960,10,313.83,316.85,CO2,NA,NA,ppm,NA
15-NOV-1960 23:51,1960,11,315,316.89,CO2,NA,NA,ppm,NA
16-DEC-1960 00:08,1960,12,316.19,316.96,CO2,NA,NA,ppm,NA
16-JAN-1961 00:02,1961,1,316.89,316.84,CO2,NA,NA,ppm,NA
15-FEB-1961 23:45,1961,2,317.7,317.05,CO2,NA,NA,ppm,NA
15-MAR-1961 23:39,1961,3,318.54,317.25,CO2,NA,NA,ppm,NA
16-APR-1961 00:15,1961,4,319.48,317.16,CO2,NA,NA,ppm,NA
16-MAY-1961 00:19,1961,5,320.58,317.73,CO2,NA,NA,ppm,NA
16-JUN-1961 00:02,1961,6,319.77,317.61,CO2,NA,NA,ppm,NA
16-JUL-1961 00:07,1961,7,318.56,317.89,CO2,NA,NA,ppm,NA
15-AUG-1961 23:50,1961,8,316.79,318.09,CO2,NA,NA,ppm,NA
15-SEP-1961 23:34,1961,9,314.99,317.92,CO2,NA,NA,ppm,NA
15-OCT-1961 23:38,1961,10,315.31,318.34,CO2,NA,NA,ppm,NA
16-NOV-1961 00:14,1961,11,316.1,318,CO2,NA,NA,ppm,NA
16-DEC-1961 00:18,1961,12,317.01,317.78,CO2,NA,NA,ppm,NA
16-JAN-1962 00:02,1962,1,317.94,317.89,CO2,NA,NA,ppm,NA
15-FEB-1962 23:45,1962,2,318.55,317.89,CO2,NA,NA,ppm,NA
15-MAR-1962 23:39,1962,3,319.68,318.39,CO2,NA,NA,ppm,NA
16-APR-1962 00:15,1962,4,320.57,318.24,CO2,NA,NA,ppm,NA
16-MAY-1962 00:19,1962,5,321.02,318.16,CO2,NA,NA,ppm,NA
16-JUN-1962 00:02,1962,6,320.62,318.45,CO2,NA,NA,ppm,NA
16-JUL-1962 00:07,1962,7,319.61,318.94,CO2,NA,NA,ppm,NA
15-AUG-1962 23:50,1962,8,317.4,318.71,CO2,NA,NA,ppm,NA
15-SEP-1962 23:34,1962,9,316.24,319.18,CO2,NA,NA,ppm,NA
15-OCT-1962 23:38,1962,10,315.42,318.46,CO2,NA,NA,ppm,NA
16-NOV-1962 00:14,1962,11,316.69,318.59,CO2,NA,NA,ppm,NA
16-DEC-1962 00:18,1962,12,317.7,318.47,CO2,NA,NA,ppm,NA
16-JAN-1963 00:02,1963,1,318.74,318.69,CO2,NA,NA,ppm,NA
15-FEB-1963 23:45,1963,2,319.07,318.41,CO2,NA,NA,ppm,NA
15-MAR-1963 23:39,1963,3,319.86,318.57,CO2,NA,NA,ppm,NA
16-APR-1963 00:15,1963,4,321.38,319.05,CO2,NA,NA,ppm,NA
16-MAY-1963 00:19,1963,5,322.24,319.38,CO2,NA,NA,ppm,NA
16-JUN-1963 00:02,1963,6,321.49,319.31,CO2,NA,NA,ppm,NA
16-JUL-1963 00:07,1963,7,319.74,319.07,CO2,NA,NA,ppm,NA
15-AUG-1963 23:50,1963,8,317.77,319.07,CO2,NA,NA,ppm,NA
15-SEP-1963 23:34,1963,9,316.21,319.16,CO2,NA,NA,ppm,NA
15-OCT-1963 23:38,1963,10,315.99,319.03,CO2,NA,NA,ppm,NA
16-NOV-1963 00:14,1963,11,317.07,318.98,CO2,NA,NA,ppm,NA
16-DEC-1963 00:18,1963,12,318.35,319.13,CO2,NA,NA,ppm,NA
16-JAN-1964 00:08,1964,1,319.57,319.52,CO2,NA,NA,ppm,NA
16-FEB-1964 00:08,1964,2,320.04,319.37,CO2,NA,NA,ppm,NA
15-MAR-1964 23:50,1964,3,320.75,319.41,CO2,NA,NA,ppm,NA
15-APR-1964 23:50,1964,4,321.84,319.46,CO2,NA,NA,ppm,NA
16-MAY-1964 00:08,1964,5,322.25,319.37,CO2,NA,NA,ppm,NA
16-JUN-1964 00:08,1964,6,321.89,319.73,CO2,NA,NA,ppm,NA
16-JUL-1964 00:25,1964,7,320.44,319.79,CO2,NA,NA,ppm,NA
16-AUG-1964 00:25,1964,8,318.69,320.03,CO2,NA,NA,ppm,NA
16-SEP-1964 00:26,1964,9,316.71,319.67,CO2,NA,NA,ppm,NA
15-OCT-1964 23:50,1964,10,316.87,319.93,CO2,NA,NA,ppm,NA
15-NOV-1964 23:51,1964,11,317.68,319.59,CO2,NA,NA,ppm,NA
16-DEC-1964 00:08,1964,12,318.71,319.49,CO2,NA,NA,ppm,NA
16-JAN-1965 00:02,1965,1,319.44,319.38,CO2,NA,NA,ppm,NA
15-FEB-1965 23:45,1965,2,320.44,319.79,CO2,NA,NA,ppm,NA
15-MAR-1965 23:39,1965,3,320.89,319.59,CO2,NA,NA,ppm,NA
16-APR-1965 00:15,1965,4,322.14,319.79,CO2,NA,NA,ppm,NA
16-MAY-1965 00:19,1965,5,322.17,319.28,CO2,NA,NA,ppm,NA
16-JUN-1965 00:02,1965,6,321.87,319.68,CO2,NA,NA,ppm,NA
16-JUL-1965 00:07,1965,7,321.21,320.53,CO2,NA,NA,ppm,NA
15-AUG-1965 23:50,1965,8,318.87,320.18,CO2,NA,NA,ppm,NA
15-SEP-1965 23:34,1965,9,317.82,320.78,CO2,NA,NA,ppm,NA
15-OCT-1965 23:38,1965,10,317.3,320.37,CO2,NA,NA,ppm,NA
16-NOV-1965 00:14,1965,11,318.87,320.79,CO2,NA,NA,ppm,NA
16-DEC-1965 00:18,1965,12,319.42,320.2,CO2,NA,NA,ppm,NA
16-JAN-1966 00:02,1966,1,320.62,320.57,CO2,NA,NA,ppm,NA
15-FEB-1966 23:45,1966,2,321.6,320.94,CO2,NA,NA,ppm,NA
15-MAR-1966 23:39,1966,3,322.39,321.08,CO2,NA,NA,ppm,NA
16-APR-1966 00:15,1966,4,323.7,321.34,CO2,NA,NA,ppm,NA
16-MAY-1966 00:19,1966,5,324.08,321.18,CO2,NA,NA,ppm,NA
16-JUN-1966 00:02,1966,6,323.75,321.55,CO2,NA,NA,ppm,NA
16-JUL-1966 00:07,1966,7,322.37,321.69,CO2,NA,NA,ppm,NA
15-AUG-1966 23:50,1966,8,320.36,321.68,CO2,NA,NA,ppm,NA
15-SEP-1966 23:34,1966,9,318.64,321.61,CO2,NA,NA,ppm,NA
15-OCT-1966 23:38,1966,10,318.1,321.18,CO2,NA,NA,ppm,NA
16-NOV-1966 00:14,1966,11,319.78,321.71,CO2,NA,NA,ppm,NA
16-DEC-1966 00:18,1966,12,321.02,321.81,CO2,NA,NA,ppm,NA
16-JAN-1967 00:02,1967,1,322.33,322.28,CO2,NA,NA,ppm,NA
15-FEB-1967 23:45,1967,2,322.5,321.83,CO2,NA,NA,ppm,NA
15-MAR-1967 23:39,1967,3,323.03,321.72,CO2,NA,NA,ppm,NA
16-APR-1967 00:15,1967,4,324.41,322.05,CO2,NA,NA,ppm,NA
16-MAY-1967 00:19,1967,5,325,322.09,CO2,NA,NA,ppm,NA
16-JUN-1967 00:02,1967,6,324.09,321.89,CO2,NA,NA,ppm,NA
16-JUL-1967 00:07,1967,7,322.54,321.86,CO2,NA,NA,ppm,NA
15-AUG-1967 23:50,1967,8,320.92,322.24,CO2,NA,NA,ppm,NA
15-SEP-1967 23:34,1967,9,319.25,322.24,CO2,NA,NA,ppm,NA
15-OCT-1967 23:38,1967,10,319.39,322.48,CO2,NA,NA,ppm,NA
16-NOV-1967 00:14,1967,11,320.73,322.66,CO2,NA,NA,ppm,NA
16-DEC-1967 00:18,1967,12,321.96,322.74,CO2,NA,NA,ppm,NA
16-JAN-1968 00:08,1968,1,322.57,322.51,CO2,NA,NA,ppm,NA
16-FEB-1968 00:08,1968,2,323.15,322.48,CO2,NA,NA,ppm,NA
15-MAR-1968 23:50,1968,3,323.89,322.55,CO2,NA,NA,ppm,NA
15-APR-1968 23:50,1968,4,325.02,322.63,CO2,NA,NA,ppm,NA
16-MAY-1968 00:08,1968,5,325.57,322.66,CO2,NA,NA,ppm,NA
16-JUN-1968 00:08,1968,6,325.36,323.17,CO2,NA,NA,ppm,NA
16-JUL-1968 00:25,1968,7,324.14,323.48,CO2,NA,NA,ppm,NA
16-AUG-1968 00:25,1968,8,322.11,323.46,CO2,NA,NA,ppm,NA
16-SEP-1968 00:26,1968,9,320.33,323.33,CO2,NA,NA,ppm,NA
15-OCT-1968 23:50,1968,10,320.25,323.34,CO2,NA,NA,ppm,NA
15-NOV-1968 23:51,1968,11,321.32,323.26,CO2,NA,NA,ppm,NA
16-DEC-1968 00:08,1968,12,322.89,323.68,CO2,NA,NA,ppm,NA
16-JAN-1969 00:02,1969,1,324,323.95,CO2,NA,NA,ppm,NA
15-FEB-1969 23:45,1969,2,324.41,323.75,CO2,NA,NA,ppm,NA
15-MAR-1969 23:39,1969,3,325.63,324.31,CO2,NA,NA,ppm,NA
16-APR-1969 00:15,1969,4,326.66,324.28,CO2,NA,NA,ppm,NA
16-MAY-1969 00:19,1969,5,327.38,324.46,CO2,NA,NA,ppm,NA
16-JUN-1969 00:02,1969,6,326.71,324.49,CO2,NA,NA,ppm,NA
16-JUL-1969 00:07,1969,7,325.88,325.19,CO2,NA,NA,ppm,NA
15-AUG-1969 23:50,1969,8,323.66,324.99,CO2,NA,NA,ppm,NA
15-SEP-1969 23:34,1969,9,322.38,325.38,CO2,NA,NA,ppm,NA
15-OCT-1969 23:38,1969,10,321.78,324.89,CO2,NA,NA,ppm,NA
16-NOV-1969 00:14,1969,11,322.85,324.8,CO2,NA,NA,ppm,NA
16-DEC-1969 00:18,1969,12,324.11,324.91,CO2,NA,NA,ppm,NA
16-JAN-1970 00:02,1970,1,325.06,325.01,CO2,NA,NA,ppm,NA
15-FEB-1970 23:45,1970,2,325.99,325.31,CO2,NA,NA,ppm,NA
15-MAR-1970 23:39,1970,3,326.93,325.61,CO2,NA,NA,ppm,NA
16-APR-1970 00:15,1970,4,328.13,325.75,CO2,NA,NA,ppm,NA
16-MAY-1970 00:19,1970,5,328.08,325.15,CO2,NA,NA,ppm,NA
16-JUN-1970 00:02,1970,6,327.67,325.44,CO2,NA,NA,ppm,NA
16-JUL-1970 00:07,1970,7,326.34,325.65,CO2,NA,NA,ppm,NA
15-AUG-1970 23:50,1970,8,324.68,326.02,CO2,NA,NA,ppm,NA
15-SEP-1970 23:34,1970,9,323.1,326.11,CO2,NA,NA,ppm,NA
15-OCT-1970 23:38,1970,10,323.06,326.18,CO2,NA,NA,ppm,NA
16-NOV-1970 00:14,1970,11,324.01,325.96,CO2,NA,NA,ppm,NA
16-DEC-1970 00:18,1970,12,325.13,325.93,CO2,NA,NA,ppm,NA
16-JAN-1971 00:02,1971,1,326.17,326.12,CO2,NA,NA,ppm,NA
15-FEB-1971 23:45,1971,2,326.69,326.01,CO2,NA,NA,ppm,NA
15-MAR-1971 23:39,1971,3,327.18,325.85,CO2,NA,NA,ppm,NA
16-APR-1971 00:15,1971,4,327.78,325.39,CO2,NA,NA,ppm,NA
16-MAY-1971 00:19,1971,5,328.93,325.99,CO2,NA,NA,ppm,NA
16-JUN-1971 00:02,1971,6,328.57,326.34,CO2,NA,NA,ppm,NA
16-JUL-1971 00:07,1971,7,327.36,326.67,CO2,NA,NA,ppm,NA
15-AUG-1971 23:50,1971,8,325.43,326.77,CO2,NA,NA,ppm,NA
15-SEP-1971 23:34,1971,9,323.36,326.38,CO2,NA,NA,ppm,NA
15-OCT-1971 23:38,1971,10,323.56,326.69,CO2,NA,NA,ppm,NA
16-NOV-1971 00:14,1971,11,324.8,326.75,CO2,NA,NA,ppm,NA
16-DEC-1971 00:18,1971,12,326.01,326.81,CO2,NA,NA,ppm,NA
16-JAN-1972 00:08,1972,1,326.77,326.71,CO2,NA,NA,ppm,NA
16-FEB-1972 00:08,1972,2,327.63,326.96,CO2,NA,NA,ppm,NA
15-MAR-1972 23:50,1972,3,327.75,326.39,CO2,NA,NA,ppm,NA
15-APR-1972 23:50,1972,4,329.72,327.3,CO2,NA,NA,ppm,NA
16-MAY-1972 00:08,1972,5,330.07,327.12,CO2,NA,NA,ppm,NA
16-JUN-1972 00:08,1972,6,329.09,326.87,CO2,NA,NA,ppm,NA
16-JUL-1972 00:25,1972,7,328.04,327.38,CO2,NA,NA,ppm,NA
16-AUG-1972 00:25,1972,8,326.32,327.69,CO2,NA,NA,ppm,NA
16-SEP-1972 00:26,1972,9,324.84,327.88,CO2,NA,NA,ppm,NA
15-OCT-1972 23:50,1972,10,325.2,328.33,CO2,NA,NA,ppm,NA
15-NOV-1972 23:51,1972,11,326.5,328.46,CO2,NA,NA,ppm,NA
16-DEC-1972 00:08,1972,12,327.55,328.35,CO2,NA,NA,ppm,NA
16-JAN-1973 00:02,1973,1,328.55,328.49,CO2,NA,NA,ppm,NA
15-FEB-1973 23:45,1973,2,329.57,328.89,CO2,NA,NA,ppm,NA
15-MAR-1973 23:39,1973,3,330.3,328.97,CO2,NA,NA,ppm,NA
16-APR-1973 00:15,1973,4,331.5,329.1,CO2,NA,NA,ppm,NA
16-MAY-1973 00:19,1973,5,332.48,329.52,CO2,NA,NA,ppm,NA
16-JUN-1973 00:02,1973,6,332.07,329.83,CO2,NA,NA,ppm,NA
16-JUL-1973 00:07,1973,7,330.87,330.18,CO2,NA,NA,ppm,NA
15-AUG-1973 23:50,1973,8,329.31,330.66,CO2,NA,NA,ppm,NA
15-SEP-1973 23:34,1973,9,327.52,330.56,CO2,NA,NA,ppm,NA
15-OCT-1973 23:38,1973,10,327.19,330.33,CO2,NA,NA,ppm,NA
16-NOV-1973 00:14,1973,11,328.17,330.13,CO2,NA,NA,ppm,NA
16-DEC-1973 00:18,1973,12,328.65,329.45,CO2,NA,NA,ppm,NA
16-JAN-1974 00:02,1974,1,329.36,329.3,CO2,NA,NA,ppm,NA
15-FEB-1974 23:45,1974,2,330.71,330.03,CO2,NA,NA,ppm,NA
15-MAR-1974 23:39,1974,3,331.49,330.15,CO2,NA,NA,ppm,NA
16-APR-1974 00:15,1974,4,332.65,330.24,CO2,NA,NA,ppm,NA
17-MAY-1974 21:00,1974,5,333.19,330.22,CO2,NA,NA,ppm,NA
17-JUN-1974 06:42,1974,6,332.2,329.79,CO2,NA,NA,ppm,NA
17-JUL-1974 17:17,1974,7,331.07,330.21,CO2,NA,NA,ppm,NA
17-AUG-1974 03:00,1974,8,329.15,330.54,CO2,NA,NA,ppm,NA
16-SEP-1974 12:42,1974,9,327.33,330.44,CO2,NA,NA,ppm,NA
16-OCT-1974 23:17,1974,10,327.28,330.53,CO2,NA,NA,ppm,NA
16-NOV-1974 09:00,1974,11,328.31,330.5,CO2,NA,NA,ppm,NA
16-DEC-1974 18:42,1974,12,329.58,330.55,CO2,NA,NA,ppm,NA
16-JAN-1975 05:17,1975,1,330.73,330.84,CO2,NA,NA,ppm,NA
15-FEB-1975 15:00,1975,2,331.46,330.85,CO2,NA,NA,ppm,NA
18-MAR-1975 00:42,1975,3,331.94,330.37,CO2,NA,NA,ppm,NA
17-APR-1975 11:17,1975,4,333.11,330.53,CO2,NA,NA,ppm,NA
17-MAY-1975 21:00,1975,5,333.95,330.98,CO2,NA,NA,ppm,NA
17-JUN-1975 06:42,1975,6,333.42,331.01,CO2,NA,NA,ppm,NA
17-JUL-1975 17:17,1975,7,331.97,331.12,CO2,NA,NA,ppm,NA
17-AUG-1975 03:00,1975,8,329.95,331.33,CO2,NA,NA,ppm,NA
16-SEP-1975 12:42,1975,9,328.49,331.6,CO2,NA,NA,ppm,NA
16-OCT-1975 23:17,1975,10,328.36,331.61,CO2,NA,NA,ppm,NA
16-NOV-1975 09:00,1975,11,329.38,331.57,CO2,NA,NA,ppm,NA
16-DEC-1975 18:42,1975,12,330.77,331.74,CO2,NA,NA,ppm,NA
16-JAN-1976 06:17,1976,1,331.56,331.67,CO2,NA,NA,ppm,NA
15-FEB-1976 18:00,1976,2,332.74,332.14,CO2,NA,NA,ppm,NA
17-MAR-1976 05:42,1976,3,333.36,331.79,CO2,NA,NA,ppm,NA
16-APR-1976 18:17,1976,4,334.74,332.16,CO2,NA,NA,ppm,NA
17-MAY-1976 06:00,1976,5,334.72,331.75,CO2,NA,NA,ppm,NA
16-JUN-1976 17:42,1976,6,333.97,331.56,CO2,NA,NA,ppm,NA
17-JUL-1976 06:17,1976,7,333.08,332.23,CO2,NA,NA,ppm,NA
16-AUG-1976 18:00,1976,8,330.68,332.07,CO2,NA,NA,ppm,NA
16-SEP-1976 05:42,1976,9,328.96,332.07,CO2,NA,NA,ppm,NA
16-OCT-1976 18:17,1976,10,328.72,331.98,CO2,NA,NA,ppm,NA
16-NOV-1976 06:00,1976,11,330.16,332.35,CO2,NA,NA,ppm,NA
16-DEC-1976 17:42,1976,12,331.62,332.59,CO2,NA,NA,ppm,NA
16-JAN-1977 05:17,1977,1,332.68,332.77,CO2,NA,NA,ppm,NA
15-FEB-1977 15:00,1977,2,333.17,332.58,CO2,NA,NA,ppm,NA
18-MAR-1977 00:42,1977,3,334.96,333.4,CO2,NA,NA,ppm,NA
17-APR-1977 11:17,1977,4,336.14,333.54,CO2,NA,NA,ppm,NA
17-MAY-1977 21:00,1977,5,336.93,334,CO2,NA,NA,ppm,NA
17-JUN-1977 06:42,1977,6,336.17,333.79,CO2,NA,NA,ppm,NA
17-JUL-1977 17:17,1977,7,334.89,334.01,CO2,NA,NA,ppm,NA
17-AUG-1977 03:00,1977,8,332.56,333.91,CO2,NA,NA,ppm,NA
16-SEP-1977 12:42,1977,9,331.29,334.36,CO2,NA,NA,ppm,NA
16-OCT-1977 23:17,1977,10,331.28,334.51,CO2,NA,NA,ppm,NA
16-NOV-1977 09:00,1977,11,332.46,334.68,CO2,NA,NA,ppm,NA
16-DEC-1977 18:42,1977,12,333.6,334.58,CO2,NA,NA,ppm,NA
16-JAN-1978 05:17,1978,1,334.94,335.01,CO2,NA,NA,ppm,NA
15-FEB-1978 15:00,1978,2,335.26,334.6,CO2,NA,NA,ppm,NA
18-MAR-1978 00:42,1978,3,336.66,335,CO2,NA,NA,ppm,NA
17-APR-1978 11:17,1978,4,337.69,335.07,CO2,NA,NA,ppm,NA
17-MAY-1978 21:00,1978,5,338.02,335.08,CO2,NA,NA,ppm,NA
17-JUN-1978 06:42,1978,6,338.01,335.6,CO2,NA,NA,ppm,NA
17-JUL-1978 17:17,1978,7,336.5,335.65,CO2,NA,NA,ppm,NA
17-AUG-1978 03:00,1978,8,334.42,335.87,CO2,NA,NA,ppm,NA
16-SEP-1978 12:42,1978,9,332.36,335.51,CO2,NA,NA,ppm,NA
16-OCT-1978 23:17,1978,10,332.45,335.72,CO2,NA,NA,ppm,NA
16-NOV-1978 09:00,1978,11,333.76,335.99,CO2,NA,NA,ppm,NA
16-DEC-1978 18:42,1978,12,334.91,335.87,CO2,NA,NA,ppm,NA
16-JAN-1979 05:17,1979,1,336.14,336.22,CO2,NA,NA,ppm,NA
15-FEB-1979 15:00,1979,2,336.69,336,CO2,NA,NA,ppm,NA
18-MAR-1979 00:42,1979,3,338.27,336.56,CO2,NA,NA,ppm,NA
17-APR-1979 11:17,1979,4,338.82,336.11,CO2,NA,NA,ppm,NA
17-MAY-1979 21:00,1979,5,339.24,336.24,CO2,NA,NA,ppm,NA
17-JUN-1979 06:42,1979,6,339.26,336.83,CO2,NA,NA,ppm,NA
17-JUL-1979 17:17,1979,7,337.54,336.69,CO2,NA,NA,ppm,NA
17-AUG-1979 03:00,1979,8,335.72,337.2,CO2,NA,NA,ppm,NA
16-SEP-1979 12:42,1979,9,333.97,337.19,CO2,NA,NA,ppm,NA
16-OCT-1979 23:17,1979,10,334.24,337.57,CO2,NA,NA,ppm,NA
16-NOV-1979 09:00,1979,11,335.32,337.59,CO2,NA,NA,ppm,NA
16-DEC-1979 18:42,1979,12,336.81,337.83,CO2,NA,NA,ppm,NA
16-JAN-1980 06:17,1980,1,337.9,338.13,CO2,NA,NA,ppm,NA
15-FEB-1980 18:00,1980,2,338.34,337.85,CO2,NA,NA,ppm,NA
17-MAR-1980 05:42,1980,3,340.07,338.51,CO2,NA,NA,ppm,NA
16-APR-1980 18:17,1980,4,340.93,338.31,CO2,NA,NA,ppm,NA
17-MAY-1980 06:00,1980,5,341.45,338.4,CO2,NA,NA,ppm,NA
16-JUN-1980 17:42,1980,6,341.36,338.85,CO2,NA,NA,ppm,NA
17-JUL-1980 06:17,1980,7,339.45,338.56,CO2,NA,NA,ppm,NA
16-AUG-1980 18:00,1980,8,337.67,339.07,CO2,NA,NA,ppm,NA
16-SEP-1980 05:42,1980,9,336.25,339.38,CO2,NA,NA,ppm,NA
16-OCT-1980 18:17,1980,10,336.14,339.4,CO2,NA,NA,ppm,NA
16-NOV-1980 06:00,1980,11,337.3,339.46,CO2,NA,NA,ppm,NA
16-DEC-1980 17:42,1980,12,338.29,339.26,CO2,NA,NA,ppm,NA
16-JAN-1981 05:17,1981,1,339.29,339.42,CO2,NA,NA,ppm,NA
15-FEB-1981 15:00,1981,2,340.55,339.98,CO2,NA,NA,ppm,NA
18-MAR-1981 00:42,1981,3,341.63,340.08,CO2,NA,NA,ppm,NA
17-APR-1981 11:17,1981,4,342.6,339.98,CO2,NA,NA,ppm,NA
17-MAY-1981 21:00,1981,5,343.04,339.97,CO2,NA,NA,ppm,NA
17-JUN-1981 06:42,1981,6,342.54,340.06,CO2,NA,NA,ppm,NA
17-JUL-1981 17:17,1981,7,340.82,339.92,CO2,NA,NA,ppm,NA
17-AUG-1981 03:00,1981,8,338.48,339.87,CO2,NA,NA,ppm,NA
16-SEP-1981 12:42,1981,9,336.95,340.17,CO2,NA,NA,ppm,NA
16-OCT-1981 23:17,1981,10,337.05,340.39,CO2,NA,NA,ppm,NA
16-NOV-1981 09:00,1981,11,338.58,340.75,CO2,NA,NA,ppm,NA
16-DEC-1981 18:42,1981,12,339.91,340.85,CO2,NA,NA,ppm,NA
16-JAN-1982 05:17,1982,1,340.93,341.09,CO2,NA,NA,ppm,NA
15-FEB-1982 15:00,1982,2,341.76,341.16,CO2,NA,NA,ppm,NA
18-MAR-1982 00:42,1982,3,342.78,341.18,CO2,NA,NA,ppm,NA
17-APR-1982 11:17,1982,4,343.96,341.32,CO2,NA,NA,ppm,NA
17-MAY-1982 21:00,1982,5,344.77,341.67,CO2,NA,NA,ppm,NA
17-JUN-1982 06:42,1982,6,343.88,341.43,CO2,NA,NA,ppm,NA
17-JUL-1982 17:17,1982,7,342.42,341.61,CO2,NA,NA,ppm,NA
17-AUG-1982 03:00,1982,8,340.24,341.64,CO2,NA,NA,ppm,NA
16-SEP-1982 12:42,1982,9,338.37,341.56,CO2,NA,NA,ppm,NA
16-OCT-1982 23:17,1982,10,338.41,341.77,CO2,NA,NA,ppm,NA
16-NOV-1982 09:00,1982,11,339.44,341.59,CO2,NA,NA,ppm,NA
16-DEC-1982 18:42,1982,12,340.78,341.71,CO2,NA,NA,ppm,NA
16-JAN-1983 05:17,1983,1,341.57,341.75,CO2,NA,NA,ppm,NA
15-FEB-1983 15:00,1983,2,342.79,342.25,CO2,NA,NA,ppm,NA
18-MAR-1983 00:42,1983,3,343.37,341.85,CO2,NA,NA,ppm,NA
17-APR-1983 11:17,1983,4,345.4,342.76,CO2,NA,NA,ppm,NA
17-MAY-1983 21:00,1983,5,346.14,342.97,CO2,NA,NA,ppm,NA
17-JUN-1983 06:42,1983,6,345.76,343.3,CO2,NA,NA,ppm,NA
17-JUL-1983 17:17,1983,7,344.32,343.56,CO2,NA,NA,ppm,NA
17-AUG-1983 03:00,1983,8,342.51,343.89,CO2,NA,NA,ppm,NA
16-SEP-1983 12:42,1983,9,340.46,343.59,CO2,NA,NA,ppm,NA
16-OCT-1983 23:17,1983,10,340.53,343.86,CO2,NA,NA,ppm,NA
16-NOV-1983 09:00,1983,11,341.79,343.92,CO2,NA,NA,ppm,NA
16-DEC-1983 18:42,1983,12,343.2,344.12,CO2,NA,NA,ppm,NA
16-JAN-1984 06:17,1984,1,344.21,344.32,CO2,NA,NA,ppm,NA
15-FEB-1984 18:00,1984,2,344.92,344.39,CO2,NA,NA,ppm,NA
17-MAR-1984 05:42,1984,3,345.68,344.26,CO2,NA,NA,ppm,NA
16-APR-1984 18:17,1984,4,347.37,344.75,CO2,NA,NA,ppm,NA
17-MAY-1984 06:00,1984,5,347.77,344.59,CO2,NA,NA,ppm,NA
16-JUN-1984 17:42,1984,6,347.16,344.73,CO2,NA,NA,ppm,NA
17-JUL-1984 06:17,1984,7,345.79,345.02,CO2,NA,NA,ppm,NA
16-AUG-1984 18:00,1984,8,343.74,345.12,CO2,NA,NA,ppm,NA
16-SEP-1984 05:42,1984,9,341.59,344.76,CO2,NA,NA,ppm,NA
16-OCT-1984 18:17,1984,10,341.86,345.19,CO2,NA,NA,ppm,NA
16-NOV-1984 06:00,1984,11,343.31,345.41,CO2,NA,NA,ppm,NA
16-DEC-1984 17:42,1984,12,345,345.88,CO2,NA,NA,ppm,NA
16-JAN-1985 05:17,1985,1,345.48,345.59,CO2,NA,NA,ppm,NA
15-FEB-1985 15:00,1985,2,346.41,345.92,CO2,NA,NA,ppm,NA
18-MAR-1985 00:42,1985,3,347.91,346.56,CO2,NA,NA,ppm,NA
17-APR-1985 11:17,1985,4,348.66,346.08,CO2,NA,NA,ppm,NA
17-MAY-1985 21:00,1985,5,349.28,346.12,CO2,NA,NA,ppm,NA
17-JUN-1985 06:42,1985,6,348.65,346.23,CO2,NA,NA,ppm,NA
17-JUL-1985 17:17,1985,7,346.9,346.08,CO2,NA,NA,ppm,NA
17-AUG-1985 03:00,1985,8,345.26,346.57,CO2,NA,NA,ppm,NA
16-SEP-1985 12:42,1985,9,343.47,346.59,CO2,NA,NA,ppm,NA
16-OCT-1985 23:17,1985,10,343.35,346.6,CO2,NA,NA,ppm,NA
16-NOV-1985 09:00,1985,11,344.73,346.82,CO2,NA,NA,ppm,NA
16-DEC-1985 18:42,1985,12,346.12,347.04,CO2,NA,NA,ppm,NA
16-JAN-1986 05:17,1986,1,346.78,346.82,CO2,NA,NA,ppm,NA
15-FEB-1986 15:00,1986,2,347.48,346.98,CO2,NA,NA,ppm,NA
18-MAR-1986 00:42,1986,3,348.25,346.93,CO2,NA,NA,ppm,NA
17-APR-1986 11:17,1986,4,349.86,347.29,CO2,NA,NA,ppm,NA
17-MAY-1986 21:00,1986,5,350.52,347.42,CO2,NA,NA,ppm,NA
17-JUN-1986 06:42,1986,6,349.98,347.61,CO2,NA,NA,ppm,NA
17-JUL-1986 17:17,1986,7,348.25,347.43,CO2,NA,NA,ppm,NA
17-AUG-1986 03:00,1986,8,346.17,347.51,CO2,NA,NA,ppm,NA
16-SEP-1986 12:42,1986,9,345.48,348.61,CO2,NA,NA,ppm,NA
16-OCT-1986 23:17,1986,10,344.82,348.04,CO2,NA,NA,ppm,NA
16-NOV-1986 09:00,1986,11,346.22,348.28,CO2,NA,NA,ppm,NA
16-DEC-1986 18:42,1986,12,347.48,348.36,CO2,NA,NA,ppm,NA
16-JAN-1987 05:17,1987,1,348.73,348.66,CO2,NA,NA,ppm,NA
15-FEB-1987 15:00,1987,2,348.92,348.24,CO2,NA,NA,ppm,NA
18-MAR-1987 00:42,1987,3,349.81,348.39,CO2,NA,NA,ppm,NA
17-APR-1987 11:17,1987,4,351.4,348.84,CO2,NA,NA,ppm,NA
17-MAY-1987 21:00,1987,5,352.15,349.09,CO2,NA,NA,ppm,NA
17-JUN-1987 06:42,1987,6,351.58,349.29,CO2,NA,NA,ppm,NA
17-JUL-1987 17:17,1987,7,350.21,349.51,CO2,NA,NA,ppm,NA
17-AUG-1987 03:00,1987,8,348.2,349.65,CO2,NA,NA,ppm,NA
16-SEP-1987 12:42,1987,9,346.66,349.85,CO2,NA,NA,ppm,NA
16-OCT-1987 23:17,1987,10,346.72,349.96,CO2,NA,NA,ppm,NA
16-NOV-1987 09:00,1987,11,348.08,350.15,CO2,NA,NA,ppm,NA
16-DEC-1987 18:42,1987,12,349.28,350.14,CO2,NA,NA,ppm,NA
16-JAN-1988 06:17,1988,1,350.51,350.49,CO2,NA,NA,ppm,NA
15-FEB-1988 18:00,1988,2,351.7,350.99,CO2,NA,NA,ppm,NA
17-MAR-1988 05:42,1988,3,352.5,350.99,CO2,NA,NA,ppm,NA
16-APR-1988 18:17,1988,4,353.67,351.03,CO2,NA,NA,ppm,NA
17-MAY-1988 06:00,1988,5,354.35,351.22,CO2,NA,NA,ppm,NA
16-JUN-1988 17:42,1988,6,353.88,351.55,CO2,NA,NA,ppm,NA
17-JUL-1988 06:17,1988,7,352.8,352.16,CO2,NA,NA,ppm,NA
16-AUG-1988 18:00,1988,8,350.49,352.01,CO2,NA,NA,ppm,NA
16-SEP-1988 05:42,1988,9,348.97,352.18,CO2,NA,NA,ppm,NA
16-OCT-1988 18:17,1988,10,349.37,352.62,CO2,NA,NA,ppm,NA
16-NOV-1988 06:00,1988,11,350.42,352.53,CO2,NA,NA,ppm,NA
16-DEC-1988 17:42,1988,12,351.62,352.52,CO2,NA,NA,ppm,NA
16-JAN-1989 05:17,1989,1,353.07,352.99,CO2,NA,NA,ppm,NA
15-FEB-1989 15:00,1989,2,353.43,352.69,CO2,NA,NA,ppm,NA
18-MAR-1989 00:42,1989,3,354.08,352.6,CO2,NA,NA,ppm,NA
17-APR-1989 11:17,1989,4,355.72,353.07,CO2,NA,NA,ppm,NA
17-MAY-1989 21:00,1989,5,355.95,352.78,CO2,NA,NA,ppm,NA
17-JUN-1989 06:42,1989,6,355.44,353.06,CO2,NA,NA,ppm,NA
17-JUL-1989 17:17,1989,7,354.05,353.38,CO2,NA,NA,ppm,NA
17-AUG-1989 03:00,1989,8,351.84,353.43,CO2,NA,NA,ppm,NA
16-SEP-1989 12:42,1989,9,350.09,353.37,CO2,NA,NA,ppm,NA
16-OCT-1989 23:17,1989,10,350.33,353.57,CO2,NA,NA,ppm,NA
16-NOV-1989 09:00,1989,11,351.55,353.68,CO2,NA,NA,ppm,NA
16-DEC-1989 18:42,1989,12,352.91,353.84,CO2,NA,NA,ppm,NA
16-JAN-1990 05:17,1990,1,353.86,353.78,CO2,NA,NA,ppm,NA
15-FEB-1990 15:00,1990,2,355.1,354.37,CO2,NA,NA,ppm,NA
18-MAR-1990 00:42,1990,3,355.75,354.27,CO2,NA,NA,ppm,NA
17-APR-1990 11:17,1990,4,356.38,353.76,CO2,NA,NA,ppm,NA
17-MAY-1990 21:00,1990,5,357.38,354.23,CO2,NA,NA,ppm,NA
17-JUN-1990 06:42,1990,6,356.39,354.02,CO2,NA,NA,ppm,NA
17-JUL-1990 17:17,1990,7,354.89,354.24,CO2,NA,NA,ppm,NA
17-AUG-1990 03:00,1990,8,353.06,354.68,CO2,NA,NA,ppm,NA
16-SEP-1990 12:42,1990,9,351.38,354.69,CO2,NA,NA,ppm,NA
16-OCT-1990 23:17,1990,10,351.69,354.94,CO2,NA,NA,ppm,NA
16-NOV-1990 09:00,1990,11,353.14,355.18,CO2,NA,NA,ppm,NA
16-DEC-1990 18:42,1990,12,354.41,355.26,CO2,NA,NA,ppm,NA
16-JAN-1991 05:17,1991,1,354.93,354.91,CO2,NA,NA,ppm,NA
15-FEB-1991 15:00,1991,2,355.82,355.11,CO2,NA,NA,ppm,NA
18-MAR-1991 00:42,1991,3,357.33,355.79,CO2,NA,NA,ppm,NA
17-APR-1991 11:17,1991,4,358.77,356.13,CO2,NA,NA,ppm,NA
17-MAY-1991 21:00,1991,5,359.23,356.1,CO2,NA,NA,ppm,NA
17-JUN-1991 06:42,1991,6,358.23,355.88,CO2,NA,NA,ppm,NA
17-JUL-1991 17:17,1991,7,356.3,355.69,CO2,NA,NA,ppm,NA
17-AUG-1991 03:00,1991,8,353.97,355.59,CO2,NA,NA,ppm,NA
16-SEP-1991 12:42,1991,9,352.34,355.66,CO2,NA,NA,ppm,NA
16-OCT-1991 23:17,1991,10,352.43,355.69,CO2,NA,NA,ppm,NA
16-NOV-1991 09:00,1991,11,353.89,355.87,CO2,NA,NA,ppm,NA
16-DEC-1991 18:42,1991,12,355.21,356.02,CO2,NA,NA,ppm,NA
16-JAN-1992 06:17,1992,1,356.34,356.29,CO2,NA,NA,ppm,NA
15-FEB-1992 18:00,1992,2,357.21,356.47,CO2,NA,NA,ppm,NA
17-MAR-1992 05:42,1992,3,357.97,356.38,CO2,NA,NA,ppm,NA
16-APR-1992 18:17,1992,4,359.22,356.51,CO2,NA,NA,ppm,NA
17-MAY-1992 06:00,1992,5,359.71,356.52,CO2,NA,NA,ppm,NA
16-JUN-1992 17:42,1992,6,359.44,357.07,CO2,NA,NA,ppm,NA
17-JUL-1992 06:17,1992,7,357.15,356.58,CO2,NA,NA,ppm,NA
16-AUG-1992 18:00,1992,8,354.99,356.67,CO2,NA,NA,ppm,NA
16-SEP-1992 05:42,1992,9,353.01,356.36,CO2,NA,NA,ppm,NA
16-OCT-1992 18:17,1992,10,353.4,356.72,CO2,NA,NA,ppm,NA
16-NOV-1992 06:00,1992,11,354.42,356.48,CO2,NA,NA,ppm,NA
16-DEC-1992 17:42,1992,12,355.68,356.5,CO2,NA,NA,ppm,NA
16-JAN-1993 05:17,1993,1,357.1,357.06,CO2,NA,NA,ppm,NA
15-FEB-1993 15:00,1993,2,357.42,356.54,CO2,NA,NA,ppm,NA
18-MAR-1993 00:42,1993,3,358.59,356.88,CO2,NA,NA,ppm,NA
17-APR-1993 11:17,1993,4,359.39,356.71,CO2,NA,NA,ppm,NA
17-MAY-1993 21:00,1993,5,360.3,357.14,CO2,NA,NA,ppm,NA
17-JUN-1993 06:42,1993,6,359.64,357.24,CO2,NA,NA,ppm,NA
17-JUL-1993 17:17,1993,7,357.45,356.87,CO2,NA,NA,ppm,NA
17-AUG-1993 03:00,1993,8,355.76,357.44,CO2,NA,NA,ppm,NA
16-SEP-1993 12:42,1993,9,354.14,357.51,CO2,NA,NA,ppm,NA
16-OCT-1993 23:17,1993,10,354.23,357.6,CO2,NA,NA,ppm,NA
16-NOV-1993 09:00,1993,11,355.53,357.65,CO2,NA,NA,ppm,NA
16-DEC-1993 18:42,1993,12,357.03,357.92,CO2,NA,NA,ppm,NA
16-JAN-1994 05:17,1994,1,358.36,358.25,CO2,NA,NA,ppm,NA
15-FEB-1994 15:00,1994,2,359.04,358.21,CO2,NA,NA,ppm,NA
18-MAR-1994 00:42,1994,3,360.11,358.41,CO2,NA,NA,ppm,NA
17-APR-1994 11:17,1994,4,361.36,358.59,CO2,NA,NA,ppm,NA
17-MAY-1994 21:00,1994,5,361.78,358.59,CO2,NA,NA,ppm,NA
17-JUN-1994 06:42,1994,6,360.94,358.57,CO2,NA,NA,ppm,NA
17-JUL-1994 17:17,1994,7,359.51,358.91,CO2,NA,NA,ppm,NA
17-AUG-1994 03:00,1994,8,357.59,359.29,CO2,NA,NA,ppm,NA
16-SEP-1994 12:42,1994,9,355.86,359.31,CO2,NA,NA,ppm,NA
16-OCT-1994 23:17,1994,10,356.21,359.63,CO2,NA,NA,ppm,NA
16-NOV-1994 09:00,1994,11,357.65,359.8,CO2,NA,NA,ppm,NA
16-DEC-1994 18:42,1994,12,359.1,359.96,CO2,NA,NA,ppm,NA
16-JAN-1995 05:17,1995,1,360.04,359.91,CO2,NA,NA,ppm,NA
15-FEB-1995 15:00,1995,2,361,360.18,CO2,NA,NA,ppm,NA
18-MAR-1995 00:42,1995,3,361.98,360.37,CO2,NA,NA,ppm,NA
17-APR-1995 11:17,1995,4,363.44,360.76,CO2,NA,NA,ppm,NA
17-MAY-1995 21:00,1995,5,363.83,360.73,CO2,NA,NA,ppm,NA
17-JUN-1995 06:42,1995,6,363.33,360.98,CO2,NA,NA,ppm,NA
17-JUL-1995 17:17,1995,7,361.78,361.1,CO2,NA,NA,ppm,NA
17-AUG-1995 03:00,1995,8,359.33,360.93,CO2,NA,NA,ppm,NA
16-SEP-1995 12:42,1995,9,358.32,361.7,CO2,NA,NA,ppm,NA
16-OCT-1995 23:17,1995,10,358.14,361.52,CO2,NA,NA,ppm,NA
16-NOV-1995 09:00,1995,11,359.61,361.75,CO2,NA,NA,ppm,NA
16-DEC-1995 18:42,1995,12,360.82,361.67,CO2,NA,NA,ppm,NA
16-JAN-1996 06:17,1996,1,362.2,361.98,CO2,NA,NA,ppm,NA
15-FEB-1996 18:00,1996,2,363.36,362.47,CO2,NA,NA,ppm,NA
17-MAR-1996 05:42,1996,3,364.28,362.64,CO2,NA,NA,ppm,NA
16-APR-1996 18:17,1996,4,364.69,361.99,CO2,NA,NA,ppm,NA
17-MAY-1996 06:00,1996,5,365.25,362.23,CO2,NA,NA,ppm,NA
16-JUN-1996 17:42,1996,6,365.06,362.82,CO2,NA,NA,ppm,NA
17-JUL-1996 06:17,1996,7,363.69,362.98,CO2,NA,NA,ppm,NA
16-AUG-1996 18:00,1996,8,361.55,363.13,CO2,NA,NA,ppm,NA
16-SEP-1996 05:42,1996,9,359.69,363.14,CO2,NA,NA,ppm,NA
16-OCT-1996 18:17,1996,10,359.72,363.12,CO2,NA,NA,ppm,NA
16-NOV-1996 06:00,1996,11,361.04,363.18,CO2,NA,NA,ppm,NA
16-DEC-1996 17:42,1996,12,362.39,363.23,CO2,NA,NA,ppm,NA
16-JAN-1997 05:17,1997,1,363.24,363.03,CO2,NA,NA,ppm,NA
15-FEB-1997 15:00,1997,2,364.21,363.4,CO2,NA,NA,ppm,NA
18-MAR-1997 00:42,1997,3,364.65,363.02,CO2,NA,NA,ppm,NA
17-APR-1997 11:17,1997,4,366.49,363.82,CO2,NA,NA,ppm,NA
17-MAY-1997 21:00,1997,5,366.77,363.87,CO2,NA,NA,ppm,NA
17-JUN-1997 06:42,1997,6,365.73,363.56,CO2,NA,NA,ppm,NA
17-JUL-1997 17:17,1997,7,364.46,363.74,CO2,NA,NA,ppm,NA
17-AUG-1997 03:00,1997,8,362.4,363.98,CO2,NA,NA,ppm,NA
16-SEP-1997 12:42,1997,9,360.44,363.83,CO2,NA,NA,ppm,NA
16-OCT-1997 23:17,1997,10,360.97,364.28,CO2,NA,NA,ppm,NA
16-NOV-1997 09:00,1997,11,362.65,364.71,CO2,NA,NA,ppm,NA
16-DEC-1997 18:42,1997,12,364.51,365.28,CO2,NA,NA,ppm,NA
16-JAN-1998 05:17,1998,1,365.39,365.19,CO2,NA,NA,ppm,NA
15-FEB-1998 15:00,1998,2,366.1,365.29,CO2,NA,NA,ppm,NA
18-MAR-1998 00:42,1998,3,367.36,365.73,CO2,NA,NA,ppm,NA
17-APR-1998 11:17,1998,4,368.79,366.17,CO2,NA,NA,ppm,NA
17-MAY-1998 21:00,1998,5,369.56,366.68,CO2,NA,NA,ppm,NA
17-JUN-1998 06:42,1998,6,369.13,366.95,CO2,NA,NA,ppm,NA
17-JUL-1998 17:17,1998,7,367.98,367.29,CO2,NA,NA,ppm,NA
17-AUG-1998 03:00,1998,8,366.1,367.69,CO2,NA,NA,ppm,NA
16-SEP-1998 12:42,1998,9,364.16,367.51,CO2,NA,NA,ppm,NA
16-OCT-1998 23:17,1998,10,364.54,367.82,CO2,NA,NA,ppm,NA
16-NOV-1998 09:00,1998,11,365.67,367.7,CO2,NA,NA,ppm,NA
16-DEC-1998 18:42,1998,12,367.3,368.05,CO2,NA,NA,ppm,NA
16-JAN-1999 05:17,1999,1,368.35,368.13,CO2,NA,NA,ppm,NA
15-FEB-1999 15:00,1999,2,369.28,368.46,CO2,NA,NA,ppm,NA
18-MAR-1999 00:42,1999,3,369.84,368.24,CO2,NA,NA,ppm,NA
17-APR-1999 11:17,1999,4,371.15,368.62,CO2,NA,NA,ppm,NA
17-MAY-1999 21:00,1999,5,371.12,368.31,CO2,NA,NA,ppm,NA
17-JUN-1999 06:42,1999,6,370.46,368.29,CO2,NA,NA,ppm,NA
17-JUL-1999 17:17,1999,7,369.61,368.93,CO2,NA,NA,ppm,NA
17-AUG-1999 03:00,1999,8,367.06,368.63,CO2,NA,NA,ppm,NA
16-SEP-1999 12:42,1999,9,364.95,368.28,CO2,NA,NA,ppm,NA
16-OCT-1999 23:17,1999,10,365.52,368.8,CO2,NA,NA,ppm,NA
16-NOV-1999 09:00,1999,11,366.88,368.86,CO2,NA,NA,ppm,NA
16-DEC-1999 18:42,1999,12,368.26,368.93,CO2,NA,NA,ppm,NA
16-JAN-2000 06:17,2000,1,369.45,369.24,CO2,NA,NA,ppm,NA
15-FEB-2000 18:00,2000,2,369.71,368.99,CO2,NA,NA,ppm,NA
17-MAR-2000 05:42,2000,3,370.75,369.24,CO2,NA,NA,ppm,NA
16-APR-2000 18:17,2000,4,371.98,369.44,CO2,NA,NA,ppm,NA
17-MAY-2000 06:00,2000,5,371.75,368.87,CO2,NA,NA,ppm,NA
16-JUN-2000 17:42,2000,6,371.87,369.66,CO2,NA,NA,ppm,NA
17-JUL-2000 06:17,2000,7,370.02,369.36,CO2,NA,NA,ppm,NA
16-AUG-2000 18:00,2000,8,368.27,369.87,CO2,NA,NA,ppm,NA
16-SEP-2000 05:42,2000,9,367.15,370.46,CO2,NA,NA,ppm,NA
16-OCT-2000 18:17,2000,10,367.18,370.42,CO2,NA,NA,ppm,NA
16-NOV-2000 06:00,2000,11,368.53,370.48,CO2,NA,NA,ppm,NA
16-DEC-2000 17:42,2000,12,369.83,370.46,CO2,NA,NA,ppm,NA
16-JAN-2001 05:17,2001,1,370.76,370.6,CO2,NA,NA,ppm,NA
15-FEB-2001 15:00,2001,2,371.69,370.95,CO2,NA,NA,ppm,NA
18-MAR-2001 00:42,2001,3,372.63,371.06,CO2,NA,NA,ppm,NA
17-APR-2001 11:17,2001,4,373.55,370.99,CO2,NA,NA,ppm,NA
17-MAY-2001 21:00,2001,5,374.03,371.11,CO2,NA,NA,ppm,NA
17-JUN-2001 06:42,2001,6,373.4,371.18,CO2,NA,NA,ppm,NA
17-JUL-2001 17:17,2001,7,371.68,371.08,CO2,NA,NA,ppm,NA
17-AUG-2001 03:00,2001,8,369.78,371.39,CO2,NA,NA,ppm,NA
16-SEP-2001 12:42,2001,9,368.34,371.61,CO2,NA,NA,ppm,NA
16-OCT-2001 23:17,2001,10,368.61,371.85,CO2,NA,NA,ppm,NA
16-NOV-2001 09:00,2001,11,369.94,371.92,CO2,NA,NA,ppm,NA
16-DEC-2001 18:42,2001,12,371.42,372.09,CO2,NA,NA,ppm,NA
16-JAN-2002 05:17,2002,1,372.7,372.48,CO2,NA,NA,ppm,NA
15-FEB-2002 15:00,2002,2,373.37,372.49,CO2,NA,NA,ppm,NA
18-MAR-2002 00:42,2002,3,374.3,372.61,CO2,NA,NA,ppm,NA
17-APR-2002 11:17,2002,4,375.19,372.54,CO2,NA,NA,ppm,NA
17-MAY-2002 21:00,2002,5,375.93,372.98,CO2,NA,NA,ppm,NA
17-JUN-2002 06:42,2002,6,375.69,373.46,CO2,NA,NA,ppm,NA
17-JUL-2002 17:17,2002,7,374.16,373.58,CO2,NA,NA,ppm,NA
17-AUG-2002 03:00,2002,8,372.03,373.7,CO2,NA,NA,ppm,NA
16-SEP-2002 12:42,2002,9,370.92,374.28,CO2,NA,NA,ppm,NA
16-OCT-2002 23:17,2002,10,370.73,374.06,CO2,NA,NA,ppm,NA
16-NOV-2002 09:00,2002,11,372.43,374.52,CO2,NA,NA,ppm,NA
16-DEC-2002 18:42,2002,12,373.98,374.72,CO2,NA,NA,ppm,NA
16-JAN-2003 05:17,2003,1,375.07,374.82,CO2,NA,NA,ppm,NA
15-FEB-2003 15:00,2003,2,375.82,374.95,CO2,NA,NA,ppm,NA
18-MAR-2003 00:42,2003,3,376.64,374.99,CO2,NA,NA,ppm,NA
17-APR-2003 11:17,2003,4,377.92,375.24,CO2,NA,NA,ppm,NA
17-MAY-2003 21:00,2003,5,378.78,375.73,CO2,NA,NA,ppm,NA
17-JUN-2003 06:42,2003,6,378.46,376.22,CO2,NA,NA,ppm,NA
17-JUL-2003 17:17,2003,7,376.88,376.37,CO2,NA,NA,ppm,NA
17-AUG-2003 03:00,2003,8,374.57,376.27,CO2,NA,NA,ppm,NA
16-SEP-2003 12:42,2003,9,373.34,376.65,CO2,NA,NA,ppm,NA
16-OCT-2003 23:17,2003,10,373.31,376.65,CO2,NA,NA,ppm,NA
16-NOV-2003 09:00,2003,11,374.84,376.99,CO2,NA,NA,ppm,NA
16-DEC-2003 18:42,2003,12,376.17,376.93,CO2,NA,NA,ppm,NA
16-JAN-2004 06:17,2004,1,377.17,376.96,CO2,NA,NA,ppm,NA
15-FEB-2004 18:00,2004,2,378.05,377.19,CO2,NA,NA,ppm,NA
17-MAR-2004 05:42,2004,3,379.06,377.4,CO2,NA,NA,ppm,NA
16-APR-2004 18:17,2004,4,380.54,377.8,CO2,NA,NA,ppm,NA
17-MAY-2004 06:00,2004,5,380.8,377.66,CO2,NA,NA,ppm,NA
16-JUN-2004 17:42,2004,6,379.87,377.57,CO2,NA,NA,ppm,NA
17-JUL-2004 06:17,2004,7,377.65,377.12,CO2,NA,NA,ppm,NA
16-AUG-2004 18:00,2004,8,376.17,377.9,CO2,NA,NA,ppm,NA
16-SEP-2004 05:42,2004,9,374.43,377.8,CO2,NA,NA,ppm,NA
16-OCT-2004 18:17,2004,10,374.63,377.99,CO2,NA,NA,ppm,NA
16-NOV-2004 06:00,2004,11,376.33,378.49,CO2,NA,NA,ppm,NA
16-DEC-2004 17:42,2004,12,377.68,378.48,CO2,NA,NA,ppm,NA
16-JAN-2005 05:17,2005,1,378.63,378.37,CO2,NA,NA,ppm,NA
15-FEB-2005 15:00,2005,2,379.91,379.1,CO2,NA,NA,ppm,NA
18-MAR-2005 00:42,2005,3,380.95,379.45,CO2,NA,NA,ppm,NA
17-APR-2005 11:17,2005,4,382.48,379.84,CO2,NA,NA,ppm,NA
17-MAY-2005 21:00,2005,5,382.64,379.49,CO2,NA,NA,ppm,NA
17-JUN-2005 06:42,2005,6,382.4,380.07,CO2,NA,NA,ppm,NA
17-JUL-2005 17:17,2005,7,380.93,380.38,CO2,NA,NA,ppm,NA
17-AUG-2005 03:00,2005,8,378.93,380.61,CO2,NA,NA,ppm,NA
16-SEP-2005 12:42,2005,9,376.89,380.2,CO2,NA,NA,ppm,NA
16-OCT-2005 23:17,2005,10,377.19,380.5,CO2,NA,NA,ppm,NA
16-NOV-2005 09:00,2005,11,378.54,380.69,CO2,NA,NA,ppm,NA
16-DEC-2005 18:42,2005,12,380.31,381.09,CO2,NA,NA,ppm,NA
16-JAN-2006 05:17,2006,1,381.58,381.33,CO2,NA,NA,ppm,NA
15-FEB-2006 15:00,2006,2,382.4,381.58,CO2,NA,NA,ppm,NA
18-MAR-2006 00:42,2006,3,382.86,381.32,CO2,NA,NA,ppm,NA
17-APR-2006 11:17,2006,4,384.8,382.11,CO2,NA,NA,ppm,NA
17-MAY-2006 21:00,2006,5,385.22,382.06,CO2,NA,NA,ppm,NA
17-JUN-2006 06:42,2006,6,384.24,381.93,CO2,NA,NA,ppm,NA
17-JUL-2006 17:17,2006,7,382.65,382.1,CO2,NA,NA,ppm,NA
17-AUG-2006 03:00,2006,8,380.6,382.27,CO2,NA,NA,ppm,NA
16-SEP-2006 12:42,2006,9,379.04,382.35,CO2,NA,NA,ppm,NA
16-OCT-2006 23:17,2006,10,379.33,382.66,CO2,NA,NA,ppm,NA
16-NOV-2006 09:00,2006,11,380.35,382.52,CO2,NA,NA,ppm,NA
16-DEC-2006 18:42,2006,12,382.02,382.84,CO2,NA,NA,ppm,NA
16-JAN-2007 05:17,2007,1,383.1,382.88,CO2,NA,NA,ppm,NA
15-FEB-2007 15:00,2007,2,384.12,383.22,CO2,NA,NA,ppm,NA
18-MAR-2007 00:42,2007,3,384.81,383.17,CO2,NA,NA,ppm,NA
17-APR-2007 11:17,2007,4,386.73,383.95,CO2,NA,NA,ppm,NA
17-MAY-2007 21:00,2007,5,386.78,383.56,CO2,NA,NA,ppm,NA
17-JUN-2007 06:42,2007,6,386.33,384.06,CO2,NA,NA,ppm,NA
17-JUL-2007 17:17,2007,7,384.73,384.25,CO2,NA,NA,ppm,NA
17-AUG-2007 03:00,2007,8,382.24,383.95,CO2,NA,NA,ppm,NA
16-SEP-2007 12:42,2007,9,381.2,384.56,CO2,NA,NA,ppm,NA
16-OCT-2007 23:17,2007,10,381.37,384.72,CO2,NA,NA,ppm,NA
16-NOV-2007 09:00,2007,11,382.7,384.9,CO2,NA,NA,ppm,NA
16-DEC-2007 18:42,2007,12,384.19,385.07,CO2,NA,NA,ppm,NA
16-JAN-2008 06:17,2008,1,385.78,385.54,CO2,NA,NA,ppm,NA
15-FEB-2008 18:00,2008,2,386.06,385.2,CO2,NA,NA,ppm,NA
17-MAR-2008 05:42,2008,3,386.28,384.72,CO2,NA,NA,ppm,NA
16-APR-2008 18:17,2008,4,387.33,384.71,CO2,NA,NA,ppm,NA
17-MAY-2008 06:00,2008,5,388.78,385.69,CO2,NA,NA,ppm,NA
16-JUN-2008 17:42,2008,6,387.99,385.68,CO2,NA,NA,ppm,NA
17-JUL-2008 06:17,2008,7,386.61,386.05,CO2,NA,NA,ppm,NA
16-AUG-2008 18:00,2008,8,384.32,385.98,CO2,NA,NA,ppm,NA
16-SEP-2008 05:42,2008,9,383.41,386.69,CO2,NA,NA,ppm,NA
16-OCT-2008 18:17,2008,10,383.22,386.5,CO2,NA,NA,ppm,NA
16-NOV-2008 06:00,2008,11,384.41,386.58,CO2,NA,NA,ppm,NA
16-DEC-2008 17:42,2008,12,385.79,386.64,CO2,NA,NA,ppm,NA
16-JAN-2009 05:17,2009,1,387.17,386.86,CO2,NA,NA,ppm,NA
15-FEB-2009 15:00,2009,2,387.7,386.81,CO2,NA,NA,ppm,NA
18-MAR-2009 00:42,2009,3,389.04,387.54,CO2,NA,NA,ppm,NA
17-APR-2009 11:17,2009,4,389.76,387.15,CO2,NA,NA,ppm,NA
17-MAY-2009 21:00,2009,5,390.36,387.24,CO2,NA,NA,ppm,NA
17-JUN-2009 06:42,2009,6,389.7,387.46,CO2,NA,NA,ppm,NA
17-JUL-2009 17:17,2009,7,388.24,387.77,CO2,NA,NA,ppm,NA
17-AUG-2009 03:00,2009,8,386.29,387.99,CO2,NA,NA,ppm,NA
16-SEP-2009 12:42,2009,9,384.95,388.22,CO2,NA,NA,ppm,NA
16-OCT-2009 23:17,2009,10,384.64,387.88,CO2,NA,NA,ppm,NA
16-NOV-2009 09:00,2009,11,386.23,388.36,CO2,NA,NA,ppm,NA
16-DEC-2009 18:42,2009,12,387.63,388.43,CO2,NA,NA,ppm,NA
16-JAN-2010 05:17,2010,1,388.91,388.62,CO2,NA,NA,ppm,NA
15-FEB-2010 15:00,2010,2,390.41,389.47,CO2,NA,NA,ppm,NA
18-MAR-2010 00:42,2010,3,391.37,389.85,CO2,NA,NA,ppm,NA
17-APR-2010 11:17,2010,4,392.67,390.12,CO2,NA,NA,ppm,NA
17-MAY-2010 21:00,2010,5,393.21,390.09,CO2,NA,NA,ppm,NA
17-JUN-2010 06:42,2010,6,392.38,390.1,CO2,NA,NA,ppm,NA
17-JUL-2010 17:17,2010,7,390.41,389.93,CO2,NA,NA,ppm,NA
17-AUG-2010 03:00,2010,8,388.54,390.21,CO2,NA,NA,ppm,NA
16-SEP-2010 12:42,2010,9,387.03,390.32,CO2,NA,NA,ppm,NA
16-OCT-2010 23:17,2010,10,387.43,390.72,CO2,NA,NA,ppm,NA
16-NOV-2010 09:00,2010,11,388.87,390.99,CO2,NA,NA,ppm,NA
16-DEC-2010 18:42,2010,12,389.99,390.8,CO2,NA,NA,ppm,NA
16-JAN-2011 05:17,2011,1,391.5,391.19,CO2,NA,NA,ppm,NA
15-FEB-2011 15:00,2011,2,392.05,391.12,CO2,NA,NA,ppm,NA
18-MAR-2011 00:42,2011,3,392.8,391.27,CO2,NA,NA,ppm,NA
17-APR-2011 11:17,2011,4,393.44,390.83,CO2,NA,NA,ppm,NA
17-MAY-2011 21:00,2011,5,394.41,391.24,CO2,NA,NA,ppm,NA
17-JUN-2011 06:42,2011,6,393.95,391.64,CO2,NA,NA,ppm,NA
17-JUL-2011 17:17,2011,7,392.72,392.24,CO2,NA,NA,ppm,NA
17-AUG-2011 03:00,2011,8,390.33,392.04,CO2,NA,NA,ppm,NA
16-SEP-2011 12:42,2011,9,389.28,392.6,CO2,NA,NA,ppm,NA
16-OCT-2011 23:17,2011,10,389.19,392.53,CO2,NA,NA,ppm,NA
16-NOV-2011 09:00,2011,11,390.48,392.64,CO2,NA,NA,ppm,NA
16-DEC-2011 18:42,2011,12,392.06,392.86,CO2,NA,NA,ppm,NA
16-JAN-2012 06:17,2012,1,393.31,393.07,CO2,NA,NA,ppm,NA
15-FEB-2012 18:00,2012,2,394.04,393.2,CO2,NA,NA,ppm,NA
17-MAR-2012 05:42,2012,3,394.59,392.99,CO2,NA,NA,ppm,NA
16-APR-2012 18:17,2012,4,396.38,393.65,CO2,NA,NA,ppm,NA
17-MAY-2012 06:00,2012,5,396.93,393.73,CO2,NA,NA,ppm,NA
16-JUN-2012 17:42,2012,6,395.91,393.63,CO2,NA,NA,ppm,NA
17-JUL-2012 06:17,2012,7,394.56,394.12,CO2,NA,NA,ppm,NA
16-AUG-2012 18:00,2012,8,392.59,394.37,CO2,NA,NA,ppm,NA
16-SEP-2012 05:42,2012,9,391.32,394.75,CO2,NA,NA,ppm,NA
16-OCT-2012 18:17,2012,10,391.27,394.64,CO2,NA,NA,ppm,NA
16-NOV-2012 06:00,2012,11,393.2,395.25,CO2,NA,NA,ppm,NA
16-DEC-2012 17:42,2012,12,394.57,395.27,CO2,NA,NA,ppm,NA
16-JAN-2013 05:17,2013,1,395.78,395.62,CO2,NA,NA,ppm,NA
15-FEB-2013 15:00,2013,2,397.03,396.23,CO2,NA,NA,ppm,NA
18-MAR-2013 00:42,2013,3,397.66,396.07,CO2,NA,NA,ppm,NA
17-APR-2013 11:17,2013,4,398.64,395.79,CO2,NA,NA,ppm,NA
17-MAY-2013 21:00,2013,5,400.02,396.64,CO2,NA,NA,ppm,NA
17-JUN-2013 06:42,2013,6,398.81,396.48,CO2,NA,NA,ppm,NA
17-JUL-2013 17:17,2013,7,397.51,397.13,CO2,NA,NA,ppm,NA
17-AUG-2013 03:00,2013,8,395.39,397.27,CO2,NA,NA,ppm,NA
16-SEP-2013 12:42,2013,9,393.72,397.24,CO2,NA,NA,ppm,NA
16-OCT-2013 23:17,2013,10,393.9,397.25,CO2,NA,NA,ppm,NA
16-NOV-2013 09:00,2013,11,395.36,397.35,CO2,NA,NA,ppm,NA
16-DEC-2013 18:42,2013,12,397.03,397.78,CO2,NA,NA,ppm,NA
16-JAN-2014 05:17,2014,1,398.04,397.74,CO2,NA,NA,ppm,NA
15-FEB-2014 15:00,2014,2,398.27,397.45,CO2,NA,NA,ppm,NA
18-MAR-2014 00:42,2014,3,399.91,398.37,CO2,NA,NA,ppm,NA
17-APR-2014 11:17,2014,4,401.51,398.63,CO2,NA,NA,ppm,NA
17-MAY-2014 21:00,2014,5,401.96,398.56,CO2,NA,NA,ppm,NA
17-JUN-2014 06:42,2014,6,401.43,399.1,CO2,NA,NA,ppm,NA
17-JUL-2014 17:17,2014,7,399.27,398.85,CO2,NA,NA,ppm,NA
17-AUG-2014 03:00,2014,8,397.18,399.07,CO2,NA,NA,ppm,NA
16-SEP-2014 12:42,2014,9,395.54,399.11,CO2,NA,NA,ppm,NA
16-OCT-2014 23:17,2014,10,396.16,399.58,CO2,NA,NA,ppm,NA
16-NOV-2014 09:00,2014,11,397.4,399.49,CO2,NA,NA,ppm,NA
16-DEC-2014 18:42,2014,12,399.08,399.81,CO2,NA,NA,ppm,NA
16-JAN-2015 05:17,2015,1,400.18,399.92,CO2,NA,NA,ppm,NA
15-FEB-2015 15:00,2015,2,400.55,399.77,CO2,NA,NA,ppm,NA
18-MAR-2015 00:42,2015,3,401.74,400.22,CO2,NA,NA,ppm,NA
17-APR-2015 11:17,2015,4,403.35,400.46,CO2,NA,NA,ppm,NA
17-MAY-2015 21:00,2015,5,404.15,400.7,CO2,NA,NA,ppm,NA
17-JUN-2015 06:42,2015,6,402.97,400.65,CO2,NA,NA,ppm,NA
17-JUL-2015 17:17,2015,7,401.46,401.11,CO2,NA,NA,ppm,NA
17-AUG-2015 03:00,2015,8,399.11,401.04,CO2,NA,NA,ppm,NA
16-SEP-2015 12:42,2015,9,397.82,401.43,CO2,NA,NA,ppm,NA
16-OCT-2015 23:17,2015,10,398.49,401.89,CO2,NA,NA,ppm,NA
16-NOV-2015 09:00,2015,11,400.27,402.24,CO2,NA,NA,ppm,NA
16-DEC-2015 18:42,2015,12,402.06,402.72,CO2,NA,NA,ppm,NA
16-JAN-2016 06:17,2016,1,402.73,402.45,CO2,NA,NA,ppm,NA
15-FEB-2016 18:00,2016,2,404.25,403.4,CO2,NA,NA,ppm,NA
17-MAR-2016 05:42,2016,3,405.06,403.54,CO2,NA,NA,ppm,NA
16-APR-2016 18:17,2016,4,407.6,404.77,CO2,NA,NA,ppm,NA
17-MAY-2016 06:00,2016,5,407.9,404.41,CO2,NA,NA,ppm,NA
16-JUN-2016 17:42,2016,6,406.99,404.59,CO2,NA,NA,ppm,NA
17-JUL-2016 06:17,2016,7,404.59,404.24,CO2,NA,NA,ppm,NA
16-AUG-2016 18:00,2016,8,402.45,404.41,CO2,NA,NA,ppm,NA
16-SEP-2016 05:42,2016,9,401.23,404.85,CO2,NA,NA,ppm,NA
16-OCT-2016 18:17,2016,10,401.79,405.23,CO2,NA,NA,ppm,NA
16-NOV-2016 06:00,2016,11,403.72,405.74,CO2,NA,NA,ppm,NA
16-DEC-2016 17:42,2016,12,404.64,405.33,CO2,NA,NA,ppm,NA
16-JAN-2017 05:17,2017,1,406.36,406.04,CO2,NA,NA,ppm,NA
15-FEB-2017 15:00,2017,2,406.65,405.8,CO2,NA,NA,ppm,NA
18-MAR-2017 00:42,2017,3,407.54,406.05,CO2,NA,NA,ppm,NA
17-APR-2017 11:17,2017,4,409.22,406.37,CO2,NA,NA,ppm,NA
17-MAY-2017 21:00,2017,5,409.89,406.37,CO2,NA,NA,ppm,NA
17-JUN-2017 06:42,2017,6,409.08,406.68,CO2,NA,NA,ppm,NA
17-JUL-2017 17:17,2017,7,407.33,407.01,CO2,NA,NA,ppm,NA
17-AUG-2017 03:00,2017,8,405.32,407.31,CO2,NA,NA,ppm,NA
16-SEP-2017 12:42,2017,9,403.57,407.17,CO2,NA,NA,ppm,NA
16-OCT-2017 23:17,2017,10,403.82,407.23,CO2,NA,NA,ppm,NA
16-NOV-2017 09:00,2017,11,405.31,407.36,CO2,NA,NA,ppm,NA
16-DEC-2017 18:42,2017,12,407,407.71,CO2,NA,NA,ppm,NA
16-JAN-2018 05:17,2018,1,408.15,407.83,CO2,NA,NA,ppm,NA
15-FEB-2018 15:00,2018,2,408.52,407.61,CO2,NA,NA,ppm,NA
18-MAR-2018 00:42,2018,3,409.59,408.06,CO2,NA,NA,ppm,NA
17-APR-2018 11:17,2018,4,410.45,407.65,CO2,NA,NA,ppm,NA
17-MAY-2018 21:00,2018,5,411.44,407.98,CO2,NA,NA,ppm,NA
17-JUN-2018 06:42,2018,6,410.99,408.6,CO2,NA,NA,ppm,NA
17-JUL-2018 17:17,2018,7,408.9,408.6,CO2,NA,NA,ppm,NA
17-AUG-2018 03:00,2018,8,407.16,409.17,CO2,NA,NA,ppm,NA
16-SEP-2018 12:42,2018,9,405.71,409.3,CO2,NA,NA,ppm,NA
16-OCT-2018 23:17,2018,10,406.19,409.56,CO2,NA,NA,ppm,NA
16-NOV-2018 09:00,2018,11,408.21,410.24,CO2,NA,NA,ppm,NA
16-DEC-2018 18:42,2018,12,409.27,409.99,CO2,NA,NA,ppm,NA
16-JAN-2019 05:17,2019,1,411.03,410.69,CO2,NA,NA,ppm,NA
15-FEB-2019 15:00,2019,2,411.96,410.97,CO2,NA,NA,ppm,NA
18-MAR-2019 00:42,2019,3,412.18,410.71,CO2,NA,NA,ppm,NA
17-APR-2019 11:17,2019,4,413.54,410.92,CO2,NA,NA,ppm,NA
17-MAY-2019 21:00,2019,5,414.86,411.47,CO2,NA,NA,ppm,NA
17-JUN-2019 06:42,2019,6,414.15,411.74,CO2,NA,NA,ppm,NA
17-JUL-2019 17:17,2019,7,411.96,411.64,CO2,NA,NA,ppm,NA
17-AUG-2019 03:00,2019,8,410.17,412.1,CO2,NA,NA,ppm,NA
16-SEP-2019 12:42,2019,9,408.76,412.26,CO2,NA,NA,ppm,NA
16-OCT-2019 23:17,2019,10,408.74,412.09,CO2,NA,NA,ppm,NA
16-NOV-2019 09:00,2019,11,410.47,412.5,CO2,NA,NA,ppm,NA
16-DEC-2019 18:42,2019,12,411.97,412.71,CO2,NA,NA,ppm,NA
16-JAN-2020 06:17,2020,1,413.59,413.22,CO2,NA,NA,ppm,NA
15-FEB-2020 18:00,2020,2,414.32,413.4,CO2,NA,NA,ppm,NA
17-MAR-2020 05:42,2020,3,414.72,413.35,CO2,NA,NA,ppm,NA
16-APR-2020 18:17,2020,4,416.42,413.92,CO2,NA,NA,ppm,NA
17-MAY-2020 06:00,2020,5,417.28,413.98,CO2,NA,NA,ppm,NA
16-JUN-2020 17:42,2020,6,416.58,414.15,CO2,NA,NA,ppm,NA
17-JUL-2020 06:17,2020,7,414.58,414.19,CO2,NA,NA,ppm,NA
16-AUG-2020 18:00,2020,8,412.75,414.6,CO2,NA,NA,ppm,NA
16-SEP-2020 05:42,2020,9,411.5,414.9,CO2,NA,NA,ppm,NA
16-OCT-2020 18:17,2020,10,411.49,414.79,CO2,NA,NA,ppm,NA
16-NOV-2020 06:00,2020,11,413.1,415.11,CO2,NA,NA,ppm,NA
16-DEC-2020 17:42,2020,12,414.23,414.91,CO2,NA,NA,ppm,NA
16-JAN-2021 05:17,2021,1,415.49,415.23,CO2,NA,NA,ppm,NA
15-FEB-2021 15:00,2021,2,416.72,415.8,CO2,NA,NA,ppm,NA
18-MAR-2021 00:42,2021,3,417.61,416.17,CO2,NA,NA,ppm,NA
17-APR-2021 11:17,2021,4,419.01,416.59,CO2,NA,NA,ppm,NA
17-MAY-2021 21:00,2021,5,419.09,415.88,CO2,NA,NA,ppm,NA
17-JUN-2021 06:42,2021,6,418.93,416.48,CO2,NA,NA,ppm,NA
17-JUL-2021 17:17,2021,7,416.9,416.48,CO2,NA,NA,ppm,NA
17-AUG-2021 03:00,2021,8,414.42,416.27,CO2,NA,NA,ppm,NA
16-SEP-2021 12:42,2021,9,413.26,416.63,CO2,NA,NA,ppm,NA
16-OCT-2021 23:17,2021,10,413.9,417.14,CO2,NA,NA,ppm,NA
16-NOV-2021 09:00,2021,11,414.97,416.92,CO2,NA,NA,ppm,NA
16-DEC-2021 18:42,2021,12,416.67,417.37,CO2,NA,NA,ppm,NA
16-JAN-2022 05:17,2022,1,418.13,417.86,CO2,NA,NA,ppm,NA
15-FEB-2022 15:00,2022,2,419.24,418.32,CO2,NA,NA,ppm,NA
18-MAR-2022 00:42,2022,3,418.76,417.31,CO2,NA,NA,ppm,NA
17-APR-2022 11:17,2022,4,420.19,417.67,CO2,NA,NA,ppm,NA
17-MAY-2022 21:00,2022,5,420.97,417.7,CO2,NA,NA,ppm,NA
17-JUN-2022 06:42,2022,6,420.94,418.47,CO2,NA,NA,ppm,NA
17-JUL-2022 17:17,2022,7,418.85,418.41,CO2,NA,NA,ppm,NA
17-AUG-2022 03:00,2022,8,417.15,419.03,CO2,NA,NA,ppm,NA
16-SEP-2022 12:42,2022,9,415.91,419.3,CO2,NA,NA,ppm,NA
16-OCT-2022 23:17,2022,10,415.74,418.97,CO2,NA,NA,ppm,NA
16-NOV-2022 09:00,2022,11,417.47,419.51,CO2,NA,NA,ppm,NA
16-DEC-2022 18:42,2022,12,418.99,419.79,CO2,NA,NA,ppm,NA
16-JAN-2023 05:17,2023,1,419.47,419.21,CO2,NA,NA,ppm,NA
15-FEB-2023 15:00,2023,2,420.31,419.43,CO2,NA,NA,ppm,NA
18-MAR-2023 00:42,2023,3,420.99,419.54,CO2,NA,NA,ppm,NA
17-APR-2023 11:17,2023,4,423.31,420.8,CO2,NA,NA,ppm,NA
17-MAY-2023 21:00,2023,5,424,420.76,CO2,NA,NA,ppm,NA
17-JUN-2023 06:42,2023,6,423.68,421.23,CO2,NA,NA,ppm,NA
17-JUL-2023 17:17,2023,7,421.83,421.41,CO2,NA,NA,ppm,NA
17-AUG-2023 03:00,2023,8,419.68,421.57,CO2,NA,NA,ppm,NA
16-SEP-2023 12:42,2023,9,418.5,421.9,CO2,NA,NA,ppm,NA
16-OCT-2023 23:17,2023,10,418.82,422.05,CO2,NA,NA,ppm,NA
16-NOV-2023 09:00,2023,11,420.46,422.44,CO2,NA,NA,ppm,NA
16-DEC-2023 18:42,2023,12,421.86,422.58,CO2,NA,NA,ppm,NA
16-JAN-2024 06:17,2024,1,422.8,422.55,CO2,NA,NA,ppm,NA
15-FEB-2024 18:00,2024,2,424.55,423.67,CO2,NA,NA,ppm,NA
17-MAR-2024 05:42,2024,3,425.38,423.94,CO2,NA,NA,ppm,NA
16-APR-2024 18:17,2024,4,426.51,424,CO2,NA,NA,ppm,NA
17-MAY-2024 06:00,2024,5,426.9,423.65,CO2,NA,NA,ppm,NA
16-JUN-2024 17:42,2024,6,426.91,424.46,CO2,NA,NA,ppm,NA
17-JUL-2024 06:17,2024,7,425.55,425.13,CO2,NA,NA,ppm,NA
16-AUG-2024 18:00,2024,8,422.99,424.88,CO2,NA,NA,ppm,NA
16-SEP-2024 05:42,2024,9,422.03,425.43,CO2,NA,NA,ppm,NA
16-OCT-2024 18:17,2024,10,422.38,425.61,CO2,NA,NA,ppm,NA
16-NOV-2024 06:00,2024,11,423.85,425.83,CO2,NA,NA,ppm,NA
16-DEC-2024 17:42,2024,12,425.4,426.13,CO2,NA,NA,ppm,NA
16-JAN-2025 05:17,2025,1,426.65,426.4,CO2,NA,NA,ppm,NA
15-FEB-2025 15:00,2025,2,427.09,426.21,CO2,NA,NA,ppm,NA
18-MAR-2025 00:42,2025,3,428.15,426.7,CO2,NA,NA,ppm,NA
17-APR-2025 11:17,2025,4,429.64,427.13,CO2,NA,NA,ppm,NA
17-MAY-2025 21:00,2025,5,430.51,427.26,CO2,NA,NA,ppm,NA
17-JUN-2025 06:42,2025,6,429.61,427.16,CO2,NA,NA,ppm,NA
17-JUL-2025 17:17,2025,7,427.87,427.45,CO2,NA,NA,ppm,NA
17-AUG-2025 03:00,2025,8,425.48,427.37,CO2,NA,NA,ppm,NA
16-SEP-2025 12:42,2025,9,424.37,427.77,CO2,NA,NA,ppm,NA
16-OCT-2025 23:17,2025,10,424.87,428.1,CO2,NA,NA,ppm,NA
16-NOV-2025 09:00,2025,11,426.46,428.43,CO2,NA,NA,ppm,NA
16-DEC-2025 18:42,2025,12,427.49,428.21,CO2,NA,NA,ppm,NA
16-JAN-2026 05:17,2026,1,428.62,428.37,CO2,NA,NA,ppm,NA
15-FEB-2026 15:00,2026,2,429.35,428.47,CO2,NA,NA,ppm,NA
08-JAN-1989 00:00,1989,1,8.113187,NA,pH,8.107175675619125,NA,pH,NA
27-MAR-1989 00:00,1989,3,8.082849,NA,pH,8.107021817241007,NA,pH,NA
24-AUG-1989 00:00,1989,8,8.099902,NA,pH,8.106867958862887,NA,pH,NA
18-OCT-1989 00:00,1989,10,8.101292,NA,pH,8.106714100484767,NA,pH,NA
05-JAN-1990 00:00,1990,1,8.118504,NA,pH,8.106560242106648,NA,pH,NA
19-MAR-1990 00:00,1990,3,8.105358,NA,pH,8.10640638372853,NA,pH,NA
13-JUN-1990 00:00,1990,6,8.112278,NA,pH,8.10625252535041,NA,pH,NA
25-JUL-1990 00:00,1990,7,8.114807,NA,pH,8.10609866697229,NA,pH,NA
18-DEC-1990 00:00,1990,12,8.105256,NA,pH,8.105944808594172,NA,pH,NA
03-FEB-1991 00:00,1991,2,8.102791,NA,pH,8.105790950216052,NA,pH,NA
07-MAR-1991 00:00,1991,3,8.099092,NA,pH,8.105637091837933,NA,pH,NA
10-APR-1991 00:00,1991,4,8.097557,NA,pH,8.105483233459813,NA,pH,NA
08-MAY-1991 00:00,1991,5,8.102033,NA,pH,8.105329375081695,NA,pH,NA
05-JUN-1991 00:00,1991,6,8.10773,NA,pH,8.105175516703575,NA,pH,NA
10-JUL-1991 00:00,1991,7,8.115978,NA,pH,8.105021658325455,NA,pH,NA
10-AUG-1991 00:00,1991,8,8.109969,NA,pH,8.104867799947336,NA,pH,NA
18-SEP-1991 00:00,1991,9,8.112619,NA,pH,8.104713941569218,NA,pH,NA
21-OCT-1991 00:00,1991,10,8.116722,NA,pH,8.104560083191098,NA,pH,NA
07-DEC-1991 00:00,1991,12,8.118956,NA,pH,8.104406224812978,NA,pH,NA
05-JAN-1992 00:00,1992,1,8.108183,NA,pH,8.10425236643486,NA,pH,NA
15-FEB-1992 00:00,1992,2,8.09609,NA,pH,8.10409850805674,NA,pH,NA
06-MAR-1992 00:00,1992,3,8.098877,NA,pH,8.10394464967862,NA,pH,NA
17-APR-1992 00:00,1992,4,8.088698,NA,pH,8.1037907913005,NA,pH,NA
09-JUN-1992 00:00,1992,6,8.122269,NA,pH,8.103636932922383,NA,pH,NA
05-JUL-1992 00:00,1992,7,8.098472,NA,pH,8.103483074544263,NA,pH,NA
05-AUG-1992 00:00,1992,8,8.109684,NA,pH,8.103329216166143,NA,pH,NA
23-SEP-1992 00:00,1992,9,8.112724,NA,pH,8.103175357788025,NA,pH,NA
20-OCT-1992 00:00,1992,10,8.110711,NA,pH,8.103021499409905,NA,pH,NA
24-NOV-1992 00:00,1992,11,8.108982,NA,pH,8.102867641031786,NA,pH,NA
16-DEC-1992 00:00,1992,12,8.115047,NA,pH,8.102713782653666,NA,pH,NA
20-JAN-1993 00:00,1993,1,8.09721,NA,pH,8.102559924275548,NA,pH,NA
17-FEB-1993 00:00,1993,2,8.11283,NA,pH,8.102406065897428,NA,pH,NA
15-APR-1993 00:00,1993,4,8.085548,NA,pH,8.102252207519308,NA,pH,NA
21-MAY-1993 00:00,1993,5,8.093206,NA,pH,8.102098349141189,NA,pH,NA
15-SEP-1993 00:00,1993,9,8.10713,NA,pH,8.10194449076307,NA,pH,NA
30-OCT-1993 00:00,1993,10,8.11067,NA,pH,8.101790632384951,NA,pH,NA
20-JAN-1994 00:00,1994,1,8.126782,NA,pH,8.101636774006831,NA,pH,NA
17-FEB-1994 00:00,1994,2,8.096045,NA,pH,8.101482915628713,NA,pH,NA
09-MAR-1994 00:00,1994,3,8.093057,NA,pH,8.101329057250593,NA,pH,NA
19-JUN-1994 00:00,1994,6,8.094534,NA,pH,8.101175198872474,NA,pH,NA
25-JUL-1994 00:00,1994,7,8.094427,NA,pH,8.101021340494354,NA,pH,NA
30-AUG-1994 00:00,1994,8,8.099073,NA,pH,8.100867482116236,NA,pH,NA
23-SEP-1994 00:00,1994,9,8.106876,NA,pH,8.100713623738116,NA,pH,NA
15-OCT-1994 00:00,1994,10,8.09897,NA,pH,8.100559765359996,NA,pH,NA
19-NOV-1994 00:00,1994,11,8.1047,NA,pH,8.100405906981878,NA,pH,NA
06-FEB-1995 00:00,1995,2,8.079518,NA,pH,8.100252048603759,NA,pH,NA
04-MAR-1995 00:00,1995,3,8.081787,NA,pH,8.100098190225639,NA,pH,NA
06-APR-1995 00:00,1995,4,8.073113,NA,pH,8.099944331847519,NA,pH,NA
07-MAY-1995 00:00,1995,5,8.087092,NA,pH,8.099790473469401,NA,pH,NA
30-JUL-1995 00:00,1995,7,8.101405,NA,pH,8.099636615091281,NA,pH,NA
29-AUG-1995 00:00,1995,8,8.10764,NA,pH,8.099482756713162,NA,pH,NA
26-SEP-1995 00:00,1995,9,8.112848,NA,pH,8.099328898335044,NA,pH,NA
27-OCT-1995 00:00,1995,10,8.115718,NA,pH,8.099175039956924,NA,pH,NA
17-NOV-1995 00:00,1995,11,8.119383,NA,pH,8.099021181578804,NA,pH,NA
17-JAN-1996 00:00,1996,1,8.10773,NA,pH,8.098867323200684,NA,pH,NA
27-MAR-1996 00:00,1996,3,NA,NA,pH,8.098713464822566,NA,pH,NA
24-APR-1996 00:00,1996,4,NA,NA,pH,8.098559606444447,NA,pH,NA
22-MAY-1996 00:00,1996,5,8.095008,NA,pH,8.098405748066327,NA,pH,NA
26-JUN-1996 00:00,1996,6,8.10093,NA,pH,8.098251889688207,NA,pH,NA
27-JUL-1996 00:00,1996,7,8.106965,NA,pH,8.098098031310089,NA,pH,NA
21-AUG-1996 00:00,1996,8,8.107875,NA,pH,8.09794417293197,NA,pH,NA
02-OCT-1996 00:00,1996,10,8.113261,NA,pH,8.09779031455385,NA,pH,NA
30-OCT-1996 00:00,1996,10,8.113334,NA,pH,8.097636456175731,NA,pH,NA
11-DEC-1996 00:00,1996,12,8.090854,NA,pH,8.097482597797612,NA,pH,NA
08-JAN-1997 00:00,1997,1,8.078654,NA,pH,8.097328739419492,NA,pH,NA
18-FEB-1997 00:00,1997,2,8.072234,NA,pH,8.097174881041372,NA,pH,NA
12-MAR-1997 00:00,1997,3,8.087757,NA,pH,8.097021022663254,NA,pH,NA
09-APR-1997 00:00,1997,4,8.091284,NA,pH,8.096867164285134,NA,pH,NA
07-MAY-1997 00:00,1997,5,8.09199,NA,pH,8.096713305907015,NA,pH,NA
04-JUN-1997 00:00,1997,6,8.10604,NA,pH,8.096559447528897,NA,pH,NA
09-JUL-1997 00:00,1997,7,8.097534,NA,pH,8.096405589150777,NA,pH,NA
02-AUG-1997 00:00,1997,8,8.102995,NA,pH,8.096251730772657,NA,pH,NA
25-SEP-1997 00:00,1997,9,8.109314,NA,pH,8.096097872394537,NA,pH,NA
05-DEC-1997 00:00,1997,12,8.103076,NA,pH,8.09594401401642,NA,pH,NA
11-JAN-1998 00:00,1998,1,8.087714,NA,pH,8.0957901556383,NA,pH,NA
19-FEB-1998 00:00,1998,2,8.081908,NA,pH,8.09563629726018,NA,pH,NA
18-MAR-1998 00:00,1998,3,8.097822,NA,pH,8.095482438882062,NA,pH,NA
15-APR-1998 00:00,1998,4,8.080772,NA,pH,8.095328580503942,NA,pH,NA
13-MAY-1998 00:00,1998,5,8.081999,NA,pH,8.095174722125822,NA,pH,NA
17-JUN-1998 00:00,1998,6,8.085788,NA,pH,8.095020863747703,NA,pH,NA
15-JUL-1998 00:00,1998,7,8.069359,NA,pH,8.094867005369585,NA,pH,NA
10-AUG-1998 00:00,1998,8,8.088048,NA,pH,8.094713146991465,NA,pH,NA
28-SEP-1998 00:00,1998,9,8.085466,NA,pH,8.094559288613345,NA,pH,NA
19-OCT-1998 00:00,1998,10,8.097762,NA,pH,8.094405430235225,NA,pH,NA
11-NOV-1998 00:00,1998,11,8.089959,NA,pH,8.094251571857107,NA,pH,NA
09-DEC-1998 00:00,1998,12,8.076391,NA,pH,8.094097713478988,NA,pH,NA
13-JAN-1999 00:00,1999,1,8.070665,NA,pH,8.093943855100868,NA,pH,NA
18-FEB-1999 00:00,1999,2,8.065768,NA,pH,8.09378999672275,NA,pH,NA
17-MAR-1999 00:00,1999,3,8.115991,NA,pH,8.09363613834463,NA,pH,NA
14-APR-1999 00:00,1999,4,8.081927,NA,pH,8.09348227996651,NA,pH,NA
10-MAY-1999 00:00,1999,5,8.081931,NA,pH,8.09332842158839,NA,pH,NA
14-JUL-1999 00:00,1999,7,8.101191,NA,pH,8.093174563210273,NA,pH,NA
13-AUG-1999 00:00,1999,8,8.086422,NA,pH,8.093020704832153,NA,pH,NA
15-OCT-1999 00:00,1999,10,8.083195,NA,pH,8.092866846454033,NA,pH,NA
09-NOV-1999 00:00,1999,11,8.092519,NA,pH,8.092712988075915,NA,pH,NA
15-DEC-1999 00:00,1999,12,8.076716,NA,pH,8.092559129697795,NA,pH,NA
03-FEB-2000 00:00,2000,2,8.076358,NA,pH,8.092405271319675,NA,pH,NA
01-MAR-2000 00:00,2000,3,8.058449,NA,pH,8.092251412941556,NA,pH,NA
29-MAR-2000 00:00,2000,3,8.071017,NA,pH,8.092097554563438,NA,pH,NA
26-APR-2000 00:00,2000,4,8.079405,NA,pH,8.091943696185318,NA,pH,NA
25-MAY-2000 00:00,2000,5,8.061762,NA,pH,8.091789837807198,NA,pH,NA
21-JUN-2000 00:00,2000,6,8.089841,NA,pH,8.091635979429078,NA,pH,NA
26-JUL-2000 00:00,2000,7,8.102724,NA,pH,8.09148212105096,NA,pH,NA
23-AUG-2000 00:00,2000,8,8.103453,NA,pH,8.09132826267284,NA,pH,NA
18-OCT-2000 00:00,2000,10,8.079372,NA,pH,8.091174404294721,NA,pH,NA
30-NOV-2000 00:00,2000,11,8.094105,NA,pH,8.091020545916603,NA,pH,NA
20-DEC-2000 00:00,2000,12,8.090794,NA,pH,8.090866687538483,NA,pH,NA
17-JAN-2001 00:00,2001,1,8.080466,NA,pH,8.090712829160363,NA,pH,NA
14-FEB-2001 00:00,2001,2,8.069471,NA,pH,8.090558970782244,NA,pH,NA
21-MAR-2001 00:00,2001,3,8.073048,NA,pH,8.090405112404126,NA,pH,NA
18-APR-2001 00:00,2001,4,8.073583,NA,pH,8.090251254026006,NA,pH,NA
16-MAY-2001 00:00,2001,5,8.080251,NA,pH,8.090097395647886,NA,pH,NA
14-JUN-2001 00:00,2001,6,8.103863,NA,pH,8.089943537269768,NA,pH,NA
11-JUL-2001 00:00,2001,7,8.106446,NA,pH,8.089789678891648,NA,pH,NA
08-AUG-2001 00:00,2001,8,8.087791,NA,pH,8.089635820513529,NA,pH,NA
02-OCT-2001 00:00,2001,10,8.089172,NA,pH,8.089481962135409,NA,pH,NA
23-OCT-2001 00:00,2001,10,8.099814,NA,pH,8.08932810375729,NA,pH,NA
17-NOV-2001 00:00,2001,11,8.091858,NA,pH,8.089174245379171,NA,pH,NA
14-DEC-2001 00:00,2001,12,8.088475,NA,pH,8.089020387001051,NA,pH,NA
16-JAN-2002 00:00,2002,1,8.078155,NA,pH,8.088866528622933,NA,pH,NA
21-FEB-2002 00:00,2002,2,8.087096,NA,pH,8.088712670244814,NA,pH,NA
13-MAR-2002 00:00,2002,3,8.071004,NA,pH,8.088558811866694,NA,pH,NA
21-MAY-2002 00:00,2002,5,8.074996,NA,pH,8.088404953488574,NA,pH,NA
29-JUN-2002 00:00,2002,6,8.081175,NA,pH,8.088251095110456,NA,pH,NA
28-AUG-2002 00:00,2002,8,8.089032,NA,pH,8.088097236732336,NA,pH,NA
07-OCT-2002 00:00,2002,10,8.105983,NA,pH,8.087943378354217,NA,pH,NA
04-NOV-2002 00:00,2002,11,8.104322,NA,pH,8.087789519976097,NA,pH,NA
25-NOV-2002 00:00,2002,11,8.095959,NA,pH,8.087635661597979,NA,pH,NA
19-DEC-2002 00:00,2002,12,8.089011,NA,pH,8.087481803219859,NA,pH,NA
17-JAN-2003 00:00,2003,1,8.089097,NA,pH,8.08732794484174,NA,pH,NA
26-FEB-2003 00:00,2003,2,8.083023,NA,pH,8.087174086463621,NA,pH,NA
29-MAR-2003 00:00,2003,3,8.08611,NA,pH,8.087020228085501,NA,pH,NA
24-APR-2003 00:00,2003,4,8.089208,NA,pH,8.086866369707382,NA,pH,NA
21-MAY-2003 00:00,2003,5,8.090824,NA,pH,8.086712511329262,NA,pH,NA
20-JUN-2003 00:00,2003,6,8.096236,NA,pH,8.086558652951144,NA,pH,NA
20-JUL-2003 00:00,2003,7,8.100253,NA,pH,8.086404794573024,NA,pH,NA
21-AUG-2003 00:00,2003,8,8.102939,NA,pH,8.086250936194904,NA,pH,NA
15-OCT-2003 00:00,2003,10,8.115604,NA,pH,8.086097077816786,NA,pH,NA
10-NOV-2003 00:00,2003,11,8.114032,NA,pH,8.085943219438667,NA,pH,NA
20-DEC-2003 00:00,2003,12,8.095248,NA,pH,8.085789361060547,NA,pH,NA
22-JAN-2004 00:00,2004,1,8.087091,NA,pH,8.085635502682427,NA,pH,NA
25-FEB-2004 00:00,2004,2,8.099055,NA,pH,8.08548164430431,NA,pH,NA
20-MAR-2004 00:00,2004,3,8.097146,NA,pH,8.08532778592619,NA,pH,NA
21-APR-2004 00:00,2004,4,8.08381,NA,pH,8.08517392754807,NA,pH,NA
19-MAY-2004 00:00,2004,5,8.088046,NA,pH,8.08502006916995,NA,pH,NA
16-JUN-2004 00:00,2004,6,8.089665,NA,pH,8.084866210791832,NA,pH,NA
13-JUL-2004 00:00,2004,7,8.089991,NA,pH,8.084712352413712,NA,pH,NA
16-AUG-2004 00:00,2004,8,8.094845,NA,pH,8.084558494035592,NA,pH,NA
29-SEP-2004 00:00,2004,9,8.104304,NA,pH,8.084404635657474,NA,pH,NA
31-OCT-2004 00:00,2004,10,8.100355,NA,pH,8.084250777279355,NA,pH,NA
28-NOV-2004 00:00,2004,11,8.110317,NA,pH,8.084096918901235,NA,pH,NA
21-DEC-2004 00:00,2004,12,8.102627,NA,pH,8.083943060523115,NA,pH,NA
02-FEB-2005 00:00,2005,2,8.081234,NA,pH,8.083789202144997,NA,pH,NA
05-MAR-2005 00:00,2005,3,8.088101,NA,pH,8.083635343766877,NA,pH,NA
18-MAY-2005 00:00,2005,5,8.0887,NA,pH,8.083481485388758,NA,pH,NA
15-JUN-2005 00:00,2005,6,8.085773,NA,pH,8.08332762701064,NA,pH,NA
17-JUL-2005 00:00,2005,7,8.078964,NA,pH,8.08317376863252,NA,pH,NA
14-AUG-2005 00:00,2005,8,8.094795,NA,pH,8.0830199102544,NA,pH,NA
10-SEP-2005 00:00,2005,9,8.088696,NA,pH,8.08286605187628,NA,pH,NA
09-OCT-2005 00:00,2005,10,8.09463,NA,pH,8.082712193498162,NA,pH,NA
12-NOV-2005 00:00,2005,11,8.08727,NA,pH,8.082558335120043,NA,pH,NA
13-DEC-2005 00:00,2005,12,8.087402,NA,pH,8.082404476741923,NA,pH,NA
25-JAN-2006 00:00,2006,1,8.094604,NA,pH,8.082250618363805,NA,pH,NA
15-FEB-2006 00:00,2006,2,8.069681,NA,pH,8.082096759985685,NA,pH,NA
10-MAR-2006 00:00,2006,3,8.083368,NA,pH,8.081942901607565,NA,pH,NA
02-APR-2006 00:00,2006,4,8.081378,NA,pH,8.081789043229445,NA,pH,NA
27-MAY-2006 00:00,2006,5,8.069025,NA,pH,8.081635184851327,NA,pH,NA
14-JUN-2006 00:00,2006,6,8.074162,NA,pH,8.081481326473208,NA,pH,NA
13-JUL-2006 00:00,2006,7,8.082702,NA,pH,8.081327468095088,NA,pH,NA
09-AUG-2006 00:00,2006,8,8.089359,NA,pH,8.081173609716968,NA,pH,NA
16-SEP-2006 00:00,2006,9,8.098929,NA,pH,8.08101975133885,NA,pH,NA
21-OCT-2006 00:00,2006,10,8.086596,NA,pH,8.08086589296073,NA,pH,NA
09-NOV-2006 00:00,2006,11,8.090949,NA,pH,8.08071203458261,NA,pH,NA
10-DEC-2006 00:00,2006,12,8.090459,NA,pH,8.080558176204493,NA,pH,NA
07-FEB-2007 00:00,2007,2,8.085236,NA,pH,8.080404317826373,NA,pH,NA
21-MAR-2007 00:00,2007,3,8.073533,NA,pH,8.080250459448253,NA,pH,NA
05-MAY-2007 00:00,2007,5,8.072873,NA,pH,8.080096601070133,NA,pH,NA
10-JUN-2007 00:00,2007,6,NA,NA,pH,8.079942742692015,NA,pH,NA
08-JUL-2007 00:00,2007,7,8.072419,NA,pH,8.079788884313896,NA,pH,NA
04-AUG-2007 00:00,2007,8,8.084817,NA,pH,8.079635025935776,NA,pH,NA
03-SEP-2007 00:00,2007,9,8.084494,NA,pH,8.079481167557658,NA,pH,NA
03-OCT-2007 00:00,2007,10,8.080436,NA,pH,8.079327309179538,NA,pH,NA
02-DEC-2007 00:00,2007,12,8.068093,NA,pH,8.079173450801418,NA,pH,NA
21-DEC-2007 00:00,2007,12,8.0793,NA,pH,8.079019592423299,NA,pH,NA
30-JAN-2008 00:00,2008,1,8.068538,NA,pH,8.07886573404518,NA,pH,NA
24-FEB-2008 00:00,2008,2,8.072966,NA,pH,8.07871187566706,NA,pH,NA
28-MAY-2008 00:00,2008,5,8.060955,NA,pH,8.078558017288941,NA,pH,NA
26-JUN-2008 00:00,2008,6,8.082226,NA,pH,8.078404158910823,NA,pH,NA
27-JUL-2008 00:00,2008,7,8.073559,NA,pH,8.078250300532703,NA,pH,NA
17-AUG-2008 00:00,2008,8,8.086436,NA,pH,8.078096442154584,NA,pH,NA
11-OCT-2008 00:00,2008,10,8.104114,NA,pH,8.077942583776464,NA,pH,NA
01-DEC-2008 00:00,2008,12,8.082076,NA,pH,8.077788725398346,NA,pH,NA
21-JAN-2009 00:00,2009,1,8.080628,NA,pH,8.077634867020226,NA,pH,NA
18-FEB-2009 00:00,2009,2,8.069724,NA,pH,8.077481008642106,NA,pH,NA
29-APR-2009 00:00,2009,4,8.058364,NA,pH,8.077327150263987,NA,pH,NA
28-MAY-2009 00:00,2009,5,8.06516,NA,pH,8.077173291885869,NA,pH,NA
04-JUL-2009 00:00,2009,7,8.076406,NA,pH,8.077019433507749,NA,pH,NA
25-JUL-2009 00:00,2009,7,8.068872,NA,pH,8.076865575129629,NA,pH,NA
19-AUG-2009 00:00,2009,8,8.081758,NA,pH,8.076711716751511,NA,pH,NA
25-SEP-2009 00:00,2009,9,8.08097,NA,pH,8.076557858373391,NA,pH,NA
04-NOV-2009 00:00,2009,11,8.088485,NA,pH,8.076403999995271,NA,pH,NA
10-DEC-2009 00:00,2009,12,8.073699,NA,pH,8.076250141617152,NA,pH,NA
10-MAR-2010 00:00,2010,3,8.076083,NA,pH,8.076096283239034,NA,pH,NA
07-APR-2010 00:00,2010,4,8.079739,NA,pH,8.075942424860914,NA,pH,NA
19-MAY-2010 00:00,2010,5,8.075632,NA,pH,8.075788566482794,NA,pH,NA
09-JUN-2010 00:00,2010,6,8.073037,NA,pH,8.075634708104676,NA,pH,NA
09-JUL-2010 00:00,2010,7,8.092683,NA,pH,8.075480849726556,NA,pH,NA
08-AUG-2010 00:00,2010,8,8.086592,NA,pH,8.075326991348437,NA,pH,NA
04-SEP-2010 00:00,2010,9,8.07835,NA,pH,8.075173132970317,NA,pH,NA
04-OCT-2010 00:00,2010,10,8.083693,NA,pH,8.075019274592199,NA,pH,NA
21-NOV-2010 00:00,2010,11,8.072299,NA,pH,8.07486541621408,NA,pH,NA
29-JAN-2011 00:00,2011,1,8.072945,NA,pH,8.07471155783596,NA,pH,NA
01-MAR-2011 00:00,2011,3,8.081753,NA,pH,8.07455769945784,NA,pH,NA
12-APR-2011 00:00,2011,4,8.072117,NA,pH,8.074403841079722,NA,pH,NA
10-MAY-2011 00:00,2011,5,8.073146,NA,pH,8.074249982701602,NA,pH,NA
20-JUL-2011 00:00,2011,7,8.070421,NA,pH,8.074096124323482,NA,pH,NA
30-AUG-2011 00:00,2011,8,8.087722,NA,pH,8.073942265945364,NA,pH,NA
27-SEP-2011 00:00,2011,9,8.086433,NA,pH,8.073788407567244,NA,pH,NA
05-NOV-2011 00:00,2011,11,8.084011,NA,pH,8.073634549189125,NA,pH,NA
29-NOV-2011 00:00,2011,11,8.07753,NA,pH,8.073480690811005,NA,pH,NA
20-DEC-2011 00:00,2011,12,8.072506,NA,pH,8.073326832432887,NA,pH,NA
19-JAN-2012 00:00,2012,1,8.070388,NA,pH,8.073172974054767,NA,pH,NA
25-MAR-2012 00:00,2012,3,8.062975,NA,pH,8.073019115676647,NA,pH,NA
02-MAY-2012 00:00,2012,5,8.056483,NA,pH,8.07286525729853,NA,pH,NA
31-MAY-2012 00:00,2012,5,8.059978,NA,pH,8.07271139892041,NA,pH,NA
27-JUN-2012 00:00,2012,6,8.060028,NA,pH,8.07255754054229,NA,pH,NA
01-AUG-2012 00:00,2012,8,8.058476,NA,pH,8.07240368216417,NA,pH,NA
18-AUG-2012 00:00,2012,8,8.055382,NA,pH,8.072249823786052,NA,pH,NA
15-SEP-2012 00:00,2012,9,8.058376,NA,pH,8.072095965407932,NA,pH,NA
08-OCT-2012 00:00,2012,10,8.068051,NA,pH,8.071942107029813,NA,pH,NA
04-DEC-2012 00:00,2012,12,8.069613,NA,pH,8.071788248651695,NA,pH,NA
13-FEB-2013 00:00,2013,2,8.058428,NA,pH,8.071634390273575,NA,pH,NA
07-MAR-2013 00:00,2013,3,8.053147,NA,pH,8.071480531895455,NA,pH,NA
06-APR-2013 00:00,2013,4,8.051696,NA,pH,8.071326673517335,NA,pH,NA
18-MAY-2013 00:00,2013,5,8.053134,NA,pH,8.071172815139217,NA,pH,NA
26-JUN-2013 00:00,2013,6,8.062803,NA,pH,8.071018956761097,NA,pH,NA
12-SEP-2013 00:00,2013,9,8.082416,NA,pH,8.070865098382978,NA,pH,NA
02-OCT-2013 00:00,2013,10,8.080138,NA,pH,8.070711240004858,NA,pH,NA
28-OCT-2013 00:00,2013,10,8.080138,NA,pH,8.07055738162674,NA,pH,NA
27-NOV-2013 00:00,2013,11,8.086108,NA,pH,8.07040352324862,NA,pH,NA
21-DEC-2013 00:00,2013,12,8.084826,NA,pH,8.0702496648705,NA,pH,NA
16-JAN-2014 00:00,2014,1,8.067006,NA,pH,8.070095806492382,NA,pH,NA
15-FEB-2014 00:00,2014,2,8.068155,NA,pH,8.069941948114263,NA,pH,NA
06-MAR-2014 00:00,2014,3,8.070035,NA,pH,8.069788089736143,NA,pH,NA
11-APR-2014 00:00,2014,4,8.063851,NA,pH,8.069634231358023,NA,pH,NA
01-JUN-2014 00:00,2014,6,8.077234,NA,pH,8.069480372979905,NA,pH,NA
01-JUL-2014 00:00,2014,7,8.073313,NA,pH,8.069326514601785,NA,pH,NA
15-SEP-2014 00:00,2014,9,8.07568,NA,pH,8.069172656223666,NA,pH,NA
14-OCT-2014 00:00,2014,10,8.089985,NA,pH,8.069018797845548,NA,pH,NA
22-NOV-2014 00:00,2014,11,8.088038,NA,pH,8.068864939467428,NA,pH,NA
17-DEC-2014 00:00,2014,12,8.071536,NA,pH,8.068711081089308,NA,pH,NA
25-FEB-2015 00:00,2015,2,8.065917,NA,pH,8.068557222711188,NA,pH,NA
29-MAR-2015 00:00,2015,3,8.059535,NA,pH,8.06840336433307,NA,pH,NA
22-APR-2015 00:00,2015,4,8.075902,NA,pH,8.06824950595495,NA,pH,NA
24-MAY-2015 00:00,2015,5,8.069743,NA,pH,8.06809564757683,NA,pH,NA
20-JUN-2015 00:00,2015,6,8.06718,NA,pH,8.067941789198711,NA,pH,NA
20-JUL-2015 00:00,2015,7,8.071143,NA,pH,8.067787930820593,NA,pH,NA
13-AUG-2015 00:00,2015,8,8.08725,NA,pH,8.067634072442473,NA,pH,NA
14-OCT-2015 00:00,2015,10,8.079322,NA,pH,8.067480214064354,NA,pH,NA
14-NOV-2015 00:00,2015,11,8.083174,NA,pH,8.067326355686236,NA,pH,NA
09-DEC-2015 00:00,2015,12,8.082859,NA,pH,8.067172497308116,NA,pH,NA
13-JAN-2016 00:00,2016,1,8.080105,NA,pH,8.067018638929996,NA,pH,NA
10-FEB-2016 00:00,2016,2,8.074242,NA,pH,8.066864780551876,NA,pH,NA
09-MAR-2016 00:00,2016,3,8.072294,NA,pH,8.066710922173758,NA,pH,NA
15-APR-2016 00:00,2016,4,8.064809,NA,pH,8.066557063795639,NA,pH,NA
29-MAY-2016 00:00,2016,5,8.073457,NA,pH,8.066403205417519,NA,pH,NA
12-JUL-2016 00:00,2016,7,8.068111,NA,pH,8.0662493470394,NA,pH,NA
10-AUG-2016 00:00,2016,8,8.075192,NA,pH,8.066095488661281,NA,pH,NA
16-OCT-2016 00:00,2016,10,8.074387,NA,pH,8.065941630283161,NA,pH,NA
27-NOV-2016 00:00,2016,11,8.068016,NA,pH,8.065787771905041,NA,pH,NA
24-JAN-2017 00:00,2017,1,8.049675,NA,pH,8.065633913526923,NA,pH,NA
23-FEB-2017 00:00,2017,2,8.052955,NA,pH,8.065480055148804,NA,pH,NA
29-MAR-2017 00:00,2017,3,8.064332,NA,pH,8.065326196770684,NA,pH,NA
26-APR-2017 00:00,2017,4,8.063944,NA,pH,8.065172338392566,NA,pH,NA
24-MAY-2017 00:00,2017,5,8.067113,NA,pH,8.065018480014446,NA,pH,NA
21-JUN-2017 00:00,2017,6,8.06471,NA,pH,8.064864621636326,NA,pH,NA
09-AUG-2017 00:00,2017,8,8.078624,NA,pH,8.064710763258207,NA,pH,NA
07-OCT-2017 00:00,2017,10,8.0793,NA,pH,8.064556904880089,NA,pH,NA
09-NOV-2017 00:00,2017,11,8.081305,NA,pH,8.064403046501969,NA,pH,NA
13-DEC-2017 00:00,2017,12,8.067376,NA,pH,8.06424918812385,NA,pH,NA
18-JAN-2018 00:00,2018,1,NA,NA,pH,8.06409532974573,NA,pH,NA
26-FEB-2018 00:00,2018,2,8.054882,NA,pH,8.063941471367611,NA,pH,NA
18-APR-2018 00:00,2018,4,8.05439,NA,pH,8.063787612989492,NA,pH,NA
16-MAY-2018 00:00,2018,5,8.06197,NA,pH,8.063633754611372,NA,pH,NA
27-JUN-2018 00:00,2018,6,8.067732,NA,pH,8.063479896233254,NA,pH,NA
25-JUL-2018 00:00,2018,7,8.071259,NA,pH,8.063326037855134,NA,pH,NA
11-SEP-2018 00:00,2018,9,8.060242,NA,pH,8.063172179477014,NA,pH,NA
13-OCT-2018 00:00,2018,10,8.072583,NA,pH,8.063018321098895,NA,pH,NA
17-NOV-2018 00:00,2018,11,8.071003,NA,pH,8.062864462720777,NA,pH,NA
11-DEC-2018 00:00,2018,12,NA,NA,pH,8.062710604342657,NA,pH,NA
16-JAN-2019 00:00,2019,1,8.059778,NA,pH,8.062556745964537,NA,pH,NA
20-FEB-2019 00:00,2019,2,8.0465,NA,pH,8.062402887586419,NA,pH,NA
03-MAY-2019 00:00,2019,5,8.045938,NA,pH,8.0622490292083,NA,pH,NA
12-JUN-2019 00:00,2019,6,8.055537,NA,pH,8.06209517083018,NA,pH,NA
02-JUL-2019 00:00,2019,7,8.062551,NA,pH,8.06194131245206,NA,pH,NA
03-AUG-2019 00:00,2019,8,8.058932,NA,pH,8.061787454073942,NA,pH,NA
05-SEP-2019 00:00,2019,9,8.070158,NA,pH,8.061633595695822,NA,pH,NA
18-OCT-2019 00:00,2019,10,8.083355,NA,pH,8.061479737317702,NA,pH,NA
19-DEC-2019 00:00,2019,12,8.062876,NA,pH,8.061325878939584,NA,pH,NA
08-JAN-2020 00:00,2020,1,8.069879,NA,pH,8.061172020561465,NA,pH,NA
31-JAN-2020 00:00,2020,1,8.051304,NA,pH,8.061018162183345,NA,pH,NA
16-JUL-2020 00:00,2020,7,8.063452,NA,pH,8.060864303805225,NA,pH,NA
08-AUG-2020 00:00,2020,8,8.071419,NA,pH,8.060710445427107,NA,pH,NA
01-SEP-2020 00:00,2020,9,8.07564,NA,pH,8.060556587048987,NA,pH,NA
27-SEP-2020 00:00,2020,9,8.074209,NA,pH,8.060402728670867,NA,pH,NA
19-NOV-2020 00:00,2020,11,8.077223,NA,pH,8.060248870292748,NA,pH,NA
19-DEC-2020 00:00,2020,12,8.07033,NA,pH,8.06009501191463,NA,pH,NA
13-JAN-2021 00:00,2021,1,8.068637,NA,pH,8.05994115353651,NA,pH,NA
17-FEB-2021 00:00,2021,2,8.067359,NA,pH,8.05978729515839,NA,pH,NA
24-MAR-2021 00:00,2021,3,8.043985,NA,pH,8.059633436780272,NA,pH,NA
14-APR-2021 00:00,2021,4,8.049343,NA,pH,8.059479578402152,NA,pH,NA
17-MAY-2021 00:00,2021,5,8.042362,NA,pH,8.059325720024033,NA,pH,NA
23-JUN-2021 00:00,2021,6,8.050629,NA,pH,8.059171861645913,NA,pH,NA
17-JUL-2021 00:00,2021,7,8.057215,NA,pH,8.059018003267795,NA,pH,NA
29-OCT-2021 00:00,2021,10,8.059336,NA,pH,8.058864144889675,NA,pH,NA
05-DEC-2021 00:00,2021,12,8.048397,NA,pH,8.058710286511555,NA,pH,NA
28-MAR-2022 00:00,2022,3,8.047077,NA,pH,8.058556428133437,NA,pH,NA
27-MAY-2022 00:00,2022,5,8.034208,NA,pH,8.058402569755318,NA,pH,NA
10-JUL-2022 00:00,2022,7,8.05794,NA,pH,8.058248711377198,NA,pH,NA
31-JUL-2022 00:00,2022,7,8.052382,NA,pH,8.058094852999078,NA,pH,NA
01-SEP-2022 00:00,2022,9,8.057348,NA,pH,8.05794099462096,NA,pH,NA
24-JAN-2023 00:00,2023,1,8.049296,NA,pH,8.05778713624284,NA,pH,NA
29-MAR-2023 00:00,2023,3,8.031798,NA,pH,8.05763327786472,NA,pH,NA
27-MAY-2023 00:00,2023,5,8.026276,NA,pH,8.0574794194866,NA,pH,NA
11-AUG-2023 00:00,2023,8,8.045364,NA,pH,8.057325561108483,NA,pH,NA
17-SEP-2023 00:00,2023,9,8.059327,NA,pH,8.057171702730363,NA,pH,NA
09-OCT-2023 00:00,2023,10,8.063005,NA,pH,8.057017844352243,NA,pH,NA
06-NOV-2023 00:00,2023,11,8.057886,NA,pH,8.056863985974125,NA,pH,NA
29-NOV-2023 00:00,2023,11,8.046489,NA,pH,8.056710127596006,NA,pH,NA
28-DEC-2023 00:00,2023,12,8.038747,NA,pH,8.056556269217886,NA,pH,NA
03-APR-2024 00:00,2024,4,8.037763,NA,pH,8.056402410839766,NA,pH,NA
29-APR-2024 00:00,2024,4,8.036569,NA,pH,8.056248552461648,NA,pH,NA
18-JUL-2024 00:00,2024,7,8.044224,NA,pH,8.056094694083528,NA,pH,NA
18-AUG-2024 00:00,2024,8,8.05462,NA,pH,8.055940835705409,NA,pH,NA
08-SEP-2024 00:00,2024,9,8.069025,NA,pH,8.05578697732729,NA,pH,NA
12-OCT-2024 00:00,2024,10,8.054777,NA,pH,8.05563311894917,NA,pH,NA
20-DEC-2024 00:00,2024,12,8.05941,NA,pH,8.055479260571051,NA,pH,NA
15-1-1950 00:00,1950,1,-1.53,NA,ENSO,NA,NA,Oceanic Nino Index,NA
15-2-1950 00:00,1950,2,-1.34,NA,ENSO,NA,NA,Oceanic Nino Index,NA
15-3-1950 00:00,1950,3,-1.16,NA,ENSO,NA,NA,Oceanic Nino Index,NA
15-4-1950 00:00,1950,4,-1.18,NA,ENSO,NA,NA,Oceanic Nino Index,NA
15-5-1950 00:00,1950,5,-1.07,NA,ENSO,NA,NA,Oceanic Nino Index,NA
15-6-1950 00:00,1950,6,-0.85,NA,ENSO,NA,NA,Oceanic Nino Index,NA
15-7-1950 00:00,1950,7,-0.54,NA,ENSO,NA,NA,Oceanic Nino Index,NA
15-8-1950 00:00,1950,8,-0.42,NA,ENSO,NA,NA,Oceanic Nino Index,NA
15-9-1950 00:00,1950,9,-0.39,NA,ENSO,NA,NA,Oceanic Nino Index,NA
15-10-1950 00:00,1950,10,-0.44,NA,ENSO,NA,NA,Oceanic Nino Index,NA
15-11-1950 00:00,1950,11,-0.6,NA,ENSO,NA,NA,Oceanic Nino Index,NA
15-12-1950 00:00,1950,12,-0.8,NA,ENSO,NA,NA,Oceanic Nino Index,NA
15-1-1951 00:00,1951,1,-0.82,NA,ENSO,NA,NA,Oceanic Nino Index,NA
15-2-1951 00:00,1951,2,-0.54,NA,ENSO,NA,NA,Oceanic Nino Index,NA
15-3-1951 00:00,1951,3,-0.17,NA,ENSO,NA,NA,Oceanic Nino Index,NA
15-4-1951 00:00,1951,4,0.18,NA,ENSO,NA,NA,Oceanic Nino Index,NA
15-5-1951 00:00,1951,5,0.36,NA,ENSO,NA,NA,Oceanic Nino Index,NA
15-6-1951 00:00,1951,6,0.58,NA,ENSO,NA,NA,Oceanic Nino Index,NA
15-7-1951 00:00,1951,7,0.7,NA,ENSO,NA,NA,Oceanic Nino Index,NA
15-8-1951 00:00,1951,8,0.89,NA,ENSO,NA,NA,Oceanic Nino Index,NA
15-9-1951 00:00,1951,9,0.99,NA,ENSO,NA,NA,Oceanic Nino Index,NA
15-10-1951 00:00,1951,10,1.15,NA,ENSO,NA,NA,Oceanic Nino Index,NA
15-11-1951 00:00,1951,11,1.04,NA,ENSO,NA,NA,Oceanic Nino Index,NA
15-12-1951 00:00,1951,12,0.81,NA,ENSO,NA,NA,Oceanic Nino Index,NA
15-1-1952 00:00,1952,1,0.53,NA,ENSO,NA,NA,Oceanic Nino Index,NA
15-2-1952 00:00,1952,2,0.37,NA,ENSO,NA,NA,Oceanic Nino Index,NA
15-3-1952 00:00,1952,3,0.34,NA,ENSO,NA,NA,Oceanic Nino Index,NA
15-4-1952 00:00,1952,4,0.29,NA,ENSO,NA,NA,Oceanic Nino Index,NA
15-5-1952 00:00,1952,5,0.2,NA,ENSO,NA,NA,Oceanic Nino Index,NA
15-6-1952 00:00,1952,6,0,NA,ENSO,NA,NA,Oceanic Nino Index,NA
15-7-1952 00:00,1952,7,-0.08,NA,ENSO,NA,NA,Oceanic Nino Index,NA
15-8-1952 00:00,1952,8,0,NA,ENSO,NA,NA,Oceanic Nino Index,NA
15-9-1952 00:00,1952,9,0.15,NA,ENSO,NA,NA,Oceanic Nino Index,NA
15-10-1952 00:00,1952,10,0.1,NA,ENSO,NA,NA,Oceanic Nino Index,NA
15-11-1952 00:00,1952,11,0.04,NA,ENSO,NA,NA,Oceanic Nino Index,NA
15-12-1952 00:00,1952,12,0.15,NA,ENSO,NA,NA,Oceanic Nino Index,NA
15-1-1953 00:00,1953,1,0.4,NA,ENSO,NA,NA,Oceanic Nino Index,NA
15-2-1953 00:00,1953,2,0.6,NA,ENSO,NA,NA,Oceanic Nino Index,NA
15-3-1953 00:00,1953,3,0.63,NA,ENSO,NA,NA,Oceanic Nino Index,NA
15-4-1953 00:00,1953,4,0.66,NA,ENSO,NA,NA,Oceanic Nino Index,NA
15-5-1953 00:00,1953,5,0.75,NA,ENSO,NA,NA,Oceanic Nino Index,NA
15-6-1953 00:00,1953,6,0.77,NA,ENSO,NA,NA,Oceanic Nino Index,NA
15-7-1953 00:00,1953,7,0.75,NA,ENSO,NA,NA,Oceanic Nino Index,NA
15-8-1953 00:00,1953,8,0.73,NA,ENSO,NA,NA,Oceanic Nino Index,NA
15-9-1953 00:00,1953,9,0.78,NA,ENSO,NA,NA,Oceanic Nino Index,NA
15-10-1953 00:00,1953,10,0.84,NA,ENSO,NA,NA,Oceanic Nino Index,NA
15-11-1953 00:00,1953,11,0.84,NA,ENSO,NA,NA,Oceanic Nino Index,NA
15-12-1953 00:00,1953,12,0.81,NA,ENSO,NA,NA,Oceanic Nino Index,NA
15-1-1954 00:00,1954,1,0.76,NA,ENSO,NA,NA,Oceanic Nino Index,NA
15-2-1954 00:00,1954,2,0.47,NA,ENSO,NA,NA,Oceanic Nino Index,NA
15-3-1954 00:00,1954,3,-0.05,NA,ENSO,NA,NA,Oceanic Nino Index,NA
15-4-1954 00:00,1954,4,-0.41,NA,ENSO,NA,NA,Oceanic Nino Index,NA
15-5-1954 00:00,1954,5,-0.54,NA,ENSO,NA,NA,Oceanic Nino Index,NA
15-6-1954 00:00,1954,6,-0.5,NA,ENSO,NA,NA,Oceanic Nino Index,NA
15-7-1954 00:00,1954,7,-0.64,NA,ENSO,NA,NA,Oceanic Nino Index,NA
15-8-1954 00:00,1954,8,-0.84,NA,ENSO,NA,NA,Oceanic Nino Index,NA
15-9-1954 00:00,1954,9,-0.9,NA,ENSO,NA,NA,Oceanic Nino Index,NA
15-10-1954 00:00,1954,10,-0.77,NA,ENSO,NA,NA,Oceanic Nino Index,NA
15-11-1954 00:00,1954,11,-0.73,NA,ENSO,NA,NA,Oceanic Nino Index,NA
15-12-1954 00:00,1954,12,-0.66,NA,ENSO,NA,NA,Oceanic Nino Index,NA
15-1-1955 00:00,1955,1,-0.68,NA,ENSO,NA,NA,Oceanic Nino Index,NA
15-2-1955 00:00,1955,2,-0.62,NA,ENSO,NA,NA,Oceanic Nino Index,NA
15-3-1955 00:00,1955,3,-0.69,NA,ENSO,NA,NA,Oceanic Nino Index,NA
15-4-1955 00:00,1955,4,-0.8,NA,ENSO,NA,NA,Oceanic Nino Index,NA
15-5-1955 00:00,1955,5,-0.79,NA,ENSO,NA,NA,Oceanic Nino Index,NA
15-6-1955 00:00,1955,6,-0.72,NA,ENSO,NA,NA,Oceanic Nino Index,NA
15-7-1955 00:00,1955,7,-0.68,NA,ENSO,NA,NA,Oceanic Nino Index,NA
15-8-1955 00:00,1955,8,-0.75,NA,ENSO,NA,NA,Oceanic Nino Index,NA
15-9-1955 00:00,1955,9,-1.09,NA,ENSO,NA,NA,Oceanic Nino Index,NA
15-10-1955 00:00,1955,10,-1.42,NA,ENSO,NA,NA,Oceanic Nino Index,NA
15-11-1955 00:00,1955,11,-1.67,NA,ENSO,NA,NA,Oceanic Nino Index,NA
15-12-1955 00:00,1955,12,-1.47,NA,ENSO,NA,NA,Oceanic Nino Index,NA
15-1-1956 00:00,1956,1,-1.11,NA,ENSO,NA,NA,Oceanic Nino Index,NA
15-2-1956 00:00,1956,2,-0.76,NA,ENSO,NA,NA,Oceanic Nino Index,NA
15-3-1956 00:00,1956,3,-0.63,NA,ENSO,NA,NA,Oceanic Nino Index,NA
15-4-1956 00:00,1956,4,-0.54,NA,ENSO,NA,NA,Oceanic Nino Index,NA
15-5-1956 00:00,1956,5,-0.52,NA,ENSO,NA,NA,Oceanic Nino Index,NA
15-6-1956 00:00,1956,6,-0.51,NA,ENSO,NA,NA,Oceanic Nino Index,NA
15-7-1956 00:00,1956,7,-0.57,NA,ENSO,NA,NA,Oceanic Nino Index,NA
15-8-1956 00:00,1956,8,-0.55,NA,ENSO,NA,NA,Oceanic Nino Index,NA
15-9-1956 00:00,1956,9,-0.46,NA,ENSO,NA,NA,Oceanic Nino Index,NA
15-10-1956 00:00,1956,10,-0.42,NA,ENSO,NA,NA,Oceanic Nino Index,NA
15-11-1956 00:00,1956,11,-0.43,NA,ENSO,NA,NA,Oceanic Nino Index,NA
15-12-1956 00:00,1956,12,-0.43,NA,ENSO,NA,NA,Oceanic Nino Index,NA
15-1-1957 00:00,1957,1,-0.25,NA,ENSO,NA,NA,Oceanic Nino Index,NA
15-2-1957 00:00,1957,2,0.06,NA,ENSO,NA,NA,Oceanic Nino Index,NA
15-3-1957 00:00,1957,3,0.41,NA,ENSO,NA,NA,Oceanic Nino Index,NA
15-4-1957 00:00,1957,4,0.72,NA,ENSO,NA,NA,Oceanic Nino Index,NA
15-5-1957 00:00,1957,5,0.92,NA,ENSO,NA,NA,Oceanic Nino Index,NA
15-6-1957 00:00,1957,6,1.11,NA,ENSO,NA,NA,Oceanic Nino Index,NA
15-7-1957 00:00,1957,7,1.25,NA,ENSO,NA,NA,Oceanic Nino Index,NA
15-8-1957 00:00,1957,8,1.32,NA,ENSO,NA,NA,Oceanic Nino Index,NA
15-9-1957 00:00,1957,9,1.33,NA,ENSO,NA,NA,Oceanic Nino Index,NA
15-10-1957 00:00,1957,10,1.39,NA,ENSO,NA,NA,Oceanic Nino Index,NA
15-11-1957 00:00,1957,11,1.53,NA,ENSO,NA,NA,Oceanic Nino Index,NA
15-12-1957 00:00,1957,12,1.74,NA,ENSO,NA,NA,Oceanic Nino Index,NA
15-1-1958 00:00,1958,1,1.81,NA,ENSO,NA,NA,Oceanic Nino Index,NA
15-2-1958 00:00,1958,2,1.66,NA,ENSO,NA,NA,Oceanic Nino Index,NA
15-3-1958 00:00,1958,3,1.27,NA,ENSO,NA,NA,Oceanic Nino Index,NA
15-4-1958 00:00,1958,4,0.93,NA,ENSO,NA,NA,Oceanic Nino Index,NA
15-5-1958 00:00,1958,5,0.74,NA,ENSO,NA,NA,Oceanic Nino Index,NA
15-6-1958 00:00,1958,6,0.64,NA,ENSO,NA,NA,Oceanic Nino Index,NA
15-7-1958 00:00,1958,7,0.57,NA,ENSO,NA,NA,Oceanic Nino Index,NA
15-8-1958 00:00,1958,8,0.43,NA,ENSO,NA,NA,Oceanic Nino Index,NA
15-9-1958 00:00,1958,9,0.39,NA,ENSO,NA,NA,Oceanic Nino Index,NA
15-10-1958 00:00,1958,10,0.44,NA,ENSO,NA,NA,Oceanic Nino Index,NA
15-11-1958 00:00,1958,11,0.5,NA,ENSO,NA,NA,Oceanic Nino Index,NA
15-12-1958 00:00,1958,12,0.61,NA,ENSO,NA,NA,Oceanic Nino Index,NA
15-1-1959 00:00,1959,1,0.61,NA,ENSO,NA,NA,Oceanic Nino Index,NA
15-2-1959 00:00,1959,2,0.62,NA,ENSO,NA,NA,Oceanic Nino Index,NA
15-3-1959 00:00,1959,3,0.52,NA,ENSO,NA,NA,Oceanic Nino Index,NA
15-4-1959 00:00,1959,4,0.33,NA,ENSO,NA,NA,Oceanic Nino Index,NA
15-5-1959 00:00,1959,5,0.2,NA,ENSO,NA,NA,Oceanic Nino Index,NA
15-6-1959 00:00,1959,6,-0.07,NA,ENSO,NA,NA,Oceanic Nino Index,NA
15-7-1959 00:00,1959,7,-0.18,NA,ENSO,NA,NA,Oceanic Nino Index,NA
15-8-1959 00:00,1959,8,-0.28,NA,ENSO,NA,NA,Oceanic Nino Index,NA
15-9-1959 00:00,1959,9,-0.09,NA,ENSO,NA,NA,Oceanic Nino Index,NA
15-10-1959 00:00,1959,10,-0.03,NA,ENSO,NA,NA,Oceanic Nino Index,NA
15-11-1959 00:00,1959,11,0.05,NA,ENSO,NA,NA,Oceanic Nino Index,NA
15-12-1959 00:00,1959,12,-0.04,NA,ENSO,NA,NA,Oceanic Nino Index,NA
15-1-1960 00:00,1960,1,-0.1,NA,ENSO,NA,NA,Oceanic Nino Index,NA
15-2-1960 00:00,1960,2,-0.1,NA,ENSO,NA,NA,Oceanic Nino Index,NA
15-3-1960 00:00,1960,3,-0.07,NA,ENSO,NA,NA,Oceanic Nino Index,NA
15-4-1960 00:00,1960,4,0.03,NA,ENSO,NA,NA,Oceanic Nino Index,NA
15-5-1960 00:00,1960,5,0.02,NA,ENSO,NA,NA,Oceanic Nino Index,NA
15-6-1960 00:00,1960,6,0.03,NA,ENSO,NA,NA,Oceanic Nino Index,NA
15-7-1960 00:00,1960,7,0.13,NA,ENSO,NA,NA,Oceanic Nino Index,NA
15-8-1960 00:00,1960,8,0.24,NA,ENSO,NA,NA,Oceanic Nino Index,NA
15-9-1960 00:00,1960,9,0.27,NA,ENSO,NA,NA,Oceanic Nino Index,NA
15-10-1960 00:00,1960,10,0.2,NA,ENSO,NA,NA,Oceanic Nino Index,NA
15-11-1960 00:00,1960,11,0.12,NA,ENSO,NA,NA,Oceanic Nino Index,NA
15-12-1960 00:00,1960,12,0.05,NA,ENSO,NA,NA,Oceanic Nino Index,NA
15-1-1961 00:00,1961,1,0.04,NA,ENSO,NA,NA,Oceanic Nino Index,NA
15-2-1961 00:00,1961,2,0.03,NA,ENSO,NA,NA,Oceanic Nino Index,NA
15-3-1961 00:00,1961,3,0.04,NA,ENSO,NA,NA,Oceanic Nino Index,NA
15-4-1961 00:00,1961,4,0.09,NA,ENSO,NA,NA,Oceanic Nino Index,NA
15-5-1961 00:00,1961,5,0.23,NA,ENSO,NA,NA,Oceanic Nino Index,NA
15-6-1961 00:00,1961,6,0.27,NA,ENSO,NA,NA,Oceanic Nino Index,NA
15-7-1961 00:00,1961,7,0.14,NA,ENSO,NA,NA,Oceanic Nino Index,NA
15-8-1961 00:00,1961,8,-0.13,NA,ENSO,NA,NA,Oceanic Nino Index,NA
15-9-1961 00:00,1961,9,-0.3,NA,ENSO,NA,NA,Oceanic Nino Index,NA
15-10-1961 00:00,1961,10,-0.26,NA,ENSO,NA,NA,Oceanic Nino Index,NA
15-11-1961 00:00,1961,11,-0.19,NA,ENSO,NA,NA,Oceanic Nino Index,NA
15-12-1961 00:00,1961,12,-0.16,NA,ENSO,NA,NA,Oceanic Nino Index,NA
15-1-1962 00:00,1962,1,-0.24,NA,ENSO,NA,NA,Oceanic Nino Index,NA
15-2-1962 00:00,1962,2,-0.22,NA,ENSO,NA,NA,Oceanic Nino Index,NA
15-3-1962 00:00,1962,3,-0.2,NA,ENSO,NA,NA,Oceanic Nino Index,NA
15-4-1962 00:00,1962,4,-0.26,NA,ENSO,NA,NA,Oceanic Nino Index,NA
15-5-1962 00:00,1962,5,-0.28,NA,ENSO,NA,NA,Oceanic Nino Index,NA
15-6-1962 00:00,1962,6,-0.2,NA,ENSO,NA,NA,Oceanic Nino Index,NA
15-7-1962 00:00,1962,7,-0.04,NA,ENSO,NA,NA,Oceanic Nino Index,NA
15-8-1962 00:00,1962,8,-0.07,NA,ENSO,NA,NA,Oceanic Nino Index,NA
15-9-1962 00:00,1962,9,-0.11,NA,ENSO,NA,NA,Oceanic Nino Index,NA
15-10-1962 00:00,1962,10,-0.22,NA,ENSO,NA,NA,Oceanic Nino Index,NA
15-11-1962 00:00,1962,11,-0.31,NA,ENSO,NA,NA,Oceanic Nino Index,NA
15-12-1962 00:00,1962,12,-0.43,NA,ENSO,NA,NA,Oceanic Nino Index,NA
15-1-1963 00:00,1963,1,-0.4,NA,ENSO,NA,NA,Oceanic Nino Index,NA
15-2-1963 00:00,1963,2,-0.15,NA,ENSO,NA,NA,Oceanic Nino Index,NA
15-3-1963 00:00,1963,3,0.15,NA,ENSO,NA,NA,Oceanic Nino Index,NA
15-4-1963 00:00,1963,4,0.27,NA,ENSO,NA,NA,Oceanic Nino Index,NA
15-5-1963 00:00,1963,5,0.31,NA,ENSO,NA,NA,Oceanic Nino Index,NA
15-6-1963 00:00,1963,6,0.52,NA,ENSO,NA,NA,Oceanic Nino Index,NA
15-7-1963 00:00,1963,7,0.86,NA,ENSO,NA,NA,Oceanic Nino Index,NA
15-8-1963 00:00,1963,8,1.14,NA,ENSO,NA,NA,Oceanic Nino Index,NA
15-9-1963 00:00,1963,9,1.22,NA,ENSO,NA,NA,Oceanic Nino Index,NA
15-10-1963 00:00,1963,10,1.29,NA,ENSO,NA,NA,Oceanic Nino Index,NA
15-11-1963 00:00,1963,11,1.37,NA,ENSO,NA,NA,Oceanic Nino Index,NA
15-12-1963 00:00,1963,12,1.31,NA,ENSO,NA,NA,Oceanic Nino Index,NA
15-1-1964 00:00,1964,1,1.07,NA,ENSO,NA,NA,Oceanic Nino Index,NA
15-2-1964 00:00,1964,2,0.62,NA,ENSO,NA,NA,Oceanic Nino Index,NA
15-3-1964 00:00,1964,3,0.12,NA,ENSO,NA,NA,Oceanic Nino Index,NA
15-4-1964 00:00,1964,4,-0.33,NA,ENSO,NA,NA,Oceanic Nino Index,NA
15-5-1964 00:00,1964,5,-0.58,NA,ENSO,NA,NA,Oceanic Nino Index,NA
15-6-1964 00:00,1964,6,-0.58,NA,ENSO,NA,NA,Oceanic Nino Index,NA
15-7-1964 00:00,1964,7,-0.6,NA,ENSO,NA,NA,Oceanic Nino Index,NA
15-8-1964 00:00,1964,8,-0.66,NA,ENSO,NA,NA,Oceanic Nino Index,NA
15-9-1964 00:00,1964,9,-0.76,NA,ENSO,NA,NA,Oceanic Nino Index,NA
15-10-1964 00:00,1964,10,-0.8,NA,ENSO,NA,NA,Oceanic Nino Index,NA
15-11-1964 00:00,1964,11,-0.82,NA,ENSO,NA,NA,Oceanic Nino Index,NA
15-12-1964 00:00,1964,12,-0.78,NA,ENSO,NA,NA,Oceanic Nino Index,NA
15-1-1965 00:00,1965,1,-0.59,NA,ENSO,NA,NA,Oceanic Nino Index,NA
15-2-1965 00:00,1965,2,-0.28,NA,ENSO,NA,NA,Oceanic Nino Index,NA
15-3-1965 00:00,1965,3,-0.07,NA,ENSO,NA,NA,Oceanic Nino Index,NA
15-4-1965 00:00,1965,4,0.18,NA,ENSO,NA,NA,Oceanic Nino Index,NA
15-5-1965 00:00,1965,5,0.46,NA,ENSO,NA,NA,Oceanic Nino Index,NA
15-6-1965 00:00,1965,6,0.83,NA,ENSO,NA,NA,Oceanic Nino Index,NA
15-7-1965 00:00,1965,7,1.22,NA,ENSO,NA,NA,Oceanic Nino Index,NA
15-8-1965 00:00,1965,8,1.54,NA,ENSO,NA,NA,Oceanic Nino Index,NA
15-9-1965 00:00,1965,9,1.85,NA,ENSO,NA,NA,Oceanic Nino Index,NA
15-10-1965 00:00,1965,10,1.98,NA,ENSO,NA,NA,Oceanic Nino Index,NA
15-11-1965 00:00,1965,11,1.97,NA,ENSO,NA,NA,Oceanic Nino Index,NA
15-12-1965 00:00,1965,12,1.72,NA,ENSO,NA,NA,Oceanic Nino Index,NA
15-1-1966 00:00,1966,1,1.37,NA,ENSO,NA,NA,Oceanic Nino Index,NA
15-2-1966 00:00,1966,2,1.17,NA,ENSO,NA,NA,Oceanic Nino Index,NA
15-3-1966 00:00,1966,3,0.98,NA,ENSO,NA,NA,Oceanic Nino Index,NA
15-4-1966 00:00,1966,4,0.66,NA,ENSO,NA,NA,Oceanic Nino Index,NA
15-5-1966 00:00,1966,5,0.35,NA,ENSO,NA,NA,Oceanic Nino Index,NA
15-6-1966 00:00,1966,6,0.24,NA,ENSO,NA,NA,Oceanic Nino Index,NA
15-7-1966 00:00,1966,7,0.24,NA,ENSO,NA,NA,Oceanic Nino Index,NA
15-8-1966 00:00,1966,8,0.12,NA,ENSO,NA,NA,Oceanic Nino Index,NA
15-9-1966 00:00,1966,9,-0.05,NA,ENSO,NA,NA,Oceanic Nino Index,NA
15-10-1966 00:00,1966,10,-0.1,NA,ENSO,NA,NA,Oceanic Nino Index,NA
15-11-1966 00:00,1966,11,-0.18,NA,ENSO,NA,NA,Oceanic Nino Index,NA
15-12-1966 00:00,1966,12,-0.3,NA,ENSO,NA,NA,Oceanic Nino Index,NA
15-1-1967 00:00,1967,1,-0.41,NA,ENSO,NA,NA,Oceanic Nino Index,NA
15-2-1967 00:00,1967,2,-0.48,NA,ENSO,NA,NA,Oceanic Nino Index,NA
15-3-1967 00:00,1967,3,-0.53,NA,ENSO,NA,NA,Oceanic Nino Index,NA
15-4-1967 00:00,1967,4,-0.45,NA,ENSO,NA,NA,Oceanic Nino Index,NA
15-5-1967 00:00,1967,5,-0.24,NA,ENSO,NA,NA,Oceanic Nino Index,NA
15-6-1967 00:00,1967,6,0,NA,ENSO,NA,NA,Oceanic Nino Index,NA
15-7-1967 00:00,1967,7,0.05,NA,ENSO,NA,NA,Oceanic Nino Index,NA
15-8-1967 00:00,1967,8,-0.16,NA,ENSO,NA,NA,Oceanic Nino Index,NA
15-9-1967 00:00,1967,9,-0.3,NA,ENSO,NA,NA,Oceanic Nino Index,NA
15-10-1967 00:00,1967,10,-0.38,NA,ENSO,NA,NA,Oceanic Nino Index,NA
15-11-1967 00:00,1967,11,-0.34,NA,ENSO,NA,NA,Oceanic Nino Index,NA
15-12-1967 00:00,1967,12,-0.44,NA,ENSO,NA,NA,Oceanic Nino Index,NA
15-1-1968 00:00,1968,1,-0.64,NA,ENSO,NA,NA,Oceanic Nino Index,NA
15-2-1968 00:00,1968,2,-0.74,NA,ENSO,NA,NA,Oceanic Nino Index,NA
15-3-1968 00:00,1968,3,-0.62,NA,ENSO,NA,NA,Oceanic Nino Index,NA
15-4-1968 00:00,1968,4,-0.44,NA,ENSO,NA,NA,Oceanic Nino Index,NA
15-5-1968 00:00,1968,5,-0.04,NA,ENSO,NA,NA,Oceanic Nino Index,NA
15-6-1968 00:00,1968,6,0.28,NA,ENSO,NA,NA,Oceanic Nino Index,NA
15-7-1968 00:00,1968,7,0.58,NA,ENSO,NA,NA,Oceanic Nino Index,NA
15-8-1968 00:00,1968,8,0.53,NA,ENSO,NA,NA,Oceanic Nino Index,NA
15-9-1968 00:00,1968,9,0.45,NA,ENSO,NA,NA,Oceanic Nino Index,NA
15-10-1968 00:00,1968,10,0.55,NA,ENSO,NA,NA,Oceanic Nino Index,NA
15-11-1968 00:00,1968,11,0.73,NA,ENSO,NA,NA,Oceanic Nino Index,NA
15-12-1968 00:00,1968,12,0.98,NA,ENSO,NA,NA,Oceanic Nino Index,NA
15-1-1969 00:00,1969,1,1.13,NA,ENSO,NA,NA,Oceanic Nino Index,NA
15-2-1969 00:00,1969,2,1.09,NA,ENSO,NA,NA,Oceanic Nino Index,NA
15-3-1969 00:00,1969,3,0.95,NA,ENSO,NA,NA,Oceanic Nino Index,NA
15-4-1969 00:00,1969,4,0.77,NA,ENSO,NA,NA,Oceanic Nino Index,NA
15-5-1969 00:00,1969,5,0.61,NA,ENSO,NA,NA,Oceanic Nino Index,NA
15-6-1969 00:00,1969,6,0.43,NA,ENSO,NA,NA,Oceanic Nino Index,NA
15-7-1969 00:00,1969,7,0.36,NA,ENSO,NA,NA,Oceanic Nino Index,NA
15-8-1969 00:00,1969,8,0.51,NA,ENSO,NA,NA,Oceanic Nino Index,NA
15-9-1969 00:00,1969,9,0.79,NA,ENSO,NA,NA,Oceanic Nino Index,NA
15-10-1969 00:00,1969,10,0.86,NA,ENSO,NA,NA,Oceanic Nino Index,NA
15-11-1969 00:00,1969,11,0.81,NA,ENSO,NA,NA,Oceanic Nino Index,NA
15-12-1969 00:00,1969,12,0.63,NA,ENSO,NA,NA,Oceanic Nino Index,NA
15-1-1970 00:00,1970,1,0.51,NA,ENSO,NA,NA,Oceanic Nino Index,NA
15-2-1970 00:00,1970,2,0.34,NA,ENSO,NA,NA,Oceanic Nino Index,NA
15-3-1970 00:00,1970,3,0.29,NA,ENSO,NA,NA,Oceanic Nino Index,NA
15-4-1970 00:00,1970,4,0.19,NA,ENSO,NA,NA,Oceanic Nino Index,NA
15-5-1970 00:00,1970,5,0.04,NA,ENSO,NA,NA,Oceanic Nino Index,NA
15-6-1970 00:00,1970,6,-0.3,NA,ENSO,NA,NA,Oceanic Nino Index,NA
15-7-1970 00:00,1970,7,-0.63,NA,ENSO,NA,NA,Oceanic Nino Index,NA
15-8-1970 00:00,1970,8,-0.76,NA,ENSO,NA,NA,Oceanic Nino Index,NA
15-9-1970 00:00,1970,9,-0.77,NA,ENSO,NA,NA,Oceanic Nino Index,NA
15-10-1970 00:00,1970,10,-0.74,NA,ENSO,NA,NA,Oceanic Nino Index,NA
15-11-1970 00:00,1970,11,-0.86,NA,ENSO,NA,NA,Oceanic Nino Index,NA
15-12-1970 00:00,1970,12,-1.15,NA,ENSO,NA,NA,Oceanic Nino Index,NA
15-1-1971 00:00,1971,1,-1.36,NA,ENSO,NA,NA,Oceanic Nino Index,NA
15-2-1971 00:00,1971,2,-1.38,NA,ENSO,NA,NA,Oceanic Nino Index,NA
15-3-1971 00:00,1971,3,-1.12,NA,ENSO,NA,NA,Oceanic Nino Index,NA
15-4-1971 00:00,1971,4,-0.85,NA,ENSO,NA,NA,Oceanic Nino Index,NA
15-5-1971 00:00,1971,5,-0.73,NA,ENSO,NA,NA,Oceanic Nino Index,NA
15-6-1971 00:00,1971,6,-0.74,NA,ENSO,NA,NA,Oceanic Nino Index,NA
15-7-1971 00:00,1971,7,-0.8,NA,ENSO,NA,NA,Oceanic Nino Index,NA
15-8-1971 00:00,1971,8,-0.77,NA,ENSO,NA,NA,Oceanic Nino Index,NA
15-9-1971 00:00,1971,9,-0.82,NA,ENSO,NA,NA,Oceanic Nino Index,NA
15-10-1971 00:00,1971,10,-0.85,NA,ENSO,NA,NA,Oceanic Nino Index,NA
15-11-1971 00:00,1971,11,-0.96,NA,ENSO,NA,NA,Oceanic Nino Index,NA
15-12-1971 00:00,1971,12,-0.9,NA,ENSO,NA,NA,Oceanic Nino Index,NA
15-1-1972 00:00,1972,1,-0.71,NA,ENSO,NA,NA,Oceanic Nino Index,NA
15-2-1972 00:00,1972,2,-0.35,NA,ENSO,NA,NA,Oceanic Nino Index,NA
15-3-1972 00:00,1972,3,0.06,NA,ENSO,NA,NA,Oceanic Nino Index,NA
15-4-1972 00:00,1972,4,0.41,NA,ENSO,NA,NA,Oceanic Nino Index,NA
15-5-1972 00:00,1972,5,0.67,NA,ENSO,NA,NA,Oceanic Nino Index,NA
15-6-1972 00:00,1972,6,0.92,NA,ENSO,NA,NA,Oceanic Nino Index,NA
15-7-1972 00:00,1972,7,1.13,NA,ENSO,NA,NA,Oceanic Nino Index,NA
15-8-1972 00:00,1972,8,1.37,NA,ENSO,NA,NA,Oceanic Nino Index,NA
15-9-1972 00:00,1972,9,1.58,NA,ENSO,NA,NA,Oceanic Nino Index,NA
15-10-1972 00:00,1972,10,1.84,NA,ENSO,NA,NA,Oceanic Nino Index,NA
15-11-1972 00:00,1972,11,2.09,NA,ENSO,NA,NA,Oceanic Nino Index,NA
15-12-1972 00:00,1972,12,2.12,NA,ENSO,NA,NA,Oceanic Nino Index,NA
15-1-1973 00:00,1973,1,1.84,NA,ENSO,NA,NA,Oceanic Nino Index,NA
15-2-1973 00:00,1973,2,1.25,NA,ENSO,NA,NA,Oceanic Nino Index,NA
15-3-1973 00:00,1973,3,0.54,NA,ENSO,NA,NA,Oceanic Nino Index,NA
15-4-1973 00:00,1973,4,-0.1,NA,ENSO,NA,NA,Oceanic Nino Index,NA
15-5-1973 00:00,1973,5,-0.54,NA,ENSO,NA,NA,Oceanic Nino Index,NA
15-6-1973 00:00,1973,6,-0.87,NA,ENSO,NA,NA,Oceanic Nino Index,NA
15-7-1973 00:00,1973,7,-1.11,NA,ENSO,NA,NA,Oceanic Nino Index,NA
15-8-1973 00:00,1973,8,-1.28,NA,ENSO,NA,NA,Oceanic Nino Index,NA
15-9-1973 00:00,1973,9,-1.45,NA,ENSO,NA,NA,Oceanic Nino Index,NA
15-10-1973 00:00,1973,10,-1.71,NA,ENSO,NA,NA,Oceanic Nino Index,NA
15-11-1973 00:00,1973,11,-1.95,NA,ENSO,NA,NA,Oceanic Nino Index,NA
15-12-1973 00:00,1973,12,-2.03,NA,ENSO,NA,NA,Oceanic Nino Index,NA
15-1-1974 00:00,1974,1,-1.84,NA,ENSO,NA,NA,Oceanic Nino Index,NA
15-2-1974 00:00,1974,2,-1.55,NA,ENSO,NA,NA,Oceanic Nino Index,NA
15-3-1974 00:00,1974,3,-1.23,NA,ENSO,NA,NA,Oceanic Nino Index,NA
15-4-1974 00:00,1974,4,-1.03,NA,ENSO,NA,NA,Oceanic Nino Index,NA
15-5-1974 00:00,1974,5,-0.91,NA,ENSO,NA,NA,Oceanic Nino Index,NA
15-6-1974 00:00,1974,6,-0.77,NA,ENSO,NA,NA,Oceanic Nino Index,NA
15-7-1974 00:00,1974,7,-0.53,NA,ENSO,NA,NA,Oceanic Nino Index,NA
15-8-1974 00:00,1974,8,-0.37,NA,ENSO,NA,NA,Oceanic Nino Index,NA
15-9-1974 00:00,1974,9,-0.41,NA,ENSO,NA,NA,Oceanic Nino Index,NA
15-10-1974 00:00,1974,10,-0.61,NA,ENSO,NA,NA,Oceanic Nino Index,NA
15-11-1974 00:00,1974,11,-0.75,NA,ENSO,NA,NA,Oceanic Nino Index,NA
15-12-1974 00:00,1974,12,-0.64,NA,ENSO,NA,NA,Oceanic Nino Index,NA
15-1-1975 00:00,1975,1,-0.54,NA,ENSO,NA,NA,Oceanic Nino Index,NA
15-2-1975 00:00,1975,2,-0.57,NA,ENSO,NA,NA,Oceanic Nino Index,NA
15-3-1975 00:00,1975,3,-0.65,NA,ENSO,NA,NA,Oceanic Nino Index,NA
15-4-1975 00:00,1975,4,-0.73,NA,ENSO,NA,NA,Oceanic Nino Index,NA
15-5-1975 00:00,1975,5,-0.83,NA,ENSO,NA,NA,Oceanic Nino Index,NA
15-6-1975 00:00,1975,6,-0.98,NA,ENSO,NA,NA,Oceanic Nino Index,NA
15-7-1975 00:00,1975,7,-1.13,NA,ENSO,NA,NA,Oceanic Nino Index,NA
15-8-1975 00:00,1975,8,-1.2,NA,ENSO,NA,NA,Oceanic Nino Index,NA
15-9-1975 00:00,1975,9,-1.37,NA,ENSO,NA,NA,Oceanic Nino Index,NA
15-10-1975 00:00,1975,10,-1.43,NA,ENSO,NA,NA,Oceanic Nino Index,NA
15-11-1975 00:00,1975,11,-1.55,NA,ENSO,NA,NA,Oceanic Nino Index,NA
15-12-1975 00:00,1975,12,-1.65,NA,ENSO,NA,NA,Oceanic Nino Index,NA
15-1-1976 00:00,1976,1,-1.56,NA,ENSO,NA,NA,Oceanic Nino Index,NA
15-2-1976 00:00,1976,2,-1.17,NA,ENSO,NA,NA,Oceanic Nino Index,NA
15-3-1976 00:00,1976,3,-0.73,NA,ENSO,NA,NA,Oceanic Nino Index,NA
15-4-1976 00:00,1976,4,-0.47,NA,ENSO,NA,NA,Oceanic Nino Index,NA
15-5-1976 00:00,1976,5,-0.28,NA,ENSO,NA,NA,Oceanic Nino Index,NA
15-6-1976 00:00,1976,6,-0.05,NA,ENSO,NA,NA,Oceanic Nino Index,NA
15-7-1976 00:00,1976,7,0.18,NA,ENSO,NA,NA,Oceanic Nino Index,NA
15-8-1976 00:00,1976,8,0.35,NA,ENSO,NA,NA,Oceanic Nino Index,NA
15-9-1976 00:00,1976,9,0.62,NA,ENSO,NA,NA,Oceanic Nino Index,NA
15-10-1976 00:00,1976,10,0.81,NA,ENSO,NA,NA,Oceanic Nino Index,NA
15-11-1976 00:00,1976,11,0.86,NA,ENSO,NA,NA,Oceanic Nino Index,NA
15-12-1976 00:00,1976,12,0.85,NA,ENSO,NA,NA,Oceanic Nino Index,NA
15-1-1977 00:00,1977,1,0.71,NA,ENSO,NA,NA,Oceanic Nino Index,NA
15-2-1977 00:00,1977,2,0.64,NA,ENSO,NA,NA,Oceanic Nino Index,NA
15-3-1977 00:00,1977,3,0.34,NA,ENSO,NA,NA,Oceanic Nino Index,NA
15-4-1977 00:00,1977,4,0.23,NA,ENSO,NA,NA,Oceanic Nino Index,NA
15-5-1977 00:00,1977,5,0.21,NA,ENSO,NA,NA,Oceanic Nino Index,NA
15-6-1977 00:00,1977,6,0.34,NA,ENSO,NA,NA,Oceanic Nino Index,NA
15-7-1977 00:00,1977,7,0.35,NA,ENSO,NA,NA,Oceanic Nino Index,NA
15-8-1977 00:00,1977,8,0.42,NA,ENSO,NA,NA,Oceanic Nino Index,NA
15-9-1977 00:00,1977,9,0.57,NA,ENSO,NA,NA,Oceanic Nino Index,NA
15-10-1977 00:00,1977,10,0.73,NA,ENSO,NA,NA,Oceanic Nino Index,NA
15-11-1977 00:00,1977,11,0.81,NA,ENSO,NA,NA,Oceanic Nino Index,NA
15-12-1977 00:00,1977,12,0.79,NA,ENSO,NA,NA,Oceanic Nino Index,NA
15-1-1978 00:00,1978,1,0.69,NA,ENSO,NA,NA,Oceanic Nino Index,NA
15-2-1978 00:00,1978,2,0.42,NA,ENSO,NA,NA,Oceanic Nino Index,NA
15-3-1978 00:00,1978,3,0.06,NA,ENSO,NA,NA,Oceanic Nino Index,NA
15-4-1978 00:00,1978,4,-0.18,NA,ENSO,NA,NA,Oceanic Nino Index,NA
15-5-1978 00:00,1978,5,-0.31,NA,ENSO,NA,NA,Oceanic Nino Index,NA
15-6-1978 00:00,1978,6,-0.29,NA,ENSO,NA,NA,Oceanic Nino Index,NA
15-7-1978 00:00,1978,7,-0.36,NA,ENSO,NA,NA,Oceanic Nino Index,NA
15-8-1978 00:00,1978,8,-0.42,NA,ENSO,NA,NA,Oceanic Nino Index,NA
15-9-1978 00:00,1978,9,-0.42,NA,ENSO,NA,NA,Oceanic Nino Index,NA
15-10-1978 00:00,1978,10,-0.29,NA,ENSO,NA,NA,Oceanic Nino Index,NA
15-11-1978 00:00,1978,11,-0.08,NA,ENSO,NA,NA,Oceanic Nino Index,NA
15-12-1978 00:00,1978,12,0,NA,ENSO,NA,NA,Oceanic Nino Index,NA
15-1-1979 00:00,1979,1,0.03,NA,ENSO,NA,NA,Oceanic Nino Index,NA
15-2-1979 00:00,1979,2,0.07,NA,ENSO,NA,NA,Oceanic Nino Index,NA
15-3-1979 00:00,1979,3,0.2,NA,ENSO,NA,NA,Oceanic Nino Index,NA
15-4-1979 00:00,1979,4,0.28,NA,ENSO,NA,NA,Oceanic Nino Index,NA
15-5-1979 00:00,1979,5,0.23,NA,ENSO,NA,NA,Oceanic Nino Index,NA
15-6-1979 00:00,1979,6,0.05,NA,ENSO,NA,NA,Oceanic Nino Index,NA
15-7-1979 00:00,1979,7,0.04,NA,ENSO,NA,NA,Oceanic Nino Index,NA
15-8-1979 00:00,1979,8,0.17,NA,ENSO,NA,NA,Oceanic Nino Index,NA
15-9-1979 00:00,1979,9,0.33,NA,ENSO,NA,NA,Oceanic Nino Index,NA
15-10-1979 00:00,1979,10,0.45,NA,ENSO,NA,NA,Oceanic Nino Index,NA
15-11-1979 00:00,1979,11,0.52,NA,ENSO,NA,NA,Oceanic Nino Index,NA
15-12-1979 00:00,1979,12,0.64,NA,ENSO,NA,NA,Oceanic Nino Index,NA
15-1-1980 00:00,1980,1,0.59,NA,ENSO,NA,NA,Oceanic Nino Index,NA
15-2-1980 00:00,1980,2,0.46,NA,ENSO,NA,NA,Oceanic Nino Index,NA
15-3-1980 00:00,1980,3,0.34,NA,ENSO,NA,NA,Oceanic Nino Index,NA
15-4-1980 00:00,1980,4,0.38,NA,ENSO,NA,NA,Oceanic Nino Index,NA
15-5-1980 00:00,1980,5,0.48,NA,ENSO,NA,NA,Oceanic Nino Index,NA
15-6-1980 00:00,1980,6,0.46,NA,ENSO,NA,NA,Oceanic Nino Index,NA
15-7-1980 00:00,1980,7,0.25,NA,ENSO,NA,NA,Oceanic Nino Index,NA
15-8-1980 00:00,1980,8,0.03,NA,ENSO,NA,NA,Oceanic Nino Index,NA
15-9-1980 00:00,1980,9,-0.07,NA,ENSO,NA,NA,Oceanic Nino Index,NA
15-10-1980 00:00,1980,10,0.02,NA,ENSO,NA,NA,Oceanic Nino Index,NA
15-11-1980 00:00,1980,11,0.11,NA,ENSO,NA,NA,Oceanic Nino Index,NA
15-12-1980 00:00,1980,12,-0.01,NA,ENSO,NA,NA,Oceanic Nino Index,NA
15-1-1981 00:00,1981,1,-0.26,NA,ENSO,NA,NA,Oceanic Nino Index,NA
15-2-1981 00:00,1981,2,-0.5,NA,ENSO,NA,NA,Oceanic Nino Index,NA
15-3-1981 00:00,1981,3,-0.47,NA,ENSO,NA,NA,Oceanic Nino Index,NA
15-4-1981 00:00,1981,4,-0.37,NA,ENSO,NA,NA,Oceanic Nino Index,NA
15-5-1981 00:00,1981,5,-0.26,NA,ENSO,NA,NA,Oceanic Nino Index,NA
15-6-1981 00:00,1981,6,-0.29,NA,ENSO,NA,NA,Oceanic Nino Index,NA
15-7-1981 00:00,1981,7,-0.3,NA,ENSO,NA,NA,Oceanic Nino Index,NA
15-8-1981 00:00,1981,8,-0.25,NA,ENSO,NA,NA,Oceanic Nino Index,NA
15-9-1981 00:00,1981,9,-0.16,NA,ENSO,NA,NA,Oceanic Nino Index,NA
15-10-1981 00:00,1981,10,-0.13,NA,ENSO,NA,NA,Oceanic Nino Index,NA
15-11-1981 00:00,1981,11,-0.15,NA,ENSO,NA,NA,Oceanic Nino Index,NA
15-12-1981 00:00,1981,12,-0.08,NA,ENSO,NA,NA,Oceanic Nino Index,NA
15-1-1982 00:00,1982,1,-0.05,NA,ENSO,NA,NA,Oceanic Nino Index,NA
15-2-1982 00:00,1982,2,0.07,NA,ENSO,NA,NA,Oceanic Nino Index,NA
15-3-1982 00:00,1982,3,0.19,NA,ENSO,NA,NA,Oceanic Nino Index,NA
15-4-1982 00:00,1982,4,0.47,NA,ENSO,NA,NA,Oceanic Nino Index,NA
15-5-1982 00:00,1982,5,0.66,NA,ENSO,NA,NA,Oceanic Nino Index,NA
15-6-1982 00:00,1982,6,0.72,NA,ENSO,NA,NA,Oceanic Nino Index,NA
15-7-1982 00:00,1982,7,0.79,NA,ENSO,NA,NA,Oceanic Nino Index,NA
15-8-1982 00:00,1982,8,1.07,NA,ENSO,NA,NA,Oceanic Nino Index,NA
15-9-1982 00:00,1982,9,1.58,NA,ENSO,NA,NA,Oceanic Nino Index,NA
15-10-1982 00:00,1982,10,1.97,NA,ENSO,NA,NA,Oceanic Nino Index,NA
15-11-1982 00:00,1982,11,2.18,NA,ENSO,NA,NA,Oceanic Nino Index,NA
15-12-1982 00:00,1982,12,2.23,NA,ENSO,NA,NA,Oceanic Nino Index,NA
15-1-1983 00:00,1983,1,2.18,NA,ENSO,NA,NA,Oceanic Nino Index,NA
15-2-1983 00:00,1983,2,1.92,NA,ENSO,NA,NA,Oceanic Nino Index,NA
15-3-1983 00:00,1983,3,1.54,NA,ENSO,NA,NA,Oceanic Nino Index,NA
15-4-1983 00:00,1983,4,1.29,NA,ENSO,NA,NA,Oceanic Nino Index,NA
15-5-1983 00:00,1983,5,1.06,NA,ENSO,NA,NA,Oceanic Nino Index,NA
15-6-1983 00:00,1983,6,0.72,NA,ENSO,NA,NA,Oceanic Nino Index,NA
15-7-1983 00:00,1983,7,0.31,NA,ENSO,NA,NA,Oceanic Nino Index,NA
15-8-1983 00:00,1983,8,-0.08,NA,ENSO,NA,NA,Oceanic Nino Index,NA
15-9-1983 00:00,1983,9,-0.46,NA,ENSO,NA,NA,Oceanic Nino Index,NA
15-10-1983 00:00,1983,10,-0.81,NA,ENSO,NA,NA,Oceanic Nino Index,NA
15-11-1983 00:00,1983,11,-1,NA,ENSO,NA,NA,Oceanic Nino Index,NA
15-12-1983 00:00,1983,12,-0.91,NA,ENSO,NA,NA,Oceanic Nino Index,NA
15-1-1984 00:00,1984,1,-0.6,NA,ENSO,NA,NA,Oceanic Nino Index,NA
15-2-1984 00:00,1984,2,-0.42,NA,ENSO,NA,NA,Oceanic Nino Index,NA
15-3-1984 00:00,1984,3,-0.34,NA,ENSO,NA,NA,Oceanic Nino Index,NA
15-4-1984 00:00,1984,4,-0.43,NA,ENSO,NA,NA,Oceanic Nino Index,NA
15-5-1984 00:00,1984,5,-0.51,NA,ENSO,NA,NA,Oceanic Nino Index,NA
15-6-1984 00:00,1984,6,-0.45,NA,ENSO,NA,NA,Oceanic Nino Index,NA
15-7-1984 00:00,1984,7,-0.3,NA,ENSO,NA,NA,Oceanic Nino Index,NA
15-8-1984 00:00,1984,8,-0.16,NA,ENSO,NA,NA,Oceanic Nino Index,NA
15-9-1984 00:00,1984,9,-0.24,NA,ENSO,NA,NA,Oceanic Nino Index,NA
15-10-1984 00:00,1984,10,-0.56,NA,ENSO,NA,NA,Oceanic Nino Index,NA
15-11-1984 00:00,1984,11,-0.92,NA,ENSO,NA,NA,Oceanic Nino Index,NA
15-12-1984 00:00,1984,12,-1.14,NA,ENSO,NA,NA,Oceanic Nino Index,NA
15-1-1985 00:00,1985,1,-1.04,NA,ENSO,NA,NA,Oceanic Nino Index,NA
15-2-1985 00:00,1985,2,-0.85,NA,ENSO,NA,NA,Oceanic Nino Index,NA
15-3-1985 00:00,1985,3,-0.77,NA,ENSO,NA,NA,Oceanic Nino Index,NA
15-4-1985 00:00,1985,4,-0.78,NA,ENSO,NA,NA,Oceanic Nino Index,NA
15-5-1985 00:00,1985,5,-0.78,NA,ENSO,NA,NA,Oceanic Nino Index,NA
15-6-1985 00:00,1985,6,-0.63,NA,ENSO,NA,NA,Oceanic Nino Index,NA
15-7-1985 00:00,1985,7,-0.49,NA,ENSO,NA,NA,Oceanic Nino Index,NA
15-8-1985 00:00,1985,8,-0.46,NA,ENSO,NA,NA,Oceanic Nino Index,NA
15-9-1985 00:00,1985,9,-0.4,NA,ENSO,NA,NA,Oceanic Nino Index,NA
15-10-1985 00:00,1985,10,-0.35,NA,ENSO,NA,NA,Oceanic Nino Index,NA
15-11-1985 00:00,1985,11,-0.27,NA,ENSO,NA,NA,Oceanic Nino Index,NA
15-12-1985 00:00,1985,12,-0.36,NA,ENSO,NA,NA,Oceanic Nino Index,NA
15-1-1986 00:00,1986,1,-0.49,NA,ENSO,NA,NA,Oceanic Nino Index,NA
15-2-1986 00:00,1986,2,-0.47,NA,ENSO,NA,NA,Oceanic Nino Index,NA
15-3-1986 00:00,1986,3,-0.31,NA,ENSO,NA,NA,Oceanic Nino Index,NA
15-4-1986 00:00,1986,4,-0.2,NA,ENSO,NA,NA,Oceanic Nino Index,NA
15-5-1986 00:00,1986,5,-0.12,NA,ENSO,NA,NA,Oceanic Nino Index,NA
15-6-1986 00:00,1986,6,-0.04,NA,ENSO,NA,NA,Oceanic Nino Index,NA
15-7-1986 00:00,1986,7,0.22,NA,ENSO,NA,NA,Oceanic Nino Index,NA
15-8-1986 00:00,1986,8,0.44,NA,ENSO,NA,NA,Oceanic Nino Index,NA
15-9-1986 00:00,1986,9,0.71,NA,ENSO,NA,NA,Oceanic Nino Index,NA
15-10-1986 00:00,1986,10,0.94,NA,ENSO,NA,NA,Oceanic Nino Index,NA
15-11-1986 00:00,1986,11,1.14,NA,ENSO,NA,NA,Oceanic Nino Index,NA
15-12-1986 00:00,1986,12,1.22,NA,ENSO,NA,NA,Oceanic Nino Index,NA
15-1-1987 00:00,1987,1,1.23,NA,ENSO,NA,NA,Oceanic Nino Index,NA
15-2-1987 00:00,1987,2,1.19,NA,ENSO,NA,NA,Oceanic Nino Index,NA
15-3-1987 00:00,1987,3,1.06,NA,ENSO,NA,NA,Oceanic Nino Index,NA
15-4-1987 00:00,1987,4,0.95,NA,ENSO,NA,NA,Oceanic Nino Index,NA
15-5-1987 00:00,1987,5,0.97,NA,ENSO,NA,NA,Oceanic Nino Index,NA
15-6-1987 00:00,1987,6,1.22,NA,ENSO,NA,NA,Oceanic Nino Index,NA
15-7-1987 00:00,1987,7,1.51,NA,ENSO,NA,NA,Oceanic Nino Index,NA
15-8-1987 00:00,1987,8,1.7,NA,ENSO,NA,NA,Oceanic Nino Index,NA
15-9-1987 00:00,1987,9,1.65,NA,ENSO,NA,NA,Oceanic Nino Index,NA
15-10-1987 00:00,1987,10,1.48,NA,ENSO,NA,NA,Oceanic Nino Index,NA
15-11-1987 00:00,1987,11,1.25,NA,ENSO,NA,NA,Oceanic Nino Index,NA
15-12-1987 00:00,1987,12,1.11,NA,ENSO,NA,NA,Oceanic Nino Index,NA
15-1-1988 00:00,1988,1,0.81,NA,ENSO,NA,NA,Oceanic Nino Index,NA
15-2-1988 00:00,1988,2,0.54,NA,ENSO,NA,NA,Oceanic Nino Index,NA
15-3-1988 00:00,1988,3,0.14,NA,ENSO,NA,NA,Oceanic Nino Index,NA
15-4-1988 00:00,1988,4,-0.31,NA,ENSO,NA,NA,Oceanic Nino Index,NA
15-5-1988 00:00,1988,5,-0.88,NA,ENSO,NA,NA,Oceanic Nino Index,NA
15-6-1988 00:00,1988,6,-1.3,NA,ENSO,NA,NA,Oceanic Nino Index,NA
15-7-1988 00:00,1988,7,-1.3,NA,ENSO,NA,NA,Oceanic Nino Index,NA
15-8-1988 00:00,1988,8,-1.11,NA,ENSO,NA,NA,Oceanic Nino Index,NA
15-9-1988 00:00,1988,9,-1.19,NA,ENSO,NA,NA,Oceanic Nino Index,NA
15-10-1988 00:00,1988,10,-1.48,NA,ENSO,NA,NA,Oceanic Nino Index,NA
15-11-1988 00:00,1988,11,-1.8,NA,ENSO,NA,NA,Oceanic Nino Index,NA
15-12-1988 00:00,1988,12,-1.85,NA,ENSO,NA,NA,Oceanic Nino Index,NA
15-1-1989 00:00,1989,1,-1.69,NA,ENSO,NA,NA,Oceanic Nino Index,NA
15-2-1989 00:00,1989,2,-1.43,NA,ENSO,NA,NA,Oceanic Nino Index,NA
15-3-1989 00:00,1989,3,-1.08,NA,ENSO,NA,NA,Oceanic Nino Index,NA
15-4-1989 00:00,1989,4,-0.83,NA,ENSO,NA,NA,Oceanic Nino Index,NA
15-5-1989 00:00,1989,5,-0.58,NA,ENSO,NA,NA,Oceanic Nino Index,NA
15-6-1989 00:00,1989,6,-0.4,NA,ENSO,NA,NA,Oceanic Nino Index,NA
15-7-1989 00:00,1989,7,-0.31,NA,ENSO,NA,NA,Oceanic Nino Index,NA
15-8-1989 00:00,1989,8,-0.27,NA,ENSO,NA,NA,Oceanic Nino Index,NA
15-9-1989 00:00,1989,9,-0.24,NA,ENSO,NA,NA,Oceanic Nino Index,NA
15-10-1989 00:00,1989,10,-0.22,NA,ENSO,NA,NA,Oceanic Nino Index,NA
15-11-1989 00:00,1989,11,-0.16,NA,ENSO,NA,NA,Oceanic Nino Index,NA
15-12-1989 00:00,1989,12,-0.05,NA,ENSO,NA,NA,Oceanic Nino Index,NA
15-1-1990 00:00,1990,1,0.14,NA,ENSO,NA,NA,Oceanic Nino Index,NA
15-2-1990 00:00,1990,2,0.21,NA,ENSO,NA,NA,Oceanic Nino Index,NA
15-3-1990 00:00,1990,3,0.28,NA,ENSO,NA,NA,Oceanic Nino Index,NA
15-4-1990 00:00,1990,4,0.29,NA,ENSO,NA,NA,Oceanic Nino Index,NA
15-5-1990 00:00,1990,5,0.29,NA,ENSO,NA,NA,Oceanic Nino Index,NA
15-6-1990 00:00,1990,6,0.31,NA,ENSO,NA,NA,Oceanic Nino Index,NA
15-7-1990 00:00,1990,7,0.33,NA,ENSO,NA,NA,Oceanic Nino Index,NA
15-8-1990 00:00,1990,8,0.38,NA,ENSO,NA,NA,Oceanic Nino Index,NA
15-9-1990 00:00,1990,9,0.39,NA,ENSO,NA,NA,Oceanic Nino Index,NA
15-10-1990 00:00,1990,10,0.35,NA,ENSO,NA,NA,Oceanic Nino Index,NA
15-11-1990 00:00,1990,11,0.4,NA,ENSO,NA,NA,Oceanic Nino Index,NA
15-12-1990 00:00,1990,12,0.41,NA,ENSO,NA,NA,Oceanic Nino Index,NA
15-1-1991 00:00,1991,1,0.41,NA,ENSO,NA,NA,Oceanic Nino Index,NA
15-2-1991 00:00,1991,2,0.26,NA,ENSO,NA,NA,Oceanic Nino Index,NA
15-3-1991 00:00,1991,3,0.22,NA,ENSO,NA,NA,Oceanic Nino Index,NA
15-4-1991 00:00,1991,4,0.26,NA,ENSO,NA,NA,Oceanic Nino Index,NA
15-5-1991 00:00,1991,5,0.45,NA,ENSO,NA,NA,Oceanic Nino Index,NA
15-6-1991 00:00,1991,6,0.64,NA,ENSO,NA,NA,Oceanic Nino Index,NA
15-7-1991 00:00,1991,7,0.73,NA,ENSO,NA,NA,Oceanic Nino Index,NA
15-8-1991 00:00,1991,8,0.64,NA,ENSO,NA,NA,Oceanic Nino Index,NA
15-9-1991 00:00,1991,9,0.62,NA,ENSO,NA,NA,Oceanic Nino Index,NA
15-10-1991 00:00,1991,10,0.79,NA,ENSO,NA,NA,Oceanic Nino Index,NA
15-11-1991 00:00,1991,11,1.21,NA,ENSO,NA,NA,Oceanic Nino Index,NA
15-12-1991 00:00,1991,12,1.53,NA,ENSO,NA,NA,Oceanic Nino Index,NA
15-1-1992 00:00,1992,1,1.71,NA,ENSO,NA,NA,Oceanic Nino Index,NA
15-2-1992 00:00,1992,2,1.63,NA,ENSO,NA,NA,Oceanic Nino Index,NA
15-3-1992 00:00,1992,3,1.48,NA,ENSO,NA,NA,Oceanic Nino Index,NA
15-4-1992 00:00,1992,4,1.29,NA,ENSO,NA,NA,Oceanic Nino Index,NA
15-5-1992 00:00,1992,5,1.06,NA,ENSO,NA,NA,Oceanic Nino Index,NA
15-6-1992 00:00,1992,6,0.73,NA,ENSO,NA,NA,Oceanic Nino Index,NA
15-7-1992 00:00,1992,7,0.37,NA,ENSO,NA,NA,Oceanic Nino Index,NA
15-8-1992 00:00,1992,8,0.09,NA,ENSO,NA,NA,Oceanic Nino Index,NA
15-9-1992 00:00,1992,9,-0.13,NA,ENSO,NA,NA,Oceanic Nino Index,NA
15-10-1992 00:00,1992,10,-0.25,NA,ENSO,NA,NA,Oceanic Nino Index,NA
15-11-1992 00:00,1992,11,-0.28,NA,ENSO,NA,NA,Oceanic Nino Index,NA
15-12-1992 00:00,1992,12,-0.13,NA,ENSO,NA,NA,Oceanic Nino Index,NA
15-1-1993 00:00,1993,1,0.09,NA,ENSO,NA,NA,Oceanic Nino Index,NA
15-2-1993 00:00,1993,2,0.3,NA,ENSO,NA,NA,Oceanic Nino Index,NA
15-3-1993 00:00,1993,3,0.5,NA,ENSO,NA,NA,Oceanic Nino Index,NA
15-4-1993 00:00,1993,4,0.67,NA,ENSO,NA,NA,Oceanic Nino Index,NA
15-5-1993 00:00,1993,5,0.7,NA,ENSO,NA,NA,Oceanic Nino Index,NA
15-6-1993 00:00,1993,6,0.57,NA,ENSO,NA,NA,Oceanic Nino Index,NA
15-7-1993 00:00,1993,7,0.32,NA,ENSO,NA,NA,Oceanic Nino Index,NA
15-8-1993 00:00,1993,8,0.25,NA,ENSO,NA,NA,Oceanic Nino Index,NA
15-9-1993 00:00,1993,9,0.15,NA,ENSO,NA,NA,Oceanic Nino Index,NA
15-10-1993 00:00,1993,10,0.1,NA,ENSO,NA,NA,Oceanic Nino Index,NA
15-11-1993 00:00,1993,11,0.04,NA,ENSO,NA,NA,Oceanic Nino Index,NA
15-12-1993 00:00,1993,12,0.06,NA,ENSO,NA,NA,Oceanic Nino Index,NA
15-1-1994 00:00,1994,1,0.06,NA,ENSO,NA,NA,Oceanic Nino Index,NA
15-2-1994 00:00,1994,2,0.07,NA,ENSO,NA,NA,Oceanic Nino Index,NA
15-3-1994 00:00,1994,3,0.17,NA,ENSO,NA,NA,Oceanic Nino Index,NA
15-4-1994 00:00,1994,4,0.31,NA,ENSO,NA,NA,Oceanic Nino Index,NA
15-5-1994 00:00,1994,5,0.42,NA,ENSO,NA,NA,Oceanic Nino Index,NA
15-6-1994 00:00,1994,6,0.41,NA,ENSO,NA,NA,Oceanic Nino Index,NA
15-7-1994 00:00,1994,7,0.44,NA,ENSO,NA,NA,Oceanic Nino Index,NA
15-8-1994 00:00,1994,8,0.43,NA,ENSO,NA,NA,Oceanic Nino Index,NA
15-9-1994 00:00,1994,9,0.55,NA,ENSO,NA,NA,Oceanic Nino Index,NA
15-10-1994 00:00,1994,10,0.74,NA,ENSO,NA,NA,Oceanic Nino Index,NA
15-11-1994 00:00,1994,11,1.01,NA,ENSO,NA,NA,Oceanic Nino Index,NA
15-12-1994 00:00,1994,12,1.09,NA,ENSO,NA,NA,Oceanic Nino Index,NA
15-1-1995 00:00,1995,1,0.96,NA,ENSO,NA,NA,Oceanic Nino Index,NA
15-2-1995 00:00,1995,2,0.72,NA,ENSO,NA,NA,Oceanic Nino Index,NA
15-3-1995 00:00,1995,3,0.53,NA,ENSO,NA,NA,Oceanic Nino Index,NA
15-4-1995 00:00,1995,4,0.3,NA,ENSO,NA,NA,Oceanic Nino Index,NA
15-5-1995 00:00,1995,5,0.14,NA,ENSO,NA,NA,Oceanic Nino Index,NA
15-6-1995 00:00,1995,6,-0.03,NA,ENSO,NA,NA,Oceanic Nino Index,NA
15-7-1995 00:00,1995,7,-0.24,NA,ENSO,NA,NA,Oceanic Nino Index,NA
15-8-1995 00:00,1995,8,-0.54,NA,ENSO,NA,NA,Oceanic Nino Index,NA
15-9-1995 00:00,1995,9,-0.81,NA,ENSO,NA,NA,Oceanic Nino Index,NA
15-10-1995 00:00,1995,10,-0.97,NA,ENSO,NA,NA,Oceanic Nino Index,NA
15-11-1995 00:00,1995,11,-1,NA,ENSO,NA,NA,Oceanic Nino Index,NA
15-12-1995 00:00,1995,12,-0.98,NA,ENSO,NA,NA,Oceanic Nino Index,NA
15-1-1996 00:00,1996,1,-0.9,NA,ENSO,NA,NA,Oceanic Nino Index,NA
15-2-1996 00:00,1996,2,-0.75,NA,ENSO,NA,NA,Oceanic Nino Index,NA
15-3-1996 00:00,1996,3,-0.59,NA,ENSO,NA,NA,Oceanic Nino Index,NA
15-4-1996 00:00,1996,4,-0.39,NA,ENSO,NA,NA,Oceanic Nino Index,NA
15-5-1996 00:00,1996,5,-0.31,NA,ENSO,NA,NA,Oceanic Nino Index,NA
15-6-1996 00:00,1996,6,-0.3,NA,ENSO,NA,NA,Oceanic Nino Index,NA
15-7-1996 00:00,1996,7,-0.27,NA,ENSO,NA,NA,Oceanic Nino Index,NA
15-8-1996 00:00,1996,8,-0.32,NA,ENSO,NA,NA,Oceanic Nino Index,NA
15-9-1996 00:00,1996,9,-0.35,NA,ENSO,NA,NA,Oceanic Nino Index,NA
15-10-1996 00:00,1996,10,-0.4,NA,ENSO,NA,NA,Oceanic Nino Index,NA
15-11-1996 00:00,1996,11,-0.45,NA,ENSO,NA,NA,Oceanic Nino Index,NA
15-12-1996 00:00,1996,12,-0.49,NA,ENSO,NA,NA,Oceanic Nino Index,NA
15-1-1997 00:00,1997,1,-0.5,NA,ENSO,NA,NA,Oceanic Nino Index,NA
15-2-1997 00:00,1997,2,-0.36,NA,ENSO,NA,NA,Oceanic Nino Index,NA
15-3-1997 00:00,1997,3,-0.1,NA,ENSO,NA,NA,Oceanic Nino Index,NA
15-4-1997 00:00,1997,4,0.28,NA,ENSO,NA,NA,Oceanic Nino Index,NA
15-5-1997 00:00,1997,5,0.75,NA,ENSO,NA,NA,Oceanic Nino Index,NA
15-6-1997 00:00,1997,6,1.22,NA,ENSO,NA,NA,Oceanic Nino Index,NA
15-7-1997 00:00,1997,7,1.6,NA,ENSO,NA,NA,Oceanic Nino Index,NA
15-8-1997 00:00,1997,8,1.9,NA,ENSO,NA,NA,Oceanic Nino Index,NA
15-9-1997 00:00,1997,9,2.14,NA,ENSO,NA,NA,Oceanic Nino Index,NA
15-10-1997 00:00,1997,10,2.33,NA,ENSO,NA,NA,Oceanic Nino Index,NA
15-11-1997 00:00,1997,11,2.4,NA,ENSO,NA,NA,Oceanic Nino Index,NA
15-12-1997 00:00,1997,12,2.39,NA,ENSO,NA,NA,Oceanic Nino Index,NA
15-1-1998 00:00,1998,1,2.24,NA,ENSO,NA,NA,Oceanic Nino Index,NA
15-2-1998 00:00,1998,2,1.93,NA,ENSO,NA,NA,Oceanic Nino Index,NA
15-3-1998 00:00,1998,3,1.44,NA,ENSO,NA,NA,Oceanic Nino Index,NA
15-4-1998 00:00,1998,4,0.99,NA,ENSO,NA,NA,Oceanic Nino Index,NA
15-5-1998 00:00,1998,5,0.45,NA,ENSO,NA,NA,Oceanic Nino Index,NA
15-6-1998 00:00,1998,6,-0.13,NA,ENSO,NA,NA,Oceanic Nino Index,NA
15-7-1998 00:00,1998,7,-0.78,NA,ENSO,NA,NA,Oceanic Nino Index,NA
15-8-1998 00:00,1998,8,-1.12,NA,ENSO,NA,NA,Oceanic Nino Index,NA
15-9-1998 00:00,1998,9,-1.31,NA,ENSO,NA,NA,Oceanic Nino Index,NA
15-10-1998 00:00,1998,10,-1.35,NA,ENSO,NA,NA,Oceanic Nino Index,NA
15-11-1998 00:00,1998,11,-1.48,NA,ENSO,NA,NA,Oceanic Nino Index,NA
15-12-1998 00:00,1998,12,-1.57,NA,ENSO,NA,NA,Oceanic Nino Index,NA
15-1-1999 00:00,1999,1,-1.55,NA,ENSO,NA,NA,Oceanic Nino Index,NA
15-2-1999 00:00,1999,2,-1.3,NA,ENSO,NA,NA,Oceanic Nino Index,NA
15-3-1999 00:00,1999,3,-1.07,NA,ENSO,NA,NA,Oceanic Nino Index,NA
15-4-1999 00:00,1999,4,-0.98,NA,ENSO,NA,NA,Oceanic Nino Index,NA
15-5-1999 00:00,1999,5,-1.02,NA,ENSO,NA,NA,Oceanic Nino Index,NA
15-6-1999 00:00,1999,6,-1.04,NA,ENSO,NA,NA,Oceanic Nino Index,NA
15-7-1999 00:00,1999,7,-1.1,NA,ENSO,NA,NA,Oceanic Nino Index,NA
15-8-1999 00:00,1999,8,-1.11,NA,ENSO,NA,NA,Oceanic Nino Index,NA
15-9-1999 00:00,1999,9,-1.16,NA,ENSO,NA,NA,Oceanic Nino Index,NA
15-10-1999 00:00,1999,10,-1.26,NA,ENSO,NA,NA,Oceanic Nino Index,NA
15-11-1999 00:00,1999,11,-1.46,NA,ENSO,NA,NA,Oceanic Nino Index,NA
15-12-1999 00:00,1999,12,-1.65,NA,ENSO,NA,NA,Oceanic Nino Index,NA
15-1-2000 00:00,2000,1,-1.66,NA,ENSO,NA,NA,Oceanic Nino Index,NA
15-2-2000 00:00,2000,2,-1.41,NA,ENSO,NA,NA,Oceanic Nino Index,NA
15-3-2000 00:00,2000,3,-1.07,NA,ENSO,NA,NA,Oceanic Nino Index,NA
15-4-2000 00:00,2000,4,-0.81,NA,ENSO,NA,NA,Oceanic Nino Index,NA
15-5-2000 00:00,2000,5,-0.71,NA,ENSO,NA,NA,Oceanic Nino Index,NA
15-6-2000 00:00,2000,6,-0.64,NA,ENSO,NA,NA,Oceanic Nino Index,NA
15-7-2000 00:00,2000,7,-0.55,NA,ENSO,NA,NA,Oceanic Nino Index,NA
15-8-2000 00:00,2000,8,-0.51,NA,ENSO,NA,NA,Oceanic Nino Index,NA
15-9-2000 00:00,2000,9,-0.55,NA,ENSO,NA,NA,Oceanic Nino Index,NA
15-10-2000 00:00,2000,10,-0.63,NA,ENSO,NA,NA,Oceanic Nino Index,NA
15-11-2000 00:00,2000,11,-0.75,NA,ENSO,NA,NA,Oceanic Nino Index,NA
15-12-2000 00:00,2000,12,-0.74,NA,ENSO,NA,NA,Oceanic Nino Index,NA
15-1-2001 00:00,2001,1,-0.68,NA,ENSO,NA,NA,Oceanic Nino Index,NA
15-2-2001 00:00,2001,2,-0.52,NA,ENSO,NA,NA,Oceanic Nino Index,NA
15-3-2001 00:00,2001,3,-0.44,NA,ENSO,NA,NA,Oceanic Nino Index,NA
15-4-2001 00:00,2001,4,-0.34,NA,ENSO,NA,NA,Oceanic Nino Index,NA
15-5-2001 00:00,2001,5,-0.25,NA,ENSO,NA,NA,Oceanic Nino Index,NA
15-6-2001 00:00,2001,6,-0.12,NA,ENSO,NA,NA,Oceanic Nino Index,NA
15-7-2001 00:00,2001,7,-0.08,NA,ENSO,NA,NA,Oceanic Nino Index,NA
15-8-2001 00:00,2001,8,-0.13,NA,ENSO,NA,NA,Oceanic Nino Index,NA
15-9-2001 00:00,2001,9,-0.19,NA,ENSO,NA,NA,Oceanic Nino Index,NA
15-10-2001 00:00,2001,10,-0.29,NA,ENSO,NA,NA,Oceanic Nino Index,NA
15-11-2001 00:00,2001,11,-0.35,NA,ENSO,NA,NA,Oceanic Nino Index,NA
15-12-2001 00:00,2001,12,-0.31,NA,ENSO,NA,NA,Oceanic Nino Index,NA
15-1-2002 00:00,2002,1,-0.15,NA,ENSO,NA,NA,Oceanic Nino Index,NA
15-2-2002 00:00,2002,2,0.03,NA,ENSO,NA,NA,Oceanic Nino Index,NA
15-3-2002 00:00,2002,3,0.09,NA,ENSO,NA,NA,Oceanic Nino Index,NA
15-4-2002 00:00,2002,4,0.2,NA,ENSO,NA,NA,Oceanic Nino Index,NA
15-5-2002 00:00,2002,5,0.43,NA,ENSO,NA,NA,Oceanic Nino Index,NA
15-6-2002 00:00,2002,6,0.65,NA,ENSO,NA,NA,Oceanic Nino Index,NA
15-7-2002 00:00,2002,7,0.79,NA,ENSO,NA,NA,Oceanic Nino Index,NA
15-8-2002 00:00,2002,8,0.86,NA,ENSO,NA,NA,Oceanic Nino Index,NA
15-9-2002 00:00,2002,9,1.01,NA,ENSO,NA,NA,Oceanic Nino Index,NA
15-10-2002 00:00,2002,10,1.21,NA,ENSO,NA,NA,Oceanic Nino Index,NA
15-11-2002 00:00,2002,11,1.31,NA,ENSO,NA,NA,Oceanic Nino Index,NA
15-12-2002 00:00,2002,12,1.14,NA,ENSO,NA,NA,Oceanic Nino Index,NA
15-1-2003 00:00,2003,1,0.92,NA,ENSO,NA,NA,Oceanic Nino Index,NA
15-2-2003 00:00,2003,2,0.63,NA,ENSO,NA,NA,Oceanic Nino Index,NA
15-3-2003 00:00,2003,3,0.38,NA,ENSO,NA,NA,Oceanic Nino Index,NA
15-4-2003 00:00,2003,4,-0.04,NA,ENSO,NA,NA,Oceanic Nino Index,NA
15-5-2003 00:00,2003,5,-0.26,NA,ENSO,NA,NA,Oceanic Nino Index,NA
15-6-2003 00:00,2003,6,-0.16,NA,ENSO,NA,NA,Oceanic Nino Index,NA
15-7-2003 00:00,2003,7,0.08,NA,ENSO,NA,NA,Oceanic Nino Index,NA
15-8-2003 00:00,2003,8,0.21,NA,ENSO,NA,NA,Oceanic Nino Index,NA
15-9-2003 00:00,2003,9,0.26,NA,ENSO,NA,NA,Oceanic Nino Index,NA
15-10-2003 00:00,2003,10,0.29,NA,ENSO,NA,NA,Oceanic Nino Index,NA
15-11-2003 00:00,2003,11,0.35,NA,ENSO,NA,NA,Oceanic Nino Index,NA
15-12-2003 00:00,2003,12,0.35,NA,ENSO,NA,NA,Oceanic Nino Index,NA
15-1-2004 00:00,2004,1,0.37,NA,ENSO,NA,NA,Oceanic Nino Index,NA
15-2-2004 00:00,2004,2,0.31,NA,ENSO,NA,NA,Oceanic Nino Index,NA
15-3-2004 00:00,2004,3,0.23,NA,ENSO,NA,NA,Oceanic Nino Index,NA
15-4-2004 00:00,2004,4,0.17,NA,ENSO,NA,NA,Oceanic Nino Index,NA
15-5-2004 00:00,2004,5,0.17,NA,ENSO,NA,NA,Oceanic Nino Index,NA
15-6-2004 00:00,2004,6,0.28,NA,ENSO,NA,NA,Oceanic Nino Index,NA
15-7-2004 00:00,2004,7,0.47,NA,ENSO,NA,NA,Oceanic Nino Index,NA
15-8-2004 00:00,2004,8,0.64,NA,ENSO,NA,NA,Oceanic Nino Index,NA
15-9-2004 00:00,2004,9,0.7,NA,ENSO,NA,NA,Oceanic Nino Index,NA
15-10-2004 00:00,2004,10,0.67,NA,ENSO,NA,NA,Oceanic Nino Index,NA
15-11-2004 00:00,2004,11,0.66,NA,ENSO,NA,NA,Oceanic Nino Index,NA
15-12-2004 00:00,2004,12,0.69,NA,ENSO,NA,NA,Oceanic Nino Index,NA
15-1-2005 00:00,2005,1,0.64,NA,ENSO,NA,NA,Oceanic Nino Index,NA
15-2-2005 00:00,2005,2,0.58,NA,ENSO,NA,NA,Oceanic Nino Index,NA
15-3-2005 00:00,2005,3,0.45,NA,ENSO,NA,NA,Oceanic Nino Index,NA
15-4-2005 00:00,2005,4,0.43,NA,ENSO,NA,NA,Oceanic Nino Index,NA
15-5-2005 00:00,2005,5,0.29,NA,ENSO,NA,NA,Oceanic Nino Index,NA
15-6-2005 00:00,2005,6,0.11,NA,ENSO,NA,NA,Oceanic Nino Index,NA
15-7-2005 00:00,2005,7,-0.06,NA,ENSO,NA,NA,Oceanic Nino Index,NA
15-8-2005 00:00,2005,8,-0.14,NA,ENSO,NA,NA,Oceanic Nino Index,NA
15-9-2005 00:00,2005,9,-0.11,NA,ENSO,NA,NA,Oceanic Nino Index,NA
15-10-2005 00:00,2005,10,-0.29,NA,ENSO,NA,NA,Oceanic Nino Index,NA
15-11-2005 00:00,2005,11,-0.57,NA,ENSO,NA,NA,Oceanic Nino Index,NA
15-12-2005 00:00,2005,12,-0.84,NA,ENSO,NA,NA,Oceanic Nino Index,NA
15-1-2006 00:00,2006,1,-0.85,NA,ENSO,NA,NA,Oceanic Nino Index,NA
15-2-2006 00:00,2006,2,-0.77,NA,ENSO,NA,NA,Oceanic Nino Index,NA
15-3-2006 00:00,2006,3,-0.57,NA,ENSO,NA,NA,Oceanic Nino Index,NA
15-4-2006 00:00,2006,4,-0.37,NA,ENSO,NA,NA,Oceanic Nino Index,NA
15-5-2006 00:00,2006,5,-0.14,NA,ENSO,NA,NA,Oceanic Nino Index,NA
15-6-2006 00:00,2006,6,-0.03,NA,ENSO,NA,NA,Oceanic Nino Index,NA
15-7-2006 00:00,2006,7,0.1,NA,ENSO,NA,NA,Oceanic Nino Index,NA
15-8-2006 00:00,2006,8,0.3,NA,ENSO,NA,NA,Oceanic Nino Index,NA
15-9-2006 00:00,2006,9,0.54,NA,ENSO,NA,NA,Oceanic Nino Index,NA
15-10-2006 00:00,2006,10,0.77,NA,ENSO,NA,NA,Oceanic Nino Index,NA
15-11-2006 00:00,2006,11,0.94,NA,ENSO,NA,NA,Oceanic Nino Index,NA
15-12-2006 00:00,2006,12,0.94,NA,ENSO,NA,NA,Oceanic Nino Index,NA
15-1-2007 00:00,2007,1,0.66,NA,ENSO,NA,NA,Oceanic Nino Index,NA
15-2-2007 00:00,2007,2,0.22,NA,ENSO,NA,NA,Oceanic Nino Index,NA
15-3-2007 00:00,2007,3,-0.12,NA,ENSO,NA,NA,Oceanic Nino Index,NA
15-4-2007 00:00,2007,4,-0.32,NA,ENSO,NA,NA,Oceanic Nino Index,NA
15-5-2007 00:00,2007,5,-0.38,NA,ENSO,NA,NA,Oceanic Nino Index,NA
15-6-2007 00:00,2007,6,-0.47,NA,ENSO,NA,NA,Oceanic Nino Index,NA
15-7-2007 00:00,2007,7,-0.56,NA,ENSO,NA,NA,Oceanic Nino Index,NA
15-8-2007 00:00,2007,8,-0.81,NA,ENSO,NA,NA,Oceanic Nino Index,NA
15-9-2007 00:00,2007,9,-1.07,NA,ENSO,NA,NA,Oceanic Nino Index,NA
15-10-2007 00:00,2007,10,-1.34,NA,ENSO,NA,NA,Oceanic Nino Index,NA
15-11-2007 00:00,2007,11,-1.5,NA,ENSO,NA,NA,Oceanic Nino Index,NA
15-12-2007 00:00,2007,12,-1.6,NA,ENSO,NA,NA,Oceanic Nino Index,NA
15-1-2008 00:00,2008,1,-1.64,NA,ENSO,NA,NA,Oceanic Nino Index,NA
15-2-2008 00:00,2008,2,-1.52,NA,ENSO,NA,NA,Oceanic Nino Index,NA
15-3-2008 00:00,2008,3,-1.29,NA,ENSO,NA,NA,Oceanic Nino Index,NA
15-4-2008 00:00,2008,4,-1.01,NA,ENSO,NA,NA,Oceanic Nino Index,NA
15-5-2008 00:00,2008,5,-0.84,NA,ENSO,NA,NA,Oceanic Nino Index,NA
15-6-2008 00:00,2008,6,-0.61,NA,ENSO,NA,NA,Oceanic Nino Index,NA
15-7-2008 00:00,2008,7,-0.37,NA,ENSO,NA,NA,Oceanic Nino Index,NA
15-8-2008 00:00,2008,8,-0.23,NA,ENSO,NA,NA,Oceanic Nino Index,NA
15-9-2008 00:00,2008,9,-0.24,NA,ENSO,NA,NA,Oceanic Nino Index,NA
15-10-2008 00:00,2008,10,-0.35,NA,ENSO,NA,NA,Oceanic Nino Index,NA
15-11-2008 00:00,2008,11,-0.55,NA,ENSO,NA,NA,Oceanic Nino Index,NA
15-12-2008 00:00,2008,12,-0.73,NA,ENSO,NA,NA,Oceanic Nino Index,NA
15-1-2009 00:00,2009,1,-0.85,NA,ENSO,NA,NA,Oceanic Nino Index,NA
15-2-2009 00:00,2009,2,-0.79,NA,ENSO,NA,NA,Oceanic Nino Index,NA
15-3-2009 00:00,2009,3,-0.61,NA,ENSO,NA,NA,Oceanic Nino Index,NA
15-4-2009 00:00,2009,4,-0.33,NA,ENSO,NA,NA,Oceanic Nino Index,NA
15-5-2009 00:00,2009,5,0.01,NA,ENSO,NA,NA,Oceanic Nino Index,NA
15-6-2009 00:00,2009,6,0.28,NA,ENSO,NA,NA,Oceanic Nino Index,NA
15-7-2009 00:00,2009,7,0.45,NA,ENSO,NA,NA,Oceanic Nino Index,NA
15-8-2009 00:00,2009,8,0.58,NA,ENSO,NA,NA,Oceanic Nino Index,NA
15-9-2009 00:00,2009,9,0.71,NA,ENSO,NA,NA,Oceanic Nino Index,NA
15-10-2009 00:00,2009,10,1.01,NA,ENSO,NA,NA,Oceanic Nino Index,NA
15-11-2009 00:00,2009,11,1.36,NA,ENSO,NA,NA,Oceanic Nino Index,NA
15-12-2009 00:00,2009,12,1.56,NA,ENSO,NA,NA,Oceanic Nino Index,NA
15-1-2010 00:00,2010,1,1.5,NA,ENSO,NA,NA,Oceanic Nino Index,NA
15-2-2010 00:00,2010,2,1.22,NA,ENSO,NA,NA,Oceanic Nino Index,NA
15-3-2010 00:00,2010,3,0.84,NA,ENSO,NA,NA,Oceanic Nino Index,NA
15-4-2010 00:00,2010,4,0.35,NA,ENSO,NA,NA,Oceanic Nino Index,NA
15-5-2010 00:00,2010,5,-0.17,NA,ENSO,NA,NA,Oceanic Nino Index,NA
15-6-2010 00:00,2010,6,-0.66,NA,ENSO,NA,NA,Oceanic Nino Index,NA
15-7-2010 00:00,2010,7,-1.05,NA,ENSO,NA,NA,Oceanic Nino Index,NA
15-8-2010 00:00,2010,8,-1.35,NA,ENSO,NA,NA,Oceanic Nino Index,NA
15-9-2010 00:00,2010,9,-1.56,NA,ENSO,NA,NA,Oceanic Nino Index,NA
15-10-2010 00:00,2010,10,-1.64,NA,ENSO,NA,NA,Oceanic Nino Index,NA
15-11-2010 00:00,2010,11,-1.64,NA,ENSO,NA,NA,Oceanic Nino Index,NA
15-12-2010 00:00,2010,12,-1.54,NA,ENSO,NA,NA,Oceanic Nino Index,NA
15-1-2011 00:00,2011,1,-1.31,NA,ENSO,NA,NA,Oceanic Nino Index,NA
15-2-2011 00:00,2011,2,-1.04,NA,ENSO,NA,NA,Oceanic Nino Index,NA
15-3-2011 00:00,2011,3,-0.8,NA,ENSO,NA,NA,Oceanic Nino Index,NA
15-4-2011 00:00,2011,4,-0.62,NA,ENSO,NA,NA,Oceanic Nino Index,NA
15-5-2011 00:00,2011,5,-0.46,NA,ENSO,NA,NA,Oceanic Nino Index,NA
15-6-2011 00:00,2011,6,-0.37,NA,ENSO,NA,NA,Oceanic Nino Index,NA
15-7-2011 00:00,2011,7,-0.43,NA,ENSO,NA,NA,Oceanic Nino Index,NA
15-8-2011 00:00,2011,8,-0.58,NA,ENSO,NA,NA,Oceanic Nino Index,NA
15-9-2011 00:00,2011,9,-0.79,NA,ENSO,NA,NA,Oceanic Nino Index,NA
15-10-2011 00:00,2011,10,-0.96,NA,ENSO,NA,NA,Oceanic Nino Index,NA
15-11-2011 00:00,2011,11,-1.02,NA,ENSO,NA,NA,Oceanic Nino Index,NA
15-12-2011 00:00,2011,12,-0.92,NA,ENSO,NA,NA,Oceanic Nino Index,NA
15-1-2012 00:00,2012,1,-0.72,NA,ENSO,NA,NA,Oceanic Nino Index,NA
15-2-2012 00:00,2012,2,-0.57,NA,ENSO,NA,NA,Oceanic Nino Index,NA
15-3-2012 00:00,2012,3,-0.46,NA,ENSO,NA,NA,Oceanic Nino Index,NA
15-4-2012 00:00,2012,4,-0.36,NA,ENSO,NA,NA,Oceanic Nino Index,NA
15-5-2012 00:00,2012,5,-0.17,NA,ENSO,NA,NA,Oceanic Nino Index,NA
15-6-2012 00:00,2012,6,0.06,NA,ENSO,NA,NA,Oceanic Nino Index,NA
15-7-2012 00:00,2012,7,0.3,NA,ENSO,NA,NA,Oceanic Nino Index,NA
15-8-2012 00:00,2012,8,0.41,NA,ENSO,NA,NA,Oceanic Nino Index,NA
15-9-2012 00:00,2012,9,0.41,NA,ENSO,NA,NA,Oceanic Nino Index,NA
15-10-2012 00:00,2012,10,0.31,NA,ENSO,NA,NA,Oceanic Nino Index,NA
15-11-2012 00:00,2012,11,0.13,NA,ENSO,NA,NA,Oceanic Nino Index,NA
15-12-2012 00:00,2012,12,-0.1,NA,ENSO,NA,NA,Oceanic Nino Index,NA
15-1-2013 00:00,2013,1,-0.29,NA,ENSO,NA,NA,Oceanic Nino Index,NA
15-2-2013 00:00,2013,2,-0.29,NA,ENSO,NA,NA,Oceanic Nino Index,NA
15-3-2013 00:00,2013,3,-0.21,NA,ENSO,NA,NA,Oceanic Nino Index,NA
15-4-2013 00:00,2013,4,-0.19,NA,ENSO,NA,NA,Oceanic Nino Index,NA
15-5-2013 00:00,2013,5,-0.27,NA,ENSO,NA,NA,Oceanic Nino Index,NA
15-6-2013 00:00,2013,6,-0.34,NA,ENSO,NA,NA,Oceanic Nino Index,NA
15-7-2013 00:00,2013,7,-0.35,NA,ENSO,NA,NA,Oceanic Nino Index,NA
15-8-2013 00:00,2013,8,-0.28,NA,ENSO,NA,NA,Oceanic Nino Index,NA
15-9-2013 00:00,2013,9,-0.21,NA,ENSO,NA,NA,Oceanic Nino Index,NA
15-10-2013 00:00,2013,10,-0.13,NA,ENSO,NA,NA,Oceanic Nino Index,NA
15-11-2013 00:00,2013,11,-0.1,NA,ENSO,NA,NA,Oceanic Nino Index,NA
15-12-2013 00:00,2013,12,-0.15,NA,ENSO,NA,NA,Oceanic Nino Index,NA
15-1-2014 00:00,2014,1,-0.28,NA,ENSO,NA,NA,Oceanic Nino Index,NA
15-2-2014 00:00,2014,2,-0.32,NA,ENSO,NA,NA,Oceanic Nino Index,NA
15-3-2014 00:00,2014,3,-0.14,NA,ENSO,NA,NA,Oceanic Nino Index,NA
15-4-2014 00:00,2014,4,0.15,NA,ENSO,NA,NA,Oceanic Nino Index,NA
15-5-2014 00:00,2014,5,0.31,NA,ENSO,NA,NA,Oceanic Nino Index,NA
15-6-2014 00:00,2014,6,0.23,NA,ENSO,NA,NA,Oceanic Nino Index,NA
15-7-2014 00:00,2014,7,0.1,NA,ENSO,NA,NA,Oceanic Nino Index,NA
15-8-2014 00:00,2014,8,0.11,NA,ENSO,NA,NA,Oceanic Nino Index,NA
15-9-2014 00:00,2014,9,0.28,NA,ENSO,NA,NA,Oceanic Nino Index,NA
15-10-2014 00:00,2014,10,0.54,NA,ENSO,NA,NA,Oceanic Nino Index,NA
15-11-2014 00:00,2014,11,0.71,NA,ENSO,NA,NA,Oceanic Nino Index,NA
15-12-2014 00:00,2014,12,0.77,NA,ENSO,NA,NA,Oceanic Nino Index,NA
15-1-2015 00:00,2015,1,0.69,NA,ENSO,NA,NA,Oceanic Nino Index,NA
15-2-2015 00:00,2015,2,0.61,NA,ENSO,NA,NA,Oceanic Nino Index,NA
15-3-2015 00:00,2015,3,0.65,NA,ENSO,NA,NA,Oceanic Nino Index,NA
15-4-2015 00:00,2015,4,0.81,NA,ENSO,NA,NA,Oceanic Nino Index,NA
15-5-2015 00:00,2015,5,1.02,NA,ENSO,NA,NA,Oceanic Nino Index,NA
15-6-2015 00:00,2015,6,1.25,NA,ENSO,NA,NA,Oceanic Nino Index,NA
15-7-2015 00:00,2015,7,1.57,NA,ENSO,NA,NA,Oceanic Nino Index,NA
15-8-2015 00:00,2015,8,1.91,NA,ENSO,NA,NA,Oceanic Nino Index,NA
15-9-2015 00:00,2015,9,2.21,NA,ENSO,NA,NA,Oceanic Nino Index,NA
15-10-2015 00:00,2015,10,2.47,NA,ENSO,NA,NA,Oceanic Nino Index,NA
15-11-2015 00:00,2015,11,2.64,NA,ENSO,NA,NA,Oceanic Nino Index,NA
15-12-2015 00:00,2015,12,2.75,NA,ENSO,NA,NA,Oceanic Nino Index,NA
15-1-2016 00:00,2016,1,2.63,NA,ENSO,NA,NA,Oceanic Nino Index,NA
15-2-2016 00:00,2016,2,2.28,NA,ENSO,NA,NA,Oceanic Nino Index,NA
15-3-2016 00:00,2016,3,1.71,NA,ENSO,NA,NA,Oceanic Nino Index,NA
15-4-2016 00:00,2016,4,1.05,NA,ENSO,NA,NA,Oceanic Nino Index,NA
15-5-2016 00:00,2016,5,0.49,NA,ENSO,NA,NA,Oceanic Nino Index,NA
15-6-2016 00:00,2016,6,0,NA,ENSO,NA,NA,Oceanic Nino Index,NA
15-7-2016 00:00,2016,7,-0.31,NA,ENSO,NA,NA,Oceanic Nino Index,NA
15-8-2016 00:00,2016,8,-0.5,NA,ENSO,NA,NA,Oceanic Nino Index,NA
15-9-2016 00:00,2016,9,-0.58,NA,ENSO,NA,NA,Oceanic Nino Index,NA
15-10-2016 00:00,2016,10,-0.64,NA,ENSO,NA,NA,Oceanic Nino Index,NA
15-11-2016 00:00,2016,11,-0.6,NA,ENSO,NA,NA,Oceanic Nino Index,NA
15-12-2016 00:00,2016,12,-0.45,NA,ENSO,NA,NA,Oceanic Nino Index,NA
15-1-2017 00:00,2017,1,-0.19,NA,ENSO,NA,NA,Oceanic Nino Index,NA
15-2-2017 00:00,2017,2,-0.02,NA,ENSO,NA,NA,Oceanic Nino Index,NA
15-3-2017 00:00,2017,3,0.18,NA,ENSO,NA,NA,Oceanic Nino Index,NA
15-4-2017 00:00,2017,4,0.31,NA,ENSO,NA,NA,Oceanic Nino Index,NA
15-5-2017 00:00,2017,5,0.4,NA,ENSO,NA,NA,Oceanic Nino Index,NA
15-6-2017 00:00,2017,6,0.39,NA,ENSO,NA,NA,Oceanic Nino Index,NA
15-7-2017 00:00,2017,7,0.19,NA,ENSO,NA,NA,Oceanic Nino Index,NA
15-8-2017 00:00,2017,8,-0.07,NA,ENSO,NA,NA,Oceanic Nino Index,NA
15-9-2017 00:00,2017,9,-0.34,NA,ENSO,NA,NA,Oceanic Nino Index,NA
15-10-2017 00:00,2017,10,-0.6,NA,ENSO,NA,NA,Oceanic Nino Index,NA
15-11-2017 00:00,2017,11,-0.77,NA,ENSO,NA,NA,Oceanic Nino Index,NA
15-12-2017 00:00,2017,12,-0.86,NA,ENSO,NA,NA,Oceanic Nino Index,NA
15-1-2018 00:00,2018,1,-0.77,NA,ENSO,NA,NA,Oceanic Nino Index,NA
15-2-2018 00:00,2018,2,-0.71,NA,ENSO,NA,NA,Oceanic Nino Index,NA
15-3-2018 00:00,2018,3,-0.57,NA,ENSO,NA,NA,Oceanic Nino Index,NA
15-4-2018 00:00,2018,4,-0.39,NA,ENSO,NA,NA,Oceanic Nino Index,NA
15-5-2018 00:00,2018,5,-0.13,NA,ENSO,NA,NA,Oceanic Nino Index,NA
15-6-2018 00:00,2018,6,0.06,NA,ENSO,NA,NA,Oceanic Nino Index,NA
15-7-2018 00:00,2018,7,0.14,NA,ENSO,NA,NA,Oceanic Nino Index,NA
15-8-2018 00:00,2018,8,0.27,NA,ENSO,NA,NA,Oceanic Nino Index,NA
15-9-2018 00:00,2018,9,0.53,NA,ENSO,NA,NA,Oceanic Nino Index,NA
15-10-2018 00:00,2018,10,0.81,NA,ENSO,NA,NA,Oceanic Nino Index,NA
15-11-2018 00:00,2018,11,0.97,NA,ENSO,NA,NA,Oceanic Nino Index,NA
15-12-2018 00:00,2018,12,0.92,NA,ENSO,NA,NA,Oceanic Nino Index,NA
15-1-2019 00:00,2019,1,0.89,NA,ENSO,NA,NA,Oceanic Nino Index,NA
15-2-2019 00:00,2019,2,0.86,NA,ENSO,NA,NA,Oceanic Nino Index,NA
15-3-2019 00:00,2019,3,0.84,NA,ENSO,NA,NA,Oceanic Nino Index,NA
15-4-2019 00:00,2019,4,0.77,NA,ENSO,NA,NA,Oceanic Nino Index,NA
15-5-2019 00:00,2019,5,0.64,NA,ENSO,NA,NA,Oceanic Nino Index,NA
15-6-2019 00:00,2019,6,0.52,NA,ENSO,NA,NA,Oceanic Nino Index,NA
15-7-2019 00:00,2019,7,0.33,NA,ENSO,NA,NA,Oceanic Nino Index,NA
15-8-2019 00:00,2019,8,0.19,NA,ENSO,NA,NA,Oceanic Nino Index,NA
15-9-2019 00:00,2019,9,0.23,NA,ENSO,NA,NA,Oceanic Nino Index,NA
15-10-2019 00:00,2019,10,0.39,NA,ENSO,NA,NA,Oceanic Nino Index,NA
15-11-2019 00:00,2019,11,0.58,NA,ENSO,NA,NA,Oceanic Nino Index,NA
15-12-2019 00:00,2019,12,0.66,NA,ENSO,NA,NA,Oceanic Nino Index,NA
15-1-2020 00:00,2020,1,0.64,NA,ENSO,NA,NA,Oceanic Nino Index,NA
15-2-2020 00:00,2020,2,0.63,NA,ENSO,NA,NA,Oceanic Nino Index,NA
15-3-2020 00:00,2020,3,0.53,NA,ENSO,NA,NA,Oceanic Nino Index,NA
15-4-2020 00:00,2020,4,0.3,NA,ENSO,NA,NA,Oceanic Nino Index,NA
15-5-2020 00:00,2020,5,0.01,NA,ENSO,NA,NA,Oceanic Nino Index,NA
15-6-2020 00:00,2020,6,-0.23,NA,ENSO,NA,NA,Oceanic Nino Index,NA
15-7-2020 00:00,2020,7,-0.36,NA,ENSO,NA,NA,Oceanic Nino Index,NA
15-8-2020 00:00,2020,8,-0.53,NA,ENSO,NA,NA,Oceanic Nino Index,NA
15-9-2020 00:00,2020,9,-0.85,NA,ENSO,NA,NA,Oceanic Nino Index,NA
15-10-2020 00:00,2020,10,-1.12,NA,ENSO,NA,NA,Oceanic Nino Index,NA
15-11-2020 00:00,2020,11,-1.2,NA,ENSO,NA,NA,Oceanic Nino Index,NA
15-12-2020 00:00,2020,12,-1.08,NA,ENSO,NA,NA,Oceanic Nino Index,NA
15-1-2021 00:00,2021,1,-0.91,NA,ENSO,NA,NA,Oceanic Nino Index,NA
15-2-2021 00:00,2021,2,-0.79,NA,ENSO,NA,NA,Oceanic Nino Index,NA
15-3-2021 00:00,2021,3,-0.71,NA,ENSO,NA,NA,Oceanic Nino Index,NA
15-4-2021 00:00,2021,4,-0.55,NA,ENSO,NA,NA,Oceanic Nino Index,NA
15-5-2021 00:00,2021,5,-0.39,NA,ENSO,NA,NA,Oceanic Nino Index,NA
15-6-2021 00:00,2021,6,-0.3,NA,ENSO,NA,NA,Oceanic Nino Index,NA
15-7-2021 00:00,2021,7,-0.35,NA,ENSO,NA,NA,Oceanic Nino Index,NA
15-8-2021 00:00,2021,8,-0.45,NA,ENSO,NA,NA,Oceanic Nino Index,NA
15-9-2021 00:00,2021,9,-0.63,NA,ENSO,NA,NA,Oceanic Nino Index,NA
15-10-2021 00:00,2021,10,-0.76,NA,ENSO,NA,NA,Oceanic Nino Index,NA
15-11-2021 00:00,2021,11,-0.91,NA,ENSO,NA,NA,Oceanic Nino Index,NA
15-12-2021 00:00,2021,12,-0.87,NA,ENSO,NA,NA,Oceanic Nino Index,NA
15-1-2022 00:00,2022,1,-0.82,NA,ENSO,NA,NA,Oceanic Nino Index,NA
15-2-2022 00:00,2022,2,-0.79,NA,ENSO,NA,NA,Oceanic Nino Index,NA
15-3-2022 00:00,2022,3,-0.86,NA,ENSO,NA,NA,Oceanic Nino Index,NA
15-4-2022 00:00,2022,4,-0.95,NA,ENSO,NA,NA,Oceanic Nino Index,NA
15-5-2022 00:00,2022,5,-0.9,NA,ENSO,NA,NA,Oceanic Nino Index,NA
15-6-2022 00:00,2022,6,-0.78,NA,ENSO,NA,NA,Oceanic Nino Index,NA
15-7-2022 00:00,2022,7,-0.76,NA,ENSO,NA,NA,Oceanic Nino Index,NA
15-8-2022 00:00,2022,8,-0.87,NA,ENSO,NA,NA,Oceanic Nino Index,NA
15-9-2022 00:00,2022,9,-0.97,NA,ENSO,NA,NA,Oceanic Nino Index,NA
15-10-2022 00:00,2022,10,-0.94,NA,ENSO,NA,NA,Oceanic Nino Index,NA
15-11-2022 00:00,2022,11,-0.85,NA,ENSO,NA,NA,Oceanic Nino Index,NA
15-12-2022 00:00,2022,12,-0.71,NA,ENSO,NA,NA,Oceanic Nino Index,NA
15-1-2023 00:00,2023,1,-0.54,NA,ENSO,NA,NA,Oceanic Nino Index,NA
15-2-2023 00:00,2023,2,-0.29,NA,ENSO,NA,NA,Oceanic Nino Index,NA
15-3-2023 00:00,2023,3,-0.02,NA,ENSO,NA,NA,Oceanic Nino Index,NA
15-4-2023 00:00,2023,4,0.27,NA,ENSO,NA,NA,Oceanic Nino Index,NA
15-5-2023 00:00,2023,5,0.57,NA,ENSO,NA,NA,Oceanic Nino Index,NA
15-6-2023 00:00,2023,6,0.84,NA,ENSO,NA,NA,Oceanic Nino Index,NA
15-7-2023 00:00,2023,7,1.12,NA,ENSO,NA,NA,Oceanic Nino Index,NA
15-8-2023 00:00,2023,8,1.37,NA,ENSO,NA,NA,Oceanic Nino Index,NA
15-9-2023 00:00,2023,9,1.6,NA,ENSO,NA,NA,Oceanic Nino Index,NA
15-10-2023 00:00,2023,10,1.83,NA,ENSO,NA,NA,Oceanic Nino Index,NA
15-11-2023 00:00,2023,11,1.99,NA,ENSO,NA,NA,Oceanic Nino Index,NA
15-12-2023 00:00,2023,12,2.06,NA,ENSO,NA,NA,Oceanic Nino Index,NA
15-1-2024 00:00,2024,1,1.92,NA,ENSO,NA,NA,Oceanic Nino Index,NA
15-2-2024 00:00,2024,2,1.62,NA,ENSO,NA,NA,Oceanic Nino Index,NA
15-3-2024 00:00,2024,3,1.26,NA,ENSO,NA,NA,Oceanic Nino Index,NA
15-4-2024 00:00,2024,4,0.82,NA,ENSO,NA,NA,Oceanic Nino Index,NA
15-5-2024 00:00,2024,5,0.49,NA,ENSO,NA,NA,Oceanic Nino Index,NA
15-6-2024 00:00,2024,6,0.22,NA,ENSO,NA,NA,Oceanic Nino Index,NA
15-7-2024 00:00,2024,7,0.08,NA,ENSO,NA,NA,Oceanic Nino Index,NA
15-8-2024 00:00,2024,8,-0.07,NA,ENSO,NA,NA,Oceanic Nino Index,NA
15-9-2024 00:00,2024,9,-0.17,NA,ENSO,NA,NA,Oceanic Nino Index,NA
15-10-2024 00:00,2024,10,-0.21,NA,ENSO,NA,NA,Oceanic Nino Index,NA
15-11-2024 00:00,2024,11,-0.3,NA,ENSO,NA,NA,Oceanic Nino Index,NA
15-12-2024 00:00,2024,12,-0.42,NA,ENSO,NA,NA,Oceanic Nino Index,NA
15-1-2025 00:00,2025,1,-0.45,NA,ENSO,NA,NA,Oceanic Nino Index,NA
15-2-2025 00:00,2025,2,-0.24,NA,ENSO,NA,NA,Oceanic Nino Index,NA
15-3-2025 00:00,2025,3,-0.06,NA,ENSO,NA,NA,Oceanic Nino Index,NA
15-4-2025 00:00,2025,4,0.02,NA,ENSO,NA,NA,Oceanic Nino Index,NA
15-5-2025 00:00,2025,5,-0.02,NA,ENSO,NA,NA,Oceanic Nino Index,NA
15-6-2025 00:00,2025,6,-0.04,NA,ENSO,NA,NA,Oceanic Nino Index,NA
15-7-2025 00:00,2025,7,-0.14,NA,ENSO,NA,NA,Oceanic Nino Index,NA
15-8-2025 00:00,2025,8,-0.28,NA,ENSO,NA,NA,Oceanic Nino Index,NA
15-9-2025 00:00,2025,9,-0.4,NA,ENSO,NA,NA,Oceanic Nino Index,NA
15-10-2025 00:00,2025,10,-0.51,NA,ENSO,NA,NA,Oceanic Nino Index,NA
15-11-2025 00:00,2025,11,-0.55,NA,ENSO,NA,NA,Oceanic Nino Index,NA
15-12-2025 00:00,2025,12,-0.54,NA,ENSO,NA,NA,Oceanic Nino Index,NA
01-JAN-1854 00:00,1854,1,0.05,NA,PDO,NA,NA,Pacific Decadal Oscillation,NA
01-FEB-1854 00:00,1854,2,-0.09,NA,PDO,NA,NA,Pacific Decadal Oscillation,NA
01-MAR-1854 00:00,1854,3,0.138,NA,PDO,NA,NA,Pacific Decadal Oscillation,NA
01-APR-1854 00:00,1854,4,0.131,NA,PDO,NA,NA,Pacific Decadal Oscillation,NA
01-MAY-1854 00:00,1854,5,-0.064,NA,PDO,NA,NA,Pacific Decadal Oscillation,NA
01-JUN-1854 00:00,1854,6,0.005,NA,PDO,NA,NA,Pacific Decadal Oscillation,NA
01-JUL-1854 00:00,1854,7,-0.201,NA,PDO,NA,NA,Pacific Decadal Oscillation,NA
01-AUG-1854 00:00,1854,8,-0.849,NA,PDO,NA,NA,Pacific Decadal Oscillation,NA
01-SEP-1854 00:00,1854,9,-0.727,NA,PDO,NA,NA,Pacific Decadal Oscillation,NA
01-OCT-1854 00:00,1854,10,-1.597,NA,PDO,NA,NA,Pacific Decadal Oscillation,NA
01-NOV-1854 00:00,1854,11,-1.301,NA,PDO,NA,NA,Pacific Decadal Oscillation,NA
01-DEC-1854 00:00,1854,12,-1.582,NA,PDO,NA,NA,Pacific Decadal Oscillation,NA
01-JAN-1855 00:00,1855,1,0.009,NA,PDO,NA,NA,Pacific Decadal Oscillation,NA
01-FEB-1855 00:00,1855,2,0.11,NA,PDO,NA,NA,Pacific Decadal Oscillation,NA
01-MAR-1855 00:00,1855,3,0.234,NA,PDO,NA,NA,Pacific Decadal Oscillation,NA
01-APR-1855 00:00,1855,4,-0.312,NA,PDO,NA,NA,Pacific Decadal Oscillation,NA
01-MAY-1855 00:00,1855,5,-0.999,NA,PDO,NA,NA,Pacific Decadal Oscillation,NA
01-JUN-1855 00:00,1855,6,-1.227,NA,PDO,NA,NA,Pacific Decadal Oscillation,NA
01-JUL-1855 00:00,1855,7,-0.571,NA,PDO,NA,NA,Pacific Decadal Oscillation,NA
01-AUG-1855 00:00,1855,8,0.049,NA,PDO,NA,NA,Pacific Decadal Oscillation,NA
01-SEP-1855 00:00,1855,9,-0.247,NA,PDO,NA,NA,Pacific Decadal Oscillation,NA
01-OCT-1855 00:00,1855,10,-0.243,NA,PDO,NA,NA,Pacific Decadal Oscillation,NA
01-NOV-1855 00:00,1855,11,-0.045,NA,PDO,NA,NA,Pacific Decadal Oscillation,NA
01-DEC-1855 00:00,1855,12,-0.498,NA,PDO,NA,NA,Pacific Decadal Oscillation,NA
01-JAN-1856 00:00,1856,1,-0.124,NA,PDO,NA,NA,Pacific Decadal Oscillation,NA
01-FEB-1856 00:00,1856,2,0.375,NA,PDO,NA,NA,Pacific Decadal Oscillation,NA
01-MAR-1856 00:00,1856,3,0.291,NA,PDO,NA,NA,Pacific Decadal Oscillation,NA
01-APR-1856 00:00,1856,4,-0.646,NA,PDO,NA,NA,Pacific Decadal Oscillation,NA
01-MAY-1856 00:00,1856,5,-0.81,NA,PDO,NA,NA,Pacific Decadal Oscillation,NA
01-JUN-1856 00:00,1856,6,-1.513,NA,PDO,NA,NA,Pacific Decadal Oscillation,NA
01-JUL-1856 00:00,1856,7,-0.347,NA,PDO,NA,NA,Pacific Decadal Oscillation,NA
01-AUG-1856 00:00,1856,8,0.75,NA,PDO,NA,NA,Pacific Decadal Oscillation,NA
01-SEP-1856 00:00,1856,9,0.921,NA,PDO,NA,NA,Pacific Decadal Oscillation,NA
01-OCT-1856 00:00,1856,10,0.733,NA,PDO,NA,NA,Pacific Decadal Oscillation,NA
01-NOV-1856 00:00,1856,11,0.307,NA,PDO,NA,NA,Pacific Decadal Oscillation,NA
01-DEC-1856 00:00,1856,12,-0.071,NA,PDO,NA,NA,Pacific Decadal Oscillation,NA
01-JAN-1857 00:00,1857,1,-0.665,NA,PDO,NA,NA,Pacific Decadal Oscillation,NA
01-FEB-1857 00:00,1857,2,-1.4,NA,PDO,NA,NA,Pacific Decadal Oscillation,NA
01-MAR-1857 00:00,1857,3,-1.149,NA,PDO,NA,NA,Pacific Decadal Oscillation,NA
01-APR-1857 00:00,1857,4,-0.455,NA,PDO,NA,NA,Pacific Decadal Oscillation,NA
01-MAY-1857 00:00,1857,5,0.052,NA,PDO,NA,NA,Pacific Decadal Oscillation,NA
01-JUN-1857 00:00,1857,6,1.031,NA,PDO,NA,NA,Pacific Decadal Oscillation,NA
01-JUL-1857 00:00,1857,7,1.144,NA,PDO,NA,NA,Pacific Decadal Oscillation,NA
01-AUG-1857 00:00,1857,8,0.871,NA,PDO,NA,NA,Pacific Decadal Oscillation,NA
01-SEP-1857 00:00,1857,9,0.651,NA,PDO,NA,NA,Pacific Decadal Oscillation,NA
01-OCT-1857 00:00,1857,10,0.414,NA,PDO,NA,NA,Pacific Decadal Oscillation,NA
01-NOV-1857 00:00,1857,11,0.34,NA,PDO,NA,NA,Pacific Decadal Oscillation,NA
01-DEC-1857 00:00,1857,12,-0.448,NA,PDO,NA,NA,Pacific Decadal Oscillation,NA
01-JAN-1858 00:00,1858,1,-0.769,NA,PDO,NA,NA,Pacific Decadal Oscillation,NA
01-FEB-1858 00:00,1858,2,-0.955,NA,PDO,NA,NA,Pacific Decadal Oscillation,NA
01-MAR-1858 00:00,1858,3,-1.309,NA,PDO,NA,NA,Pacific Decadal Oscillation,NA
01-APR-1858 00:00,1858,4,-0.718,NA,PDO,NA,NA,Pacific Decadal Oscillation,NA
01-MAY-1858 00:00,1858,5,0.619,NA,PDO,NA,NA,Pacific Decadal Oscillation,NA
01-JUN-1858 00:00,1858,6,2.357,NA,PDO,NA,NA,Pacific Decadal Oscillation,NA
01-JUL-1858 00:00,1858,7,1.422,NA,PDO,NA,NA,Pacific Decadal Oscillation,NA
01-AUG-1858 00:00,1858,8,1.401,NA,PDO,NA,NA,Pacific Decadal Oscillation,NA
01-SEP-1858 00:00,1858,9,1.515,NA,PDO,NA,NA,Pacific Decadal Oscillation,NA
01-OCT-1858 00:00,1858,10,2.296,NA,PDO,NA,NA,Pacific Decadal Oscillation,NA
01-NOV-1858 00:00,1858,11,0.644,NA,PDO,NA,NA,Pacific Decadal Oscillation,NA
01-DEC-1858 00:00,1858,12,-0.726,NA,PDO,NA,NA,Pacific Decadal Oscillation,NA
01-JAN-1859 00:00,1859,1,-0.809,NA,PDO,NA,NA,Pacific Decadal Oscillation,NA
01-FEB-1859 00:00,1859,2,-1.221,NA,PDO,NA,NA,Pacific Decadal Oscillation,NA
01-MAR-1859 00:00,1859,3,-1.777,NA,PDO,NA,NA,Pacific Decadal Oscillation,NA
01-APR-1859 00:00,1859,4,-2.707,NA,PDO,NA,NA,Pacific Decadal Oscillation,NA
01-MAY-1859 00:00,1859,5,-2.284,NA,PDO,NA,NA,Pacific Decadal Oscillation,NA
01-JUN-1859 00:00,1859,6,-1.941,NA,PDO,NA,NA,Pacific Decadal Oscillation,NA
01-JUL-1859 00:00,1859,7,-1.014,NA,PDO,NA,NA,Pacific Decadal Oscillation,NA
01-AUG-1859 00:00,1859,8,-0.945,NA,PDO,NA,NA,Pacific Decadal Oscillation,NA
01-SEP-1859 00:00,1859,9,-0.918,NA,PDO,NA,NA,Pacific Decadal Oscillation,NA
01-OCT-1859 00:00,1859,10,-1.102,NA,PDO,NA,NA,Pacific Decadal Oscillation,NA
01-NOV-1859 00:00,1859,11,-1.042,NA,PDO,NA,NA,Pacific Decadal Oscillation,NA
01-DEC-1859 00:00,1859,12,-0.776,NA,PDO,NA,NA,Pacific Decadal Oscillation,NA
01-JAN-1860 00:00,1860,1,-0.855,NA,PDO,NA,NA,Pacific Decadal Oscillation,NA
01-FEB-1860 00:00,1860,2,-0.795,NA,PDO,NA,NA,Pacific Decadal Oscillation,NA
01-MAR-1860 00:00,1860,3,-0.949,NA,PDO,NA,NA,Pacific Decadal Oscillation,NA
01-APR-1860 00:00,1860,4,-0.639,NA,PDO,NA,NA,Pacific Decadal Oscillation,NA
01-MAY-1860 00:00,1860,5,-0.576,NA,PDO,NA,NA,Pacific Decadal Oscillation,NA
01-JUN-1860 00:00,1860,6,-0.836,NA,PDO,NA,NA,Pacific Decadal Oscillation,NA
01-JUL-1860 00:00,1860,7,0.507,NA,PDO,NA,NA,Pacific Decadal Oscillation,NA
01-AUG-1860 00:00,1860,8,0.463,NA,PDO,NA,NA,Pacific Decadal Oscillation,NA
01-SEP-1860 00:00,1860,9,0.964,NA,PDO,NA,NA,Pacific Decadal Oscillation,NA
01-OCT-1860 00:00,1860,10,-0.806,NA,PDO,NA,NA,Pacific Decadal Oscillation,NA
01-NOV-1860 00:00,1860,11,-0.801,NA,PDO,NA,NA,Pacific Decadal Oscillation,NA
01-DEC-1860 00:00,1860,12,-1.056,NA,PDO,NA,NA,Pacific Decadal Oscillation,NA
01-JAN-1861 00:00,1861,1,-0.579,NA,PDO,NA,NA,Pacific Decadal Oscillation,NA
01-FEB-1861 00:00,1861,2,-0.727,NA,PDO,NA,NA,Pacific Decadal Oscillation,NA
01-MAR-1861 00:00,1861,3,-0.649,NA,PDO,NA,NA,Pacific Decadal Oscillation,NA
01-APR-1861 00:00,1861,4,-0.63,NA,PDO,NA,NA,Pacific Decadal Oscillation,NA
01-MAY-1861 00:00,1861,5,-0.165,NA,PDO,NA,NA,Pacific Decadal Oscillation,NA
01-JUN-1861 00:00,1861,6,-0.153,NA,PDO,NA,NA,Pacific Decadal Oscillation,NA
01-JUL-1861 00:00,1861,7,-0.253,NA,PDO,NA,NA,Pacific Decadal Oscillation,NA
01-AUG-1861 00:00,1861,8,-0.302,NA,PDO,NA,NA,Pacific Decadal Oscillation,NA
01-SEP-1861 00:00,1861,9,-0.757,NA,PDO,NA,NA,Pacific Decadal Oscillation,NA
01-OCT-1861 00:00,1861,10,-1.108,NA,PDO,NA,NA,Pacific Decadal Oscillation,NA
01-NOV-1861 00:00,1861,11,-1.318,NA,PDO,NA,NA,Pacific Decadal Oscillation,NA
01-DEC-1861 00:00,1861,12,-1.293,NA,PDO,NA,NA,Pacific Decadal Oscillation,NA
01-JAN-1862 00:00,1862,1,-0.44,NA,PDO,NA,NA,Pacific Decadal Oscillation,NA
01-FEB-1862 00:00,1862,2,-0.122,NA,PDO,NA,NA,Pacific Decadal Oscillation,NA
01-MAR-1862 00:00,1862,3,0.186,NA,PDO,NA,NA,Pacific Decadal Oscillation,NA
01-APR-1862 00:00,1862,4,0.114,NA,PDO,NA,NA,Pacific Decadal Oscillation,NA
01-MAY-1862 00:00,1862,5,0.092,NA,PDO,NA,NA,Pacific Decadal Oscillation,NA
01-JUN-1862 00:00,1862,6,-0.034,NA,PDO,NA,NA,Pacific Decadal Oscillation,NA
01-JUL-1862 00:00,1862,7,0.028,NA,PDO,NA,NA,Pacific Decadal Oscillation,NA
01-AUG-1862 00:00,1862,8,0.127,NA,PDO,NA,NA,Pacific Decadal Oscillation,NA
01-SEP-1862 00:00,1862,9,-0.398,NA,PDO,NA,NA,Pacific Decadal Oscillation,NA
01-OCT-1862 00:00,1862,10,-0.377,NA,PDO,NA,NA,Pacific Decadal Oscillation,NA
01-NOV-1862 00:00,1862,11,-0.204,NA,PDO,NA,NA,Pacific Decadal Oscillation,NA
01-DEC-1862 00:00,1862,12,-0.171,NA,PDO,NA,NA,Pacific Decadal Oscillation,NA
01-JAN-1863 00:00,1863,1,-0.176,NA,PDO,NA,NA,Pacific Decadal Oscillation,NA
01-FEB-1863 00:00,1863,2,-0.168,NA,PDO,NA,NA,Pacific Decadal Oscillation,NA
01-MAR-1863 00:00,1863,3,-0.112,NA,PDO,NA,NA,Pacific Decadal Oscillation,NA
01-APR-1863 00:00,1863,4,-0.027,NA,PDO,NA,NA,Pacific Decadal Oscillation,NA
01-MAY-1863 00:00,1863,5,0.2,NA,PDO,NA,NA,Pacific Decadal Oscillation,NA
01-JUN-1863 00:00,1863,6,0.144,NA,PDO,NA,NA,Pacific Decadal Oscillation,NA
01-JUL-1863 00:00,1863,7,0.444,NA,PDO,NA,NA,Pacific Decadal Oscillation,NA
01-AUG-1863 00:00,1863,8,0.204,NA,PDO,NA,NA,Pacific Decadal Oscillation,NA
01-SEP-1863 00:00,1863,9,0.433,NA,PDO,NA,NA,Pacific Decadal Oscillation,NA
01-OCT-1863 00:00,1863,10,0.261,NA,PDO,NA,NA,Pacific Decadal Oscillation,NA
01-NOV-1863 00:00,1863,11,0.189,NA,PDO,NA,NA,Pacific Decadal Oscillation,NA
01-DEC-1863 00:00,1863,12,0.043,NA,PDO,NA,NA,Pacific Decadal Oscillation,NA
01-JAN-1864 00:00,1864,1,-0.01,NA,PDO,NA,NA,Pacific Decadal Oscillation,NA
01-FEB-1864 00:00,1864,2,0.161,NA,PDO,NA,NA,Pacific Decadal Oscillation,NA
01-MAR-1864 00:00,1864,3,-0.572,NA,PDO,NA,NA,Pacific Decadal Oscillation,NA
01-APR-1864 00:00,1864,4,-0.473,NA,PDO,NA,NA,Pacific Decadal Oscillation,NA
01-MAY-1864 00:00,1864,5,-0.199,NA,PDO,NA,NA,Pacific Decadal Oscillation,NA
01-JUN-1864 00:00,1864,6,-0.101,NA,PDO,NA,NA,Pacific Decadal Oscillation,NA
01-JUL-1864 00:00,1864,7,0.415,NA,PDO,NA,NA,Pacific Decadal Oscillation,NA
01-AUG-1864 00:00,1864,8,0.131,NA,PDO,NA,NA,Pacific Decadal Oscillation,NA
01-SEP-1864 00:00,1864,9,0.217,NA,PDO,NA,NA,Pacific Decadal Oscillation,NA
01-OCT-1864 00:00,1864,10,0.553,NA,PDO,NA,NA,Pacific Decadal Oscillation,NA
01-NOV-1864 00:00,1864,11,0.824,NA,PDO,NA,NA,Pacific Decadal Oscillation,NA
01-DEC-1864 00:00,1864,12,0.66,NA,PDO,NA,NA,Pacific Decadal Oscillation,NA
01-JAN-1865 00:00,1865,1,-0,NA,PDO,NA,NA,Pacific Decadal Oscillation,NA
01-FEB-1865 00:00,1865,2,-0.141,NA,PDO,NA,NA,Pacific Decadal Oscillation,NA
01-MAR-1865 00:00,1865,3,-0.01,NA,PDO,NA,NA,Pacific Decadal Oscillation,NA
01-APR-1865 00:00,1865,4,0.152,NA,PDO,NA,NA,Pacific Decadal Oscillation,NA
01-MAY-1865 00:00,1865,5,0.174,NA,PDO,NA,NA,Pacific Decadal Oscillation,NA
01-JUN-1865 00:00,1865,6,-0.281,NA,PDO,NA,NA,Pacific Decadal Oscillation,NA
01-JUL-1865 00:00,1865,7,-0.302,NA,PDO,NA,NA,Pacific Decadal Oscillation,NA
01-AUG-1865 00:00,1865,8,-0.109,NA,PDO,NA,NA,Pacific Decadal Oscillation,NA
01-SEP-1865 00:00,1865,9,-0.155,NA,PDO,NA,NA,Pacific Decadal Oscillation,NA
01-OCT-1865 00:00,1865,10,-0.166,NA,PDO,NA,NA,Pacific Decadal Oscillation,NA
01-NOV-1865 00:00,1865,11,-0.348,NA,PDO,NA,NA,Pacific Decadal Oscillation,NA
01-DEC-1865 00:00,1865,12,-0.576,NA,PDO,NA,NA,Pacific Decadal Oscillation,NA
01-JAN-1866 00:00,1866,1,-1.735,NA,PDO,NA,NA,Pacific Decadal Oscillation,NA
01-FEB-1866 00:00,1866,2,-1.599,NA,PDO,NA,NA,Pacific Decadal Oscillation,NA
01-MAR-1866 00:00,1866,3,-1.55,NA,PDO,NA,NA,Pacific Decadal Oscillation,NA
01-APR-1866 00:00,1866,4,-0.76,NA,PDO,NA,NA,Pacific Decadal Oscillation,NA
01-MAY-1866 00:00,1866,5,-0.294,NA,PDO,NA,NA,Pacific Decadal Oscillation,NA
01-JUN-1866 00:00,1866,6,-0.411,NA,PDO,NA,NA,Pacific Decadal Oscillation,NA
01-JUL-1866 00:00,1866,7,-0.064,NA,PDO,NA,NA,Pacific Decadal Oscillation,NA
01-AUG-1866 00:00,1866,8,0.093,NA,PDO,NA,NA,Pacific Decadal Oscillation,NA
01-SEP-1866 00:00,1866,9,0.011,NA,PDO,NA,NA,Pacific Decadal Oscillation,NA
01-OCT-1866 00:00,1866,10,0.169,NA,PDO,NA,NA,Pacific Decadal Oscillation,NA
01-NOV-1866 00:00,1866,11,0.196,NA,PDO,NA,NA,Pacific Decadal Oscillation,NA
01-DEC-1866 00:00,1866,12,-0.2,NA,PDO,NA,NA,Pacific Decadal Oscillation,NA
01-JAN-1867 00:00,1867,1,-0.033,NA,PDO,NA,NA,Pacific Decadal Oscillation,NA
01-FEB-1867 00:00,1867,2,-0.053,NA,PDO,NA,NA,Pacific Decadal Oscillation,NA
01-MAR-1867 00:00,1867,3,-0.114,NA,PDO,NA,NA,Pacific Decadal Oscillation,NA
01-APR-1867 00:00,1867,4,-0.121,NA,PDO,NA,NA,Pacific Decadal Oscillation,NA
01-MAY-1867 00:00,1867,5,0.062,NA,PDO,NA,NA,Pacific Decadal Oscillation,NA
01-JUN-1867 00:00,1867,6,0.064,NA,PDO,NA,NA,Pacific Decadal Oscillation,NA
01-JUL-1867 00:00,1867,7,0.326,NA,PDO,NA,NA,Pacific Decadal Oscillation,NA
01-AUG-1867 00:00,1867,8,0.197,NA,PDO,NA,NA,Pacific Decadal Oscillation,NA
01-SEP-1867 00:00,1867,9,0.111,NA,PDO,NA,NA,Pacific Decadal Oscillation,NA
01-OCT-1867 00:00,1867,10,-0.369,NA,PDO,NA,NA,Pacific Decadal Oscillation,NA
01-NOV-1867 00:00,1867,11,0.004,NA,PDO,NA,NA,Pacific Decadal Oscillation,NA
01-DEC-1867 00:00,1867,12,0.707,NA,PDO,NA,NA,Pacific Decadal Oscillation,NA
01-JAN-1868 00:00,1868,1,0.592,NA,PDO,NA,NA,Pacific Decadal Oscillation,NA
01-FEB-1868 00:00,1868,2,0.283,NA,PDO,NA,NA,Pacific Decadal Oscillation,NA
01-MAR-1868 00:00,1868,3,0.2,NA,PDO,NA,NA,Pacific Decadal Oscillation,NA
01-APR-1868 00:00,1868,4,-0.063,NA,PDO,NA,NA,Pacific Decadal Oscillation,NA
01-MAY-1868 00:00,1868,5,-0.004,NA,PDO,NA,NA,Pacific Decadal Oscillation,NA
01-JUN-1868 00:00,1868,6,0.1,NA,PDO,NA,NA,Pacific Decadal Oscillation,NA
01-JUL-1868 00:00,1868,7,0.373,NA,PDO,NA,NA,Pacific Decadal Oscillation,NA
01-AUG-1868 00:00,1868,8,0.419,NA,PDO,NA,NA,Pacific Decadal Oscillation,NA
01-SEP-1868 00:00,1868,9,0.558,NA,PDO,NA,NA,Pacific Decadal Oscillation,NA
01-OCT-1868 00:00,1868,10,0.23,NA,PDO,NA,NA,Pacific Decadal Oscillation,NA
01-NOV-1868 00:00,1868,11,-0.247,NA,PDO,NA,NA,Pacific Decadal Oscillation,NA
01-DEC-1868 00:00,1868,12,-0.547,NA,PDO,NA,NA,Pacific Decadal Oscillation,NA
01-JAN-1869 00:00,1869,1,-0.491,NA,PDO,NA,NA,Pacific Decadal Oscillation,NA
01-FEB-1869 00:00,1869,2,-0.044,NA,PDO,NA,NA,Pacific Decadal Oscillation,NA
01-MAR-1869 00:00,1869,3,0.418,NA,PDO,NA,NA,Pacific Decadal Oscillation,NA
01-APR-1869 00:00,1869,4,1.137,NA,PDO,NA,NA,Pacific Decadal Oscillation,NA
01-MAY-1869 00:00,1869,5,3.254,NA,PDO,NA,NA,Pacific Decadal Oscillation,NA
01-JUN-1869 00:00,1869,6,3.406,NA,PDO,NA,NA,Pacific Decadal Oscillation,NA
01-JUL-1869 00:00,1869,7,3.375,NA,PDO,NA,NA,Pacific Decadal Oscillation,NA
01-AUG-1869 00:00,1869,8,1.167,NA,PDO,NA,NA,Pacific Decadal Oscillation,NA
01-SEP-1869 00:00,1869,9,0.021,NA,PDO,NA,NA,Pacific Decadal Oscillation,NA
01-OCT-1869 00:00,1869,10,-0.364,NA,PDO,NA,NA,Pacific Decadal Oscillation,NA
01-NOV-1869 00:00,1869,11,-0.454,NA,PDO,NA,NA,Pacific Decadal Oscillation,NA
01-DEC-1869 00:00,1869,12,-0.391,NA,PDO,NA,NA,Pacific Decadal Oscillation,NA
01-JAN-1870 00:00,1870,1,0.21,NA,PDO,NA,NA,Pacific Decadal Oscillation,NA
01-FEB-1870 00:00,1870,2,-0.059,NA,PDO,NA,NA,Pacific Decadal Oscillation,NA
01-MAR-1870 00:00,1870,3,0.323,NA,PDO,NA,NA,Pacific Decadal Oscillation,NA
01-APR-1870 00:00,1870,4,0.081,NA,PDO,NA,NA,Pacific Decadal Oscillation,NA
01-MAY-1870 00:00,1870,5,0.164,NA,PDO,NA,NA,Pacific Decadal Oscillation,NA
01-JUN-1870 00:00,1870,6,-0.232,NA,PDO,NA,NA,Pacific Decadal Oscillation,NA
01-JUL-1870 00:00,1870,7,0.158,NA,PDO,NA,NA,Pacific Decadal Oscillation,NA
01-AUG-1870 00:00,1870,8,0.371,NA,PDO,NA,NA,Pacific Decadal Oscillation,NA
01-SEP-1870 00:00,1870,9,-0.038,NA,PDO,NA,NA,Pacific Decadal Oscillation,NA
01-OCT-1870 00:00,1870,10,-0.307,NA,PDO,NA,NA,Pacific Decadal Oscillation,NA
01-NOV-1870 00:00,1870,11,-0.522,NA,PDO,NA,NA,Pacific Decadal Oscillation,NA
01-DEC-1870 00:00,1870,12,-0.76,NA,PDO,NA,NA,Pacific Decadal Oscillation,NA
01-JAN-1871 00:00,1871,1,-0.456,NA,PDO,NA,NA,Pacific Decadal Oscillation,NA
01-FEB-1871 00:00,1871,2,-0.027,NA,PDO,NA,NA,Pacific Decadal Oscillation,NA
01-MAR-1871 00:00,1871,3,0.157,NA,PDO,NA,NA,Pacific Decadal Oscillation,NA
01-APR-1871 00:00,1871,4,-0.093,NA,PDO,NA,NA,Pacific Decadal Oscillation,NA
01-MAY-1871 00:00,1871,5,-0.464,NA,PDO,NA,NA,Pacific Decadal Oscillation,NA
01-JUN-1871 00:00,1871,6,-0.105,NA,PDO,NA,NA,Pacific Decadal Oscillation,NA
01-JUL-1871 00:00,1871,7,-0.067,NA,PDO,NA,NA,Pacific Decadal Oscillation,NA
01-AUG-1871 00:00,1871,8,0.209,NA,PDO,NA,NA,Pacific Decadal Oscillation,NA
01-SEP-1871 00:00,1871,9,-0.314,NA,PDO,NA,NA,Pacific Decadal Oscillation,NA
01-OCT-1871 00:00,1871,10,-0.574,NA,PDO,NA,NA,Pacific Decadal Oscillation,NA
01-NOV-1871 00:00,1871,11,-0.65,NA,PDO,NA,NA,Pacific Decadal Oscillation,NA
01-DEC-1871 00:00,1871,12,-0.282,NA,PDO,NA,NA,Pacific Decadal Oscillation,NA
01-JAN-1872 00:00,1872,1,-0.319,NA,PDO,NA,NA,Pacific Decadal Oscillation,NA
01-FEB-1872 00:00,1872,2,-0.409,NA,PDO,NA,NA,Pacific Decadal Oscillation,NA
01-MAR-1872 00:00,1872,3,-0.166,NA,PDO,NA,NA,Pacific Decadal Oscillation,NA
01-APR-1872 00:00,1872,4,-0.324,NA,PDO,NA,NA,Pacific Decadal Oscillation,NA
01-MAY-1872 00:00,1872,5,0.059,NA,PDO,NA,NA,Pacific Decadal Oscillation,NA
01-JUN-1872 00:00,1872,6,-0.527,NA,PDO,NA,NA,Pacific Decadal Oscillation,NA
01-JUL-1872 00:00,1872,7,-0.521,NA,PDO,NA,NA,Pacific Decadal Oscillation,NA
01-AUG-1872 00:00,1872,8,-0.444,NA,PDO,NA,NA,Pacific Decadal Oscillation,NA
01-SEP-1872 00:00,1872,9,-0.176,NA,PDO,NA,NA,Pacific Decadal Oscillation,NA
01-OCT-1872 00:00,1872,10,-0.018,NA,PDO,NA,NA,Pacific Decadal Oscillation,NA
01-NOV-1872 00:00,1872,11,-1.537,NA,PDO,NA,NA,Pacific Decadal Oscillation,NA
01-DEC-1872 00:00,1872,12,-1.992,NA,PDO,NA,NA,Pacific Decadal Oscillation,NA
01-JAN-1873 00:00,1873,1,-2.007,NA,PDO,NA,NA,Pacific Decadal Oscillation,NA
01-FEB-1873 00:00,1873,2,-1.732,NA,PDO,NA,NA,Pacific Decadal Oscillation,NA
01-MAR-1873 00:00,1873,3,-1.398,NA,PDO,NA,NA,Pacific Decadal Oscillation,NA
01-APR-1873 00:00,1873,4,-0.628,NA,PDO,NA,NA,Pacific Decadal Oscillation,NA
01-MAY-1873 00:00,1873,5,-0.301,NA,PDO,NA,NA,Pacific Decadal Oscillation,NA
01-JUN-1873 00:00,1873,6,-0.583,NA,PDO,NA,NA,Pacific Decadal Oscillation,NA
01-JUL-1873 00:00,1873,7,-0.632,NA,PDO,NA,NA,Pacific Decadal Oscillation,NA
01-AUG-1873 00:00,1873,8,-0.633,NA,PDO,NA,NA,Pacific Decadal Oscillation,NA
01-SEP-1873 00:00,1873,9,-0.559,NA,PDO,NA,NA,Pacific Decadal Oscillation,NA
01-OCT-1873 00:00,1873,10,-0.328,NA,PDO,NA,NA,Pacific Decadal Oscillation,NA
01-NOV-1873 00:00,1873,11,-0.643,NA,PDO,NA,NA,Pacific Decadal Oscillation,NA
01-DEC-1873 00:00,1873,12,-0.614,NA,PDO,NA,NA,Pacific Decadal Oscillation,NA
01-JAN-1874 00:00,1874,1,-0.501,NA,PDO,NA,NA,Pacific Decadal Oscillation,NA
01-FEB-1874 00:00,1874,2,-0.687,NA,PDO,NA,NA,Pacific Decadal Oscillation,NA
01-MAR-1874 00:00,1874,3,-0.314,NA,PDO,NA,NA,Pacific Decadal Oscillation,NA
01-APR-1874 00:00,1874,4,0,NA,PDO,NA,NA,Pacific Decadal Oscillation,NA
01-MAY-1874 00:00,1874,5,-0.143,NA,PDO,NA,NA,Pacific Decadal Oscillation,NA
01-JUN-1874 00:00,1874,6,-0.238,NA,PDO,NA,NA,Pacific Decadal Oscillation,NA
01-JUL-1874 00:00,1874,7,0.108,NA,PDO,NA,NA,Pacific Decadal Oscillation,NA
01-AUG-1874 00:00,1874,8,0.549,NA,PDO,NA,NA,Pacific Decadal Oscillation,NA
01-SEP-1874 00:00,1874,9,0.38,NA,PDO,NA,NA,Pacific Decadal Oscillation,NA
01-OCT-1874 00:00,1874,10,0.186,NA,PDO,NA,NA,Pacific Decadal Oscillation,NA
01-NOV-1874 00:00,1874,11,0.24,NA,PDO,NA,NA,Pacific Decadal Oscillation,NA
01-DEC-1874 00:00,1874,12,-0.676,NA,PDO,NA,NA,Pacific Decadal Oscillation,NA
01-JAN-1875 00:00,1875,1,-0.98,NA,PDO,NA,NA,Pacific Decadal Oscillation,NA
01-FEB-1875 00:00,1875,2,-1.252,NA,PDO,NA,NA,Pacific Decadal Oscillation,NA
01-MAR-1875 00:00,1875,3,-1.004,NA,PDO,NA,NA,Pacific Decadal Oscillation,NA
01-APR-1875 00:00,1875,4,-0.91,NA,PDO,NA,NA,Pacific Decadal Oscillation,NA
01-MAY-1875 00:00,1875,5,-0.556,NA,PDO,NA,NA,Pacific Decadal Oscillation,NA
01-JUN-1875 00:00,1875,6,-0.416,NA,PDO,NA,NA,Pacific Decadal Oscillation,NA
01-JUL-1875 00:00,1875,7,-0.363,NA,PDO,NA,NA,Pacific Decadal Oscillation,NA
01-AUG-1875 00:00,1875,8,-0.053,NA,PDO,NA,NA,Pacific Decadal Oscillation,NA
01-SEP-1875 00:00,1875,9,-0.061,NA,PDO,NA,NA,Pacific Decadal Oscillation,NA
01-OCT-1875 00:00,1875,10,-0.591,NA,PDO,NA,NA,Pacific Decadal Oscillation,NA
01-NOV-1875 00:00,1875,11,-0.465,NA,PDO,NA,NA,Pacific Decadal Oscillation,NA
01-DEC-1875 00:00,1875,12,0.056,NA,PDO,NA,NA,Pacific Decadal Oscillation,NA
01-JAN-1876 00:00,1876,1,-0.825,NA,PDO,NA,NA,Pacific Decadal Oscillation,NA
01-FEB-1876 00:00,1876,2,-0.764,NA,PDO,NA,NA,Pacific Decadal Oscillation,NA
01-MAR-1876 00:00,1876,3,-0.871,NA,PDO,NA,NA,Pacific Decadal Oscillation,NA
01-APR-1876 00:00,1876,4,-1.353,NA,PDO,NA,NA,Pacific Decadal Oscillation,NA
01-MAY-1876 00:00,1876,5,-1.192,NA,PDO,NA,NA,Pacific Decadal Oscillation,NA
01-JUN-1876 00:00,1876,6,-0.654,NA,PDO,NA,NA,Pacific Decadal Oscillation,NA
01-JUL-1876 00:00,1876,7,-1.865,NA,PDO,NA,NA,Pacific Decadal Oscillation,NA
01-AUG-1876 00:00,1876,8,-1.593,NA,PDO,NA,NA,Pacific Decadal Oscillation,NA
01-SEP-1876 00:00,1876,9,-0.813,NA,PDO,NA,NA,Pacific Decadal Oscillation,NA
01-OCT-1876 00:00,1876,10,0.067,NA,PDO,NA,NA,Pacific Decadal Oscillation,NA
01-NOV-1876 00:00,1876,11,0.337,NA,PDO,NA,NA,Pacific Decadal Oscillation,NA
01-DEC-1876 00:00,1876,12,-0.109,NA,PDO,NA,NA,Pacific Decadal Oscillation,NA
01-JAN-1877 00:00,1877,1,-0.033,NA,PDO,NA,NA,Pacific Decadal Oscillation,NA
01-FEB-1877 00:00,1877,2,0.145,NA,PDO,NA,NA,Pacific Decadal Oscillation,NA
01-MAR-1877 00:00,1877,3,0.2,NA,PDO,NA,NA,Pacific Decadal Oscillation,NA
01-APR-1877 00:00,1877,4,-0.05,NA,PDO,NA,NA,Pacific Decadal Oscillation,NA
01-MAY-1877 00:00,1877,5,-0.128,NA,PDO,NA,NA,Pacific Decadal Oscillation,NA
01-JUN-1877 00:00,1877,6,-0.305,NA,PDO,NA,NA,Pacific Decadal Oscillation,NA
01-JUL-1877 00:00,1877,7,0.277,NA,PDO,NA,NA,Pacific Decadal Oscillation,NA
01-AUG-1877 00:00,1877,8,-0.162,NA,PDO,NA,NA,Pacific Decadal Oscillation,NA
01-SEP-1877 00:00,1877,9,0.103,NA,PDO,NA,NA,Pacific Decadal Oscillation,NA
01-OCT-1877 00:00,1877,10,0.204,NA,PDO,NA,NA,Pacific Decadal Oscillation,NA
01-NOV-1877 00:00,1877,11,0.469,NA,PDO,NA,NA,Pacific Decadal Oscillation,NA
01-DEC-1877 00:00,1877,12,0.591,NA,PDO,NA,NA,Pacific Decadal Oscillation,NA
01-JAN-1878 00:00,1878,1,0.661,NA,PDO,NA,NA,Pacific Decadal Oscillation,NA
01-FEB-1878 00:00,1878,2,1.173,NA,PDO,NA,NA,Pacific Decadal Oscillation,NA
01-MAR-1878 00:00,1878,3,1.277,NA,PDO,NA,NA,Pacific Decadal Oscillation,NA
01-APR-1878 00:00,1878,4,1.661,NA,PDO,NA,NA,Pacific Decadal Oscillation,NA
01-MAY-1878 00:00,1878,5,1.745,NA,PDO,NA,NA,Pacific Decadal Oscillation,NA
01-JUN-1878 00:00,1878,6,1.189,NA,PDO,NA,NA,Pacific Decadal Oscillation,NA
01-JUL-1878 00:00,1878,7,0.81,NA,PDO,NA,NA,Pacific Decadal Oscillation,NA
01-AUG-1878 00:00,1878,8,0.105,NA,PDO,NA,NA,Pacific Decadal Oscillation,NA
01-SEP-1878 00:00,1878,9,-0.954,NA,PDO,NA,NA,Pacific Decadal Oscillation,NA
01-OCT-1878 00:00,1878,10,-0.663,NA,PDO,NA,NA,Pacific Decadal Oscillation,NA
01-NOV-1878 00:00,1878,11,-0.005,NA,PDO,NA,NA,Pacific Decadal Oscillation,NA
01-DEC-1878 00:00,1878,12,1.325,NA,PDO,NA,NA,Pacific Decadal Oscillation,NA
01-JAN-1879 00:00,1879,1,0.14,NA,PDO,NA,NA,Pacific Decadal Oscillation,NA
01-FEB-1879 00:00,1879,2,0.249,NA,PDO,NA,NA,Pacific Decadal Oscillation,NA
01-MAR-1879 00:00,1879,3,0.341,NA,PDO,NA,NA,Pacific Decadal Oscillation,NA
01-APR-1879 00:00,1879,4,0.684,NA,PDO,NA,NA,Pacific Decadal Oscillation,NA
01-MAY-1879 00:00,1879,5,-0.686,NA,PDO,NA,NA,Pacific Decadal Oscillation,NA
01-JUN-1879 00:00,1879,6,-0.843,NA,PDO,NA,NA,Pacific Decadal Oscillation,NA
01-JUL-1879 00:00,1879,7,-1.034,NA,PDO,NA,NA,Pacific Decadal Oscillation,NA
01-AUG-1879 00:00,1879,8,0.026,NA,PDO,NA,NA,Pacific Decadal Oscillation,NA
01-SEP-1879 00:00,1879,9,0.111,NA,PDO,NA,NA,Pacific Decadal Oscillation,NA
01-OCT-1879 00:00,1879,10,0.048,NA,PDO,NA,NA,Pacific Decadal Oscillation,NA
01-NOV-1879 00:00,1879,11,-0.247,NA,PDO,NA,NA,Pacific Decadal Oscillation,NA
01-DEC-1879 00:00,1879,12,-0.053,NA,PDO,NA,NA,Pacific Decadal Oscillation,NA
01-JAN-1880 00:00,1880,1,0.255,NA,PDO,NA,NA,Pacific Decadal Oscillation,NA
01-FEB-1880 00:00,1880,2,-0.323,NA,PDO,NA,NA,Pacific Decadal Oscillation,NA
01-MAR-1880 00:00,1880,3,-0.98,NA,PDO,NA,NA,Pacific Decadal Oscillation,NA
01-APR-1880 00:00,1880,4,-1.736,NA,PDO,NA,NA,Pacific Decadal Oscillation,NA
01-MAY-1880 00:00,1880,5,-2.246,NA,PDO,NA,NA,Pacific Decadal Oscillation,NA
01-JUN-1880 00:00,1880,6,-2.448,NA,PDO,NA,NA,Pacific Decadal Oscillation,NA
01-JUL-1880 00:00,1880,7,-1.564,NA,PDO,NA,NA,Pacific Decadal Oscillation,NA
01-AUG-1880 00:00,1880,8,-1.228,NA,PDO,NA,NA,Pacific Decadal Oscillation,NA
01-SEP-1880 00:00,1880,9,-1.374,NA,PDO,NA,NA,Pacific Decadal Oscillation,NA
01-OCT-1880 00:00,1880,10,0.3,NA,PDO,NA,NA,Pacific Decadal Oscillation,NA
01-NOV-1880 00:00,1880,11,-0.083,NA,PDO,NA,NA,Pacific Decadal Oscillation,NA
01-DEC-1880 00:00,1880,12,-0.016,NA,PDO,NA,NA,Pacific Decadal Oscillation,NA
01-JAN-1881 00:00,1881,1,-0.321,NA,PDO,NA,NA,Pacific Decadal Oscillation,NA
01-FEB-1881 00:00,1881,2,-0.011,NA,PDO,NA,NA,Pacific Decadal Oscillation,NA
01-MAR-1881 00:00,1881,3,0.219,NA,PDO,NA,NA,Pacific Decadal Oscillation,NA
01-APR-1881 00:00,1881,4,0.323,NA,PDO,NA,NA,Pacific Decadal Oscillation,NA
01-MAY-1881 00:00,1881,5,0.682,NA,PDO,NA,NA,Pacific Decadal Oscillation,NA
01-JUN-1881 00:00,1881,6,0.569,NA,PDO,NA,NA,Pacific Decadal Oscillation,NA
01-JUL-1881 00:00,1881,7,-1.122,NA,PDO,NA,NA,Pacific Decadal Oscillation,NA
01-AUG-1881 00:00,1881,8,-1.694,NA,PDO,NA,NA,Pacific Decadal Oscillation,NA
01-SEP-1881 00:00,1881,9,0.492,NA,PDO,NA,NA,Pacific Decadal Oscillation,NA
01-OCT-1881 00:00,1881,10,0.555,NA,PDO,NA,NA,Pacific Decadal Oscillation,NA
01-NOV-1881 00:00,1881,11,0.386,NA,PDO,NA,NA,Pacific Decadal Oscillation,NA
01-DEC-1881 00:00,1881,12,-0.543,NA,PDO,NA,NA,Pacific Decadal Oscillation,NA
01-JAN-1882 00:00,1882,1,-1.514,NA,PDO,NA,NA,Pacific Decadal Oscillation,NA
01-FEB-1882 00:00,1882,2,-1.317,NA,PDO,NA,NA,Pacific Decadal Oscillation,NA
01-MAR-1882 00:00,1882,3,-1.27,NA,PDO,NA,NA,Pacific Decadal Oscillation,NA
01-APR-1882 00:00,1882,4,-1.103,NA,PDO,NA,NA,Pacific Decadal Oscillation,NA
01-MAY-1882 00:00,1882,5,-0.918,NA,PDO,NA,NA,Pacific Decadal Oscillation,NA
01-JUN-1882 00:00,1882,6,-1.447,NA,PDO,NA,NA,Pacific Decadal Oscillation,NA
01-JUL-1882 00:00,1882,7,-2.514,NA,PDO,NA,NA,Pacific Decadal Oscillation,NA
01-AUG-1882 00:00,1882,8,-0.775,NA,PDO,NA,NA,Pacific Decadal Oscillation,NA
01-SEP-1882 00:00,1882,9,-0.411,NA,PDO,NA,NA,Pacific Decadal Oscillation,NA
01-OCT-1882 00:00,1882,10,-0.748,NA,PDO,NA,NA,Pacific Decadal Oscillation,NA
01-NOV-1882 00:00,1882,11,-0.412,NA,PDO,NA,NA,Pacific Decadal Oscillation,NA
01-DEC-1882 00:00,1882,12,0.405,NA,PDO,NA,NA,Pacific Decadal Oscillation,NA
01-JAN-1883 00:00,1883,1,-0.992,NA,PDO,NA,NA,Pacific Decadal Oscillation,NA
01-FEB-1883 00:00,1883,2,-0.865,NA,PDO,NA,NA,Pacific Decadal Oscillation,NA
01-MAR-1883 00:00,1883,3,-0.967,NA,PDO,NA,NA,Pacific Decadal Oscillation,NA
01-APR-1883 00:00,1883,4,-0.07,NA,PDO,NA,NA,Pacific Decadal Oscillation,NA
01-MAY-1883 00:00,1883,5,-0.261,NA,PDO,NA,NA,Pacific Decadal Oscillation,NA
01-JUN-1883 00:00,1883,6,-0.524,NA,PDO,NA,NA,Pacific Decadal Oscillation,NA
01-JUL-1883 00:00,1883,7,-1.626,NA,PDO,NA,NA,Pacific Decadal Oscillation,NA
01-AUG-1883 00:00,1883,8,-1.378,NA,PDO,NA,NA,Pacific Decadal Oscillation,NA
01-SEP-1883 00:00,1883,9,-0.781,NA,PDO,NA,NA,Pacific Decadal Oscillation,NA
01-OCT-1883 00:00,1883,10,-0.726,NA,PDO,NA,NA,Pacific Decadal Oscillation,NA
01-NOV-1883 00:00,1883,11,-0.656,NA,PDO,NA,NA,Pacific Decadal Oscillation,NA
01-DEC-1883 00:00,1883,12,-1.266,NA,PDO,NA,NA,Pacific Decadal Oscillation,NA
01-JAN-1884 00:00,1884,1,-1.397,NA,PDO,NA,NA,Pacific Decadal Oscillation,NA
01-FEB-1884 00:00,1884,2,-1.586,NA,PDO,NA,NA,Pacific Decadal Oscillation,NA
01-MAR-1884 00:00,1884,3,-1.156,NA,PDO,NA,NA,Pacific Decadal Oscillation,NA
01-APR-1884 00:00,1884,4,-0.528,NA,PDO,NA,NA,Pacific Decadal Oscillation,NA
01-MAY-1884 00:00,1884,5,0.439,NA,PDO,NA,NA,Pacific Decadal Oscillation,NA
01-JUN-1884 00:00,1884,6,0.826,NA,PDO,NA,NA,Pacific Decadal Oscillation,NA
01-JUL-1884 00:00,1884,7,1.097,NA,PDO,NA,NA,Pacific Decadal Oscillation,NA
01-AUG-1884 00:00,1884,8,0.902,NA,PDO,NA,NA,Pacific Decadal Oscillation,NA
01-SEP-1884 00:00,1884,9,0.708,NA,PDO,NA,NA,Pacific Decadal Oscillation,NA
01-OCT-1884 00:00,1884,10,1.236,NA,PDO,NA,NA,Pacific Decadal Oscillation,NA
01-NOV-1884 00:00,1884,11,1.909,NA,PDO,NA,NA,Pacific Decadal Oscillation,NA
01-DEC-1884 00:00,1884,12,2.253,NA,PDO,NA,NA,Pacific Decadal Oscillation,NA
01-JAN-1885 00:00,1885,1,2.296,NA,PDO,NA,NA,Pacific Decadal Oscillation,NA
01-FEB-1885 00:00,1885,2,1.356,NA,PDO,NA,NA,Pacific Decadal Oscillation,NA
01-MAR-1885 00:00,1885,3,1.725,NA,PDO,NA,NA,Pacific Decadal Oscillation,NA
01-APR-1885 00:00,1885,4,1.575,NA,PDO,NA,NA,Pacific Decadal Oscillation,NA
01-MAY-1885 00:00,1885,5,1.124,NA,PDO,NA,NA,Pacific Decadal Oscillation,NA
01-JUN-1885 00:00,1885,6,-0,NA,PDO,NA,NA,Pacific Decadal Oscillation,NA
01-JUL-1885 00:00,1885,7,-0.134,NA,PDO,NA,NA,Pacific Decadal Oscillation,NA
01-AUG-1885 00:00,1885,8,0.388,NA,PDO,NA,NA,Pacific Decadal Oscillation,NA
01-SEP-1885 00:00,1885,9,0.263,NA,PDO,NA,NA,Pacific Decadal Oscillation,NA
01-OCT-1885 00:00,1885,10,0.166,NA,PDO,NA,NA,Pacific Decadal Oscillation,NA
01-NOV-1885 00:00,1885,11,-0.05,NA,PDO,NA,NA,Pacific Decadal Oscillation,NA
01-DEC-1885 00:00,1885,12,-0.224,NA,PDO,NA,NA,Pacific Decadal Oscillation,NA
01-JAN-1886 00:00,1886,1,-0.41,NA,PDO,NA,NA,Pacific Decadal Oscillation,NA
01-FEB-1886 00:00,1886,2,0.431,NA,PDO,NA,NA,Pacific Decadal Oscillation,NA
01-MAR-1886 00:00,1886,3,-0.292,NA,PDO,NA,NA,Pacific Decadal Oscillation,NA
01-APR-1886 00:00,1886,4,0.411,NA,PDO,NA,NA,Pacific Decadal Oscillation,NA
01-MAY-1886 00:00,1886,5,0.147,NA,PDO,NA,NA,Pacific Decadal Oscillation,NA
01-JUN-1886 00:00,1886,6,-0.817,NA,PDO,NA,NA,Pacific Decadal Oscillation,NA
01-JUL-1886 00:00,1886,7,-0.006,NA,PDO,NA,NA,Pacific Decadal Oscillation,NA
01-AUG-1886 00:00,1886,8,-0.057,NA,PDO,NA,NA,Pacific Decadal Oscillation,NA
01-SEP-1886 00:00,1886,9,-0.068,NA,PDO,NA,NA,Pacific Decadal Oscillation,NA
01-OCT-1886 00:00,1886,10,-0.831,NA,PDO,NA,NA,Pacific Decadal Oscillation,NA
01-NOV-1886 00:00,1886,11,-1.9,NA,PDO,NA,NA,Pacific Decadal Oscillation,NA
01-DEC-1886 00:00,1886,12,-1.451,NA,PDO,NA,NA,Pacific Decadal Oscillation,NA
01-JAN-1887 00:00,1887,1,-0.945,NA,PDO,NA,NA,Pacific Decadal Oscillation,NA
01-FEB-1887 00:00,1887,2,-1.193,NA,PDO,NA,NA,Pacific Decadal Oscillation,NA
01-MAR-1887 00:00,1887,3,-1.544,NA,PDO,NA,NA,Pacific Decadal Oscillation,NA
01-APR-1887 00:00,1887,4,-1.178,NA,PDO,NA,NA,Pacific Decadal Oscillation,NA
01-MAY-1887 00:00,1887,5,-0.32,NA,PDO,NA,NA,Pacific Decadal Oscillation,NA
01-JUN-1887 00:00,1887,6,0.455,NA,PDO,NA,NA,Pacific Decadal Oscillation,NA
01-JUL-1887 00:00,1887,7,1.478,NA,PDO,NA,NA,Pacific Decadal Oscillation,NA
01-AUG-1887 00:00,1887,8,-0.486,NA,PDO,NA,NA,Pacific Decadal Oscillation,NA
01-SEP-1887 00:00,1887,9,-1.527,NA,PDO,NA,NA,Pacific Decadal Oscillation,NA
01-OCT-1887 00:00,1887,10,-0.836,NA,PDO,NA,NA,Pacific Decadal Oscillation,NA
01-NOV-1887 00:00,1887,11,-0.588,NA,PDO,NA,NA,Pacific Decadal Oscillation,NA
01-DEC-1887 00:00,1887,12,-0.744,NA,PDO,NA,NA,Pacific Decadal Oscillation,NA
01-JAN-1888 00:00,1888,1,-0.682,NA,PDO,NA,NA,Pacific Decadal Oscillation,NA
01-FEB-1888 00:00,1888,2,0.085,NA,PDO,NA,NA,Pacific Decadal Oscillation,NA
01-MAR-1888 00:00,1888,3,0.013,NA,PDO,NA,NA,Pacific Decadal Oscillation,NA
01-APR-1888 00:00,1888,4,0.02,NA,PDO,NA,NA,Pacific Decadal Oscillation,NA
01-MAY-1888 00:00,1888,5,1.09,NA,PDO,NA,NA,Pacific Decadal Oscillation,NA
01-JUN-1888 00:00,1888,6,1.178,NA,PDO,NA,NA,Pacific Decadal Oscillation,NA
01-JUL-1888 00:00,1888,7,1.33,NA,PDO,NA,NA,Pacific Decadal Oscillation,NA
01-AUG-1888 00:00,1888,8,1.163,NA,PDO,NA,NA,Pacific Decadal Oscillation,NA
01-SEP-1888 00:00,1888,9,1.177,NA,PDO,NA,NA,Pacific Decadal Oscillation,NA
01-OCT-1888 00:00,1888,10,0.757,NA,PDO,NA,NA,Pacific Decadal Oscillation,NA
01-NOV-1888 00:00,1888,11,0.715,NA,PDO,NA,NA,Pacific Decadal Oscillation,NA
01-DEC-1888 00:00,1888,12,0.396,NA,PDO,NA,NA,Pacific Decadal Oscillation,NA
01-JAN-1889 00:00,1889,1,0.446,NA,PDO,NA,NA,Pacific Decadal Oscillation,NA
01-FEB-1889 00:00,1889,2,0.142,NA,PDO,NA,NA,Pacific Decadal Oscillation,NA
01-MAR-1889 00:00,1889,3,0.414,NA,PDO,NA,NA,Pacific Decadal Oscillation,NA
01-APR-1889 00:00,1889,4,1.072,NA,PDO,NA,NA,Pacific Decadal Oscillation,NA
01-MAY-1889 00:00,1889,5,1.277,NA,PDO,NA,NA,Pacific Decadal Oscillation,NA
01-JUN-1889 00:00,1889,6,1.197,NA,PDO,NA,NA,Pacific Decadal Oscillation,NA
01-JUL-1889 00:00,1889,7,0.726,NA,PDO,NA,NA,Pacific Decadal Oscillation,NA
01-AUG-1889 00:00,1889,8,-0.422,NA,PDO,NA,NA,Pacific Decadal Oscillation,NA
01-SEP-1889 00:00,1889,9,-0.713,NA,PDO,NA,NA,Pacific Decadal Oscillation,NA
01-OCT-1889 00:00,1889,10,-0.272,NA,PDO,NA,NA,Pacific Decadal Oscillation,NA
01-NOV-1889 00:00,1889,11,1.15,NA,PDO,NA,NA,Pacific Decadal Oscillation,NA
01-DEC-1889 00:00,1889,12,-0.006,NA,PDO,NA,NA,Pacific Decadal Oscillation,NA
01-JAN-1890 00:00,1890,1,-0.51,NA,PDO,NA,NA,Pacific Decadal Oscillation,NA
01-FEB-1890 00:00,1890,2,-0.872,NA,PDO,NA,NA,Pacific Decadal Oscillation,NA
01-MAR-1890 00:00,1890,3,-1.194,NA,PDO,NA,NA,Pacific Decadal Oscillation,NA
01-APR-1890 00:00,1890,4,-0.733,NA,PDO,NA,NA,Pacific Decadal Oscillation,NA
01-MAY-1890 00:00,1890,5,-0.883,NA,PDO,NA,NA,Pacific Decadal Oscillation,NA
01-JUN-1890 00:00,1890,6,-2.646,NA,PDO,NA,NA,Pacific Decadal Oscillation,NA
01-JUL-1890 00:00,1890,7,-0.836,NA,PDO,NA,NA,Pacific Decadal Oscillation,NA
01-AUG-1890 00:00,1890,8,-0.521,NA,PDO,NA,NA,Pacific Decadal Oscillation,NA
01-SEP-1890 00:00,1890,9,1.586,NA,PDO,NA,NA,Pacific Decadal Oscillation,NA
01-OCT-1890 00:00,1890,10,-0.131,NA,PDO,NA,NA,Pacific Decadal Oscillation,NA
01-NOV-1890 00:00,1890,11,-0.524,NA,PDO,NA,NA,Pacific Decadal Oscillation,NA
01-DEC-1890 00:00,1890,12,-1.211,NA,PDO,NA,NA,Pacific Decadal Oscillation,NA
01-JAN-1891 00:00,1891,1,-0.436,NA,PDO,NA,NA,Pacific Decadal Oscillation,NA
01-FEB-1891 00:00,1891,2,-0.622,NA,PDO,NA,NA,Pacific Decadal Oscillation,NA
01-MAR-1891 00:00,1891,3,-0.634,NA,PDO,NA,NA,Pacific Decadal Oscillation,NA
01-APR-1891 00:00,1891,4,-0.211,NA,PDO,NA,NA,Pacific Decadal Oscillation,NA
01-MAY-1891 00:00,1891,5,0.839,NA,PDO,NA,NA,Pacific Decadal Oscillation,NA
01-JUN-1891 00:00,1891,6,0.989,NA,PDO,NA,NA,Pacific Decadal Oscillation,NA
01-JUL-1891 00:00,1891,7,0.979,NA,PDO,NA,NA,Pacific Decadal Oscillation,NA
01-AUG-1891 00:00,1891,8,0.536,NA,PDO,NA,NA,Pacific Decadal Oscillation,NA
01-SEP-1891 00:00,1891,9,0.345,NA,PDO,NA,NA,Pacific Decadal Oscillation,NA
01-OCT-1891 00:00,1891,10,0.946,NA,PDO,NA,NA,Pacific Decadal Oscillation,NA
01-NOV-1891 00:00,1891,11,0.295,NA,PDO,NA,NA,Pacific Decadal Oscillation,NA
01-DEC-1891 00:00,1891,12,-0.178,NA,PDO,NA,NA,Pacific Decadal Oscillation,NA
01-JAN-1892 00:00,1892,1,-0.919,NA,PDO,NA,NA,Pacific Decadal Oscillation,NA
01-FEB-1892 00:00,1892,2,-1.015,NA,PDO,NA,NA,Pacific Decadal Oscillation,NA
01-MAR-1892 00:00,1892,3,-0.715,NA,PDO,NA,NA,Pacific Decadal Oscillation,NA
01-APR-1892 00:00,1892,4,-1.044,NA,PDO,NA,NA,Pacific Decadal Oscillation,NA
01-MAY-1892 00:00,1892,5,-2.423,NA,PDO,NA,NA,Pacific Decadal Oscillation,NA
01-JUN-1892 00:00,1892,6,-1.884,NA,PDO,NA,NA,Pacific Decadal Oscillation,NA
01-JUL-1892 00:00,1892,7,-1.748,NA,PDO,NA,NA,Pacific Decadal Oscillation,NA
01-AUG-1892 00:00,1892,8,-2.387,NA,PDO,NA,NA,Pacific Decadal Oscillation,NA
01-SEP-1892 00:00,1892,9,-2.043,NA,PDO,NA,NA,Pacific Decadal Oscillation,NA
01-OCT-1892 00:00,1892,10,-2.119,NA,PDO,NA,NA,Pacific Decadal Oscillation,NA
01-NOV-1892 00:00,1892,11,-1.944,NA,PDO,NA,NA,Pacific Decadal Oscillation,NA
01-DEC-1892 00:00,1892,12,-1.023,NA,PDO,NA,NA,Pacific Decadal Oscillation,NA
01-JAN-1893 00:00,1893,1,-0.44,NA,PDO,NA,NA,Pacific Decadal Oscillation,NA
01-FEB-1893 00:00,1893,2,-0.491,NA,PDO,NA,NA,Pacific Decadal Oscillation,NA
01-MAR-1893 00:00,1893,3,-0.693,NA,PDO,NA,NA,Pacific Decadal Oscillation,NA
01-APR-1893 00:00,1893,4,-1.348,NA,PDO,NA,NA,Pacific Decadal Oscillation,NA
01-MAY-1893 00:00,1893,5,-2.07,NA,PDO,NA,NA,Pacific Decadal Oscillation,NA
01-JUN-1893 00:00,1893,6,-1.954,NA,PDO,NA,NA,Pacific Decadal Oscillation,NA
01-JUL-1893 00:00,1893,7,-1.858,NA,PDO,NA,NA,Pacific Decadal Oscillation,NA
01-AUG-1893 00:00,1893,8,-0.497,NA,PDO,NA,NA,Pacific Decadal Oscillation,NA
01-SEP-1893 00:00,1893,9,-0.168,NA,PDO,NA,NA,Pacific Decadal Oscillation,NA
01-OCT-1893 00:00,1893,10,-0.544,NA,PDO,NA,NA,Pacific Decadal Oscillation,NA
01-NOV-1893 00:00,1893,11,-0.703,NA,PDO,NA,NA,Pacific Decadal Oscillation,NA
01-DEC-1893 00:00,1893,12,-1.518,NA,PDO,NA,NA,Pacific Decadal Oscillation,NA
01-JAN-1894 00:00,1894,1,-1.419,NA,PDO,NA,NA,Pacific Decadal Oscillation,NA
01-FEB-1894 00:00,1894,2,-1.953,NA,PDO,NA,NA,Pacific Decadal Oscillation,NA
01-MAR-1894 00:00,1894,3,-2.647,NA,PDO,NA,NA,Pacific Decadal Oscillation,NA
01-APR-1894 00:00,1894,4,-2.634,NA,PDO,NA,NA,Pacific Decadal Oscillation,NA
01-MAY-1894 00:00,1894,5,-2.941,NA,PDO,NA,NA,Pacific Decadal Oscillation,NA
01-JUN-1894 00:00,1894,6,-2.393,NA,PDO,NA,NA,Pacific Decadal Oscillation,NA
01-JUL-1894 00:00,1894,7,-2.731,NA,PDO,NA,NA,Pacific Decadal Oscillation,NA
01-AUG-1894 00:00,1894,8,-1.737,NA,PDO,NA,NA,Pacific Decadal Oscillation,NA
01-SEP-1894 00:00,1894,9,-1.803,NA,PDO,NA,NA,Pacific Decadal Oscillation,NA
01-OCT-1894 00:00,1894,10,-2.264,NA,PDO,NA,NA,Pacific Decadal Oscillation,NA
01-NOV-1894 00:00,1894,11,-3.001,NA,PDO,NA,NA,Pacific Decadal Oscillation,NA
01-DEC-1894 00:00,1894,12,-1.4,NA,PDO,NA,NA,Pacific Decadal Oscillation,NA
01-JAN-1895 00:00,1895,1,-0.865,NA,PDO,NA,NA,Pacific Decadal Oscillation,NA
01-FEB-1895 00:00,1895,2,-0.515,NA,PDO,NA,NA,Pacific Decadal Oscillation,NA
01-MAR-1895 00:00,1895,3,-0.463,NA,PDO,NA,NA,Pacific Decadal Oscillation,NA
01-APR-1895 00:00,1895,4,-0.734,NA,PDO,NA,NA,Pacific Decadal Oscillation,NA
01-MAY-1895 00:00,1895,5,-0.223,NA,PDO,NA,NA,Pacific Decadal Oscillation,NA
01-JUN-1895 00:00,1895,6,-0.508,NA,PDO,NA,NA,Pacific Decadal Oscillation,NA
01-JUL-1895 00:00,1895,7,0.124,NA,PDO,NA,NA,Pacific Decadal Oscillation,NA
01-AUG-1895 00:00,1895,8,-0.172,NA,PDO,NA,NA,Pacific Decadal Oscillation,NA
01-SEP-1895 00:00,1895,9,-1.067,NA,PDO,NA,NA,Pacific Decadal Oscillation,NA
01-OCT-1895 00:00,1895,10,-0.856,NA,PDO,NA,NA,Pacific Decadal Oscillation,NA
01-NOV-1895 00:00,1895,11,-1.092,NA,PDO,NA,NA,Pacific Decadal Oscillation,NA
01-DEC-1895 00:00,1895,12,-0.349,NA,PDO,NA,NA,Pacific Decadal Oscillation,NA
01-JAN-1896 00:00,1896,1,0.245,NA,PDO,NA,NA,Pacific Decadal Oscillation,NA
01-FEB-1896 00:00,1896,2,0.139,NA,PDO,NA,NA,Pacific Decadal Oscillation,NA
01-MAR-1896 00:00,1896,3,-0.045,NA,PDO,NA,NA,Pacific Decadal Oscillation,NA
01-APR-1896 00:00,1896,4,-0.44,NA,PDO,NA,NA,Pacific Decadal Oscillation,NA
01-MAY-1896 00:00,1896,5,-0.85,NA,PDO,NA,NA,Pacific Decadal Oscillation,NA
01-JUN-1896 00:00,1896,6,-0.667,NA,PDO,NA,NA,Pacific Decadal Oscillation,NA
01-JUL-1896 00:00,1896,7,-0.169,NA,PDO,NA,NA,Pacific Decadal Oscillation,NA
01-AUG-1896 00:00,1896,8,0.183,NA,PDO,NA,NA,Pacific Decadal Oscillation,NA
01-SEP-1896 00:00,1896,9,1.199,NA,PDO,NA,NA,Pacific Decadal Oscillation,NA
01-OCT-1896 00:00,1896,10,0.207,NA,PDO,NA,NA,Pacific Decadal Oscillation,NA
01-NOV-1896 00:00,1896,11,0.237,NA,PDO,NA,NA,Pacific Decadal Oscillation,NA
01-DEC-1896 00:00,1896,12,0.256,NA,PDO,NA,NA,Pacific Decadal Oscillation,NA
01-JAN-1897 00:00,1897,1,0.461,NA,PDO,NA,NA,Pacific Decadal Oscillation,NA
01-FEB-1897 00:00,1897,2,-0.138,NA,PDO,NA,NA,Pacific Decadal Oscillation,NA
01-MAR-1897 00:00,1897,3,-0.398,NA,PDO,NA,NA,Pacific Decadal Oscillation,NA
01-APR-1897 00:00,1897,4,0.01,NA,PDO,NA,NA,Pacific Decadal Oscillation,NA
01-MAY-1897 00:00,1897,5,0.575,NA,PDO,NA,NA,Pacific Decadal Oscillation,NA
01-JUN-1897 00:00,1897,6,0.781,NA,PDO,NA,NA,Pacific Decadal Oscillation,NA
01-JUL-1897 00:00,1897,7,0.774,NA,PDO,NA,NA,Pacific Decadal Oscillation,NA
01-AUG-1897 00:00,1897,8,0.192,NA,PDO,NA,NA,Pacific Decadal Oscillation,NA
01-SEP-1897 00:00,1897,9,-0.489,NA,PDO,NA,NA,Pacific Decadal Oscillation,NA
01-OCT-1897 00:00,1897,10,0.198,NA,PDO,NA,NA,Pacific Decadal Oscillation,NA
01-NOV-1897 00:00,1897,11,0.411,NA,PDO,NA,NA,Pacific Decadal Oscillation,NA
01-DEC-1897 00:00,1897,12,0.062,NA,PDO,NA,NA,Pacific Decadal Oscillation,NA
01-JAN-1898 00:00,1898,1,0.121,NA,PDO,NA,NA,Pacific Decadal Oscillation,NA
01-FEB-1898 00:00,1898,2,-0.072,NA,PDO,NA,NA,Pacific Decadal Oscillation,NA
01-MAR-1898 00:00,1898,3,-0.343,NA,PDO,NA,NA,Pacific Decadal Oscillation,NA
01-APR-1898 00:00,1898,4,0.005,NA,PDO,NA,NA,Pacific Decadal Oscillation,NA
01-MAY-1898 00:00,1898,5,-0.395,NA,PDO,NA,NA,Pacific Decadal Oscillation,NA
01-JUN-1898 00:00,1898,6,0.003,NA,PDO,NA,NA,Pacific Decadal Oscillation,NA
01-JUL-1898 00:00,1898,7,-0.484,NA,PDO,NA,NA,Pacific Decadal Oscillation,NA
01-AUG-1898 00:00,1898,8,0.351,NA,PDO,NA,NA,Pacific Decadal Oscillation,NA
01-SEP-1898 00:00,1898,9,0.323,NA,PDO,NA,NA,Pacific Decadal Oscillation,NA
01-OCT-1898 00:00,1898,10,0.125,NA,PDO,NA,NA,Pacific Decadal Oscillation,NA
01-NOV-1898 00:00,1898,11,0.586,NA,PDO,NA,NA,Pacific Decadal Oscillation,NA
01-DEC-1898 00:00,1898,12,0.197,NA,PDO,NA,NA,Pacific Decadal Oscillation,NA
01-JAN-1899 00:00,1899,1,0.049,NA,PDO,NA,NA,Pacific Decadal Oscillation,NA
01-FEB-1899 00:00,1899,2,-0.531,NA,PDO,NA,NA,Pacific Decadal Oscillation,NA
01-MAR-1899 00:00,1899,3,-0.398,NA,PDO,NA,NA,Pacific Decadal Oscillation,NA
01-APR-1899 00:00,1899,4,-0.283,NA,PDO,NA,NA,Pacific Decadal Oscillation,NA
01-MAY-1899 00:00,1899,5,-0.582,NA,PDO,NA,NA,Pacific Decadal Oscillation,NA
01-JUN-1899 00:00,1899,6,-0.972,NA,PDO,NA,NA,Pacific Decadal Oscillation,NA
01-JUL-1899 00:00,1899,7,-0.1,NA,PDO,NA,NA,Pacific Decadal Oscillation,NA
01-AUG-1899 00:00,1899,8,0.571,NA,PDO,NA,NA,Pacific Decadal Oscillation,NA
01-SEP-1899 00:00,1899,9,0.596,NA,PDO,NA,NA,Pacific Decadal Oscillation,NA
01-OCT-1899 00:00,1899,10,-0.086,NA,PDO,NA,NA,Pacific Decadal Oscillation,NA
01-NOV-1899 00:00,1899,11,0.383,NA,PDO,NA,NA,Pacific Decadal Oscillation,NA
01-DEC-1899 00:00,1899,12,0.399,NA,PDO,NA,NA,Pacific Decadal Oscillation,NA
01-JAN-1900 00:00,1900,1,0.909,NA,PDO,NA,NA,Pacific Decadal Oscillation,NA
01-FEB-1900 00:00,1900,2,0.395,NA,PDO,NA,NA,Pacific Decadal Oscillation,NA
01-MAR-1900 00:00,1900,3,0.797,NA,PDO,NA,NA,Pacific Decadal Oscillation,NA
01-APR-1900 00:00,1900,4,1.735,NA,PDO,NA,NA,Pacific Decadal Oscillation,NA
01-MAY-1900 00:00,1900,5,1.276,NA,PDO,NA,NA,Pacific Decadal Oscillation,NA
01-JUN-1900 00:00,1900,6,1.003,NA,PDO,NA,NA,Pacific Decadal Oscillation,NA
01-JUL-1900 00:00,1900,7,1.005,NA,PDO,NA,NA,Pacific Decadal Oscillation,NA
01-AUG-1900 00:00,1900,8,1.246,NA,PDO,NA,NA,Pacific Decadal Oscillation,NA
01-SEP-1900 00:00,1900,9,-0.23,NA,PDO,NA,NA,Pacific Decadal Oscillation,NA
01-OCT-1900 00:00,1900,10,0.122,NA,PDO,NA,NA,Pacific Decadal Oscillation,NA
01-NOV-1900 00:00,1900,11,0.657,NA,PDO,NA,NA,Pacific Decadal Oscillation,NA
01-DEC-1900 00:00,1900,12,0.651,NA,PDO,NA,NA,Pacific Decadal Oscillation,NA
01-JAN-1901 00:00,1901,1,1.146,NA,PDO,NA,NA,Pacific Decadal Oscillation,NA
01-FEB-1901 00:00,1901,2,0.671,NA,PDO,NA,NA,Pacific Decadal Oscillation,NA
01-MAR-1901 00:00,1901,3,-0.317,NA,PDO,NA,NA,Pacific Decadal Oscillation,NA
01-APR-1901 00:00,1901,4,-0.437,NA,PDO,NA,NA,Pacific Decadal Oscillation,NA
01-MAY-1901 00:00,1901,5,-1.034,NA,PDO,NA,NA,Pacific Decadal Oscillation,NA
01-JUN-1901 00:00,1901,6,-1.072,NA,PDO,NA,NA,Pacific Decadal Oscillation,NA
01-JUL-1901 00:00,1901,7,-1.138,NA,PDO,NA,NA,Pacific Decadal Oscillation,NA
01-AUG-1901 00:00,1901,8,-0.466,NA,PDO,NA,NA,Pacific Decadal Oscillation,NA
01-SEP-1901 00:00,1901,9,0.092,NA,PDO,NA,NA,Pacific Decadal Oscillation,NA
01-OCT-1901 00:00,1901,10,0.227,NA,PDO,NA,NA,Pacific Decadal Oscillation,NA
01-NOV-1901 00:00,1901,11,0.074,NA,PDO,NA,NA,Pacific Decadal Oscillation,NA
01-DEC-1901 00:00,1901,12,0.327,NA,PDO,NA,NA,Pacific Decadal Oscillation,NA
01-JAN-1902 00:00,1902,1,1.098,NA,PDO,NA,NA,Pacific Decadal Oscillation,NA
01-FEB-1902 00:00,1902,2,0.44,NA,PDO,NA,NA,Pacific Decadal Oscillation,NA
01-MAR-1902 00:00,1902,3,0.3,NA,PDO,NA,NA,Pacific Decadal Oscillation,NA
01-APR-1902 00:00,1902,4,0.382,NA,PDO,NA,NA,Pacific Decadal Oscillation,NA
01-MAY-1902 00:00,1902,5,1.002,NA,PDO,NA,NA,Pacific Decadal Oscillation,NA
01-JUN-1902 00:00,1902,6,1.967,NA,PDO,NA,NA,Pacific Decadal Oscillation,NA
01-JUL-1902 00:00,1902,7,2.492,NA,PDO,NA,NA,Pacific Decadal Oscillation,NA
01-AUG-1902 00:00,1902,8,1.593,NA,PDO,NA,NA,Pacific Decadal Oscillation,NA
01-SEP-1902 00:00,1902,9,0.965,NA,PDO,NA,NA,Pacific Decadal Oscillation,NA
01-OCT-1902 00:00,1902,10,1.035,NA,PDO,NA,NA,Pacific Decadal Oscillation,NA
01-NOV-1902 00:00,1902,11,0.465,NA,PDO,NA,NA,Pacific Decadal Oscillation,NA
01-DEC-1902 00:00,1902,12,0.227,NA,PDO,NA,NA,Pacific Decadal Oscillation,NA
01-JAN-1903 00:00,1903,1,-0.038,NA,PDO,NA,NA,Pacific Decadal Oscillation,NA
01-FEB-1903 00:00,1903,2,0.116,NA,PDO,NA,NA,Pacific Decadal Oscillation,NA
01-MAR-1903 00:00,1903,3,-0.135,NA,PDO,NA,NA,Pacific Decadal Oscillation,NA
01-APR-1903 00:00,1903,4,-0.934,NA,PDO,NA,NA,Pacific Decadal Oscillation,NA
01-MAY-1903 00:00,1903,5,-0.403,NA,PDO,NA,NA,Pacific Decadal Oscillation,NA
01-JUN-1903 00:00,1903,6,-0.063,NA,PDO,NA,NA,Pacific Decadal Oscillation,NA
01-JUL-1903 00:00,1903,7,1.302,NA,PDO,NA,NA,Pacific Decadal Oscillation,NA
01-AUG-1903 00:00,1903,8,1.152,NA,PDO,NA,NA,Pacific Decadal Oscillation,NA
01-SEP-1903 00:00,1903,9,0.601,NA,PDO,NA,NA,Pacific Decadal Oscillation,NA
01-OCT-1903 00:00,1903,10,0.466,NA,PDO,NA,NA,Pacific Decadal Oscillation,NA
01-NOV-1903 00:00,1903,11,-0.187,NA,PDO,NA,NA,Pacific Decadal Oscillation,NA
01-DEC-1903 00:00,1903,12,-0.017,NA,PDO,NA,NA,Pacific Decadal Oscillation,NA
01-JAN-1904 00:00,1904,1,0.915,NA,PDO,NA,NA,Pacific Decadal Oscillation,NA
01-FEB-1904 00:00,1904,2,0.262,NA,PDO,NA,NA,Pacific Decadal Oscillation,NA
01-MAR-1904 00:00,1904,3,0.55,NA,PDO,NA,NA,Pacific Decadal Oscillation,NA
01-APR-1904 00:00,1904,4,0.108,NA,PDO,NA,NA,Pacific Decadal Oscillation,NA
01-MAY-1904 00:00,1904,5,0.339,NA,PDO,NA,NA,Pacific Decadal Oscillation,NA
01-JUN-1904 00:00,1904,6,-0.123,NA,PDO,NA,NA,Pacific Decadal Oscillation,NA
01-JUL-1904 00:00,1904,7,0.056,NA,PDO,NA,NA,Pacific Decadal Oscillation,NA
01-AUG-1904 00:00,1904,8,1.556,NA,PDO,NA,NA,Pacific Decadal Oscillation,NA
01-SEP-1904 00:00,1904,9,1.992,NA,PDO,NA,NA,Pacific Decadal Oscillation,NA
01-OCT-1904 00:00,1904,10,1.767,NA,PDO,NA,NA,Pacific Decadal Oscillation,NA
01-NOV-1904 00:00,1904,11,1.659,NA,PDO,NA,NA,Pacific Decadal Oscillation,NA
01-DEC-1904 00:00,1904,12,2.808,NA,PDO,NA,NA,Pacific Decadal Oscillation,NA
01-JAN-1905 00:00,1905,1,2.479,NA,PDO,NA,NA,Pacific Decadal Oscillation,NA
01-FEB-1905 00:00,1905,2,1.301,NA,PDO,NA,NA,Pacific Decadal Oscillation,NA
01-MAR-1905 00:00,1905,3,0.584,NA,PDO,NA,NA,Pacific Decadal Oscillation,NA
01-APR-1905 00:00,1905,4,1.684,NA,PDO,NA,NA,Pacific Decadal Oscillation,NA
01-MAY-1905 00:00,1905,5,1.252,NA,PDO,NA,NA,Pacific Decadal Oscillation,NA
01-JUN-1905 00:00,1905,6,1.393,NA,PDO,NA,NA,Pacific Decadal Oscillation,NA
01-JUL-1905 00:00,1905,7,2.093,NA,PDO,NA,NA,Pacific Decadal Oscillation,NA
01-AUG-1905 00:00,1905,8,2.066,NA,PDO,NA,NA,Pacific Decadal Oscillation,NA
01-SEP-1905 00:00,1905,9,1.798,NA,PDO,NA,NA,Pacific Decadal Oscillation,NA
01-OCT-1905 00:00,1905,10,-0.218,NA,PDO,NA,NA,Pacific Decadal Oscillation,NA
01-NOV-1905 00:00,1905,11,0.565,NA,PDO,NA,NA,Pacific Decadal Oscillation,NA
01-DEC-1905 00:00,1905,12,-0.99,NA,PDO,NA,NA,Pacific Decadal Oscillation,NA
01-JAN-1906 00:00,1906,1,1.175,NA,PDO,NA,NA,Pacific Decadal Oscillation,NA
01-FEB-1906 00:00,1906,2,1.218,NA,PDO,NA,NA,Pacific Decadal Oscillation,NA
01-MAR-1906 00:00,1906,3,0.566,NA,PDO,NA,NA,Pacific Decadal Oscillation,NA
01-APR-1906 00:00,1906,4,0.512,NA,PDO,NA,NA,Pacific Decadal Oscillation,NA
01-MAY-1906 00:00,1906,5,1.274,NA,PDO,NA,NA,Pacific Decadal Oscillation,NA
01-JUN-1906 00:00,1906,6,0.719,NA,PDO,NA,NA,Pacific Decadal Oscillation,NA
01-JUL-1906 00:00,1906,7,1.331,NA,PDO,NA,NA,Pacific Decadal Oscillation,NA
01-AUG-1906 00:00,1906,8,0.919,NA,PDO,NA,NA,Pacific Decadal Oscillation,NA
01-SEP-1906 00:00,1906,9,0.188,NA,PDO,NA,NA,Pacific Decadal Oscillation,NA
01-OCT-1906 00:00,1906,10,1.005,NA,PDO,NA,NA,Pacific Decadal Oscillation,NA
01-NOV-1906 00:00,1906,11,0.629,NA,PDO,NA,NA,Pacific Decadal Oscillation,NA
01-DEC-1906 00:00,1906,12,-0.577,NA,PDO,NA,NA,Pacific Decadal Oscillation,NA
01-JAN-1907 00:00,1907,1,-0.65,NA,PDO,NA,NA,Pacific Decadal Oscillation,NA
01-FEB-1907 00:00,1907,2,-0.477,NA,PDO,NA,NA,Pacific Decadal Oscillation,NA
01-MAR-1907 00:00,1907,3,-1.773,NA,PDO,NA,NA,Pacific Decadal Oscillation,NA
01-APR-1907 00:00,1907,4,-1.206,NA,PDO,NA,NA,Pacific Decadal Oscillation,NA
01-MAY-1907 00:00,1907,5,0.446,NA,PDO,NA,NA,Pacific Decadal Oscillation,NA
01-JUN-1907 00:00,1907,6,0.747,NA,PDO,NA,NA,Pacific Decadal Oscillation,NA
01-JUL-1907 00:00,1907,7,0.642,NA,PDO,NA,NA,Pacific Decadal Oscillation,NA
01-AUG-1907 00:00,1907,8,-0.044,NA,PDO,NA,NA,Pacific Decadal Oscillation,NA
01-SEP-1907 00:00,1907,9,1.103,NA,PDO,NA,NA,Pacific Decadal Oscillation,NA
01-OCT-1907 00:00,1907,10,1.905,NA,PDO,NA,NA,Pacific Decadal Oscillation,NA
01-NOV-1907 00:00,1907,11,1.597,NA,PDO,NA,NA,Pacific Decadal Oscillation,NA
01-DEC-1907 00:00,1907,12,1.588,NA,PDO,NA,NA,Pacific Decadal Oscillation,NA
01-JAN-1908 00:00,1908,1,1.259,NA,PDO,NA,NA,Pacific Decadal Oscillation,NA
01-FEB-1908 00:00,1908,2,1.196,NA,PDO,NA,NA,Pacific Decadal Oscillation,NA
01-MAR-1908 00:00,1908,3,0.281,NA,PDO,NA,NA,Pacific Decadal Oscillation,NA
01-APR-1908 00:00,1908,4,-0.008,NA,PDO,NA,NA,Pacific Decadal Oscillation,NA
01-MAY-1908 00:00,1908,5,0.148,NA,PDO,NA,NA,Pacific Decadal Oscillation,NA
01-JUN-1908 00:00,1908,6,0.211,NA,PDO,NA,NA,Pacific Decadal Oscillation,NA
01-JUL-1908 00:00,1908,7,0.293,NA,PDO,NA,NA,Pacific Decadal Oscillation,NA
01-AUG-1908 00:00,1908,8,-0.213,NA,PDO,NA,NA,Pacific Decadal Oscillation,NA
01-SEP-1908 00:00,1908,9,0.816,NA,PDO,NA,NA,Pacific Decadal Oscillation,NA
01-OCT-1908 00:00,1908,10,1.114,NA,PDO,NA,NA,Pacific Decadal Oscillation,NA
01-NOV-1908 00:00,1908,11,1.581,NA,PDO,NA,NA,Pacific Decadal Oscillation,NA
01-DEC-1908 00:00,1908,12,0.829,NA,PDO,NA,NA,Pacific Decadal Oscillation,NA
01-JAN-1909 00:00,1909,1,0.316,NA,PDO,NA,NA,Pacific Decadal Oscillation,NA
01-FEB-1909 00:00,1909,2,0.542,NA,PDO,NA,NA,Pacific Decadal Oscillation,NA
01-MAR-1909 00:00,1909,3,0.664,NA,PDO,NA,NA,Pacific Decadal Oscillation,NA
01-APR-1909 00:00,1909,4,0.127,NA,PDO,NA,NA,Pacific Decadal Oscillation,NA
01-MAY-1909 00:00,1909,5,-0.309,NA,PDO,NA,NA,Pacific Decadal Oscillation,NA
01-JUN-1909 00:00,1909,6,-0.696,NA,PDO,NA,NA,Pacific Decadal Oscillation,NA
01-JUL-1909 00:00,1909,7,-1.218,NA,PDO,NA,NA,Pacific Decadal Oscillation,NA
01-AUG-1909 00:00,1909,8,-2.06,NA,PDO,NA,NA,Pacific Decadal Oscillation,NA
01-SEP-1909 00:00,1909,9,-1.825,NA,PDO,NA,NA,Pacific Decadal Oscillation,NA
01-OCT-1909 00:00,1909,10,-1.213,NA,PDO,NA,NA,Pacific Decadal Oscillation,NA
01-NOV-1909 00:00,1909,11,-1.438,NA,PDO,NA,NA,Pacific Decadal Oscillation,NA
01-DEC-1909 00:00,1909,12,-2.131,NA,PDO,NA,NA,Pacific Decadal Oscillation,NA
01-JAN-1910 00:00,1910,1,-1.58,NA,PDO,NA,NA,Pacific Decadal Oscillation,NA
01-FEB-1910 00:00,1910,2,-1.159,NA,PDO,NA,NA,Pacific Decadal Oscillation,NA
01-MAR-1910 00:00,1910,3,-0.959,NA,PDO,NA,NA,Pacific Decadal Oscillation,NA
01-APR-1910 00:00,1910,4,-1.958,NA,PDO,NA,NA,Pacific Decadal Oscillation,NA
01-MAY-1910 00:00,1910,5,-2.125,NA,PDO,NA,NA,Pacific Decadal Oscillation,NA
01-JUN-1910 00:00,1910,6,-0.354,NA,PDO,NA,NA,Pacific Decadal Oscillation,NA
01-JUL-1910 00:00,1910,7,-0.033,NA,PDO,NA,NA,Pacific Decadal Oscillation,NA
01-AUG-1910 00:00,1910,8,-0.494,NA,PDO,NA,NA,Pacific Decadal Oscillation,NA
01-SEP-1910 00:00,1910,9,0.754,NA,PDO,NA,NA,Pacific Decadal Oscillation,NA
01-OCT-1910 00:00,1910,10,-0.956,NA,PDO,NA,NA,Pacific Decadal Oscillation,NA
01-NOV-1910 00:00,1910,11,-0.633,NA,PDO,NA,NA,Pacific Decadal Oscillation,NA
01-DEC-1910 00:00,1910,12,-0.095,NA,PDO,NA,NA,Pacific Decadal Oscillation,NA
01-JAN-1911 00:00,1911,1,-0.54,NA,PDO,NA,NA,Pacific Decadal Oscillation,NA
01-FEB-1911 00:00,1911,2,-1.129,NA,PDO,NA,NA,Pacific Decadal Oscillation,NA
01-MAR-1911 00:00,1911,3,-1.259,NA,PDO,NA,NA,Pacific Decadal Oscillation,NA
01-APR-1911 00:00,1911,4,-0.616,NA,PDO,NA,NA,Pacific Decadal Oscillation,NA
01-MAY-1911 00:00,1911,5,-0.66,NA,PDO,NA,NA,Pacific Decadal Oscillation,NA
01-JUN-1911 00:00,1911,6,-1.346,NA,PDO,NA,NA,Pacific Decadal Oscillation,NA
01-JUL-1911 00:00,1911,7,-0.363,NA,PDO,NA,NA,Pacific Decadal Oscillation,NA
01-AUG-1911 00:00,1911,8,0.14,NA,PDO,NA,NA,Pacific Decadal Oscillation,NA
01-SEP-1911 00:00,1911,9,-0.084,NA,PDO,NA,NA,Pacific Decadal Oscillation,NA
01-OCT-1911 00:00,1911,10,-0.107,NA,PDO,NA,NA,Pacific Decadal Oscillation,NA
01-NOV-1911 00:00,1911,11,-0.329,NA,PDO,NA,NA,Pacific Decadal Oscillation,NA
01-DEC-1911 00:00,1911,12,-0.858,NA,PDO,NA,NA,Pacific Decadal Oscillation,NA
01-JAN-1912 00:00,1912,1,-0.3,NA,PDO,NA,NA,Pacific Decadal Oscillation,NA
01-FEB-1912 00:00,1912,2,0.088,NA,PDO,NA,NA,Pacific Decadal Oscillation,NA
01-MAR-1912 00:00,1912,3,-0.198,NA,PDO,NA,NA,Pacific Decadal Oscillation,NA
01-APR-1912 00:00,1912,4,-0.268,NA,PDO,NA,NA,Pacific Decadal Oscillation,NA
01-MAY-1912 00:00,1912,5,0.011,NA,PDO,NA,NA,Pacific Decadal Oscillation,NA
01-JUN-1912 00:00,1912,6,0.374,NA,PDO,NA,NA,Pacific Decadal Oscillation,NA
01-JUL-1912 00:00,1912,7,0.299,NA,PDO,NA,NA,Pacific Decadal Oscillation,NA
01-AUG-1912 00:00,1912,8,0.523,NA,PDO,NA,NA,Pacific Decadal Oscillation,NA
01-SEP-1912 00:00,1912,9,1.19,NA,PDO,NA,NA,Pacific Decadal Oscillation,NA
01-OCT-1912 00:00,1912,10,0.691,NA,PDO,NA,NA,Pacific Decadal Oscillation,NA
01-NOV-1912 00:00,1912,11,0.113,NA,PDO,NA,NA,Pacific Decadal Oscillation,NA
01-DEC-1912 00:00,1912,12,-0.265,NA,PDO,NA,NA,Pacific Decadal Oscillation,NA
01-JAN-1913 00:00,1913,1,-0.304,NA,PDO,NA,NA,Pacific Decadal Oscillation,NA
01-FEB-1913 00:00,1913,2,0.211,NA,PDO,NA,NA,Pacific Decadal Oscillation,NA
01-MAR-1913 00:00,1913,3,-0.087,NA,PDO,NA,NA,Pacific Decadal Oscillation,NA
01-APR-1913 00:00,1913,4,-0.506,NA,PDO,NA,NA,Pacific Decadal Oscillation,NA
01-MAY-1913 00:00,1913,5,0.201,NA,PDO,NA,NA,Pacific Decadal Oscillation,NA
01-JUN-1913 00:00,1913,6,0.128,NA,PDO,NA,NA,Pacific Decadal Oscillation,NA
01-JUL-1913 00:00,1913,7,0.743,NA,PDO,NA,NA,Pacific Decadal Oscillation,NA
01-AUG-1913 00:00,1913,8,1.206,NA,PDO,NA,NA,Pacific Decadal Oscillation,NA
01-SEP-1913 00:00,1913,9,0.877,NA,PDO,NA,NA,Pacific Decadal Oscillation,NA
01-OCT-1913 00:00,1913,10,0.617,NA,PDO,NA,NA,Pacific Decadal Oscillation,NA
01-NOV-1913 00:00,1913,11,0.505,NA,PDO,NA,NA,Pacific Decadal Oscillation,NA
01-DEC-1913 00:00,1913,12,0.04,NA,PDO,NA,NA,Pacific Decadal Oscillation,NA
01-JAN-1914 00:00,1914,1,-0.215,NA,PDO,NA,NA,Pacific Decadal Oscillation,NA
01-FEB-1914 00:00,1914,2,-0.027,NA,PDO,NA,NA,Pacific Decadal Oscillation,NA
01-MAR-1914 00:00,1914,3,0.294,NA,PDO,NA,NA,Pacific Decadal Oscillation,NA
01-APR-1914 00:00,1914,4,0.948,NA,PDO,NA,NA,Pacific Decadal Oscillation,NA
01-MAY-1914 00:00,1914,5,0.708,NA,PDO,NA,NA,Pacific Decadal Oscillation,NA
01-JUN-1914 00:00,1914,6,-0.57,NA,PDO,NA,NA,Pacific Decadal Oscillation,NA
01-JUL-1914 00:00,1914,7,-0.39,NA,PDO,NA,NA,Pacific Decadal Oscillation,NA
01-AUG-1914 00:00,1914,8,-0.251,NA,PDO,NA,NA,Pacific Decadal Oscillation,NA
01-SEP-1914 00:00,1914,9,-0.355,NA,PDO,NA,NA,Pacific Decadal Oscillation,NA
01-OCT-1914 00:00,1914,10,-0.137,NA,PDO,NA,NA,Pacific Decadal Oscillation,NA
01-NOV-1914 00:00,1914,11,0.122,NA,PDO,NA,NA,Pacific Decadal Oscillation,NA
01-DEC-1914 00:00,1914,12,0.091,NA,PDO,NA,NA,Pacific Decadal Oscillation,NA
01-JAN-1915 00:00,1915,1,-0.397,NA,PDO,NA,NA,Pacific Decadal Oscillation,NA
01-FEB-1915 00:00,1915,2,-0.286,NA,PDO,NA,NA,Pacific Decadal Oscillation,NA
01-MAR-1915 00:00,1915,3,0.578,NA,PDO,NA,NA,Pacific Decadal Oscillation,NA
01-APR-1915 00:00,1915,4,1.45,NA,PDO,NA,NA,Pacific Decadal Oscillation,NA
01-MAY-1915 00:00,1915,5,1.661,NA,PDO,NA,NA,Pacific Decadal Oscillation,NA
01-JUN-1915 00:00,1915,6,1.605,NA,PDO,NA,NA,Pacific Decadal Oscillation,NA
01-JUL-1915 00:00,1915,7,1.602,NA,PDO,NA,NA,Pacific Decadal Oscillation,NA
01-AUG-1915 00:00,1915,8,1.03,NA,PDO,NA,NA,Pacific Decadal Oscillation,NA
01-SEP-1915 00:00,1915,9,0.585,NA,PDO,NA,NA,Pacific Decadal Oscillation,NA
01-OCT-1915 00:00,1915,10,-0.727,NA,PDO,NA,NA,Pacific Decadal Oscillation,NA
01-NOV-1915 00:00,1915,11,-1.066,NA,PDO,NA,NA,Pacific Decadal Oscillation,NA
01-DEC-1915 00:00,1915,12,-0.641,NA,PDO,NA,NA,Pacific Decadal Oscillation,NA
01-JAN-1916 00:00,1916,1,-1.114,NA,PDO,NA,NA,Pacific Decadal Oscillation,NA
01-FEB-1916 00:00,1916,2,-1.116,NA,PDO,NA,NA,Pacific Decadal Oscillation,NA
01-MAR-1916 00:00,1916,3,-0.941,NA,PDO,NA,NA,Pacific Decadal Oscillation,NA
01-APR-1916 00:00,1916,4,-0.339,NA,PDO,NA,NA,Pacific Decadal Oscillation,NA
01-MAY-1916 00:00,1916,5,-0.204,NA,PDO,NA,NA,Pacific Decadal Oscillation,NA
01-JUN-1916 00:00,1916,6,-1.155,NA,PDO,NA,NA,Pacific Decadal Oscillation,NA
01-JUL-1916 00:00,1916,7,-1.127,NA,PDO,NA,NA,Pacific Decadal Oscillation,NA
01-AUG-1916 00:00,1916,8,-1.568,NA,PDO,NA,NA,Pacific Decadal Oscillation,NA
01-SEP-1916 00:00,1916,9,-1.476,NA,PDO,NA,NA,Pacific Decadal Oscillation,NA
01-OCT-1916 00:00,1916,10,-1.452,NA,PDO,NA,NA,Pacific Decadal Oscillation,NA
01-NOV-1916 00:00,1916,11,-2.164,NA,PDO,NA,NA,Pacific Decadal Oscillation,NA
01-DEC-1916 00:00,1916,12,-2.274,NA,PDO,NA,NA,Pacific Decadal Oscillation,NA
01-JAN-1917 00:00,1917,1,-1.695,NA,PDO,NA,NA,Pacific Decadal Oscillation,NA
01-FEB-1917 00:00,1917,2,-1.624,NA,PDO,NA,NA,Pacific Decadal Oscillation,NA
01-MAR-1917 00:00,1917,3,-1.794,NA,PDO,NA,NA,Pacific Decadal Oscillation,NA
01-APR-1917 00:00,1917,4,-1.591,NA,PDO,NA,NA,Pacific Decadal Oscillation,NA
01-MAY-1917 00:00,1917,5,-1.087,NA,PDO,NA,NA,Pacific Decadal Oscillation,NA
01-JUN-1917 00:00,1917,6,-0.897,NA,PDO,NA,NA,Pacific Decadal Oscillation,NA
01-JUL-1917 00:00,1917,7,-0.51,NA,PDO,NA,NA,Pacific Decadal Oscillation,NA
01-AUG-1917 00:00,1917,8,-0.219,NA,PDO,NA,NA,Pacific Decadal Oscillation,NA
01-SEP-1917 00:00,1917,9,-0.697,NA,PDO,NA,NA,Pacific Decadal Oscillation,NA
01-OCT-1917 00:00,1917,10,-1.155,NA,PDO,NA,NA,Pacific Decadal Oscillation,NA
01-NOV-1917 00:00,1917,11,-0.935,NA,PDO,NA,NA,Pacific Decadal Oscillation,NA
01-DEC-1917 00:00,1917,12,-0.584,NA,PDO,NA,NA,Pacific Decadal Oscillation,NA
01-JAN-1918 00:00,1918,1,0.153,NA,PDO,NA,NA,Pacific Decadal Oscillation,NA
01-FEB-1918 00:00,1918,2,-0.208,NA,PDO,NA,NA,Pacific Decadal Oscillation,NA
01-MAR-1918 00:00,1918,3,-0.725,NA,PDO,NA,NA,Pacific Decadal Oscillation,NA
01-APR-1918 00:00,1918,4,-0.606,NA,PDO,NA,NA,Pacific Decadal Oscillation,NA
01-MAY-1918 00:00,1918,5,-0.761,NA,PDO,NA,NA,Pacific Decadal Oscillation,NA
01-JUN-1918 00:00,1918,6,-0.404,NA,PDO,NA,NA,Pacific Decadal Oscillation,NA
01-JUL-1918 00:00,1918,7,0.066,NA,PDO,NA,NA,Pacific Decadal Oscillation,NA
01-AUG-1918 00:00,1918,8,0.292,NA,PDO,NA,NA,Pacific Decadal Oscillation,NA
01-SEP-1918 00:00,1918,9,0.643,NA,PDO,NA,NA,Pacific Decadal Oscillation,NA
01-OCT-1918 00:00,1918,10,1.407,NA,PDO,NA,NA,Pacific Decadal Oscillation,NA
01-NOV-1918 00:00,1918,11,1.223,NA,PDO,NA,NA,Pacific Decadal Oscillation,NA
01-DEC-1918 00:00,1918,12,0.364,NA,PDO,NA,NA,Pacific Decadal Oscillation,NA
01-JAN-1919 00:00,1919,1,0.354,NA,PDO,NA,NA,Pacific Decadal Oscillation,NA
01-FEB-1919 00:00,1919,2,-0.009,NA,PDO,NA,NA,Pacific Decadal Oscillation,NA
01-MAR-1919 00:00,1919,3,-0.375,NA,PDO,NA,NA,Pacific Decadal Oscillation,NA
01-APR-1919 00:00,1919,4,-0.395,NA,PDO,NA,NA,Pacific Decadal Oscillation,NA
01-MAY-1919 00:00,1919,5,-0.834,NA,PDO,NA,NA,Pacific Decadal Oscillation,NA
01-JUN-1919 00:00,1919,6,-1.216,NA,PDO,NA,NA,Pacific Decadal Oscillation,NA
01-JUL-1919 00:00,1919,7,-1.286,NA,PDO,NA,NA,Pacific Decadal Oscillation,NA
01-AUG-1919 00:00,1919,8,-0.448,NA,PDO,NA,NA,Pacific Decadal Oscillation,NA
01-SEP-1919 00:00,1919,9,0.115,NA,PDO,NA,NA,Pacific Decadal Oscillation,NA
01-OCT-1919 00:00,1919,10,-0.112,NA,PDO,NA,NA,Pacific Decadal Oscillation,NA
01-NOV-1919 00:00,1919,11,-0.569,NA,PDO,NA,NA,Pacific Decadal Oscillation,NA
01-DEC-1919 00:00,1919,12,-0.448,NA,PDO,NA,NA,Pacific Decadal Oscillation,NA
01-JAN-1920 00:00,1920,1,-1.089,NA,PDO,NA,NA,Pacific Decadal Oscillation,NA
01-FEB-1920 00:00,1920,2,-0.685,NA,PDO,NA,NA,Pacific Decadal Oscillation,NA
01-MAR-1920 00:00,1920,3,-0.571,NA,PDO,NA,NA,Pacific Decadal Oscillation,NA
01-APR-1920 00:00,1920,4,-0.815,NA,PDO,NA,NA,Pacific Decadal Oscillation,NA
01-MAY-1920 00:00,1920,5,-0.538,NA,PDO,NA,NA,Pacific Decadal Oscillation,NA
01-JUN-1920 00:00,1920,6,-0.726,NA,PDO,NA,NA,Pacific Decadal Oscillation,NA
01-JUL-1920 00:00,1920,7,-0.877,NA,PDO,NA,NA,Pacific Decadal Oscillation,NA
01-AUG-1920 00:00,1920,8,-1.296,NA,PDO,NA,NA,Pacific Decadal Oscillation,NA
01-SEP-1920 00:00,1920,9,-1.388,NA,PDO,NA,NA,Pacific Decadal Oscillation,NA
01-OCT-1920 00:00,1920,10,-1.154,NA,PDO,NA,NA,Pacific Decadal Oscillation,NA
01-NOV-1920 00:00,1920,11,-0.476,NA,PDO,NA,NA,Pacific Decadal Oscillation,NA
01-DEC-1920 00:00,1920,12,-0.638,NA,PDO,NA,NA,Pacific Decadal Oscillation,NA
01-JAN-1921 00:00,1921,1,-1.021,NA,PDO,NA,NA,Pacific Decadal Oscillation,NA
01-FEB-1921 00:00,1921,2,-1.297,NA,PDO,NA,NA,Pacific Decadal Oscillation,NA
01-MAR-1921 00:00,1921,3,-0.687,NA,PDO,NA,NA,Pacific Decadal Oscillation,NA
01-APR-1921 00:00,1921,4,-1.459,NA,PDO,NA,NA,Pacific Decadal Oscillation,NA
01-MAY-1921 00:00,1921,5,-1.257,NA,PDO,NA,NA,Pacific Decadal Oscillation,NA
01-JUN-1921 00:00,1921,6,-0.986,NA,PDO,NA,NA,Pacific Decadal Oscillation,NA
01-JUL-1921 00:00,1921,7,-1.076,NA,PDO,NA,NA,Pacific Decadal Oscillation,NA
01-AUG-1921 00:00,1921,8,-1.235,NA,PDO,NA,NA,Pacific Decadal Oscillation,NA
01-SEP-1921 00:00,1921,9,-1.098,NA,PDO,NA,NA,Pacific Decadal Oscillation,NA
01-OCT-1921 00:00,1921,10,-1.164,NA,PDO,NA,NA,Pacific Decadal Oscillation,NA
01-NOV-1921 00:00,1921,11,-0.562,NA,PDO,NA,NA,Pacific Decadal Oscillation,NA
01-DEC-1921 00:00,1921,12,-0.097,NA,PDO,NA,NA,Pacific Decadal Oscillation,NA
01-JAN-1922 00:00,1922,1,-0.179,NA,PDO,NA,NA,Pacific Decadal Oscillation,NA
01-FEB-1922 00:00,1922,2,-1.024,NA,PDO,NA,NA,Pacific Decadal Oscillation,NA
01-MAR-1922 00:00,1922,3,-1.27,NA,PDO,NA,NA,Pacific Decadal Oscillation,NA
01-APR-1922 00:00,1922,4,-1.427,NA,PDO,NA,NA,Pacific Decadal Oscillation,NA
01-MAY-1922 00:00,1922,5,-1.436,NA,PDO,NA,NA,Pacific Decadal Oscillation,NA
01-JUN-1922 00:00,1922,6,-0.853,NA,PDO,NA,NA,Pacific Decadal Oscillation,NA
01-JUL-1922 00:00,1922,7,-0.422,NA,PDO,NA,NA,Pacific Decadal Oscillation,NA
01-AUG-1922 00:00,1922,8,-0.095,NA,PDO,NA,NA,Pacific Decadal Oscillation,NA
01-SEP-1922 00:00,1922,9,-0.15,NA,PDO,NA,NA,Pacific Decadal Oscillation,NA
01-OCT-1922 00:00,1922,10,-0.053,NA,PDO,NA,NA,Pacific Decadal Oscillation,NA
01-NOV-1922 00:00,1922,11,-0.483,NA,PDO,NA,NA,Pacific Decadal Oscillation,NA
01-DEC-1922 00:00,1922,12,0.2,NA,PDO,NA,NA,Pacific Decadal Oscillation,NA
01-JAN-1923 00:00,1923,1,0.1,NA,PDO,NA,NA,Pacific Decadal Oscillation,NA
01-FEB-1923 00:00,1923,2,-0.658,NA,PDO,NA,NA,Pacific Decadal Oscillation,NA
01-MAR-1923 00:00,1923,3,-0.785,NA,PDO,NA,NA,Pacific Decadal Oscillation,NA
01-APR-1923 00:00,1923,4,-0.301,NA,PDO,NA,NA,Pacific Decadal Oscillation,NA
01-MAY-1923 00:00,1923,5,0.36,NA,PDO,NA,NA,Pacific Decadal Oscillation,NA
01-JUN-1923 00:00,1923,6,-0.8,NA,PDO,NA,NA,Pacific Decadal Oscillation,NA
01-JUL-1923 00:00,1923,7,0.592,NA,PDO,NA,NA,Pacific Decadal Oscillation,NA
01-AUG-1923 00:00,1923,8,0.336,NA,PDO,NA,NA,Pacific Decadal Oscillation,NA
01-SEP-1923 00:00,1923,9,0.063,NA,PDO,NA,NA,Pacific Decadal Oscillation,NA
01-OCT-1923 00:00,1923,10,0.389,NA,PDO,NA,NA,Pacific Decadal Oscillation,NA
01-NOV-1923 00:00,1923,11,-0.134,NA,PDO,NA,NA,Pacific Decadal Oscillation,NA
01-DEC-1923 00:00,1923,12,-0.252,NA,PDO,NA,NA,Pacific Decadal Oscillation,NA
01-JAN-1924 00:00,1924,1,-0.742,NA,PDO,NA,NA,Pacific Decadal Oscillation,NA
01-FEB-1924 00:00,1924,2,-0.801,NA,PDO,NA,NA,Pacific Decadal Oscillation,NA
01-MAR-1924 00:00,1924,3,-0.443,NA,PDO,NA,NA,Pacific Decadal Oscillation,NA
01-APR-1924 00:00,1924,4,-0.835,NA,PDO,NA,NA,Pacific Decadal Oscillation,NA
01-MAY-1924 00:00,1924,5,-0.132,NA,PDO,NA,NA,Pacific Decadal Oscillation,NA
01-JUN-1924 00:00,1924,6,-0.09,NA,PDO,NA,NA,Pacific Decadal Oscillation,NA
01-JUL-1924 00:00,1924,7,-0.409,NA,PDO,NA,NA,Pacific Decadal Oscillation,NA
01-AUG-1924 00:00,1924,8,-0.771,NA,PDO,NA,NA,Pacific Decadal Oscillation,NA
01-SEP-1924 00:00,1924,9,-1.29,NA,PDO,NA,NA,Pacific Decadal Oscillation,NA
01-OCT-1924 00:00,1924,10,-1.755,NA,PDO,NA,NA,Pacific Decadal Oscillation,NA
01-NOV-1924 00:00,1924,11,-1.393,NA,PDO,NA,NA,Pacific Decadal Oscillation,NA
01-DEC-1924 00:00,1924,12,-0.542,NA,PDO,NA,NA,Pacific Decadal Oscillation,NA
01-JAN-1925 00:00,1925,1,-1.169,NA,PDO,NA,NA,Pacific Decadal Oscillation,NA
01-FEB-1925 00:00,1925,2,-0.856,NA,PDO,NA,NA,Pacific Decadal Oscillation,NA
01-MAR-1925 00:00,1925,3,-0.735,NA,PDO,NA,NA,Pacific Decadal Oscillation,NA
01-APR-1925 00:00,1925,4,-1.012,NA,PDO,NA,NA,Pacific Decadal Oscillation,NA
01-MAY-1925 00:00,1925,5,-0.441,NA,PDO,NA,NA,Pacific Decadal Oscillation,NA
01-JUN-1925 00:00,1925,6,-0.765,NA,PDO,NA,NA,Pacific Decadal Oscillation,NA
01-JUL-1925 00:00,1925,7,-0.33,NA,PDO,NA,NA,Pacific Decadal Oscillation,NA
01-AUG-1925 00:00,1925,8,-0.127,NA,PDO,NA,NA,Pacific Decadal Oscillation,NA
01-SEP-1925 00:00,1925,9,0.445,NA,PDO,NA,NA,Pacific Decadal Oscillation,NA
01-OCT-1925 00:00,1925,10,0.572,NA,PDO,NA,NA,Pacific Decadal Oscillation,NA
01-NOV-1925 00:00,1925,11,0.943,NA,PDO,NA,NA,Pacific Decadal Oscillation,NA
01-DEC-1925 00:00,1925,12,0.662,NA,PDO,NA,NA,Pacific Decadal Oscillation,NA
01-JAN-1926 00:00,1926,1,0.873,NA,PDO,NA,NA,Pacific Decadal Oscillation,NA
01-FEB-1926 00:00,1926,2,1.08,NA,PDO,NA,NA,Pacific Decadal Oscillation,NA
01-MAR-1926 00:00,1926,3,1.156,NA,PDO,NA,NA,Pacific Decadal Oscillation,NA
01-APR-1926 00:00,1926,4,1.766,NA,PDO,NA,NA,Pacific Decadal Oscillation,NA
01-MAY-1926 00:00,1926,5,2.209,NA,PDO,NA,NA,Pacific Decadal Oscillation,NA
01-JUN-1926 00:00,1926,6,1.518,NA,PDO,NA,NA,Pacific Decadal Oscillation,NA
01-JUL-1926 00:00,1926,7,2.102,NA,PDO,NA,NA,Pacific Decadal Oscillation,NA
01-AUG-1926 00:00,1926,8,1.798,NA,PDO,NA,NA,Pacific Decadal Oscillation,NA
01-SEP-1926 00:00,1926,9,1.632,NA,PDO,NA,NA,Pacific Decadal Oscillation,NA
01-OCT-1926 00:00,1926,10,1.569,NA,PDO,NA,NA,Pacific Decadal Oscillation,NA
01-NOV-1926 00:00,1926,11,2.023,NA,PDO,NA,NA,Pacific Decadal Oscillation,NA
01-DEC-1926 00:00,1926,12,1.632,NA,PDO,NA,NA,Pacific Decadal Oscillation,NA
01-JAN-1927 00:00,1927,1,0.713,NA,PDO,NA,NA,Pacific Decadal Oscillation,NA
01-FEB-1927 00:00,1927,2,1.134,NA,PDO,NA,NA,Pacific Decadal Oscillation,NA
01-MAR-1927 00:00,1927,3,0.776,NA,PDO,NA,NA,Pacific Decadal Oscillation,NA
01-APR-1927 00:00,1927,4,0.163,NA,PDO,NA,NA,Pacific Decadal Oscillation,NA
01-MAY-1927 00:00,1927,5,0.137,NA,PDO,NA,NA,Pacific Decadal Oscillation,NA
01-JUN-1927 00:00,1927,6,0.485,NA,PDO,NA,NA,Pacific Decadal Oscillation,NA
01-JUL-1927 00:00,1927,7,-0.171,NA,PDO,NA,NA,Pacific Decadal Oscillation,NA
01-AUG-1927 00:00,1927,8,-0.252,NA,PDO,NA,NA,Pacific Decadal Oscillation,NA
01-SEP-1927 00:00,1927,9,0.266,NA,PDO,NA,NA,Pacific Decadal Oscillation,NA
01-OCT-1927 00:00,1927,10,-0.457,NA,PDO,NA,NA,Pacific Decadal Oscillation,NA
01-NOV-1927 00:00,1927,11,-0.285,NA,PDO,NA,NA,Pacific Decadal Oscillation,NA
01-DEC-1927 00:00,1927,12,-0.24,NA,PDO,NA,NA,Pacific Decadal Oscillation,NA
01-JAN-1928 00:00,1928,1,0.282,NA,PDO,NA,NA,Pacific Decadal Oscillation,NA
01-FEB-1928 00:00,1928,2,0.556,NA,PDO,NA,NA,Pacific Decadal Oscillation,NA
01-MAR-1928 00:00,1928,3,0.815,NA,PDO,NA,NA,Pacific Decadal Oscillation,NA
01-APR-1928 00:00,1928,4,0.526,NA,PDO,NA,NA,Pacific Decadal Oscillation,NA
01-MAY-1928 00:00,1928,5,0.654,NA,PDO,NA,NA,Pacific Decadal Oscillation,NA
01-JUN-1928 00:00,1928,6,1.037,NA,PDO,NA,NA,Pacific Decadal Oscillation,NA
01-JUL-1928 00:00,1928,7,-0.289,NA,PDO,NA,NA,Pacific Decadal Oscillation,NA
01-AUG-1928 00:00,1928,8,-0.446,NA,PDO,NA,NA,Pacific Decadal Oscillation,NA
01-SEP-1928 00:00,1928,9,-1.223,NA,PDO,NA,NA,Pacific Decadal Oscillation,NA
01-OCT-1928 00:00,1928,10,-0.769,NA,PDO,NA,NA,Pacific Decadal Oscillation,NA
01-NOV-1928 00:00,1928,11,0.203,NA,PDO,NA,NA,Pacific Decadal Oscillation,NA
01-DEC-1928 00:00,1928,12,0.387,NA,PDO,NA,NA,Pacific Decadal Oscillation,NA
01-JAN-1929 00:00,1929,1,0.496,NA,PDO,NA,NA,Pacific Decadal Oscillation,NA
01-FEB-1929 00:00,1929,2,0.032,NA,PDO,NA,NA,Pacific Decadal Oscillation,NA
01-MAR-1929 00:00,1929,3,-0.051,NA,PDO,NA,NA,Pacific Decadal Oscillation,NA
01-APR-1929 00:00,1929,4,0.276,NA,PDO,NA,NA,Pacific Decadal Oscillation,NA
01-MAY-1929 00:00,1929,5,0.346,NA,PDO,NA,NA,Pacific Decadal Oscillation,NA
01-JUN-1929 00:00,1929,6,0.314,NA,PDO,NA,NA,Pacific Decadal Oscillation,NA
01-JUL-1929 00:00,1929,7,0.054,NA,PDO,NA,NA,Pacific Decadal Oscillation,NA
01-AUG-1929 00:00,1929,8,0.107,NA,PDO,NA,NA,Pacific Decadal Oscillation,NA
01-SEP-1929 00:00,1929,9,0.912,NA,PDO,NA,NA,Pacific Decadal Oscillation,NA
01-OCT-1929 00:00,1929,10,0.955,NA,PDO,NA,NA,Pacific Decadal Oscillation,NA
01-NOV-1929 00:00,1929,11,0.616,NA,PDO,NA,NA,Pacific Decadal Oscillation,NA
01-DEC-1929 00:00,1929,12,1.37,NA,PDO,NA,NA,Pacific Decadal Oscillation,NA
01-JAN-1930 00:00,1930,1,0.892,NA,PDO,NA,NA,Pacific Decadal Oscillation,NA
01-FEB-1930 00:00,1930,2,0.589,NA,PDO,NA,NA,Pacific Decadal Oscillation,NA
01-MAR-1930 00:00,1930,3,0.292,NA,PDO,NA,NA,Pacific Decadal Oscillation,NA
01-APR-1930 00:00,1930,4,0.292,NA,PDO,NA,NA,Pacific Decadal Oscillation,NA
01-MAY-1930 00:00,1930,5,0.146,NA,PDO,NA,NA,Pacific Decadal Oscillation,NA
01-JUN-1930 00:00,1930,6,0.021,NA,PDO,NA,NA,Pacific Decadal Oscillation,NA
01-JUL-1930 00:00,1930,7,0.171,NA,PDO,NA,NA,Pacific Decadal Oscillation,NA
01-AUG-1930 00:00,1930,8,0.152,NA,PDO,NA,NA,Pacific Decadal Oscillation,NA
01-SEP-1930 00:00,1930,9,0.691,NA,PDO,NA,NA,Pacific Decadal Oscillation,NA
01-OCT-1930 00:00,1930,10,0.321,NA,PDO,NA,NA,Pacific Decadal Oscillation,NA
01-NOV-1930 00:00,1930,11,0.081,NA,PDO,NA,NA,Pacific Decadal Oscillation,NA
01-DEC-1930 00:00,1930,12,0.539,NA,PDO,NA,NA,Pacific Decadal Oscillation,NA
01-JAN-1931 00:00,1931,1,0.834,NA,PDO,NA,NA,Pacific Decadal Oscillation,NA
01-FEB-1931 00:00,1931,2,0.752,NA,PDO,NA,NA,Pacific Decadal Oscillation,NA
01-MAR-1931 00:00,1931,3,0.869,NA,PDO,NA,NA,Pacific Decadal Oscillation,NA
01-APR-1931 00:00,1931,4,1.459,NA,PDO,NA,NA,Pacific Decadal Oscillation,NA
01-MAY-1931 00:00,1931,5,2.018,NA,PDO,NA,NA,Pacific Decadal Oscillation,NA
01-JUN-1931 00:00,1931,6,1.764,NA,PDO,NA,NA,Pacific Decadal Oscillation,NA
01-JUL-1931 00:00,1931,7,2.081,NA,PDO,NA,NA,Pacific Decadal Oscillation,NA
01-AUG-1931 00:00,1931,8,1.172,NA,PDO,NA,NA,Pacific Decadal Oscillation,NA
01-SEP-1931 00:00,1931,9,1.067,NA,PDO,NA,NA,Pacific Decadal Oscillation,NA
01-OCT-1931 00:00,1931,10,0.344,NA,PDO,NA,NA,Pacific Decadal Oscillation,NA
01-NOV-1931 00:00,1931,11,-0.123,NA,PDO,NA,NA,Pacific Decadal Oscillation,NA
01-DEC-1931 00:00,1931,12,-0.756,NA,PDO,NA,NA,Pacific Decadal Oscillation,NA
01-JAN-1932 00:00,1932,1,-1.01,NA,PDO,NA,NA,Pacific Decadal Oscillation,NA
01-FEB-1932 00:00,1932,2,-1.253,NA,PDO,NA,NA,Pacific Decadal Oscillation,NA
01-MAR-1932 00:00,1932,3,-0.427,NA,PDO,NA,NA,Pacific Decadal Oscillation,NA
01-APR-1932 00:00,1932,4,0.509,NA,PDO,NA,NA,Pacific Decadal Oscillation,NA
01-MAY-1932 00:00,1932,5,0.02,NA,PDO,NA,NA,Pacific Decadal Oscillation,NA
01-JUN-1932 00:00,1932,6,-0.187,NA,PDO,NA,NA,Pacific Decadal Oscillation,NA
01-JUL-1932 00:00,1932,7,-0.126,NA,PDO,NA,NA,Pacific Decadal Oscillation,NA
01-AUG-1932 00:00,1932,8,-0.041,NA,PDO,NA,NA,Pacific Decadal Oscillation,NA
01-SEP-1932 00:00,1932,9,-0.76,NA,PDO,NA,NA,Pacific Decadal Oscillation,NA
01-OCT-1932 00:00,1932,10,-0.055,NA,PDO,NA,NA,Pacific Decadal Oscillation,NA
01-NOV-1932 00:00,1932,11,-0.427,NA,PDO,NA,NA,Pacific Decadal Oscillation,NA
01-DEC-1932 00:00,1932,12,-0.14,NA,PDO,NA,NA,Pacific Decadal Oscillation,NA
01-JAN-1933 00:00,1933,1,-0.842,NA,PDO,NA,NA,Pacific Decadal Oscillation,NA
01-FEB-1933 00:00,1933,2,-1.017,NA,PDO,NA,NA,Pacific Decadal Oscillation,NA
01-MAR-1933 00:00,1933,3,-1.116,NA,PDO,NA,NA,Pacific Decadal Oscillation,NA
01-APR-1933 00:00,1933,4,-0.883,NA,PDO,NA,NA,Pacific Decadal Oscillation,NA
01-MAY-1933 00:00,1933,5,-1.534,NA,PDO,NA,NA,Pacific Decadal Oscillation,NA
01-JUN-1933 00:00,1933,6,-2.022,NA,PDO,NA,NA,Pacific Decadal Oscillation,NA
01-JUL-1933 00:00,1933,7,-2.517,NA,PDO,NA,NA,Pacific Decadal Oscillation,NA
01-AUG-1933 00:00,1933,8,-2.138,NA,PDO,NA,NA,Pacific Decadal Oscillation,NA
01-SEP-1933 00:00,1933,9,-2.303,NA,PDO,NA,NA,Pacific Decadal Oscillation,NA
01-OCT-1933 00:00,1933,10,-1.486,NA,PDO,NA,NA,Pacific Decadal Oscillation,NA
01-NOV-1933 00:00,1933,11,-0.459,NA,PDO,NA,NA,Pacific Decadal Oscillation,NA
01-DEC-1933 00:00,1933,12,-0.746,NA,PDO,NA,NA,Pacific Decadal Oscillation,NA
01-JAN-1934 00:00,1934,1,-0.6,NA,PDO,NA,NA,Pacific Decadal Oscillation,NA
01-FEB-1934 00:00,1934,2,-0.017,NA,PDO,NA,NA,Pacific Decadal Oscillation,NA
01-MAR-1934 00:00,1934,3,0.562,NA,PDO,NA,NA,Pacific Decadal Oscillation,NA
01-APR-1934 00:00,1934,4,1.07,NA,PDO,NA,NA,Pacific Decadal Oscillation,NA
01-MAY-1934 00:00,1934,5,0.724,NA,PDO,NA,NA,Pacific Decadal Oscillation,NA
01-JUN-1934 00:00,1934,6,-0.134,NA,PDO,NA,NA,Pacific Decadal Oscillation,NA
01-JUL-1934 00:00,1934,7,0.206,NA,PDO,NA,NA,Pacific Decadal Oscillation,NA
01-AUG-1934 00:00,1934,8,1.171,NA,PDO,NA,NA,Pacific Decadal Oscillation,NA
01-SEP-1934 00:00,1934,9,1.093,NA,PDO,NA,NA,Pacific Decadal Oscillation,NA
01-OCT-1934 00:00,1934,10,1.749,NA,PDO,NA,NA,Pacific Decadal Oscillation,NA
01-NOV-1934 00:00,1934,11,1.439,NA,PDO,NA,NA,Pacific Decadal Oscillation,NA
01-DEC-1934 00:00,1934,12,1.105,NA,PDO,NA,NA,Pacific Decadal Oscillation,NA
01-JAN-1935 00:00,1935,1,0.417,NA,PDO,NA,NA,Pacific Decadal Oscillation,NA
01-FEB-1935 00:00,1935,2,0.081,NA,PDO,NA,NA,Pacific Decadal Oscillation,NA
01-MAR-1935 00:00,1935,3,-0.252,NA,PDO,NA,NA,Pacific Decadal Oscillation,NA
01-APR-1935 00:00,1935,4,0.243,NA,PDO,NA,NA,Pacific Decadal Oscillation,NA
01-MAY-1935 00:00,1935,5,0.81,NA,PDO,NA,NA,Pacific Decadal Oscillation,NA
01-JUN-1935 00:00,1935,6,1.15,NA,PDO,NA,NA,Pacific Decadal Oscillation,NA
01-JUL-1935 00:00,1935,7,0.516,NA,PDO,NA,NA,Pacific Decadal Oscillation,NA
01-AUG-1935 00:00,1935,8,0.516,NA,PDO,NA,NA,Pacific Decadal Oscillation,NA
01-SEP-1935 00:00,1935,9,0.614,NA,PDO,NA,NA,Pacific Decadal Oscillation,NA
01-OCT-1935 00:00,1935,10,0.73,NA,PDO,NA,NA,Pacific Decadal Oscillation,NA
01-NOV-1935 00:00,1935,11,0.486,NA,PDO,NA,NA,Pacific Decadal Oscillation,NA
01-DEC-1935 00:00,1935,12,1.305,NA,PDO,NA,NA,Pacific Decadal Oscillation,NA
01-JAN-1936 00:00,1936,1,1.747,NA,PDO,NA,NA,Pacific Decadal Oscillation,NA
01-FEB-1936 00:00,1936,2,1.416,NA,PDO,NA,NA,Pacific Decadal Oscillation,NA
01-MAR-1936 00:00,1936,3,1.001,NA,PDO,NA,NA,Pacific Decadal Oscillation,NA
01-APR-1936 00:00,1936,4,1.159,NA,PDO,NA,NA,Pacific Decadal Oscillation,NA
01-MAY-1936 00:00,1936,5,1.541,NA,PDO,NA,NA,Pacific Decadal Oscillation,NA
01-JUN-1936 00:00,1936,6,2.028,NA,PDO,NA,NA,Pacific Decadal Oscillation,NA
01-JUL-1936 00:00,1936,7,2.48,NA,PDO,NA,NA,Pacific Decadal Oscillation,NA
01-AUG-1936 00:00,1936,8,1.988,NA,PDO,NA,NA,Pacific Decadal Oscillation,NA
01-SEP-1936 00:00,1936,9,1.202,NA,PDO,NA,NA,Pacific Decadal Oscillation,NA
01-OCT-1936 00:00,1936,10,2.043,NA,PDO,NA,NA,Pacific Decadal Oscillation,NA
01-NOV-1936 00:00,1936,11,2.589,NA,PDO,NA,NA,Pacific Decadal Oscillation,NA
01-DEC-1936 00:00,1936,12,1.343,NA,PDO,NA,NA,Pacific Decadal Oscillation,NA
01-JAN-1937 00:00,1937,1,0.156,NA,PDO,NA,NA,Pacific Decadal Oscillation,NA
01-FEB-1937 00:00,1937,2,-0.187,NA,PDO,NA,NA,Pacific Decadal Oscillation,NA
01-MAR-1937 00:00,1937,3,-0.014,NA,PDO,NA,NA,Pacific Decadal Oscillation,NA
01-APR-1937 00:00,1937,4,-0.403,NA,PDO,NA,NA,Pacific Decadal Oscillation,NA
01-MAY-1937 00:00,1937,5,-0.019,NA,PDO,NA,NA,Pacific Decadal Oscillation,NA
01-JUN-1937 00:00,1937,6,1.383,NA,PDO,NA,NA,Pacific Decadal Oscillation,NA
01-JUL-1937 00:00,1937,7,0.137,NA,PDO,NA,NA,Pacific Decadal Oscillation,NA
01-AUG-1937 00:00,1937,8,-0.254,NA,PDO,NA,NA,Pacific Decadal Oscillation,NA
01-SEP-1937 00:00,1937,9,0.239,NA,PDO,NA,NA,Pacific Decadal Oscillation,NA
01-OCT-1937 00:00,1937,10,0.59,NA,PDO,NA,NA,Pacific Decadal Oscillation,NA
01-NOV-1937 00:00,1937,11,0.868,NA,PDO,NA,NA,Pacific Decadal Oscillation,NA
01-DEC-1937 00:00,1937,12,0.809,NA,PDO,NA,NA,Pacific Decadal Oscillation,NA
01-JAN-1938 00:00,1938,1,1.14,NA,PDO,NA,NA,Pacific Decadal Oscillation,NA
01-FEB-1938 00:00,1938,2,0.063,NA,PDO,NA,NA,Pacific Decadal Oscillation,NA
01-MAR-1938 00:00,1938,3,-0.397,NA,PDO,NA,NA,Pacific Decadal Oscillation,NA
01-APR-1938 00:00,1938,4,-0.081,NA,PDO,NA,NA,Pacific Decadal Oscillation,NA
01-MAY-1938 00:00,1938,5,-0.488,NA,PDO,NA,NA,Pacific Decadal Oscillation,NA
01-JUN-1938 00:00,1938,6,-0.439,NA,PDO,NA,NA,Pacific Decadal Oscillation,NA
01-JUL-1938 00:00,1938,7,-0.23,NA,PDO,NA,NA,Pacific Decadal Oscillation,NA
01-AUG-1938 00:00,1938,8,-0.187,NA,PDO,NA,NA,Pacific Decadal Oscillation,NA
01-SEP-1938 00:00,1938,9,0.066,NA,PDO,NA,NA,Pacific Decadal Oscillation,NA
01-OCT-1938 00:00,1938,10,0.819,NA,PDO,NA,NA,Pacific Decadal Oscillation,NA
01-NOV-1938 00:00,1938,11,0.007,NA,PDO,NA,NA,Pacific Decadal Oscillation,NA
01-DEC-1938 00:00,1938,12,0.683,NA,PDO,NA,NA,Pacific Decadal Oscillation,NA
01-JAN-1939 00:00,1939,1,0.578,NA,PDO,NA,NA,Pacific Decadal Oscillation,NA
01-FEB-1939 00:00,1939,2,-0.25,NA,PDO,NA,NA,Pacific Decadal Oscillation,NA
01-MAR-1939 00:00,1939,3,-0.647,NA,PDO,NA,NA,Pacific Decadal Oscillation,NA
01-APR-1939 00:00,1939,4,-0.007,NA,PDO,NA,NA,Pacific Decadal Oscillation,NA
01-MAY-1939 00:00,1939,5,0.176,NA,PDO,NA,NA,Pacific Decadal Oscillation,NA
01-JUN-1939 00:00,1939,6,0.075,NA,PDO,NA,NA,Pacific Decadal Oscillation,NA
01-JUL-1939 00:00,1939,7,-0.683,NA,PDO,NA,NA,Pacific Decadal Oscillation,NA
01-AUG-1939 00:00,1939,8,-0.59,NA,PDO,NA,NA,Pacific Decadal Oscillation,NA
01-SEP-1939 00:00,1939,9,-0.9,NA,PDO,NA,NA,Pacific Decadal Oscillation,NA
01-OCT-1939 00:00,1939,10,-0.998,NA,PDO,NA,NA,Pacific Decadal Oscillation,NA
01-NOV-1939 00:00,1939,11,-0.729,NA,PDO,NA,NA,Pacific Decadal Oscillation,NA
01-DEC-1939 00:00,1939,12,1.16,NA,PDO,NA,NA,Pacific Decadal Oscillation,NA
01-JAN-1940 00:00,1940,1,1.661,NA,PDO,NA,NA,Pacific Decadal Oscillation,NA
01-FEB-1940 00:00,1940,2,1.411,NA,PDO,NA,NA,Pacific Decadal Oscillation,NA
01-MAR-1940 00:00,1940,3,1.794,NA,PDO,NA,NA,Pacific Decadal Oscillation,NA
01-APR-1940 00:00,1940,4,2.133,NA,PDO,NA,NA,Pacific Decadal Oscillation,NA
01-MAY-1940 00:00,1940,5,1.983,NA,PDO,NA,NA,Pacific Decadal Oscillation,NA
01-JUN-1940 00:00,1940,6,2.301,NA,PDO,NA,NA,Pacific Decadal Oscillation,NA
01-JUL-1940 00:00,1940,7,2.083,NA,PDO,NA,NA,Pacific Decadal Oscillation,NA
01-AUG-1940 00:00,1940,8,1.711,NA,PDO,NA,NA,Pacific Decadal Oscillation,NA
01-SEP-1940 00:00,1940,9,1.543,NA,PDO,NA,NA,Pacific Decadal Oscillation,NA
01-OCT-1940 00:00,1940,10,1.442,NA,PDO,NA,NA,Pacific Decadal Oscillation,NA
01-NOV-1940 00:00,1940,11,1.717,NA,PDO,NA,NA,Pacific Decadal Oscillation,NA
01-DEC-1940 00:00,1940,12,2.425,NA,PDO,NA,NA,Pacific Decadal Oscillation,NA
01-JAN-1941 00:00,1941,1,2.584,NA,PDO,NA,NA,Pacific Decadal Oscillation,NA
01-FEB-1941 00:00,1941,2,2.77,NA,PDO,NA,NA,Pacific Decadal Oscillation,NA
01-MAR-1941 00:00,1941,3,2.392,NA,PDO,NA,NA,Pacific Decadal Oscillation,NA
01-APR-1941 00:00,1941,4,2.417,NA,PDO,NA,NA,Pacific Decadal Oscillation,NA
01-MAY-1941 00:00,1941,5,2.232,NA,PDO,NA,NA,Pacific Decadal Oscillation,NA
01-JUN-1941 00:00,1941,6,2.931,NA,PDO,NA,NA,Pacific Decadal Oscillation,NA
01-JUL-1941 00:00,1941,7,2.971,NA,PDO,NA,NA,Pacific Decadal Oscillation,NA
01-AUG-1941 00:00,1941,8,3.202,NA,PDO,NA,NA,Pacific Decadal Oscillation,NA
01-SEP-1941 00:00,1941,9,2.238,NA,PDO,NA,NA,Pacific Decadal Oscillation,NA
01-OCT-1941 00:00,1941,10,1.456,NA,PDO,NA,NA,Pacific Decadal Oscillation,NA
01-NOV-1941 00:00,1941,11,1.641,NA,PDO,NA,NA,Pacific Decadal Oscillation,NA
01-DEC-1941 00:00,1941,12,2.098,NA,PDO,NA,NA,Pacific Decadal Oscillation,NA
01-JAN-1942 00:00,1942,1,2.144,NA,PDO,NA,NA,Pacific Decadal Oscillation,NA
01-FEB-1942 00:00,1942,2,1.718,NA,PDO,NA,NA,Pacific Decadal Oscillation,NA
01-MAR-1942 00:00,1942,3,1.176,NA,PDO,NA,NA,Pacific Decadal Oscillation,NA
01-APR-1942 00:00,1942,4,1.181,NA,PDO,NA,NA,Pacific Decadal Oscillation,NA
01-MAY-1942 00:00,1942,5,0.832,NA,PDO,NA,NA,Pacific Decadal Oscillation,NA
01-JUN-1942 00:00,1942,6,1.023,NA,PDO,NA,NA,Pacific Decadal Oscillation,NA
01-JUL-1942 00:00,1942,7,0.832,NA,PDO,NA,NA,Pacific Decadal Oscillation,NA
01-AUG-1942 00:00,1942,8,0.87,NA,PDO,NA,NA,Pacific Decadal Oscillation,NA
01-SEP-1942 00:00,1942,9,0.509,NA,PDO,NA,NA,Pacific Decadal Oscillation,NA
01-OCT-1942 00:00,1942,10,0.452,NA,PDO,NA,NA,Pacific Decadal Oscillation,NA
01-NOV-1942 00:00,1942,11,-0.063,NA,PDO,NA,NA,Pacific Decadal Oscillation,NA
01-DEC-1942 00:00,1942,12,-0.877,NA,PDO,NA,NA,Pacific Decadal Oscillation,NA
01-JAN-1943 00:00,1943,1,-1.402,NA,PDO,NA,NA,Pacific Decadal Oscillation,NA
01-FEB-1943 00:00,1943,2,-0.746,NA,PDO,NA,NA,Pacific Decadal Oscillation,NA
01-MAR-1943 00:00,1943,3,0.156,NA,PDO,NA,NA,Pacific Decadal Oscillation,NA
01-APR-1943 00:00,1943,4,1.102,NA,PDO,NA,NA,Pacific Decadal Oscillation,NA
01-MAY-1943 00:00,1943,5,0.576,NA,PDO,NA,NA,Pacific Decadal Oscillation,NA
01-JUN-1943 00:00,1943,6,-0.169,NA,PDO,NA,NA,Pacific Decadal Oscillation,NA
01-JUL-1943 00:00,1943,7,-0.077,NA,PDO,NA,NA,Pacific Decadal Oscillation,NA
01-AUG-1943 00:00,1943,8,-1.249,NA,PDO,NA,NA,Pacific Decadal Oscillation,NA
01-SEP-1943 00:00,1943,9,-1.046,NA,PDO,NA,NA,Pacific Decadal Oscillation,NA
01-OCT-1943 00:00,1943,10,-1.181,NA,PDO,NA,NA,Pacific Decadal Oscillation,NA
01-NOV-1943 00:00,1943,11,-0.264,NA,PDO,NA,NA,Pacific Decadal Oscillation,NA
01-DEC-1943 00:00,1943,12,1.512,NA,PDO,NA,NA,Pacific Decadal Oscillation,NA
01-JAN-1944 00:00,1944,1,1.255,NA,PDO,NA,NA,Pacific Decadal Oscillation,NA
01-FEB-1944 00:00,1944,2,0.224,NA,PDO,NA,NA,Pacific Decadal Oscillation,NA
01-MAR-1944 00:00,1944,3,-0.24,NA,PDO,NA,NA,Pacific Decadal Oscillation,NA
01-APR-1944 00:00,1944,4,-0.442,NA,PDO,NA,NA,Pacific Decadal Oscillation,NA
01-MAY-1944 00:00,1944,5,-1.175,NA,PDO,NA,NA,Pacific Decadal Oscillation,NA
01-JUN-1944 00:00,1944,6,-1.658,NA,PDO,NA,NA,Pacific Decadal Oscillation,NA
01-JUL-1944 00:00,1944,7,-1.116,NA,PDO,NA,NA,Pacific Decadal Oscillation,NA
01-AUG-1944 00:00,1944,8,-0.457,NA,PDO,NA,NA,Pacific Decadal Oscillation,NA
01-SEP-1944 00:00,1944,9,-1.116,NA,PDO,NA,NA,Pacific Decadal Oscillation,NA
01-OCT-1944 00:00,1944,10,-0.88,NA,PDO,NA,NA,Pacific Decadal Oscillation,NA
01-NOV-1944 00:00,1944,11,-0.382,NA,PDO,NA,NA,Pacific Decadal Oscillation,NA
01-DEC-1944 00:00,1944,12,-0.349,NA,PDO,NA,NA,Pacific Decadal Oscillation,NA
01-JAN-1945 00:00,1945,1,0.05,NA,PDO,NA,NA,Pacific Decadal Oscillation,NA
01-FEB-1945 00:00,1945,2,-0.025,NA,PDO,NA,NA,Pacific Decadal Oscillation,NA
01-MAR-1945 00:00,1945,3,0.247,NA,PDO,NA,NA,Pacific Decadal Oscillation,NA
01-APR-1945 00:00,1945,4,-0.026,NA,PDO,NA,NA,Pacific Decadal Oscillation,NA
01-MAY-1945 00:00,1945,5,-0.06,NA,PDO,NA,NA,Pacific Decadal Oscillation,NA
01-JUN-1945 00:00,1945,6,0.402,NA,PDO,NA,NA,Pacific Decadal Oscillation,NA
01-JUL-1945 00:00,1945,7,0.762,NA,PDO,NA,NA,Pacific Decadal Oscillation,NA
01-AUG-1945 00:00,1945,8,0.207,NA,PDO,NA,NA,Pacific Decadal Oscillation,NA
01-SEP-1945 00:00,1945,9,0.214,NA,PDO,NA,NA,Pacific Decadal Oscillation,NA
01-OCT-1945 00:00,1945,10,0.15,NA,PDO,NA,NA,Pacific Decadal Oscillation,NA
01-NOV-1945 00:00,1945,11,-0.841,NA,PDO,NA,NA,Pacific Decadal Oscillation,NA
01-DEC-1945 00:00,1945,12,-1.488,NA,PDO,NA,NA,Pacific Decadal Oscillation,NA
01-JAN-1946 00:00,1946,1,-0.93,NA,PDO,NA,NA,Pacific Decadal Oscillation,NA
01-FEB-1946 00:00,1946,2,0.506,NA,PDO,NA,NA,Pacific Decadal Oscillation,NA
01-MAR-1946 00:00,1946,3,0.704,NA,PDO,NA,NA,Pacific Decadal Oscillation,NA
01-APR-1946 00:00,1946,4,0.72,NA,PDO,NA,NA,Pacific Decadal Oscillation,NA
01-MAY-1946 00:00,1946,5,-0.132,NA,PDO,NA,NA,Pacific Decadal Oscillation,NA
01-JUN-1946 00:00,1946,6,-0.386,NA,PDO,NA,NA,Pacific Decadal Oscillation,NA
01-JUL-1946 00:00,1946,7,0.347,NA,PDO,NA,NA,Pacific Decadal Oscillation,NA
01-AUG-1946 00:00,1946,8,0.158,NA,PDO,NA,NA,Pacific Decadal Oscillation,NA
01-SEP-1946 00:00,1946,9,0.249,NA,PDO,NA,NA,Pacific Decadal Oscillation,NA
01-OCT-1946 00:00,1946,10,-0.603,NA,PDO,NA,NA,Pacific Decadal Oscillation,NA
01-NOV-1946 00:00,1946,11,-1.237,NA,PDO,NA,NA,Pacific Decadal Oscillation,NA
01-DEC-1946 00:00,1946,12,-1.428,NA,PDO,NA,NA,Pacific Decadal Oscillation,NA
01-JAN-1947 00:00,1947,1,0.023,NA,PDO,NA,NA,Pacific Decadal Oscillation,NA
01-FEB-1947 00:00,1947,2,0.461,NA,PDO,NA,NA,Pacific Decadal Oscillation,NA
01-MAR-1947 00:00,1947,3,0.705,NA,PDO,NA,NA,Pacific Decadal Oscillation,NA
01-APR-1947 00:00,1947,4,0.464,NA,PDO,NA,NA,Pacific Decadal Oscillation,NA
01-MAY-1947 00:00,1947,5,-0.005,NA,PDO,NA,NA,Pacific Decadal Oscillation,NA
01-JUN-1947 00:00,1947,6,0.951,NA,PDO,NA,NA,Pacific Decadal Oscillation,NA
01-JUL-1947 00:00,1947,7,0.736,NA,PDO,NA,NA,Pacific Decadal Oscillation,NA
01-AUG-1947 00:00,1947,8,0.8,NA,PDO,NA,NA,Pacific Decadal Oscillation,NA
01-SEP-1947 00:00,1947,9,0.575,NA,PDO,NA,NA,Pacific Decadal Oscillation,NA
01-OCT-1947 00:00,1947,10,1.415,NA,PDO,NA,NA,Pacific Decadal Oscillation,NA
01-NOV-1947 00:00,1947,11,0.673,NA,PDO,NA,NA,Pacific Decadal Oscillation,NA
01-DEC-1947 00:00,1947,12,0.159,NA,PDO,NA,NA,Pacific Decadal Oscillation,NA
01-JAN-1948 00:00,1948,1,0.117,NA,PDO,NA,NA,Pacific Decadal Oscillation,NA
01-FEB-1948 00:00,1948,2,-0.23,NA,PDO,NA,NA,Pacific Decadal Oscillation,NA
01-MAR-1948 00:00,1948,3,-0.884,NA,PDO,NA,NA,Pacific Decadal Oscillation,NA
01-APR-1948 00:00,1948,4,-0.733,NA,PDO,NA,NA,Pacific Decadal Oscillation,NA
01-MAY-1948 00:00,1948,5,-1.298,NA,PDO,NA,NA,Pacific Decadal Oscillation,NA
01-JUN-1948 00:00,1948,6,-0.029,NA,PDO,NA,NA,Pacific Decadal Oscillation,NA
01-JUL-1948 00:00,1948,7,0.012,NA,PDO,NA,NA,Pacific Decadal Oscillation,NA
01-AUG-1948 00:00,1948,8,-0.516,NA,PDO,NA,NA,Pacific Decadal Oscillation,NA
01-SEP-1948 00:00,1948,9,-0.768,NA,PDO,NA,NA,Pacific Decadal Oscillation,NA
01-OCT-1948 00:00,1948,10,-1.391,NA,PDO,NA,NA,Pacific Decadal Oscillation,NA
01-NOV-1948 00:00,1948,11,-0.744,NA,PDO,NA,NA,Pacific Decadal Oscillation,NA
01-DEC-1948 00:00,1948,12,-1.795,NA,PDO,NA,NA,Pacific Decadal Oscillation,NA
01-JAN-1949 00:00,1949,1,-2.345,NA,PDO,NA,NA,Pacific Decadal Oscillation,NA
01-FEB-1949 00:00,1949,2,-2.615,NA,PDO,NA,NA,Pacific Decadal Oscillation,NA
01-MAR-1949 00:00,1949,3,-1.447,NA,PDO,NA,NA,Pacific Decadal Oscillation,NA
01-APR-1949 00:00,1949,4,-1.208,NA,PDO,NA,NA,Pacific Decadal Oscillation,NA
01-MAY-1949 00:00,1949,5,-0.918,NA,PDO,NA,NA,Pacific Decadal Oscillation,NA
01-JUN-1949 00:00,1949,6,-0.753,NA,PDO,NA,NA,Pacific Decadal Oscillation,NA
01-JUL-1949 00:00,1949,7,-0.898,NA,PDO,NA,NA,Pacific Decadal Oscillation,NA
01-AUG-1949 00:00,1949,8,-0.987,NA,PDO,NA,NA,Pacific Decadal Oscillation,NA
01-SEP-1949 00:00,1949,9,-0.948,NA,PDO,NA,NA,Pacific Decadal Oscillation,NA
01-OCT-1949 00:00,1949,10,-1.574,NA,PDO,NA,NA,Pacific Decadal Oscillation,NA
01-NOV-1949 00:00,1949,11,-0.767,NA,PDO,NA,NA,Pacific Decadal Oscillation,NA
01-DEC-1949 00:00,1949,12,-0.699,NA,PDO,NA,NA,Pacific Decadal Oscillation,NA
01-JAN-1950 00:00,1950,1,-1.317,NA,PDO,NA,NA,Pacific Decadal Oscillation,NA
01-FEB-1950 00:00,1950,2,-1.654,NA,PDO,NA,NA,Pacific Decadal Oscillation,NA
01-MAR-1950 00:00,1950,3,-1.346,NA,PDO,NA,NA,Pacific Decadal Oscillation,NA
01-APR-1950 00:00,1950,4,-1.402,NA,PDO,NA,NA,Pacific Decadal Oscillation,NA
01-MAY-1950 00:00,1950,5,-2.424,NA,PDO,NA,NA,Pacific Decadal Oscillation,NA
01-JUN-1950 00:00,1950,6,-1.798,NA,PDO,NA,NA,Pacific Decadal Oscillation,NA
01-JUL-1950 00:00,1950,7,-2.62,NA,PDO,NA,NA,Pacific Decadal Oscillation,NA
01-AUG-1950 00:00,1950,8,-1.74,NA,PDO,NA,NA,Pacific Decadal Oscillation,NA
01-SEP-1950 00:00,1950,9,-1.401,NA,PDO,NA,NA,Pacific Decadal Oscillation,NA
01-OCT-1950 00:00,1950,10,-1.328,NA,PDO,NA,NA,Pacific Decadal Oscillation,NA
01-NOV-1950 00:00,1950,11,-1.106,NA,PDO,NA,NA,Pacific Decadal Oscillation,NA
01-DEC-1950 00:00,1950,12,-0.766,NA,PDO,NA,NA,Pacific Decadal Oscillation,NA
01-JAN-1951 00:00,1951,1,-0.803,NA,PDO,NA,NA,Pacific Decadal Oscillation,NA
01-FEB-1951 00:00,1951,2,-1.14,NA,PDO,NA,NA,Pacific Decadal Oscillation,NA
01-MAR-1951 00:00,1951,3,-1.29,NA,PDO,NA,NA,Pacific Decadal Oscillation,NA
01-APR-1951 00:00,1951,4,-0.883,NA,PDO,NA,NA,Pacific Decadal Oscillation,NA
01-MAY-1951 00:00,1951,5,-0.648,NA,PDO,NA,NA,Pacific Decadal Oscillation,NA
01-JUN-1951 00:00,1951,6,-1.142,NA,PDO,NA,NA,Pacific Decadal Oscillation,NA
01-JUL-1951 00:00,1951,7,0.143,NA,PDO,NA,NA,Pacific Decadal Oscillation,NA
01-AUG-1951 00:00,1951,8,-1.048,NA,PDO,NA,NA,Pacific Decadal Oscillation,NA
01-SEP-1951 00:00,1951,9,-0.129,NA,PDO,NA,NA,Pacific Decadal Oscillation,NA
01-OCT-1951 00:00,1951,10,0.074,NA,PDO,NA,NA,Pacific Decadal Oscillation,NA
01-NOV-1951 00:00,1951,11,-0.145,NA,PDO,NA,NA,Pacific Decadal Oscillation,NA
01-DEC-1951 00:00,1951,12,-1.321,NA,PDO,NA,NA,Pacific Decadal Oscillation,NA
01-JAN-1952 00:00,1952,1,-2.005,NA,PDO,NA,NA,Pacific Decadal Oscillation,NA
01-FEB-1952 00:00,1952,2,-1.153,NA,PDO,NA,NA,Pacific Decadal Oscillation,NA
01-MAR-1952 00:00,1952,3,-1.49,NA,PDO,NA,NA,Pacific Decadal Oscillation,NA
01-APR-1952 00:00,1952,4,-1.498,NA,PDO,NA,NA,Pacific Decadal Oscillation,NA
01-MAY-1952 00:00,1952,5,-1.393,NA,PDO,NA,NA,Pacific Decadal Oscillation,NA
01-JUN-1952 00:00,1952,6,-1.647,NA,PDO,NA,NA,Pacific Decadal Oscillation,NA
01-JUL-1952 00:00,1952,7,-1.458,NA,PDO,NA,NA,Pacific Decadal Oscillation,NA
01-AUG-1952 00:00,1952,8,-0.814,NA,PDO,NA,NA,Pacific Decadal Oscillation,NA
01-SEP-1952 00:00,1952,9,-0.666,NA,PDO,NA,NA,Pacific Decadal Oscillation,NA
01-OCT-1952 00:00,1952,10,-0.322,NA,PDO,NA,NA,Pacific Decadal Oscillation,NA
01-NOV-1952 00:00,1952,11,-0.163,NA,PDO,NA,NA,Pacific Decadal Oscillation,NA
01-DEC-1952 00:00,1952,12,-0.564,NA,PDO,NA,NA,Pacific Decadal Oscillation,NA
01-JAN-1953 00:00,1953,1,-0.091,NA,PDO,NA,NA,Pacific Decadal Oscillation,NA
01-FEB-1953 00:00,1953,2,-0.252,NA,PDO,NA,NA,Pacific Decadal Oscillation,NA
01-MAR-1953 00:00,1953,3,-0.966,NA,PDO,NA,NA,Pacific Decadal Oscillation,NA
01-APR-1953 00:00,1953,4,-0.628,NA,PDO,NA,NA,Pacific Decadal Oscillation,NA
01-MAY-1953 00:00,1953,5,-0.177,NA,PDO,NA,NA,Pacific Decadal Oscillation,NA
01-JUN-1953 00:00,1953,6,-0.179,NA,PDO,NA,NA,Pacific Decadal Oscillation,NA
01-JUL-1953 00:00,1953,7,0.354,NA,PDO,NA,NA,Pacific Decadal Oscillation,NA
01-AUG-1953 00:00,1953,8,-0.41,NA,PDO,NA,NA,Pacific Decadal Oscillation,NA
01-SEP-1953 00:00,1953,9,-0.581,NA,PDO,NA,NA,Pacific Decadal Oscillation,NA
01-OCT-1953 00:00,1953,10,-0.845,NA,PDO,NA,NA,Pacific Decadal Oscillation,NA
01-NOV-1953 00:00,1953,11,-0.231,NA,PDO,NA,NA,Pacific Decadal Oscillation,NA
01-DEC-1953 00:00,1953,12,-0.023,NA,PDO,NA,NA,Pacific Decadal Oscillation,NA
01-JAN-1954 00:00,1954,1,-0.774,NA,PDO,NA,NA,Pacific Decadal Oscillation,NA
01-FEB-1954 00:00,1954,2,-0.605,NA,PDO,NA,NA,Pacific Decadal Oscillation,NA
01-MAR-1954 00:00,1954,3,-0.732,NA,PDO,NA,NA,Pacific Decadal Oscillation,NA
01-APR-1954 00:00,1954,4,-0.702,NA,PDO,NA,NA,Pacific Decadal Oscillation,NA
01-MAY-1954 00:00,1954,5,-0.211,NA,PDO,NA,NA,Pacific Decadal Oscillation,NA
01-JUN-1954 00:00,1954,6,0.592,NA,PDO,NA,NA,Pacific Decadal Oscillation,NA
01-JUL-1954 00:00,1954,7,0.095,NA,PDO,NA,NA,Pacific Decadal Oscillation,NA
01-AUG-1954 00:00,1954,8,0.148,NA,PDO,NA,NA,Pacific Decadal Oscillation,NA
01-SEP-1954 00:00,1954,9,-0.499,NA,PDO,NA,NA,Pacific Decadal Oscillation,NA
01-OCT-1954 00:00,1954,10,0.4,NA,PDO,NA,NA,Pacific Decadal Oscillation,NA
01-NOV-1954 00:00,1954,11,1.003,NA,PDO,NA,NA,Pacific Decadal Oscillation,NA
01-DEC-1954 00:00,1954,12,0.461,NA,PDO,NA,NA,Pacific Decadal Oscillation,NA
01-JAN-1955 00:00,1955,1,-0.067,NA,PDO,NA,NA,Pacific Decadal Oscillation,NA
01-FEB-1955 00:00,1955,2,-0.649,NA,PDO,NA,NA,Pacific Decadal Oscillation,NA
01-MAR-1955 00:00,1955,3,-0.909,NA,PDO,NA,NA,Pacific Decadal Oscillation,NA
01-APR-1955 00:00,1955,4,-1.645,NA,PDO,NA,NA,Pacific Decadal Oscillation,NA
01-MAY-1955 00:00,1955,5,-1.435,NA,PDO,NA,NA,Pacific Decadal Oscillation,NA
01-JUN-1955 00:00,1955,6,-1.903,NA,PDO,NA,NA,Pacific Decadal Oscillation,NA
01-JUL-1955 00:00,1955,7,-2.218,NA,PDO,NA,NA,Pacific Decadal Oscillation,NA
01-AUG-1955 00:00,1955,8,-1.946,NA,PDO,NA,NA,Pacific Decadal Oscillation,NA
01-SEP-1955 00:00,1955,9,-1.829,NA,PDO,NA,NA,Pacific Decadal Oscillation,NA
01-OCT-1955 00:00,1955,10,-2.564,NA,PDO,NA,NA,Pacific Decadal Oscillation,NA
01-NOV-1955 00:00,1955,11,-1.957,NA,PDO,NA,NA,Pacific Decadal Oscillation,NA
01-DEC-1955 00:00,1955,12,-1.64,NA,PDO,NA,NA,Pacific Decadal Oscillation,NA
01-JAN-1956 00:00,1956,1,-1.61,NA,PDO,NA,NA,Pacific Decadal Oscillation,NA
01-FEB-1956 00:00,1956,2,-1.643,NA,PDO,NA,NA,Pacific Decadal Oscillation,NA
01-MAR-1956 00:00,1956,3,-2.328,NA,PDO,NA,NA,Pacific Decadal Oscillation,NA
01-APR-1956 00:00,1956,4,-2.007,NA,PDO,NA,NA,Pacific Decadal Oscillation,NA
01-MAY-1956 00:00,1956,5,-1.241,NA,PDO,NA,NA,Pacific Decadal Oscillation,NA
01-JUN-1956 00:00,1956,6,-1.865,NA,PDO,NA,NA,Pacific Decadal Oscillation,NA
01-JUL-1956 00:00,1956,7,-1.227,NA,PDO,NA,NA,Pacific Decadal Oscillation,NA
01-AUG-1956 00:00,1956,8,-0.532,NA,PDO,NA,NA,Pacific Decadal Oscillation,NA
01-SEP-1956 00:00,1956,9,-0.039,NA,PDO,NA,NA,Pacific Decadal Oscillation,NA
01-OCT-1956 00:00,1956,10,-1.23,NA,PDO,NA,NA,Pacific Decadal Oscillation,NA
01-NOV-1956 00:00,1956,11,-1.884,NA,PDO,NA,NA,Pacific Decadal Oscillation,NA
01-DEC-1956 00:00,1956,12,-1.005,NA,PDO,NA,NA,Pacific Decadal Oscillation,NA
01-JAN-1957 00:00,1957,1,-1.018,NA,PDO,NA,NA,Pacific Decadal Oscillation,NA
01-FEB-1957 00:00,1957,2,-1.22,NA,PDO,NA,NA,Pacific Decadal Oscillation,NA
01-MAR-1957 00:00,1957,3,-0.55,NA,PDO,NA,NA,Pacific Decadal Oscillation,NA
01-APR-1957 00:00,1957,4,-0.417,NA,PDO,NA,NA,Pacific Decadal Oscillation,NA
01-MAY-1957 00:00,1957,5,0.226,NA,PDO,NA,NA,Pacific Decadal Oscillation,NA
01-JUN-1957 00:00,1957,6,1.313,NA,PDO,NA,NA,Pacific Decadal Oscillation,NA
01-JUL-1957 00:00,1957,7,0.498,NA,PDO,NA,NA,Pacific Decadal Oscillation,NA
01-AUG-1957 00:00,1957,8,0.273,NA,PDO,NA,NA,Pacific Decadal Oscillation,NA
01-SEP-1957 00:00,1957,9,1.691,NA,PDO,NA,NA,Pacific Decadal Oscillation,NA
01-OCT-1957 00:00,1957,10,1.591,NA,PDO,NA,NA,Pacific Decadal Oscillation,NA
01-NOV-1957 00:00,1957,11,1.493,NA,PDO,NA,NA,Pacific Decadal Oscillation,NA
01-DEC-1957 00:00,1957,12,0.405,NA,PDO,NA,NA,Pacific Decadal Oscillation,NA
01-JAN-1958 00:00,1958,1,0.706,NA,PDO,NA,NA,Pacific Decadal Oscillation,NA
01-FEB-1958 00:00,1958,2,0.872,NA,PDO,NA,NA,Pacific Decadal Oscillation,NA
01-MAR-1958 00:00,1958,3,0.683,NA,PDO,NA,NA,Pacific Decadal Oscillation,NA
01-APR-1958 00:00,1958,4,0.675,NA,PDO,NA,NA,Pacific Decadal Oscillation,NA
01-MAY-1958 00:00,1958,5,1.393,NA,PDO,NA,NA,Pacific Decadal Oscillation,NA
01-JUN-1958 00:00,1958,6,1.548,NA,PDO,NA,NA,Pacific Decadal Oscillation,NA
01-JUL-1958 00:00,1958,7,0.785,NA,PDO,NA,NA,Pacific Decadal Oscillation,NA
01-AUG-1958 00:00,1958,8,1.169,NA,PDO,NA,NA,Pacific Decadal Oscillation,NA
01-SEP-1958 00:00,1958,9,0.922,NA,PDO,NA,NA,Pacific Decadal Oscillation,NA
01-OCT-1958 00:00,1958,10,0.398,NA,PDO,NA,NA,Pacific Decadal Oscillation,NA
01-NOV-1958 00:00,1958,11,0.407,NA,PDO,NA,NA,Pacific Decadal Oscillation,NA
01-DEC-1958 00:00,1958,12,1.074,NA,PDO,NA,NA,Pacific Decadal Oscillation,NA
01-JAN-1959 00:00,1959,1,1.075,NA,PDO,NA,NA,Pacific Decadal Oscillation,NA
01-FEB-1959 00:00,1959,2,0.541,NA,PDO,NA,NA,Pacific Decadal Oscillation,NA
01-MAR-1959 00:00,1959,3,0.058,NA,PDO,NA,NA,Pacific Decadal Oscillation,NA
01-APR-1959 00:00,1959,4,0.119,NA,PDO,NA,NA,Pacific Decadal Oscillation,NA
01-MAY-1959 00:00,1959,5,0.208,NA,PDO,NA,NA,Pacific Decadal Oscillation,NA
01-JUN-1959 00:00,1959,6,0.254,NA,PDO,NA,NA,Pacific Decadal Oscillation,NA
01-JUL-1959 00:00,1959,7,-0.118,NA,PDO,NA,NA,Pacific Decadal Oscillation,NA
01-AUG-1959 00:00,1959,8,0.002,NA,PDO,NA,NA,Pacific Decadal Oscillation,NA
01-SEP-1959 00:00,1959,9,-0.182,NA,PDO,NA,NA,Pacific Decadal Oscillation,NA
01-OCT-1959 00:00,1959,10,1.083,NA,PDO,NA,NA,Pacific Decadal Oscillation,NA
01-NOV-1959 00:00,1959,11,1.38,NA,PDO,NA,NA,Pacific Decadal Oscillation,NA
01-DEC-1959 00:00,1959,12,0.945,NA,PDO,NA,NA,Pacific Decadal Oscillation,NA
01-JAN-1960 00:00,1960,1,0.359,NA,PDO,NA,NA,Pacific Decadal Oscillation,NA
01-FEB-1960 00:00,1960,2,0.705,NA,PDO,NA,NA,Pacific Decadal Oscillation,NA
01-MAR-1960 00:00,1960,3,0.446,NA,PDO,NA,NA,Pacific Decadal Oscillation,NA
01-APR-1960 00:00,1960,4,0.507,NA,PDO,NA,NA,Pacific Decadal Oscillation,NA
01-MAY-1960 00:00,1960,5,0.642,NA,PDO,NA,NA,Pacific Decadal Oscillation,NA
01-JUN-1960 00:00,1960,6,1.051,NA,PDO,NA,NA,Pacific Decadal Oscillation,NA
01-JUL-1960 00:00,1960,7,-0.09,NA,PDO,NA,NA,Pacific Decadal Oscillation,NA
01-AUG-1960 00:00,1960,8,0.12,NA,PDO,NA,NA,Pacific Decadal Oscillation,NA
01-SEP-1960 00:00,1960,9,-0.498,NA,PDO,NA,NA,Pacific Decadal Oscillation,NA
01-OCT-1960 00:00,1960,10,0.064,NA,PDO,NA,NA,Pacific Decadal Oscillation,NA
01-NOV-1960 00:00,1960,11,0.042,NA,PDO,NA,NA,Pacific Decadal Oscillation,NA
01-DEC-1960 00:00,1960,12,0.103,NA,PDO,NA,NA,Pacific Decadal Oscillation,NA
01-JAN-1961 00:00,1961,1,0.879,NA,PDO,NA,NA,Pacific Decadal Oscillation,NA
01-FEB-1961 00:00,1961,2,0.886,NA,PDO,NA,NA,Pacific Decadal Oscillation,NA
01-MAR-1961 00:00,1961,3,0.684,NA,PDO,NA,NA,Pacific Decadal Oscillation,NA
01-APR-1961 00:00,1961,4,0.486,NA,PDO,NA,NA,Pacific Decadal Oscillation,NA
01-MAY-1961 00:00,1961,5,-0.216,NA,PDO,NA,NA,Pacific Decadal Oscillation,NA
01-JUN-1961 00:00,1961,6,-0.455,NA,PDO,NA,NA,Pacific Decadal Oscillation,NA
01-JUL-1961 00:00,1961,7,-0.671,NA,PDO,NA,NA,Pacific Decadal Oscillation,NA
01-AUG-1961 00:00,1961,8,-0.426,NA,PDO,NA,NA,Pacific Decadal Oscillation,NA
01-SEP-1961 00:00,1961,9,-0.73,NA,PDO,NA,NA,Pacific Decadal Oscillation,NA
01-OCT-1961 00:00,1961,10,-1.262,NA,PDO,NA,NA,Pacific Decadal Oscillation,NA
01-NOV-1961 00:00,1961,11,-0.901,NA,PDO,NA,NA,Pacific Decadal Oscillation,NA
01-DEC-1961 00:00,1961,12,-1.448,NA,PDO,NA,NA,Pacific Decadal Oscillation,NA
01-JAN-1962 00:00,1962,1,-0.85,NA,PDO,NA,NA,Pacific Decadal Oscillation,NA
01-FEB-1962 00:00,1962,2,-0.632,NA,PDO,NA,NA,Pacific Decadal Oscillation,NA
01-MAR-1962 00:00,1962,3,-0.708,NA,PDO,NA,NA,Pacific Decadal Oscillation,NA
01-APR-1962 00:00,1962,4,-0.585,NA,PDO,NA,NA,Pacific Decadal Oscillation,NA
01-MAY-1962 00:00,1962,5,-0.907,NA,PDO,NA,NA,Pacific Decadal Oscillation,NA
01-JUN-1962 00:00,1962,6,-1.504,NA,PDO,NA,NA,Pacific Decadal Oscillation,NA
01-JUL-1962 00:00,1962,7,-1.443,NA,PDO,NA,NA,Pacific Decadal Oscillation,NA
01-AUG-1962 00:00,1962,8,-0.513,NA,PDO,NA,NA,Pacific Decadal Oscillation,NA
01-SEP-1962 00:00,1962,9,-1.13,NA,PDO,NA,NA,Pacific Decadal Oscillation,NA
01-OCT-1962 00:00,1962,10,-1.329,NA,PDO,NA,NA,Pacific Decadal Oscillation,NA
01-NOV-1962 00:00,1962,11,-0.241,NA,PDO,NA,NA,Pacific Decadal Oscillation,NA
01-DEC-1962 00:00,1962,12,-0.21,NA,PDO,NA,NA,Pacific Decadal Oscillation,NA
01-JAN-1963 00:00,1963,1,0.132,NA,PDO,NA,NA,Pacific Decadal Oscillation,NA
01-FEB-1963 00:00,1963,2,0.321,NA,PDO,NA,NA,Pacific Decadal Oscillation,NA
01-MAR-1963 00:00,1963,3,-0.056,NA,PDO,NA,NA,Pacific Decadal Oscillation,NA
01-APR-1963 00:00,1963,4,-0.009,NA,PDO,NA,NA,Pacific Decadal Oscillation,NA
01-MAY-1963 00:00,1963,5,-0.881,NA,PDO,NA,NA,Pacific Decadal Oscillation,NA
01-JUN-1963 00:00,1963,6,-0.62,NA,PDO,NA,NA,Pacific Decadal Oscillation,NA
01-JUL-1963 00:00,1963,7,-0.957,NA,PDO,NA,NA,Pacific Decadal Oscillation,NA
01-AUG-1963 00:00,1963,8,-0.704,NA,PDO,NA,NA,Pacific Decadal Oscillation,NA
01-SEP-1963 00:00,1963,9,1.059,NA,PDO,NA,NA,Pacific Decadal Oscillation,NA
01-OCT-1963 00:00,1963,10,0.248,NA,PDO,NA,NA,Pacific Decadal Oscillation,NA
01-NOV-1963 00:00,1963,11,-0.377,NA,PDO,NA,NA,Pacific Decadal Oscillation,NA
01-DEC-1963 00:00,1963,12,0.318,NA,PDO,NA,NA,Pacific Decadal Oscillation,NA
01-JAN-1964 00:00,1964,1,0.301,NA,PDO,NA,NA,Pacific Decadal Oscillation,NA
01-FEB-1964 00:00,1964,2,0.135,NA,PDO,NA,NA,Pacific Decadal Oscillation,NA
01-MAR-1964 00:00,1964,3,-0.506,NA,PDO,NA,NA,Pacific Decadal Oscillation,NA
01-APR-1964 00:00,1964,4,-0.821,NA,PDO,NA,NA,Pacific Decadal Oscillation,NA
01-MAY-1964 00:00,1964,5,-1.71,NA,PDO,NA,NA,Pacific Decadal Oscillation,NA
01-JUN-1964 00:00,1964,6,-0.485,NA,PDO,NA,NA,Pacific Decadal Oscillation,NA
01-JUL-1964 00:00,1964,7,-0.7,NA,PDO,NA,NA,Pacific Decadal Oscillation,NA
01-AUG-1964 00:00,1964,8,-1.119,NA,PDO,NA,NA,Pacific Decadal Oscillation,NA
01-SEP-1964 00:00,1964,9,-0.858,NA,PDO,NA,NA,Pacific Decadal Oscillation,NA
01-OCT-1964 00:00,1964,10,-0.372,NA,PDO,NA,NA,Pacific Decadal Oscillation,NA
01-NOV-1964 00:00,1964,11,-0.424,NA,PDO,NA,NA,Pacific Decadal Oscillation,NA
01-DEC-1964 00:00,1964,12,-0.427,NA,PDO,NA,NA,Pacific Decadal Oscillation,NA
01-JAN-1965 00:00,1965,1,-0.741,NA,PDO,NA,NA,Pacific Decadal Oscillation,NA
01-FEB-1965 00:00,1965,2,-0.341,NA,PDO,NA,NA,Pacific Decadal Oscillation,NA
01-MAR-1965 00:00,1965,3,0.052,NA,PDO,NA,NA,Pacific Decadal Oscillation,NA
01-APR-1965 00:00,1965,4,0.143,NA,PDO,NA,NA,Pacific Decadal Oscillation,NA
01-MAY-1965 00:00,1965,5,-0.277,NA,PDO,NA,NA,Pacific Decadal Oscillation,NA
01-JUN-1965 00:00,1965,6,-0.513,NA,PDO,NA,NA,Pacific Decadal Oscillation,NA
01-JUL-1965 00:00,1965,7,-0.485,NA,PDO,NA,NA,Pacific Decadal Oscillation,NA
01-AUG-1965 00:00,1965,8,0.526,NA,PDO,NA,NA,Pacific Decadal Oscillation,NA
01-SEP-1965 00:00,1965,9,1.053,NA,PDO,NA,NA,Pacific Decadal Oscillation,NA
01-OCT-1965 00:00,1965,10,0.647,NA,PDO,NA,NA,Pacific Decadal Oscillation,NA
01-NOV-1965 00:00,1965,11,0.559,NA,PDO,NA,NA,Pacific Decadal Oscillation,NA
01-DEC-1965 00:00,1965,12,0.218,NA,PDO,NA,NA,Pacific Decadal Oscillation,NA
01-JAN-1966 00:00,1966,1,-0.528,NA,PDO,NA,NA,Pacific Decadal Oscillation,NA
01-FEB-1966 00:00,1966,2,-0.228,NA,PDO,NA,NA,Pacific Decadal Oscillation,NA
01-MAR-1966 00:00,1966,3,-0.633,NA,PDO,NA,NA,Pacific Decadal Oscillation,NA
01-APR-1966 00:00,1966,4,-0.085,NA,PDO,NA,NA,Pacific Decadal Oscillation,NA
01-MAY-1966 00:00,1966,5,-0.332,NA,PDO,NA,NA,Pacific Decadal Oscillation,NA
01-JUN-1966 00:00,1966,6,0.154,NA,PDO,NA,NA,Pacific Decadal Oscillation,NA
01-JUL-1966 00:00,1966,7,0.118,NA,PDO,NA,NA,Pacific Decadal Oscillation,NA
01-AUG-1966 00:00,1966,8,0.101,NA,PDO,NA,NA,Pacific Decadal Oscillation,NA
01-SEP-1966 00:00,1966,9,0.051,NA,PDO,NA,NA,Pacific Decadal Oscillation,NA
01-OCT-1966 00:00,1966,10,-0.184,NA,PDO,NA,NA,Pacific Decadal Oscillation,NA
01-NOV-1966 00:00,1966,11,-0.32,NA,PDO,NA,NA,Pacific Decadal Oscillation,NA
01-DEC-1966 00:00,1966,12,-0.057,NA,PDO,NA,NA,Pacific Decadal Oscillation,NA
01-JAN-1967 00:00,1967,1,-0.153,NA,PDO,NA,NA,Pacific Decadal Oscillation,NA
01-FEB-1967 00:00,1967,2,-0.118,NA,PDO,NA,NA,Pacific Decadal Oscillation,NA
01-MAR-1967 00:00,1967,3,-0.508,NA,PDO,NA,NA,Pacific Decadal Oscillation,NA
01-APR-1967 00:00,1967,4,-0.754,NA,PDO,NA,NA,Pacific Decadal Oscillation,NA
01-MAY-1967 00:00,1967,5,-1.107,NA,PDO,NA,NA,Pacific Decadal Oscillation,NA
01-JUN-1967 00:00,1967,6,-0.872,NA,PDO,NA,NA,Pacific Decadal Oscillation,NA
01-JUL-1967 00:00,1967,7,-0.635,NA,PDO,NA,NA,Pacific Decadal Oscillation,NA
01-AUG-1967 00:00,1967,8,-0.861,NA,PDO,NA,NA,Pacific Decadal Oscillation,NA
01-SEP-1967 00:00,1967,9,-0.231,NA,PDO,NA,NA,Pacific Decadal Oscillation,NA
01-OCT-1967 00:00,1967,10,0.041,NA,PDO,NA,NA,Pacific Decadal Oscillation,NA
01-NOV-1967 00:00,1967,11,0.247,NA,PDO,NA,NA,Pacific Decadal Oscillation,NA
01-DEC-1967 00:00,1967,12,-0.652,NA,PDO,NA,NA,Pacific Decadal Oscillation,NA
01-JAN-1968 00:00,1968,1,-0.549,NA,PDO,NA,NA,Pacific Decadal Oscillation,NA
01-FEB-1968 00:00,1968,2,-0.103,NA,PDO,NA,NA,Pacific Decadal Oscillation,NA
01-MAR-1968 00:00,1968,3,0.196,NA,PDO,NA,NA,Pacific Decadal Oscillation,NA
01-APR-1968 00:00,1968,4,-0.322,NA,PDO,NA,NA,Pacific Decadal Oscillation,NA
01-MAY-1968 00:00,1968,5,-0.299,NA,PDO,NA,NA,Pacific Decadal Oscillation,NA
01-JUN-1968 00:00,1968,6,0.311,NA,PDO,NA,NA,Pacific Decadal Oscillation,NA
01-JUL-1968 00:00,1968,7,0.716,NA,PDO,NA,NA,Pacific Decadal Oscillation,NA
01-AUG-1968 00:00,1968,8,0.276,NA,PDO,NA,NA,Pacific Decadal Oscillation,NA
01-SEP-1968 00:00,1968,9,0.464,NA,PDO,NA,NA,Pacific Decadal Oscillation,NA
01-OCT-1968 00:00,1968,10,0.2,NA,PDO,NA,NA,Pacific Decadal Oscillation,NA
01-NOV-1968 00:00,1968,11,0.278,NA,PDO,NA,NA,Pacific Decadal Oscillation,NA
01-DEC-1968 00:00,1968,12,0.117,NA,PDO,NA,NA,Pacific Decadal Oscillation,NA
01-JAN-1969 00:00,1969,1,-0.318,NA,PDO,NA,NA,Pacific Decadal Oscillation,NA
01-FEB-1969 00:00,1969,2,-0.792,NA,PDO,NA,NA,Pacific Decadal Oscillation,NA
01-MAR-1969 00:00,1969,3,-0.791,NA,PDO,NA,NA,Pacific Decadal Oscillation,NA
01-APR-1969 00:00,1969,4,-0.733,NA,PDO,NA,NA,Pacific Decadal Oscillation,NA
01-MAY-1969 00:00,1969,5,-0.585,NA,PDO,NA,NA,Pacific Decadal Oscillation,NA
01-JUN-1969 00:00,1969,6,1.078,NA,PDO,NA,NA,Pacific Decadal Oscillation,NA
01-JUL-1969 00:00,1969,7,0.054,NA,PDO,NA,NA,Pacific Decadal Oscillation,NA
01-AUG-1969 00:00,1969,8,-0.347,NA,PDO,NA,NA,Pacific Decadal Oscillation,NA
01-SEP-1969 00:00,1969,9,-0.548,NA,PDO,NA,NA,Pacific Decadal Oscillation,NA
01-OCT-1969 00:00,1969,10,1.124,NA,PDO,NA,NA,Pacific Decadal Oscillation,NA
01-NOV-1969 00:00,1969,11,0.755,NA,PDO,NA,NA,Pacific Decadal Oscillation,NA
01-DEC-1969 00:00,1969,12,1.102,NA,PDO,NA,NA,Pacific Decadal Oscillation,NA
01-JAN-1970 00:00,1970,1,1.111,NA,PDO,NA,NA,Pacific Decadal Oscillation,NA
01-FEB-1970 00:00,1970,2,1.114,NA,PDO,NA,NA,Pacific Decadal Oscillation,NA
01-MAR-1970 00:00,1970,3,1.214,NA,PDO,NA,NA,Pacific Decadal Oscillation,NA
01-APR-1970 00:00,1970,4,0.428,NA,PDO,NA,NA,Pacific Decadal Oscillation,NA
01-MAY-1970 00:00,1970,5,-0.547,NA,PDO,NA,NA,Pacific Decadal Oscillation,NA
01-JUN-1970 00:00,1970,6,0.068,NA,PDO,NA,NA,Pacific Decadal Oscillation,NA
01-JUL-1970 00:00,1970,7,-0.521,NA,PDO,NA,NA,Pacific Decadal Oscillation,NA
01-AUG-1970 00:00,1970,8,-1.213,NA,PDO,NA,NA,Pacific Decadal Oscillation,NA
01-SEP-1970 00:00,1970,9,-1.072,NA,PDO,NA,NA,Pacific Decadal Oscillation,NA
01-OCT-1970 00:00,1970,10,-0.73,NA,PDO,NA,NA,Pacific Decadal Oscillation,NA
01-NOV-1970 00:00,1970,11,-0.543,NA,PDO,NA,NA,Pacific Decadal Oscillation,NA
01-DEC-1970 00:00,1970,12,-0.718,NA,PDO,NA,NA,Pacific Decadal Oscillation,NA
01-JAN-1971 00:00,1971,1,-0.989,NA,PDO,NA,NA,Pacific Decadal Oscillation,NA
01-FEB-1971 00:00,1971,2,-1.001,NA,PDO,NA,NA,Pacific Decadal Oscillation,NA
01-MAR-1971 00:00,1971,3,-1.029,NA,PDO,NA,NA,Pacific Decadal Oscillation,NA
01-APR-1971 00:00,1971,4,-1.208,NA,PDO,NA,NA,Pacific Decadal Oscillation,NA
01-MAY-1971 00:00,1971,5,-1.259,NA,PDO,NA,NA,Pacific Decadal Oscillation,NA
01-JUN-1971 00:00,1971,6,-1.484,NA,PDO,NA,NA,Pacific Decadal Oscillation,NA
01-JUL-1971 00:00,1971,7,-1.896,NA,PDO,NA,NA,Pacific Decadal Oscillation,NA
01-AUG-1971 00:00,1971,8,-0.189,NA,PDO,NA,NA,Pacific Decadal Oscillation,NA
01-SEP-1971 00:00,1971,9,0.05,NA,PDO,NA,NA,Pacific Decadal Oscillation,NA
01-OCT-1971 00:00,1971,10,-0.154,NA,PDO,NA,NA,Pacific Decadal Oscillation,NA
01-NOV-1971 00:00,1971,11,-0.985,NA,PDO,NA,NA,Pacific Decadal Oscillation,NA
01-DEC-1971 00:00,1971,12,-1.519,NA,PDO,NA,NA,Pacific Decadal Oscillation,NA
01-JAN-1972 00:00,1972,1,-1.674,NA,PDO,NA,NA,Pacific Decadal Oscillation,NA
01-FEB-1972 00:00,1972,2,-1.53,NA,PDO,NA,NA,Pacific Decadal Oscillation,NA
01-MAR-1972 00:00,1972,3,-1.114,NA,PDO,NA,NA,Pacific Decadal Oscillation,NA
01-APR-1972 00:00,1972,4,-1.235,NA,PDO,NA,NA,Pacific Decadal Oscillation,NA
01-MAY-1972 00:00,1972,5,-1.603,NA,PDO,NA,NA,Pacific Decadal Oscillation,NA
01-JUN-1972 00:00,1972,6,-1.409,NA,PDO,NA,NA,Pacific Decadal Oscillation,NA
01-JUL-1972 00:00,1972,7,-0.972,NA,PDO,NA,NA,Pacific Decadal Oscillation,NA
01-AUG-1972 00:00,1972,8,0.258,NA,PDO,NA,NA,Pacific Decadal Oscillation,NA
01-SEP-1972 00:00,1972,9,0.243,NA,PDO,NA,NA,Pacific Decadal Oscillation,NA
01-OCT-1972 00:00,1972,10,0.125,NA,PDO,NA,NA,Pacific Decadal Oscillation,NA
01-NOV-1972 00:00,1972,11,0.133,NA,PDO,NA,NA,Pacific Decadal Oscillation,NA
01-DEC-1972 00:00,1972,12,-0.287,NA,PDO,NA,NA,Pacific Decadal Oscillation,NA
01-JAN-1973 00:00,1973,1,-0.067,NA,PDO,NA,NA,Pacific Decadal Oscillation,NA
01-FEB-1973 00:00,1973,2,-0.267,NA,PDO,NA,NA,Pacific Decadal Oscillation,NA
01-MAR-1973 00:00,1973,3,-0.521,NA,PDO,NA,NA,Pacific Decadal Oscillation,NA
01-APR-1973 00:00,1973,4,-0.821,NA,PDO,NA,NA,Pacific Decadal Oscillation,NA
01-MAY-1973 00:00,1973,5,-1.017,NA,PDO,NA,NA,Pacific Decadal Oscillation,NA
01-JUN-1973 00:00,1973,6,-0.988,NA,PDO,NA,NA,Pacific Decadal Oscillation,NA
01-JUL-1973 00:00,1973,7,-0.708,NA,PDO,NA,NA,Pacific Decadal Oscillation,NA
01-AUG-1973 00:00,1973,8,-0.738,NA,PDO,NA,NA,Pacific Decadal Oscillation,NA
01-SEP-1973 00:00,1973,9,-0.37,NA,PDO,NA,NA,Pacific Decadal Oscillation,NA
01-OCT-1973 00:00,1973,10,-0.686,NA,PDO,NA,NA,Pacific Decadal Oscillation,NA
01-NOV-1973 00:00,1973,11,-0.929,NA,PDO,NA,NA,Pacific Decadal Oscillation,NA
01-DEC-1973 00:00,1973,12,-0.69,NA,PDO,NA,NA,Pacific Decadal Oscillation,NA
01-JAN-1974 00:00,1974,1,-0.537,NA,PDO,NA,NA,Pacific Decadal Oscillation,NA
01-FEB-1974 00:00,1974,2,-0.98,NA,PDO,NA,NA,Pacific Decadal Oscillation,NA
01-MAR-1974 00:00,1974,3,-0.834,NA,PDO,NA,NA,Pacific Decadal Oscillation,NA
01-APR-1974 00:00,1974,4,-0.374,NA,PDO,NA,NA,Pacific Decadal Oscillation,NA
01-MAY-1974 00:00,1974,5,-0.432,NA,PDO,NA,NA,Pacific Decadal Oscillation,NA
01-JUN-1974 00:00,1974,6,-0.326,NA,PDO,NA,NA,Pacific Decadal Oscillation,NA
01-JUL-1974 00:00,1974,7,0.188,NA,PDO,NA,NA,Pacific Decadal Oscillation,NA
01-AUG-1974 00:00,1974,8,0.205,NA,PDO,NA,NA,Pacific Decadal Oscillation,NA
01-SEP-1974 00:00,1974,9,0.886,NA,PDO,NA,NA,Pacific Decadal Oscillation,NA
01-OCT-1974 00:00,1974,10,0.433,NA,PDO,NA,NA,Pacific Decadal Oscillation,NA
01-NOV-1974 00:00,1974,11,0.642,NA,PDO,NA,NA,Pacific Decadal Oscillation,NA
01-DEC-1974 00:00,1974,12,0.239,NA,PDO,NA,NA,Pacific Decadal Oscillation,NA
01-JAN-1975 00:00,1975,1,-0.411,NA,PDO,NA,NA,Pacific Decadal Oscillation,NA
01-FEB-1975 00:00,1975,2,-0.576,NA,PDO,NA,NA,Pacific Decadal Oscillation,NA
01-MAR-1975 00:00,1975,3,-0.706,NA,PDO,NA,NA,Pacific Decadal Oscillation,NA
01-APR-1975 00:00,1975,4,-1.3,NA,PDO,NA,NA,Pacific Decadal Oscillation,NA
01-MAY-1975 00:00,1975,5,-1.568,NA,PDO,NA,NA,Pacific Decadal Oscillation,NA
01-JUN-1975 00:00,1975,6,-1.184,NA,PDO,NA,NA,Pacific Decadal Oscillation,NA
01-JUL-1975 00:00,1975,7,-0.559,NA,PDO,NA,NA,Pacific Decadal Oscillation,NA
01-AUG-1975 00:00,1975,8,-0.816,NA,PDO,NA,NA,Pacific Decadal Oscillation,NA
01-SEP-1975 00:00,1975,9,-0.779,NA,PDO,NA,NA,Pacific Decadal Oscillation,NA
01-OCT-1975 00:00,1975,10,-0.987,NA,PDO,NA,NA,Pacific Decadal Oscillation,NA
01-NOV-1975 00:00,1975,11,-1.242,NA,PDO,NA,NA,Pacific Decadal Oscillation,NA
01-DEC-1975 00:00,1975,12,-1.188,NA,PDO,NA,NA,Pacific Decadal Oscillation,NA
01-JAN-1976 00:00,1976,1,-0.841,NA,PDO,NA,NA,Pacific Decadal Oscillation,NA
01-FEB-1976 00:00,1976,2,-0.794,NA,PDO,NA,NA,Pacific Decadal Oscillation,NA
01-MAR-1976 00:00,1976,3,-0.942,NA,PDO,NA,NA,Pacific Decadal Oscillation,NA
01-APR-1976 00:00,1976,4,-1.027,NA,PDO,NA,NA,Pacific Decadal Oscillation,NA
01-MAY-1976 00:00,1976,5,-0.795,NA,PDO,NA,NA,Pacific Decadal Oscillation,NA
01-JUN-1976 00:00,1976,6,-1.028,NA,PDO,NA,NA,Pacific Decadal Oscillation,NA
01-JUL-1976 00:00,1976,7,0.368,NA,PDO,NA,NA,Pacific Decadal Oscillation,NA
01-AUG-1976 00:00,1976,8,1.023,NA,PDO,NA,NA,Pacific Decadal Oscillation,NA
01-SEP-1976 00:00,1976,9,0.732,NA,PDO,NA,NA,Pacific Decadal Oscillation,NA
01-OCT-1976 00:00,1976,10,1.235,NA,PDO,NA,NA,Pacific Decadal Oscillation,NA
01-NOV-1976 00:00,1976,11,1.215,NA,PDO,NA,NA,Pacific Decadal Oscillation,NA
01-DEC-1976 00:00,1976,12,0.97,NA,PDO,NA,NA,Pacific Decadal Oscillation,NA
01-JAN-1977 00:00,1977,1,1.051,NA,PDO,NA,NA,Pacific Decadal Oscillation,NA
01-FEB-1977 00:00,1977,2,1.349,NA,PDO,NA,NA,Pacific Decadal Oscillation,NA
01-MAR-1977 00:00,1977,3,0.689,NA,PDO,NA,NA,Pacific Decadal Oscillation,NA
01-APR-1977 00:00,1977,4,0.075,NA,PDO,NA,NA,Pacific Decadal Oscillation,NA
01-MAY-1977 00:00,1977,5,-0.105,NA,PDO,NA,NA,Pacific Decadal Oscillation,NA
01-JUN-1977 00:00,1977,6,0.292,NA,PDO,NA,NA,Pacific Decadal Oscillation,NA
01-JUL-1977 00:00,1977,7,0.382,NA,PDO,NA,NA,Pacific Decadal Oscillation,NA
01-AUG-1977 00:00,1977,8,0.51,NA,PDO,NA,NA,Pacific Decadal Oscillation,NA
01-SEP-1977 00:00,1977,9,-0.095,NA,PDO,NA,NA,Pacific Decadal Oscillation,NA
01-OCT-1977 00:00,1977,10,-0.337,NA,PDO,NA,NA,Pacific Decadal Oscillation,NA
01-NOV-1977 00:00,1977,11,0.014,NA,PDO,NA,NA,Pacific Decadal Oscillation,NA
01-DEC-1977 00:00,1977,12,0.149,NA,PDO,NA,NA,Pacific Decadal Oscillation,NA
01-JAN-1978 00:00,1978,1,0.71,NA,PDO,NA,NA,Pacific Decadal Oscillation,NA
01-FEB-1978 00:00,1978,2,0.925,NA,PDO,NA,NA,Pacific Decadal Oscillation,NA
01-MAR-1978 00:00,1978,3,1.307,NA,PDO,NA,NA,Pacific Decadal Oscillation,NA
01-APR-1978 00:00,1978,4,1.165,NA,PDO,NA,NA,Pacific Decadal Oscillation,NA
01-MAY-1978 00:00,1978,5,1.027,NA,PDO,NA,NA,Pacific Decadal Oscillation,NA
01-JUN-1978 00:00,1978,6,0.575,NA,PDO,NA,NA,Pacific Decadal Oscillation,NA
01-JUL-1978 00:00,1978,7,-0.8,NA,PDO,NA,NA,Pacific Decadal Oscillation,NA
01-AUG-1978 00:00,1978,8,-0.305,NA,PDO,NA,NA,Pacific Decadal Oscillation,NA
01-SEP-1978 00:00,1978,9,-0.348,NA,PDO,NA,NA,Pacific Decadal Oscillation,NA
01-OCT-1978 00:00,1978,10,0.331,NA,PDO,NA,NA,Pacific Decadal Oscillation,NA
01-NOV-1978 00:00,1978,11,0.256,NA,PDO,NA,NA,Pacific Decadal Oscillation,NA
01-DEC-1978 00:00,1978,12,-0.284,NA,PDO,NA,NA,Pacific Decadal Oscillation,NA
01-JAN-1979 00:00,1979,1,0.002,NA,PDO,NA,NA,Pacific Decadal Oscillation,NA
01-FEB-1979 00:00,1979,2,-0.765,NA,PDO,NA,NA,Pacific Decadal Oscillation,NA
01-MAR-1979 00:00,1979,3,-0.224,NA,PDO,NA,NA,Pacific Decadal Oscillation,NA
01-APR-1979 00:00,1979,4,0.195,NA,PDO,NA,NA,Pacific Decadal Oscillation,NA
01-MAY-1979 00:00,1979,5,0.84,NA,PDO,NA,NA,Pacific Decadal Oscillation,NA
01-JUN-1979 00:00,1979,6,0.475,NA,PDO,NA,NA,Pacific Decadal Oscillation,NA
01-JUL-1979 00:00,1979,7,0.627,NA,PDO,NA,NA,Pacific Decadal Oscillation,NA
01-AUG-1979 00:00,1979,8,0.469,NA,PDO,NA,NA,Pacific Decadal Oscillation,NA
01-SEP-1979 00:00,1979,9,1.127,NA,PDO,NA,NA,Pacific Decadal Oscillation,NA
01-OCT-1979 00:00,1979,10,1.302,NA,PDO,NA,NA,Pacific Decadal Oscillation,NA
01-NOV-1979 00:00,1979,11,0.805,NA,PDO,NA,NA,Pacific Decadal Oscillation,NA
01-DEC-1979 00:00,1979,12,0.378,NA,PDO,NA,NA,Pacific Decadal Oscillation,NA
01-JAN-1980 00:00,1980,1,0.36,NA,PDO,NA,NA,Pacific Decadal Oscillation,NA
01-FEB-1980 00:00,1980,2,0.863,NA,PDO,NA,NA,Pacific Decadal Oscillation,NA
01-MAR-1980 00:00,1980,3,0.797,NA,PDO,NA,NA,Pacific Decadal Oscillation,NA
01-APR-1980 00:00,1980,4,1.023,NA,PDO,NA,NA,Pacific Decadal Oscillation,NA
01-MAY-1980 00:00,1980,5,1.036,NA,PDO,NA,NA,Pacific Decadal Oscillation,NA
01-JUN-1980 00:00,1980,6,-0.39,NA,PDO,NA,NA,Pacific Decadal Oscillation,NA
01-JUL-1980 00:00,1980,7,0.1,NA,PDO,NA,NA,Pacific Decadal Oscillation,NA
01-AUG-1980 00:00,1980,8,0.184,NA,PDO,NA,NA,Pacific Decadal Oscillation,NA
01-SEP-1980 00:00,1980,9,0.161,NA,PDO,NA,NA,Pacific Decadal Oscillation,NA
01-OCT-1980 00:00,1980,10,1.265,NA,PDO,NA,NA,Pacific Decadal Oscillation,NA
01-NOV-1980 00:00,1980,11,0.874,NA,PDO,NA,NA,Pacific Decadal Oscillation,NA
01-DEC-1980 00:00,1980,12,0.476,NA,PDO,NA,NA,Pacific Decadal Oscillation,NA
01-JAN-1981 00:00,1981,1,1.167,NA,PDO,NA,NA,Pacific Decadal Oscillation,NA
01-FEB-1981 00:00,1981,2,1.32,NA,PDO,NA,NA,Pacific Decadal Oscillation,NA
01-MAR-1981 00:00,1981,3,1.35,NA,PDO,NA,NA,Pacific Decadal Oscillation,NA
01-APR-1981 00:00,1981,4,1.228,NA,PDO,NA,NA,Pacific Decadal Oscillation,NA
01-MAY-1981 00:00,1981,5,1.379,NA,PDO,NA,NA,Pacific Decadal Oscillation,NA
01-JUN-1981 00:00,1981,6,1.708,NA,PDO,NA,NA,Pacific Decadal Oscillation,NA
01-JUL-1981 00:00,1981,7,1.001,NA,PDO,NA,NA,Pacific Decadal Oscillation,NA
01-AUG-1981 00:00,1981,8,0.54,NA,PDO,NA,NA,Pacific Decadal Oscillation,NA
01-SEP-1981 00:00,1981,9,0.784,NA,PDO,NA,NA,Pacific Decadal Oscillation,NA
01-OCT-1981 00:00,1981,10,0.171,NA,PDO,NA,NA,Pacific Decadal Oscillation,NA
01-NOV-1981 00:00,1981,11,0.618,NA,PDO,NA,NA,Pacific Decadal Oscillation,NA
01-DEC-1981 00:00,1981,12,0.61,NA,PDO,NA,NA,Pacific Decadal Oscillation,NA
01-JAN-1982 00:00,1982,1,0.204,NA,PDO,NA,NA,Pacific Decadal Oscillation,NA
01-FEB-1982 00:00,1982,2,0.077,NA,PDO,NA,NA,Pacific Decadal Oscillation,NA
01-MAR-1982 00:00,1982,3,0.045,NA,PDO,NA,NA,Pacific Decadal Oscillation,NA
01-APR-1982 00:00,1982,4,-0.271,NA,PDO,NA,NA,Pacific Decadal Oscillation,NA
01-MAY-1982 00:00,1982,5,-0.662,NA,PDO,NA,NA,Pacific Decadal Oscillation,NA
01-JUN-1982 00:00,1982,6,-0.501,NA,PDO,NA,NA,Pacific Decadal Oscillation,NA
01-JUL-1982 00:00,1982,7,0.576,NA,PDO,NA,NA,Pacific Decadal Oscillation,NA
01-AUG-1982 00:00,1982,8,0.397,NA,PDO,NA,NA,Pacific Decadal Oscillation,NA
01-SEP-1982 00:00,1982,9,0.883,NA,PDO,NA,NA,Pacific Decadal Oscillation,NA
01-OCT-1982 00:00,1982,10,0.441,NA,PDO,NA,NA,Pacific Decadal Oscillation,NA
01-NOV-1982 00:00,1982,11,-0.231,NA,PDO,NA,NA,Pacific Decadal Oscillation,NA
01-DEC-1982 00:00,1982,12,0.161,NA,PDO,NA,NA,Pacific Decadal Oscillation,NA
01-JAN-1983 00:00,1983,1,0.329,NA,PDO,NA,NA,Pacific Decadal Oscillation,NA
01-FEB-1983 00:00,1983,2,0.944,NA,PDO,NA,NA,Pacific Decadal Oscillation,NA
01-MAR-1983 00:00,1983,3,1.735,NA,PDO,NA,NA,Pacific Decadal Oscillation,NA
01-APR-1983 00:00,1983,4,1.445,NA,PDO,NA,NA,Pacific Decadal Oscillation,NA
01-MAY-1983 00:00,1983,5,1.181,NA,PDO,NA,NA,Pacific Decadal Oscillation,NA
01-JUN-1983 00:00,1983,6,1.756,NA,PDO,NA,NA,Pacific Decadal Oscillation,NA
01-JUL-1983 00:00,1983,7,2.273,NA,PDO,NA,NA,Pacific Decadal Oscillation,NA
01-AUG-1983 00:00,1983,8,1.302,NA,PDO,NA,NA,Pacific Decadal Oscillation,NA
01-SEP-1983 00:00,1983,9,0.669,NA,PDO,NA,NA,Pacific Decadal Oscillation,NA
01-OCT-1983 00:00,1983,10,0.702,NA,PDO,NA,NA,Pacific Decadal Oscillation,NA
01-NOV-1983 00:00,1983,11,1.032,NA,PDO,NA,NA,Pacific Decadal Oscillation,NA
01-DEC-1983 00:00,1983,12,1.389,NA,PDO,NA,NA,Pacific Decadal Oscillation,NA
01-JAN-1984 00:00,1984,1,1.178,NA,PDO,NA,NA,Pacific Decadal Oscillation,NA
01-FEB-1984 00:00,1984,2,1.046,NA,PDO,NA,NA,Pacific Decadal Oscillation,NA
01-MAR-1984 00:00,1984,3,1.381,NA,PDO,NA,NA,Pacific Decadal Oscillation,NA
01-APR-1984 00:00,1984,4,1.001,NA,PDO,NA,NA,Pacific Decadal Oscillation,NA
01-MAY-1984 00:00,1984,5,0.942,NA,PDO,NA,NA,Pacific Decadal Oscillation,NA
01-JUN-1984 00:00,1984,6,0.074,NA,PDO,NA,NA,Pacific Decadal Oscillation,NA
01-JUL-1984 00:00,1984,7,0.098,NA,PDO,NA,NA,Pacific Decadal Oscillation,NA
01-AUG-1984 00:00,1984,8,0.505,NA,PDO,NA,NA,Pacific Decadal Oscillation,NA
01-SEP-1984 00:00,1984,9,0.479,NA,PDO,NA,NA,Pacific Decadal Oscillation,NA
01-OCT-1984 00:00,1984,10,0.7,NA,PDO,NA,NA,Pacific Decadal Oscillation,NA
01-NOV-1984 00:00,1984,11,0.636,NA,PDO,NA,NA,Pacific Decadal Oscillation,NA
01-DEC-1984 00:00,1984,12,0.476,NA,PDO,NA,NA,Pacific Decadal Oscillation,NA
01-JAN-1985 00:00,1985,1,0.831,NA,PDO,NA,NA,Pacific Decadal Oscillation,NA
01-FEB-1985 00:00,1985,2,0.587,NA,PDO,NA,NA,Pacific Decadal Oscillation,NA
01-MAR-1985 00:00,1985,3,-0.038,NA,PDO,NA,NA,Pacific Decadal Oscillation,NA
01-APR-1985 00:00,1985,4,-0.182,NA,PDO,NA,NA,Pacific Decadal Oscillation,NA
01-MAY-1985 00:00,1985,5,-0.271,NA,PDO,NA,NA,Pacific Decadal Oscillation,NA
01-JUN-1985 00:00,1985,6,0.338,NA,PDO,NA,NA,Pacific Decadal Oscillation,NA
01-JUL-1985 00:00,1985,7,0.84,NA,PDO,NA,NA,Pacific Decadal Oscillation,NA
01-AUG-1985 00:00,1985,8,0.687,NA,PDO,NA,NA,Pacific Decadal Oscillation,NA
01-SEP-1985 00:00,1985,9,0.565,NA,PDO,NA,NA,Pacific Decadal Oscillation,NA
01-OCT-1985 00:00,1985,10,0.441,NA,PDO,NA,NA,Pacific Decadal Oscillation,NA
01-NOV-1985 00:00,1985,11,-0.402,NA,PDO,NA,NA,Pacific Decadal Oscillation,NA
01-DEC-1985 00:00,1985,12,0.401,NA,PDO,NA,NA,Pacific Decadal Oscillation,NA
01-JAN-1986 00:00,1986,1,1.053,NA,PDO,NA,NA,Pacific Decadal Oscillation,NA
01-FEB-1986 00:00,1986,2,1.57,NA,PDO,NA,NA,Pacific Decadal Oscillation,NA
01-MAR-1986 00:00,1986,3,1.769,NA,PDO,NA,NA,Pacific Decadal Oscillation,NA
01-APR-1986 00:00,1986,4,1.261,NA,PDO,NA,NA,Pacific Decadal Oscillation,NA
01-MAY-1986 00:00,1986,5,0.99,NA,PDO,NA,NA,Pacific Decadal Oscillation,NA
01-JUN-1986 00:00,1986,6,0.835,NA,PDO,NA,NA,Pacific Decadal Oscillation,NA
01-JUL-1986 00:00,1986,7,1.304,NA,PDO,NA,NA,Pacific Decadal Oscillation,NA
01-AUG-1986 00:00,1986,8,0.475,NA,PDO,NA,NA,Pacific Decadal Oscillation,NA
01-SEP-1986 00:00,1986,9,0.617,NA,PDO,NA,NA,Pacific Decadal Oscillation,NA
01-OCT-1986 00:00,1986,10,1.266,NA,PDO,NA,NA,Pacific Decadal Oscillation,NA
01-NOV-1986 00:00,1986,11,1.763,NA,PDO,NA,NA,Pacific Decadal Oscillation,NA
01-DEC-1986 00:00,1986,12,1.519,NA,PDO,NA,NA,Pacific Decadal Oscillation,NA
01-JAN-1987 00:00,1987,1,1.423,NA,PDO,NA,NA,Pacific Decadal Oscillation,NA
01-FEB-1987 00:00,1987,2,1.59,NA,PDO,NA,NA,Pacific Decadal Oscillation,NA
01-MAR-1987 00:00,1987,3,1.501,NA,PDO,NA,NA,Pacific Decadal Oscillation,NA
01-APR-1987 00:00,1987,4,1.572,NA,PDO,NA,NA,Pacific Decadal Oscillation,NA
01-MAY-1987 00:00,1987,5,1.267,NA,PDO,NA,NA,Pacific Decadal Oscillation,NA
01-JUN-1987 00:00,1987,6,0.548,NA,PDO,NA,NA,Pacific Decadal Oscillation,NA
01-JUL-1987 00:00,1987,7,1.694,NA,PDO,NA,NA,Pacific Decadal Oscillation,NA
01-AUG-1987 00:00,1987,8,1.917,NA,PDO,NA,NA,Pacific Decadal Oscillation,NA
01-SEP-1987 00:00,1987,9,1.769,NA,PDO,NA,NA,Pacific Decadal Oscillation,NA
01-OCT-1987 00:00,1987,10,1.1,NA,PDO,NA,NA,Pacific Decadal Oscillation,NA
01-NOV-1987 00:00,1987,11,1.092,NA,PDO,NA,NA,Pacific Decadal Oscillation,NA
01-DEC-1987 00:00,1987,12,0.861,NA,PDO,NA,NA,Pacific Decadal Oscillation,NA
01-JAN-1988 00:00,1988,1,0.399,NA,PDO,NA,NA,Pacific Decadal Oscillation,NA
01-FEB-1988 00:00,1988,2,0.643,NA,PDO,NA,NA,Pacific Decadal Oscillation,NA
01-MAR-1988 00:00,1988,3,0.633,NA,PDO,NA,NA,Pacific Decadal Oscillation,NA
01-APR-1988 00:00,1988,4,0.475,NA,PDO,NA,NA,Pacific Decadal Oscillation,NA
01-MAY-1988 00:00,1988,5,0.49,NA,PDO,NA,NA,Pacific Decadal Oscillation,NA
01-JUN-1988 00:00,1988,6,0.307,NA,PDO,NA,NA,Pacific Decadal Oscillation,NA
01-JUL-1988 00:00,1988,7,0.172,NA,PDO,NA,NA,Pacific Decadal Oscillation,NA
01-AUG-1988 00:00,1988,8,-0.362,NA,PDO,NA,NA,Pacific Decadal Oscillation,NA
01-SEP-1988 00:00,1988,9,-0.334,NA,PDO,NA,NA,Pacific Decadal Oscillation,NA
01-OCT-1988 00:00,1988,10,-0.05,NA,PDO,NA,NA,Pacific Decadal Oscillation,NA
01-NOV-1988 00:00,1988,11,0.056,NA,PDO,NA,NA,Pacific Decadal Oscillation,NA
01-DEC-1988 00:00,1988,12,-0.136,NA,PDO,NA,NA,Pacific Decadal Oscillation,NA
01-JAN-1989 00:00,1989,1,-0.989,NA,PDO,NA,NA,Pacific Decadal Oscillation,NA
01-FEB-1989 00:00,1989,2,-1.094,NA,PDO,NA,NA,Pacific Decadal Oscillation,NA
01-MAR-1989 00:00,1989,3,-0.87,NA,PDO,NA,NA,Pacific Decadal Oscillation,NA
01-APR-1989 00:00,1989,4,-0.122,NA,PDO,NA,NA,Pacific Decadal Oscillation,NA
01-MAY-1989 00:00,1989,5,0.011,NA,PDO,NA,NA,Pacific Decadal Oscillation,NA
01-JUN-1989 00:00,1989,6,0.071,NA,PDO,NA,NA,Pacific Decadal Oscillation,NA
01-JUL-1989 00:00,1989,7,0.571,NA,PDO,NA,NA,Pacific Decadal Oscillation,NA
01-AUG-1989 00:00,1989,8,-0.079,NA,PDO,NA,NA,Pacific Decadal Oscillation,NA
01-SEP-1989 00:00,1989,9,-0.202,NA,PDO,NA,NA,Pacific Decadal Oscillation,NA
01-OCT-1989 00:00,1989,10,-0.231,NA,PDO,NA,NA,Pacific Decadal Oscillation,NA
01-NOV-1989 00:00,1989,11,-0.552,NA,PDO,NA,NA,Pacific Decadal Oscillation,NA
01-DEC-1989 00:00,1989,12,-0,NA,PDO,NA,NA,Pacific Decadal Oscillation,NA
01-JAN-1990 00:00,1990,1,-0.254,NA,PDO,NA,NA,Pacific Decadal Oscillation,NA
01-FEB-1990 00:00,1990,2,-0.837,NA,PDO,NA,NA,Pacific Decadal Oscillation,NA
01-MAR-1990 00:00,1990,3,-0.707,NA,PDO,NA,NA,Pacific Decadal Oscillation,NA
01-APR-1990 00:00,1990,4,0.105,NA,PDO,NA,NA,Pacific Decadal Oscillation,NA
01-MAY-1990 00:00,1990,5,-0.047,NA,PDO,NA,NA,Pacific Decadal Oscillation,NA
01-JUN-1990 00:00,1990,6,-0.136,NA,PDO,NA,NA,Pacific Decadal Oscillation,NA
01-JUL-1990 00:00,1990,7,-0.047,NA,PDO,NA,NA,Pacific Decadal Oscillation,NA
01-AUG-1990 00:00,1990,8,0.004,NA,PDO,NA,NA,Pacific Decadal Oscillation,NA
01-SEP-1990 00:00,1990,9,0.058,NA,PDO,NA,NA,Pacific Decadal Oscillation,NA
01-OCT-1990 00:00,1990,10,-0.701,NA,PDO,NA,NA,Pacific Decadal Oscillation,NA
01-NOV-1990 00:00,1990,11,-1.439,NA,PDO,NA,NA,Pacific Decadal Oscillation,NA
01-DEC-1990 00:00,1990,12,-1.722,NA,PDO,NA,NA,Pacific Decadal Oscillation,NA
01-JAN-1991 00:00,1991,1,-1.302,NA,PDO,NA,NA,Pacific Decadal Oscillation,NA
01-FEB-1991 00:00,1991,2,-0.65,NA,PDO,NA,NA,Pacific Decadal Oscillation,NA
01-MAR-1991 00:00,1991,3,-0.61,NA,PDO,NA,NA,Pacific Decadal Oscillation,NA
01-APR-1991 00:00,1991,4,-1.198,NA,PDO,NA,NA,Pacific Decadal Oscillation,NA
01-MAY-1991 00:00,1991,5,-1.176,NA,PDO,NA,NA,Pacific Decadal Oscillation,NA
01-JUN-1991 00:00,1991,6,-1.826,NA,PDO,NA,NA,Pacific Decadal Oscillation,NA
01-JUL-1991 00:00,1991,7,-1.171,NA,PDO,NA,NA,Pacific Decadal Oscillation,NA
01-AUG-1991 00:00,1991,8,-0.317,NA,PDO,NA,NA,Pacific Decadal Oscillation,NA
01-SEP-1991 00:00,1991,9,0.613,NA,PDO,NA,NA,Pacific Decadal Oscillation,NA
01-OCT-1991 00:00,1991,10,0.545,NA,PDO,NA,NA,Pacific Decadal Oscillation,NA
01-NOV-1991 00:00,1991,11,0.598,NA,PDO,NA,NA,Pacific Decadal Oscillation,NA
01-DEC-1991 00:00,1991,12,-0.042,NA,PDO,NA,NA,Pacific Decadal Oscillation,NA
01-JAN-1992 00:00,1992,1,0.244,NA,PDO,NA,NA,Pacific Decadal Oscillation,NA
01-FEB-1992 00:00,1992,2,0.27,NA,PDO,NA,NA,Pacific Decadal Oscillation,NA
01-MAR-1992 00:00,1992,3,0.207,NA,PDO,NA,NA,Pacific Decadal Oscillation,NA
01-APR-1992 00:00,1992,4,0.615,NA,PDO,NA,NA,Pacific Decadal Oscillation,NA
01-MAY-1992 00:00,1992,5,1.349,NA,PDO,NA,NA,Pacific Decadal Oscillation,NA
01-JUN-1992 00:00,1992,6,1.239,NA,PDO,NA,NA,Pacific Decadal Oscillation,NA
01-JUL-1992 00:00,1992,7,1.579,NA,PDO,NA,NA,Pacific Decadal Oscillation,NA
01-AUG-1992 00:00,1992,8,1.113,NA,PDO,NA,NA,Pacific Decadal Oscillation,NA
01-SEP-1992 00:00,1992,9,0.872,NA,PDO,NA,NA,Pacific Decadal Oscillation,NA
01-OCT-1992 00:00,1992,10,1.377,NA,PDO,NA,NA,Pacific Decadal Oscillation,NA
01-NOV-1992 00:00,1992,11,1.35,NA,PDO,NA,NA,Pacific Decadal Oscillation,NA
01-DEC-1992 00:00,1992,12,0.474,NA,PDO,NA,NA,Pacific Decadal Oscillation,NA
01-JAN-1993 00:00,1993,1,0.01,NA,PDO,NA,NA,Pacific Decadal Oscillation,NA
01-FEB-1993 00:00,1993,2,0.312,NA,PDO,NA,NA,Pacific Decadal Oscillation,NA
01-MAR-1993 00:00,1993,3,0.545,NA,PDO,NA,NA,Pacific Decadal Oscillation,NA
01-APR-1993 00:00,1993,4,1.123,NA,PDO,NA,NA,Pacific Decadal Oscillation,NA
01-MAY-1993 00:00,1993,5,1.776,NA,PDO,NA,NA,Pacific Decadal Oscillation,NA
01-JUN-1993 00:00,1993,6,1.928,NA,PDO,NA,NA,Pacific Decadal Oscillation,NA
01-JUL-1993 00:00,1993,7,1.464,NA,PDO,NA,NA,Pacific Decadal Oscillation,NA
01-AUG-1993 00:00,1993,8,1.962,NA,PDO,NA,NA,Pacific Decadal Oscillation,NA
01-SEP-1993 00:00,1993,9,1.437,NA,PDO,NA,NA,Pacific Decadal Oscillation,NA
01-OCT-1993 00:00,1993,10,1.478,NA,PDO,NA,NA,Pacific Decadal Oscillation,NA
01-NOV-1993 00:00,1993,11,1.229,NA,PDO,NA,NA,Pacific Decadal Oscillation,NA
01-DEC-1993 00:00,1993,12,0.752,NA,PDO,NA,NA,Pacific Decadal Oscillation,NA
01-JAN-1994 00:00,1994,1,0.945,NA,PDO,NA,NA,Pacific Decadal Oscillation,NA
01-FEB-1994 00:00,1994,2,0.556,NA,PDO,NA,NA,Pacific Decadal Oscillation,NA
01-MAR-1994 00:00,1994,3,0.481,NA,PDO,NA,NA,Pacific Decadal Oscillation,NA
01-APR-1994 00:00,1994,4,0.717,NA,PDO,NA,NA,Pacific Decadal Oscillation,NA
01-MAY-1994 00:00,1994,5,0.684,NA,PDO,NA,NA,Pacific Decadal Oscillation,NA
01-JUN-1994 00:00,1994,6,0.152,NA,PDO,NA,NA,Pacific Decadal Oscillation,NA
01-JUL-1994 00:00,1994,7,-0.472,NA,PDO,NA,NA,Pacific Decadal Oscillation,NA
01-AUG-1994 00:00,1994,8,-0.426,NA,PDO,NA,NA,Pacific Decadal Oscillation,NA
01-SEP-1994 00:00,1994,9,-0.886,NA,PDO,NA,NA,Pacific Decadal Oscillation,NA
01-OCT-1994 00:00,1994,10,-0.591,NA,PDO,NA,NA,Pacific Decadal Oscillation,NA
01-NOV-1994 00:00,1994,11,-1.428,NA,PDO,NA,NA,Pacific Decadal Oscillation,NA
01-DEC-1994 00:00,1994,12,-1.852,NA,PDO,NA,NA,Pacific Decadal Oscillation,NA
01-JAN-1995 00:00,1995,1,-0.578,NA,PDO,NA,NA,Pacific Decadal Oscillation,NA
01-FEB-1995 00:00,1995,2,0.239,NA,PDO,NA,NA,Pacific Decadal Oscillation,NA
01-MAR-1995 00:00,1995,3,0.71,NA,PDO,NA,NA,Pacific Decadal Oscillation,NA
01-APR-1995 00:00,1995,4,0.712,NA,PDO,NA,NA,Pacific Decadal Oscillation,NA
01-MAY-1995 00:00,1995,5,1.153,NA,PDO,NA,NA,Pacific Decadal Oscillation,NA
01-JUN-1995 00:00,1995,6,1.15,NA,PDO,NA,NA,Pacific Decadal Oscillation,NA
01-JUL-1995 00:00,1995,7,1.262,NA,PDO,NA,NA,Pacific Decadal Oscillation,NA
01-AUG-1995 00:00,1995,8,0.277,NA,PDO,NA,NA,Pacific Decadal Oscillation,NA
01-SEP-1995 00:00,1995,9,1.342,NA,PDO,NA,NA,Pacific Decadal Oscillation,NA
01-OCT-1995 00:00,1995,10,0.692,NA,PDO,NA,NA,Pacific Decadal Oscillation,NA
01-NOV-1995 00:00,1995,11,0.182,NA,PDO,NA,NA,Pacific Decadal Oscillation,NA
01-DEC-1995 00:00,1995,12,0.425,NA,PDO,NA,NA,Pacific Decadal Oscillation,NA
01-JAN-1996 00:00,1996,1,0.947,NA,PDO,NA,NA,Pacific Decadal Oscillation,NA
01-FEB-1996 00:00,1996,2,1.068,NA,PDO,NA,NA,Pacific Decadal Oscillation,NA
01-MAR-1996 00:00,1996,3,1.013,NA,PDO,NA,NA,Pacific Decadal Oscillation,NA
01-APR-1996 00:00,1996,4,1.285,NA,PDO,NA,NA,Pacific Decadal Oscillation,NA
01-MAY-1996 00:00,1996,5,1.898,NA,PDO,NA,NA,Pacific Decadal Oscillation,NA
01-JUN-1996 00:00,1996,6,1.026,NA,PDO,NA,NA,Pacific Decadal Oscillation,NA
01-JUL-1996 00:00,1996,7,0.577,NA,PDO,NA,NA,Pacific Decadal Oscillation,NA
01-AUG-1996 00:00,1996,8,-0.212,NA,PDO,NA,NA,Pacific Decadal Oscillation,NA
01-SEP-1996 00:00,1996,9,0.511,NA,PDO,NA,NA,Pacific Decadal Oscillation,NA
01-OCT-1996 00:00,1996,10,0.717,NA,PDO,NA,NA,Pacific Decadal Oscillation,NA
01-NOV-1996 00:00,1996,11,0.688,NA,PDO,NA,NA,Pacific Decadal Oscillation,NA
01-DEC-1996 00:00,1996,12,0.22,NA,PDO,NA,NA,Pacific Decadal Oscillation,NA
01-JAN-1997 00:00,1997,1,0.815,NA,PDO,NA,NA,Pacific Decadal Oscillation,NA
01-FEB-1997 00:00,1997,2,0.592,NA,PDO,NA,NA,Pacific Decadal Oscillation,NA
01-MAR-1997 00:00,1997,3,0.732,NA,PDO,NA,NA,Pacific Decadal Oscillation,NA
01-APR-1997 00:00,1997,4,0.961,NA,PDO,NA,NA,Pacific Decadal Oscillation,NA
01-MAY-1997 00:00,1997,5,1.657,NA,PDO,NA,NA,Pacific Decadal Oscillation,NA
01-JUN-1997 00:00,1997,6,2.382,NA,PDO,NA,NA,Pacific Decadal Oscillation,NA
01-JUL-1997 00:00,1997,7,1.442,NA,PDO,NA,NA,Pacific Decadal Oscillation,NA
01-AUG-1997 00:00,1997,8,2.123,NA,PDO,NA,NA,Pacific Decadal Oscillation,NA
01-SEP-1997 00:00,1997,9,1.639,NA,PDO,NA,NA,Pacific Decadal Oscillation,NA
01-OCT-1997 00:00,1997,10,1.587,NA,PDO,NA,NA,Pacific Decadal Oscillation,NA
01-NOV-1997 00:00,1997,11,1.281,NA,PDO,NA,NA,Pacific Decadal Oscillation,NA
01-DEC-1997 00:00,1997,12,0.867,NA,PDO,NA,NA,Pacific Decadal Oscillation,NA
01-JAN-1998 00:00,1998,1,0.991,NA,PDO,NA,NA,Pacific Decadal Oscillation,NA
01-FEB-1998 00:00,1998,2,1.482,NA,PDO,NA,NA,Pacific Decadal Oscillation,NA
01-MAR-1998 00:00,1998,3,1.407,NA,PDO,NA,NA,Pacific Decadal Oscillation,NA
01-APR-1998 00:00,1998,4,0.31,NA,PDO,NA,NA,Pacific Decadal Oscillation,NA
01-MAY-1998 00:00,1998,5,-0.355,NA,PDO,NA,NA,Pacific Decadal Oscillation,NA
01-JUN-1998 00:00,1998,6,-0.519,NA,PDO,NA,NA,Pacific Decadal Oscillation,NA
01-JUL-1998 00:00,1998,7,-0.681,NA,PDO,NA,NA,Pacific Decadal Oscillation,NA
01-AUG-1998 00:00,1998,8,-0.171,NA,PDO,NA,NA,Pacific Decadal Oscillation,NA
01-SEP-1998 00:00,1998,9,-0.867,NA,PDO,NA,NA,Pacific Decadal Oscillation,NA
01-OCT-1998 00:00,1998,10,-1.576,NA,PDO,NA,NA,Pacific Decadal Oscillation,NA
01-NOV-1998 00:00,1998,11,-0.612,NA,PDO,NA,NA,Pacific Decadal Oscillation,NA
01-DEC-1998 00:00,1998,12,-0.874,NA,PDO,NA,NA,Pacific Decadal Oscillation,NA
01-JAN-1999 00:00,1999,1,-0.543,NA,PDO,NA,NA,Pacific Decadal Oscillation,NA
01-FEB-1999 00:00,1999,2,-0.756,NA,PDO,NA,NA,Pacific Decadal Oscillation,NA
01-MAR-1999 00:00,1999,3,-0.867,NA,PDO,NA,NA,Pacific Decadal Oscillation,NA
01-APR-1999 00:00,1999,4,-1.452,NA,PDO,NA,NA,Pacific Decadal Oscillation,NA
01-MAY-1999 00:00,1999,5,-1.864,NA,PDO,NA,NA,Pacific Decadal Oscillation,NA
01-JUN-1999 00:00,1999,6,-1.91,NA,PDO,NA,NA,Pacific Decadal Oscillation,NA
01-JUL-1999 00:00,1999,7,-1.321,NA,PDO,NA,NA,Pacific Decadal Oscillation,NA
01-AUG-1999 00:00,1999,8,-1.189,NA,PDO,NA,NA,Pacific Decadal Oscillation,NA
01-SEP-1999 00:00,1999,9,-1.379,NA,PDO,NA,NA,Pacific Decadal Oscillation,NA
01-OCT-1999 00:00,1999,10,-1.849,NA,PDO,NA,NA,Pacific Decadal Oscillation,NA
01-NOV-1999 00:00,1999,11,-1.754,NA,PDO,NA,NA,Pacific Decadal Oscillation,NA
01-DEC-1999 00:00,1999,12,-1.64,NA,PDO,NA,NA,Pacific Decadal Oscillation,NA
01-JAN-2000 00:00,2000,1,-1.784,NA,PDO,NA,NA,Pacific Decadal Oscillation,NA
01-FEB-2000 00:00,2000,2,-0.969,NA,PDO,NA,NA,Pacific Decadal Oscillation,NA
01-MAR-2000 00:00,2000,3,-0.475,NA,PDO,NA,NA,Pacific Decadal Oscillation,NA
01-APR-2000 00:00,2000,4,-0.392,NA,PDO,NA,NA,Pacific Decadal Oscillation,NA
01-MAY-2000 00:00,2000,5,-0.568,NA,PDO,NA,NA,Pacific Decadal Oscillation,NA
01-JUN-2000 00:00,2000,6,-0.521,NA,PDO,NA,NA,Pacific Decadal Oscillation,NA
01-JUL-2000 00:00,2000,7,-0.903,NA,PDO,NA,NA,Pacific Decadal Oscillation,NA
01-AUG-2000 00:00,2000,8,-1.102,NA,PDO,NA,NA,Pacific Decadal Oscillation,NA
01-SEP-2000 00:00,2000,9,-0.811,NA,PDO,NA,NA,Pacific Decadal Oscillation,NA
01-OCT-2000 00:00,2000,10,-1.082,NA,PDO,NA,NA,Pacific Decadal Oscillation,NA
01-NOV-2000 00:00,2000,11,-0.804,NA,PDO,NA,NA,Pacific Decadal Oscillation,NA
01-DEC-2000 00:00,2000,12,0.024,NA,PDO,NA,NA,Pacific Decadal Oscillation,NA
01-JAN-2001 00:00,2001,1,0.519,NA,PDO,NA,NA,Pacific Decadal Oscillation,NA
01-FEB-2001 00:00,2001,2,0.145,NA,PDO,NA,NA,Pacific Decadal Oscillation,NA
01-MAR-2001 00:00,2001,3,-0.035,NA,PDO,NA,NA,Pacific Decadal Oscillation,NA
01-APR-2001 00:00,2001,4,-0.837,NA,PDO,NA,NA,Pacific Decadal Oscillation,NA
01-MAY-2001 00:00,2001,5,-0.755,NA,PDO,NA,NA,Pacific Decadal Oscillation,NA
01-JUN-2001 00:00,2001,6,-1.02,NA,PDO,NA,NA,Pacific Decadal Oscillation,NA
01-JUL-2001 00:00,2001,7,-1.73,NA,PDO,NA,NA,Pacific Decadal Oscillation,NA
01-AUG-2001 00:00,2001,8,-1.09,NA,PDO,NA,NA,Pacific Decadal Oscillation,NA
01-SEP-2001 00:00,2001,9,-1.217,NA,PDO,NA,NA,Pacific Decadal Oscillation,NA
01-OCT-2001 00:00,2001,10,-1.201,NA,PDO,NA,NA,Pacific Decadal Oscillation,NA
01-NOV-2001 00:00,2001,11,-0.793,NA,PDO,NA,NA,Pacific Decadal Oscillation,NA
01-DEC-2001 00:00,2001,12,-0.889,NA,PDO,NA,NA,Pacific Decadal Oscillation,NA
01-JAN-2002 00:00,2002,1,-0.154,NA,PDO,NA,NA,Pacific Decadal Oscillation,NA
01-FEB-2002 00:00,2002,2,-0.961,NA,PDO,NA,NA,Pacific Decadal Oscillation,NA
01-MAR-2002 00:00,2002,3,-0.779,NA,PDO,NA,NA,Pacific Decadal Oscillation,NA
01-APR-2002 00:00,2002,4,-0.701,NA,PDO,NA,NA,Pacific Decadal Oscillation,NA
01-MAY-2002 00:00,2002,5,-0.996,NA,PDO,NA,NA,Pacific Decadal Oscillation,NA
01-JUN-2002 00:00,2002,6,-0.868,NA,PDO,NA,NA,Pacific Decadal Oscillation,NA
01-JUL-2002 00:00,2002,7,-0.422,NA,PDO,NA,NA,Pacific Decadal Oscillation,NA
01-AUG-2002 00:00,2002,8,0.285,NA,PDO,NA,NA,Pacific Decadal Oscillation,NA
01-SEP-2002 00:00,2002,9,0.123,NA,PDO,NA,NA,Pacific Decadal Oscillation,NA
01-OCT-2002 00:00,2002,10,0.3,NA,PDO,NA,NA,Pacific Decadal Oscillation,NA
01-NOV-2002 00:00,2002,11,1.081,NA,PDO,NA,NA,Pacific Decadal Oscillation,NA
01-DEC-2002 00:00,2002,12,1.473,NA,PDO,NA,NA,Pacific Decadal Oscillation,NA
01-JAN-2003 00:00,2003,1,1.442,NA,PDO,NA,NA,Pacific Decadal Oscillation,NA
01-FEB-2003 00:00,2003,2,1.262,NA,PDO,NA,NA,Pacific Decadal Oscillation,NA
01-MAR-2003 00:00,2003,3,1.282,NA,PDO,NA,NA,Pacific Decadal Oscillation,NA
01-APR-2003 00:00,2003,4,0.529,NA,PDO,NA,NA,Pacific Decadal Oscillation,NA
01-MAY-2003 00:00,2003,5,0.324,NA,PDO,NA,NA,Pacific Decadal Oscillation,NA
01-JUN-2003 00:00,2003,6,-0.182,NA,PDO,NA,NA,Pacific Decadal Oscillation,NA
01-JUL-2003 00:00,2003,7,0.493,NA,PDO,NA,NA,Pacific Decadal Oscillation,NA
01-AUG-2003 00:00,2003,8,0.745,NA,PDO,NA,NA,Pacific Decadal Oscillation,NA
01-SEP-2003 00:00,2003,9,0.049,NA,PDO,NA,NA,Pacific Decadal Oscillation,NA
01-OCT-2003 00:00,2003,10,0.757,NA,PDO,NA,NA,Pacific Decadal Oscillation,NA
01-NOV-2003 00:00,2003,11,-0.02,NA,PDO,NA,NA,Pacific Decadal Oscillation,NA
01-DEC-2003 00:00,2003,12,-0.361,NA,PDO,NA,NA,Pacific Decadal Oscillation,NA
01-JAN-2004 00:00,2004,1,-0.226,NA,PDO,NA,NA,Pacific Decadal Oscillation,NA
01-FEB-2004 00:00,2004,2,0.032,NA,PDO,NA,NA,Pacific Decadal Oscillation,NA
01-MAR-2004 00:00,2004,3,0.128,NA,PDO,NA,NA,Pacific Decadal Oscillation,NA
01-APR-2004 00:00,2004,4,0.095,NA,PDO,NA,NA,Pacific Decadal Oscillation,NA
01-MAY-2004 00:00,2004,5,0.496,NA,PDO,NA,NA,Pacific Decadal Oscillation,NA
01-JUN-2004 00:00,2004,6,-0.288,NA,PDO,NA,NA,Pacific Decadal Oscillation,NA
01-JUL-2004 00:00,2004,7,0.032,NA,PDO,NA,NA,Pacific Decadal Oscillation,NA
01-AUG-2004 00:00,2004,8,0.292,NA,PDO,NA,NA,Pacific Decadal Oscillation,NA
01-SEP-2004 00:00,2004,9,0.108,NA,PDO,NA,NA,Pacific Decadal Oscillation,NA
01-OCT-2004 00:00,2004,10,-0.52,NA,PDO,NA,NA,Pacific Decadal Oscillation,NA
01-NOV-2004 00:00,2004,11,-0.946,NA,PDO,NA,NA,Pacific Decadal Oscillation,NA
01-DEC-2004 00:00,2004,12,-0.531,NA,PDO,NA,NA,Pacific Decadal Oscillation,NA
01-JAN-2005 00:00,2005,1,-0.068,NA,PDO,NA,NA,Pacific Decadal Oscillation,NA
01-FEB-2005 00:00,2005,2,0.169,NA,PDO,NA,NA,Pacific Decadal Oscillation,NA
01-MAR-2005 00:00,2005,3,0.795,NA,PDO,NA,NA,Pacific Decadal Oscillation,NA
01-APR-2005 00:00,2005,4,0.402,NA,PDO,NA,NA,Pacific Decadal Oscillation,NA
01-MAY-2005 00:00,2005,5,1.147,NA,PDO,NA,NA,Pacific Decadal Oscillation,NA
01-JUN-2005 00:00,2005,6,0.528,NA,PDO,NA,NA,Pacific Decadal Oscillation,NA
01-JUL-2005 00:00,2005,7,0.014,NA,PDO,NA,NA,Pacific Decadal Oscillation,NA
01-AUG-2005 00:00,2005,8,-0.198,NA,PDO,NA,NA,Pacific Decadal Oscillation,NA
01-SEP-2005 00:00,2005,9,-0.712,NA,PDO,NA,NA,Pacific Decadal Oscillation,NA
01-OCT-2005 00:00,2005,10,-1.566,NA,PDO,NA,NA,Pacific Decadal Oscillation,NA
01-NOV-2005 00:00,2005,11,-1.544,NA,PDO,NA,NA,Pacific Decadal Oscillation,NA
01-DEC-2005 00:00,2005,12,-0.059,NA,PDO,NA,NA,Pacific Decadal Oscillation,NA
01-JAN-2006 00:00,2006,1,0.554,NA,PDO,NA,NA,Pacific Decadal Oscillation,NA
01-FEB-2006 00:00,2006,2,0.507,NA,PDO,NA,NA,Pacific Decadal Oscillation,NA
01-MAR-2006 00:00,2006,3,-0.351,NA,PDO,NA,NA,Pacific Decadal Oscillation,NA
01-APR-2006 00:00,2006,4,-0.358,NA,PDO,NA,NA,Pacific Decadal Oscillation,NA
01-MAY-2006 00:00,2006,5,-0.284,NA,PDO,NA,NA,Pacific Decadal Oscillation,NA
01-JUN-2006 00:00,2006,6,0.091,NA,PDO,NA,NA,Pacific Decadal Oscillation,NA
01-JUL-2006 00:00,2006,7,0.377,NA,PDO,NA,NA,Pacific Decadal Oscillation,NA
01-AUG-2006 00:00,2006,8,-0.466,NA,PDO,NA,NA,Pacific Decadal Oscillation,NA
01-SEP-2006 00:00,2006,9,-0.997,NA,PDO,NA,NA,Pacific Decadal Oscillation,NA
01-OCT-2006 00:00,2006,10,-0.169,NA,PDO,NA,NA,Pacific Decadal Oscillation,NA
01-NOV-2006 00:00,2006,11,-0.442,NA,PDO,NA,NA,Pacific Decadal Oscillation,NA
01-DEC-2006 00:00,2006,12,-0.296,NA,PDO,NA,NA,Pacific Decadal Oscillation,NA
01-JAN-2007 00:00,2007,1,-0.468,NA,PDO,NA,NA,Pacific Decadal Oscillation,NA
01-FEB-2007 00:00,2007,2,-0.382,NA,PDO,NA,NA,Pacific Decadal Oscillation,NA
01-MAR-2007 00:00,2007,3,-0.734,NA,PDO,NA,NA,Pacific Decadal Oscillation,NA
01-APR-2007 00:00,2007,4,-0.24,NA,PDO,NA,NA,Pacific Decadal Oscillation,NA
01-MAY-2007 00:00,2007,5,-0.116,NA,PDO,NA,NA,Pacific Decadal Oscillation,NA
01-JUN-2007 00:00,2007,6,0.086,NA,PDO,NA,NA,Pacific Decadal Oscillation,NA
01-JUL-2007 00:00,2007,7,0.547,NA,PDO,NA,NA,Pacific Decadal Oscillation,NA
01-AUG-2007 00:00,2007,8,0.185,NA,PDO,NA,NA,Pacific Decadal Oscillation,NA
01-SEP-2007 00:00,2007,9,-0.582,NA,PDO,NA,NA,Pacific Decadal Oscillation,NA
01-OCT-2007 00:00,2007,10,-1.871,NA,PDO,NA,NA,Pacific Decadal Oscillation,NA
01-NOV-2007 00:00,2007,11,-1.23,NA,PDO,NA,NA,Pacific Decadal Oscillation,NA
01-DEC-2007 00:00,2007,12,-0.759,NA,PDO,NA,NA,Pacific Decadal Oscillation,NA
01-JAN-2008 00:00,2008,1,-1.23,NA,PDO,NA,NA,Pacific Decadal Oscillation,NA
01-FEB-2008 00:00,2008,2,-1.188,NA,PDO,NA,NA,Pacific Decadal Oscillation,NA
01-MAR-2008 00:00,2008,3,-0.955,NA,PDO,NA,NA,Pacific Decadal Oscillation,NA
01-APR-2008 00:00,2008,4,-1.498,NA,PDO,NA,NA,Pacific Decadal Oscillation,NA
01-MAY-2008 00:00,2008,5,-1.348,NA,PDO,NA,NA,Pacific Decadal Oscillation,NA
01-JUN-2008 00:00,2008,6,-1.625,NA,PDO,NA,NA,Pacific Decadal Oscillation,NA
01-JUL-2008 00:00,2008,7,-1.373,NA,PDO,NA,NA,Pacific Decadal Oscillation,NA
01-AUG-2008 00:00,2008,8,-1.218,NA,PDO,NA,NA,Pacific Decadal Oscillation,NA
01-SEP-2008 00:00,2008,9,-1.347,NA,PDO,NA,NA,Pacific Decadal Oscillation,NA
01-OCT-2008 00:00,2008,10,-1.538,NA,PDO,NA,NA,Pacific Decadal Oscillation,NA
01-NOV-2008 00:00,2008,11,-1.384,NA,PDO,NA,NA,Pacific Decadal Oscillation,NA
01-DEC-2008 00:00,2008,12,-1.266,NA,PDO,NA,NA,Pacific Decadal Oscillation,NA
01-JAN-2009 00:00,2009,1,-1.619,NA,PDO,NA,NA,Pacific Decadal Oscillation,NA
01-FEB-2009 00:00,2009,2,-1.464,NA,PDO,NA,NA,Pacific Decadal Oscillation,NA
01-MAR-2009 00:00,2009,3,-1.742,NA,PDO,NA,NA,Pacific Decadal Oscillation,NA
01-APR-2009 00:00,2009,4,-1.872,NA,PDO,NA,NA,Pacific Decadal Oscillation,NA
01-MAY-2009 00:00,2009,5,-1.008,NA,PDO,NA,NA,Pacific Decadal Oscillation,NA
01-JUN-2009 00:00,2009,6,-0.665,NA,PDO,NA,NA,Pacific Decadal Oscillation,NA
01-JUL-2009 00:00,2009,7,-0.523,NA,PDO,NA,NA,Pacific Decadal Oscillation,NA
01-AUG-2009 00:00,2009,8,-0.25,NA,PDO,NA,NA,Pacific Decadal Oscillation,NA
01-SEP-2009 00:00,2009,9,0.454,NA,PDO,NA,NA,Pacific Decadal Oscillation,NA
01-OCT-2009 00:00,2009,10,0.078,NA,PDO,NA,NA,Pacific Decadal Oscillation,NA
01-NOV-2009 00:00,2009,11,-0.759,NA,PDO,NA,NA,Pacific Decadal Oscillation,NA
01-DEC-2009 00:00,2009,12,-0.429,NA,PDO,NA,NA,Pacific Decadal Oscillation,NA
01-JAN-2010 00:00,2010,1,0.134,NA,PDO,NA,NA,Pacific Decadal Oscillation,NA
01-FEB-2010 00:00,2010,2,0.361,NA,PDO,NA,NA,Pacific Decadal Oscillation,NA
01-MAR-2010 00:00,2010,3,0.036,NA,PDO,NA,NA,Pacific Decadal Oscillation,NA
01-APR-2010 00:00,2010,4,0.043,NA,PDO,NA,NA,Pacific Decadal Oscillation,NA
01-MAY-2010 00:00,2010,5,-0.132,NA,PDO,NA,NA,Pacific Decadal Oscillation,NA
01-JUN-2010 00:00,2010,6,-0.699,NA,PDO,NA,NA,Pacific Decadal Oscillation,NA
01-JUL-2010 00:00,2010,7,-1.579,NA,PDO,NA,NA,Pacific Decadal Oscillation,NA
01-AUG-2010 00:00,2010,8,-1.499,NA,PDO,NA,NA,Pacific Decadal Oscillation,NA
01-SEP-2010 00:00,2010,9,-1.639,NA,PDO,NA,NA,Pacific Decadal Oscillation,NA
01-OCT-2010 00:00,2010,10,-1.083,NA,PDO,NA,NA,Pacific Decadal Oscillation,NA
01-NOV-2010 00:00,2010,11,-1.183,NA,PDO,NA,NA,Pacific Decadal Oscillation,NA
01-DEC-2010 00:00,2010,12,-1.677,NA,PDO,NA,NA,Pacific Decadal Oscillation,NA
01-JAN-2011 00:00,2011,1,-1.469,NA,PDO,NA,NA,Pacific Decadal Oscillation,NA
01-FEB-2011 00:00,2011,2,-1.069,NA,PDO,NA,NA,Pacific Decadal Oscillation,NA
01-MAR-2011 00:00,2011,3,-0.931,NA,PDO,NA,NA,Pacific Decadal Oscillation,NA
01-APR-2011 00:00,2011,4,-0.823,NA,PDO,NA,NA,Pacific Decadal Oscillation,NA
01-MAY-2011 00:00,2011,5,-0.898,NA,PDO,NA,NA,Pacific Decadal Oscillation,NA
01-JUN-2011 00:00,2011,6,-1.445,NA,PDO,NA,NA,Pacific Decadal Oscillation,NA
01-JUL-2011 00:00,2011,7,-2.137,NA,PDO,NA,NA,Pacific Decadal Oscillation,NA
01-AUG-2011 00:00,2011,8,-1.997,NA,PDO,NA,NA,Pacific Decadal Oscillation,NA
01-SEP-2011 00:00,2011,9,-1.867,NA,PDO,NA,NA,Pacific Decadal Oscillation,NA
01-OCT-2011 00:00,2011,10,-1.553,NA,PDO,NA,NA,Pacific Decadal Oscillation,NA
01-NOV-2011 00:00,2011,11,-2.48,NA,PDO,NA,NA,Pacific Decadal Oscillation,NA
01-DEC-2011 00:00,2011,12,-2.184,NA,PDO,NA,NA,Pacific Decadal Oscillation,NA
01-JAN-2012 00:00,2012,1,-1.669,NA,PDO,NA,NA,Pacific Decadal Oscillation,NA
01-FEB-2012 00:00,2012,2,-1.148,NA,PDO,NA,NA,Pacific Decadal Oscillation,NA
01-MAR-2012 00:00,2012,3,-1.348,NA,PDO,NA,NA,Pacific Decadal Oscillation,NA
01-APR-2012 00:00,2012,4,-0.761,NA,PDO,NA,NA,Pacific Decadal Oscillation,NA
01-MAY-2012 00:00,2012,5,-1.626,NA,PDO,NA,NA,Pacific Decadal Oscillation,NA
01-JUN-2012 00:00,2012,6,-1.426,NA,PDO,NA,NA,Pacific Decadal Oscillation,NA
01-JUL-2012 00:00,2012,7,-1.953,NA,PDO,NA,NA,Pacific Decadal Oscillation,NA
01-AUG-2012 00:00,2012,8,-1.936,NA,PDO,NA,NA,Pacific Decadal Oscillation,NA
01-SEP-2012 00:00,2012,9,-2.309,NA,PDO,NA,NA,Pacific Decadal Oscillation,NA
01-OCT-2012 00:00,2012,10,-0.918,NA,PDO,NA,NA,Pacific Decadal Oscillation,NA
01-NOV-2012 00:00,2012,11,-0.577,NA,PDO,NA,NA,Pacific Decadal Oscillation,NA
01-DEC-2012 00:00,2012,12,-1.301,NA,PDO,NA,NA,Pacific Decadal Oscillation,NA
01-JAN-2013 00:00,2013,1,-1,NA,PDO,NA,NA,Pacific Decadal Oscillation,NA
01-FEB-2013 00:00,2013,2,-1.109,NA,PDO,NA,NA,Pacific Decadal Oscillation,NA
01-MAR-2013 00:00,2013,3,-1.109,NA,PDO,NA,NA,Pacific Decadal Oscillation,NA
01-APR-2013 00:00,2013,4,-0.556,NA,PDO,NA,NA,Pacific Decadal Oscillation,NA
01-MAY-2013 00:00,2013,5,-0.294,NA,PDO,NA,NA,Pacific Decadal Oscillation,NA
01-JUN-2013 00:00,2013,6,-1.069,NA,PDO,NA,NA,Pacific Decadal Oscillation,NA
01-JUL-2013 00:00,2013,7,-1.139,NA,PDO,NA,NA,Pacific Decadal Oscillation,NA
01-AUG-2013 00:00,2013,8,-1.088,NA,PDO,NA,NA,Pacific Decadal Oscillation,NA
01-SEP-2013 00:00,2013,9,-0.658,NA,PDO,NA,NA,Pacific Decadal Oscillation,NA
01-OCT-2013 00:00,2013,10,-1.267,NA,PDO,NA,NA,Pacific Decadal Oscillation,NA
01-NOV-2013 00:00,2013,11,-0.895,NA,PDO,NA,NA,Pacific Decadal Oscillation,NA
01-DEC-2013 00:00,2013,12,-0.928,NA,PDO,NA,NA,Pacific Decadal Oscillation,NA
01-JAN-2014 00:00,2014,1,-0.496,NA,PDO,NA,NA,Pacific Decadal Oscillation,NA
01-FEB-2014 00:00,2014,2,-0.227,NA,PDO,NA,NA,Pacific Decadal Oscillation,NA
01-MAR-2014 00:00,2014,3,0.464,NA,PDO,NA,NA,Pacific Decadal Oscillation,NA
01-APR-2014 00:00,2014,4,0.526,NA,PDO,NA,NA,Pacific Decadal Oscillation,NA
01-MAY-2014 00:00,2014,5,1.153,NA,PDO,NA,NA,Pacific Decadal Oscillation,NA
01-JUN-2014 00:00,2014,6,-0.324,NA,PDO,NA,NA,Pacific Decadal Oscillation,NA
01-JUL-2014 00:00,2014,7,0.4,NA,PDO,NA,NA,Pacific Decadal Oscillation,NA
01-AUG-2014 00:00,2014,8,0.361,NA,PDO,NA,NA,Pacific Decadal Oscillation,NA
01-SEP-2014 00:00,2014,9,0.621,NA,PDO,NA,NA,Pacific Decadal Oscillation,NA
01-OCT-2014 00:00,2014,10,1.202,NA,PDO,NA,NA,Pacific Decadal Oscillation,NA
01-NOV-2014 00:00,2014,11,1.132,NA,PDO,NA,NA,Pacific Decadal Oscillation,NA
01-DEC-2014 00:00,2014,12,1.567,NA,PDO,NA,NA,Pacific Decadal Oscillation,NA
01-JAN-2015 00:00,2015,1,1.336,NA,PDO,NA,NA,Pacific Decadal Oscillation,NA
01-FEB-2015 00:00,2015,2,1.426,NA,PDO,NA,NA,Pacific Decadal Oscillation,NA
01-MAR-2015 00:00,2015,3,1.26,NA,PDO,NA,NA,Pacific Decadal Oscillation,NA
01-APR-2015 00:00,2015,4,0.83,NA,PDO,NA,NA,Pacific Decadal Oscillation,NA
01-MAY-2015 00:00,2015,5,0.389,NA,PDO,NA,NA,Pacific Decadal Oscillation,NA
01-JUN-2015 00:00,2015,6,0.657,NA,PDO,NA,NA,Pacific Decadal Oscillation,NA
01-JUL-2015 00:00,2015,7,1.144,NA,PDO,NA,NA,Pacific Decadal Oscillation,NA
01-AUG-2015 00:00,2015,8,0.889,NA,PDO,NA,NA,Pacific Decadal Oscillation,NA
01-SEP-2015 00:00,2015,9,0.936,NA,PDO,NA,NA,Pacific Decadal Oscillation,NA
01-OCT-2015 00:00,2015,10,0.72,NA,PDO,NA,NA,Pacific Decadal Oscillation,NA
01-NOV-2015 00:00,2015,11,0.067,NA,PDO,NA,NA,Pacific Decadal Oscillation,NA
01-DEC-2015 00:00,2015,12,0.01,NA,PDO,NA,NA,Pacific Decadal Oscillation,NA
01-JAN-2016 00:00,2016,1,0.521,NA,PDO,NA,NA,Pacific Decadal Oscillation,NA
01-FEB-2016 00:00,2016,2,1.113,NA,PDO,NA,NA,Pacific Decadal Oscillation,NA
01-MAR-2016 00:00,2016,3,1.447,NA,PDO,NA,NA,Pacific Decadal Oscillation,NA
01-APR-2016 00:00,2016,4,1.619,NA,PDO,NA,NA,Pacific Decadal Oscillation,NA
01-MAY-2016 00:00,2016,5,1.498,NA,PDO,NA,NA,Pacific Decadal Oscillation,NA
01-JUN-2016 00:00,2016,6,0.676,NA,PDO,NA,NA,Pacific Decadal Oscillation,NA
01-JUL-2016 00:00,2016,7,0.478,NA,PDO,NA,NA,Pacific Decadal Oscillation,NA
01-AUG-2016 00:00,2016,8,-0.124,NA,PDO,NA,NA,Pacific Decadal Oscillation,NA
01-SEP-2016 00:00,2016,9,-0.327,NA,PDO,NA,NA,Pacific Decadal Oscillation,NA
01-OCT-2016 00:00,2016,10,-0.296,NA,PDO,NA,NA,Pacific Decadal Oscillation,NA
01-NOV-2016 00:00,2016,11,0.66,NA,PDO,NA,NA,Pacific Decadal Oscillation,NA
01-DEC-2016 00:00,2016,12,0.315,NA,PDO,NA,NA,Pacific Decadal Oscillation,NA
01-JAN-2017 00:00,2017,1,-0.091,NA,PDO,NA,NA,Pacific Decadal Oscillation,NA
01-FEB-2017 00:00,2017,2,0.108,NA,PDO,NA,NA,Pacific Decadal Oscillation,NA
01-MAR-2017 00:00,2017,3,0.196,NA,PDO,NA,NA,Pacific Decadal Oscillation,NA
01-APR-2017 00:00,2017,4,0.492,NA,PDO,NA,NA,Pacific Decadal Oscillation,NA
01-MAY-2017 00:00,2017,5,0.397,NA,PDO,NA,NA,Pacific Decadal Oscillation,NA
01-JUN-2017 00:00,2017,6,0.122,NA,PDO,NA,NA,Pacific Decadal Oscillation,NA
01-JUL-2017 00:00,2017,7,-0.445,NA,PDO,NA,NA,Pacific Decadal Oscillation,NA
01-AUG-2017 00:00,2017,8,-0.334,NA,PDO,NA,NA,Pacific Decadal Oscillation,NA
01-SEP-2017 00:00,2017,9,0.038,NA,PDO,NA,NA,Pacific Decadal Oscillation,NA
01-OCT-2017 00:00,2017,10,-0.46,NA,PDO,NA,NA,Pacific Decadal Oscillation,NA
01-NOV-2017 00:00,2017,11,-0.547,NA,PDO,NA,NA,Pacific Decadal Oscillation,NA
01-DEC-2017 00:00,2017,12,-0.23,NA,PDO,NA,NA,Pacific Decadal Oscillation,NA
01-JAN-2018 00:00,2018,1,0.174,NA,PDO,NA,NA,Pacific Decadal Oscillation,NA
01-FEB-2018 00:00,2018,2,-0.193,NA,PDO,NA,NA,Pacific Decadal Oscillation,NA
01-MAR-2018 00:00,2018,3,-0.549,NA,PDO,NA,NA,Pacific Decadal Oscillation,NA
01-APR-2018 00:00,2018,4,-0.511,NA,PDO,NA,NA,Pacific Decadal Oscillation,NA
01-MAY-2018 00:00,2018,5,-0.312,NA,PDO,NA,NA,Pacific Decadal Oscillation,NA
01-JUN-2018 00:00,2018,6,-0.713,NA,PDO,NA,NA,Pacific Decadal Oscillation,NA
01-JUL-2018 00:00,2018,7,-0.083,NA,PDO,NA,NA,Pacific Decadal Oscillation,NA
01-AUG-2018 00:00,2018,8,-0.123,NA,PDO,NA,NA,Pacific Decadal Oscillation,NA
01-SEP-2018 00:00,2018,9,-0.138,NA,PDO,NA,NA,Pacific Decadal Oscillation,NA
01-OCT-2018 00:00,2018,10,-0.428,NA,PDO,NA,NA,Pacific Decadal Oscillation,NA
01-NOV-2018 00:00,2018,11,-0.529,NA,PDO,NA,NA,Pacific Decadal Oscillation,NA
01-DEC-2018 00:00,2018,12,-0.23,NA,PDO,NA,NA,Pacific Decadal Oscillation,NA
01-JAN-2019 00:00,2019,1,-0.306,NA,PDO,NA,NA,Pacific Decadal Oscillation,NA
01-FEB-2019 00:00,2019,2,-0.51,NA,PDO,NA,NA,Pacific Decadal Oscillation,NA
01-MAR-2019 00:00,2019,3,-0.216,NA,PDO,NA,NA,Pacific Decadal Oscillation,NA
01-APR-2019 00:00,2019,4,0.202,NA,PDO,NA,NA,Pacific Decadal Oscillation,NA
01-MAY-2019 00:00,2019,5,0.436,NA,PDO,NA,NA,Pacific Decadal Oscillation,NA
01-JUN-2019 00:00,2019,6,0.033,NA,PDO,NA,NA,Pacific Decadal Oscillation,NA
01-JUL-2019 00:00,2019,7,0.53,NA,PDO,NA,NA,Pacific Decadal Oscillation,NA
01-AUG-2019 00:00,2019,8,0.232,NA,PDO,NA,NA,Pacific Decadal Oscillation,NA
01-SEP-2019 00:00,2019,9,0.171,NA,PDO,NA,NA,Pacific Decadal Oscillation,NA
01-OCT-2019 00:00,2019,10,-0.705,NA,PDO,NA,NA,Pacific Decadal Oscillation,NA
01-NOV-2019 00:00,2019,11,-0.353,NA,PDO,NA,NA,Pacific Decadal Oscillation,NA
01-DEC-2019 00:00,2019,12,0.01,NA,PDO,NA,NA,Pacific Decadal Oscillation,NA
01-JAN-2020 00:00,2020,1,-1.21,NA,PDO,NA,NA,Pacific Decadal Oscillation,NA
01-FEB-2020 00:00,2020,2,-1.14,NA,PDO,NA,NA,Pacific Decadal Oscillation,NA
01-MAR-2020 00:00,2020,3,-1.426,NA,PDO,NA,NA,Pacific Decadal Oscillation,NA
01-APR-2020 00:00,2020,4,-1.082,NA,PDO,NA,NA,Pacific Decadal Oscillation,NA
01-MAY-2020 00:00,2020,5,-0.456,NA,PDO,NA,NA,Pacific Decadal Oscillation,NA
01-JUN-2020 00:00,2020,6,-0.813,NA,PDO,NA,NA,Pacific Decadal Oscillation,NA
01-JUL-2020 00:00,2020,7,-0.938,NA,PDO,NA,NA,Pacific Decadal Oscillation,NA
01-AUG-2020 00:00,2020,8,-1.24,NA,PDO,NA,NA,Pacific Decadal Oscillation,NA
01-SEP-2020 00:00,2020,9,-1.053,NA,PDO,NA,NA,Pacific Decadal Oscillation,NA
01-OCT-2020 00:00,2020,10,-0.686,NA,PDO,NA,NA,Pacific Decadal Oscillation,NA
01-NOV-2020 00:00,2020,11,-1.497,NA,PDO,NA,NA,Pacific Decadal Oscillation,NA
01-DEC-2020 00:00,2020,12,-0.955,NA,PDO,NA,NA,Pacific Decadal Oscillation,NA
01-JAN-2021 00:00,2021,1,-0.56,NA,PDO,NA,NA,Pacific Decadal Oscillation,NA
01-FEB-2021 00:00,2021,2,-0.87,NA,PDO,NA,NA,Pacific Decadal Oscillation,NA
01-MAR-2021 00:00,2021,3,-1.331,NA,PDO,NA,NA,Pacific Decadal Oscillation,NA
01-APR-2021 00:00,2021,4,-1.438,NA,PDO,NA,NA,Pacific Decadal Oscillation,NA
01-MAY-2021 00:00,2021,5,-1.616,NA,PDO,NA,NA,Pacific Decadal Oscillation,NA
01-JUN-2021 00:00,2021,6,-1.655,NA,PDO,NA,NA,Pacific Decadal Oscillation,NA
01-JUL-2021 00:00,2021,7,-1.572,NA,PDO,NA,NA,Pacific Decadal Oscillation,NA
01-AUG-2021 00:00,2021,8,-0.776,NA,PDO,NA,NA,Pacific Decadal Oscillation,NA
01-SEP-2021 00:00,2021,9,-1.626,NA,PDO,NA,NA,Pacific Decadal Oscillation,NA
01-OCT-2021 00:00,2021,10,-2.686,NA,PDO,NA,NA,Pacific Decadal Oscillation,NA
01-NOV-2021 00:00,2021,11,-2.468,NA,PDO,NA,NA,Pacific Decadal Oscillation,NA
01-DEC-2021 00:00,2021,12,-2.417,NA,PDO,NA,NA,Pacific Decadal Oscillation,NA
01-JAN-2022 00:00,2022,1,-2.05,NA,PDO,NA,NA,Pacific Decadal Oscillation,NA
01-FEB-2022 00:00,2022,2,-1.583,NA,PDO,NA,NA,Pacific Decadal Oscillation,NA
01-MAR-2022 00:00,2022,3,-1.361,NA,PDO,NA,NA,Pacific Decadal Oscillation,NA
01-APR-2022 00:00,2022,4,-1.805,NA,PDO,NA,NA,Pacific Decadal Oscillation,NA
01-MAY-2022 00:00,2022,5,-2.033,NA,PDO,NA,NA,Pacific Decadal Oscillation,NA
01-JUN-2022 00:00,2022,6,-1.405,NA,PDO,NA,NA,Pacific Decadal Oscillation,NA
01-JUL-2022 00:00,2022,7,-2.262,NA,PDO,NA,NA,Pacific Decadal Oscillation,NA
01-AUG-2022 00:00,2022,8,-1.947,NA,PDO,NA,NA,Pacific Decadal Oscillation,NA
01-SEP-2022 00:00,2022,9,-1.723,NA,PDO,NA,NA,Pacific Decadal Oscillation,NA
01-OCT-2022 00:00,2022,10,-1.364,NA,PDO,NA,NA,Pacific Decadal Oscillation,NA
01-NOV-2022 00:00,2022,11,-1.986,NA,PDO,NA,NA,Pacific Decadal Oscillation,NA
01-DEC-2022 00:00,2022,12,-1.836,NA,PDO,NA,NA,Pacific Decadal Oscillation,NA
01-JAN-2023 00:00,2023,1,-0.947,NA,PDO,NA,NA,Pacific Decadal Oscillation,NA
01-FEB-2023 00:00,2023,2,-1.273,NA,PDO,NA,NA,Pacific Decadal Oscillation,NA
01-MAR-2023 00:00,2023,3,-1.892,NA,PDO,NA,NA,Pacific Decadal Oscillation,NA
01-APR-2023 00:00,2023,4,-2.484,NA,PDO,NA,NA,Pacific Decadal Oscillation,NA
01-MAY-2023 00:00,2023,5,-1.949,NA,PDO,NA,NA,Pacific Decadal Oscillation,NA
01-JUN-2023 00:00,2023,6,-2.16,NA,PDO,NA,NA,Pacific Decadal Oscillation,NA
01-JUL-2023 00:00,2023,7,-2.148,NA,PDO,NA,NA,Pacific Decadal Oscillation,NA
01-AUG-2023 00:00,2023,8,-1.971,NA,PDO,NA,NA,Pacific Decadal Oscillation,NA
01-SEP-2023 00:00,2023,9,-2.39,NA,PDO,NA,NA,Pacific Decadal Oscillation,NA
01-OCT-2023 00:00,2023,10,-2.021,NA,PDO,NA,NA,Pacific Decadal Oscillation,NA
01-NOV-2023 00:00,2023,11,-1.621,NA,PDO,NA,NA,Pacific Decadal Oscillation,NA
01-DEC-2023 00:00,2023,12,-1.68,NA,PDO,NA,NA,Pacific Decadal Oscillation,NA
01-JAN-2024 00:00,2024,1,-1.4,NA,PDO,NA,NA,Pacific Decadal Oscillation,NA
01-FEB-2024 00:00,2024,2,-1.077,NA,PDO,NA,NA,Pacific Decadal Oscillation,NA
01-MAR-2024 00:00,2024,3,-1.274,NA,PDO,NA,NA,Pacific Decadal Oscillation,NA
01-APR-2024 00:00,2024,4,-1.69,NA,PDO,NA,NA,Pacific Decadal Oscillation,NA
01-MAY-2024 00:00,2024,5,-2.607,NA,PDO,NA,NA,Pacific Decadal Oscillation,NA
01-JUN-2024 00:00,2024,6,-2.744,NA,PDO,NA,NA,Pacific Decadal Oscillation,NA
01-JUL-2024 00:00,2024,7,-2.315,NA,PDO,NA,NA,Pacific Decadal Oscillation,NA
01-AUG-2024 00:00,2024,8,-2.079,NA,PDO,NA,NA,Pacific Decadal Oscillation,NA
01-SEP-2024 00:00,2024,9,-2.652,NA,PDO,NA,NA,Pacific Decadal Oscillation,NA
01-OCT-2024 00:00,2024,10,-3.043,NA,PDO,NA,NA,Pacific Decadal Oscillation,NA
01-NOV-2024 00:00,2024,11,-2.628,NA,PDO,NA,NA,Pacific Decadal Oscillation,NA
01-DEC-2024 00:00,2024,12,-1.788,NA,PDO,NA,NA,Pacific Decadal Oscillation,NA
01-JAN-2025 00:00,2025,1,-1.086,NA,PDO,NA,NA,Pacific Decadal Oscillation,NA
01-FEB-2025 00:00,2025,2,-1.11,NA,PDO,NA,NA,Pacific Decadal Oscillation,NA
01-MAR-2025 00:00,2025,3,-0.892,NA,PDO,NA,NA,Pacific Decadal Oscillation,NA
01-APR-2025 00:00,2025,4,-1.017,NA,PDO,NA,NA,Pacific Decadal Oscillation,NA
01-MAY-2025 00:00,2025,5,-1.595,NA,PDO,NA,NA,Pacific Decadal Oscillation,NA
01-JUN-2025 00:00,2025,6,-2.666,NA,PDO,NA,NA,Pacific Decadal Oscillation,NA
01-JUL-2025 00:00,2025,7,-3.59,NA,PDO,NA,NA,Pacific Decadal Oscillation,NA
01-AUG-2025 00:00,2025,8,-2.691,NA,PDO,NA,NA,Pacific Decadal Oscillation,NA
01-SEP-2025 00:00,2025,9,-1.976,NA,PDO,NA,NA,Pacific Decadal Oscillation,NA
01-OCT-2025 00:00,2025,10,-2.125,NA,PDO,NA,NA,Pacific Decadal Oscillation,NA
01-NOV-2025 00:00,2025,11,-1.489,NA,PDO,NA,NA,Pacific Decadal Oscillation,NA
01-DEC-2025 00:00,2025,12,-1.08,NA,PDO,NA,NA,Pacific Decadal Oscillation,NA
01-Jan-1985 00:00,1985,1,28.2390290071268,-0.789475911085539,SST,28.1661576794722,-0.433358233886409,Deg C,1
01-Feb-1985 00:00,1985,2,28.0971417351552,-1.00196957049981,SST,28.1678680106461,-0.431593027231068,Deg C,2
01-Mar-1985 00:00,1985,3,28.6372337133602,-0.617812566027673,SST,28.16957834182,-0.429827820575726,Deg C,3
01-Apr-1985 00:00,1985,4,28.6683417853215,-0.635424184019115,SST,28.1712886729939,-0.428062613920384,Deg C,4
01-May-1985 00:00,1985,5,28.0362024354005,-0.917231921085584,SST,28.1729990041678,-0.426297407265042,Deg C,5
01-Jun-1985 00:00,1985,6,27.7594017109245,-0.673035131435757,SST,28.1747093353418,-0.4245322006097,Deg C,6
01-Jul-1985 00:00,1985,7,27.4008759637576,-0.54825206592356,SST,28.1764196665157,-0.422766993954359,Deg C,7
01-Aug-1985 00:00,1985,8,27.080364003451,-0.622308330230872,SST,28.1781299976896,-0.421001787299017,Deg C,8
01-Sep-1985 00:00,1985,9,26.8562284688319,-0.92318800194639306,SST,28.1798403288635,-0.419236580643675,Deg C,9
01-Oct-1985 00:00,1985,10,27.8937446322482,-0.212292980991283,SST,28.1815506600375,-0.417471373988333,Deg C,10
01-Nov-1985 00:00,1985,11,27.8571795000522,-0.699519917279122,SST,28.1832609912114,-0.415706167332991,Deg C,11
01-Dec-1985 00:00,1985,12,28.7677760345362,-0.0984982213520738,SST,28.1849713223853,-0.41394096067765,Deg C,12
01-Jan-1986 00:00,1986,1,28.4816655742356,-0.546839343976757,SST,28.1866816535592,-0.412175754022308,Deg C,13
01-Feb-1986 00:00,1986,2,28.8675274529309,-0.2315838527241,SST,28.1883919847332,-0.410410547366966,Deg C,14
01-Mar-1986 00:00,1986,3,29.0671460914107,-0.187900187977117,SST,28.1901023159071,-0.408645340711624,Deg C,15
01-Apr-1986 00:00,1986,4,29.1197635390463,-0.184002430294395,SST,28.191812647081,-0.406880134056282,Deg C,16
01-May-1986 00:00,1986,5,28.2312139316395,-0.722220424846636,SST,28.1935229782549,-0.405114927400941,Deg C,17
01-Jun-1986 00:00,1986,6,28.2613779311532,-0.171058911207069,SST,28.1952333094288,-0.403349720745599,Deg C,18
01-Jul-1986 00:00,1986,7,27.6403943798774,-0.30873364980372,SST,28.1969436406028,-0.401584514090257,Deg C,19
01-Aug-1986 00:00,1986,8,26.8513436576251,-0.851328676056802,SST,28.1986539717767,-0.399819307434915,Deg C,20
01-Sep-1986 00:00,1986,9,27.3809089269227,-0.39850754385559,SST,28.2003643029506,-0.398054100779574,Deg C,21
01-Oct-1986 00:00,1986,10,27.6245676506793,-0.48146996256019,SST,28.2020746341245,-0.396288894124232,Deg C,22
01-Nov-1986 00:00,1986,11,28.5036300944839,-0.0530693228474277,SST,28.2037849652985,-0.39452368746889,Deg C,23
01-Dec-1986 00:00,1986,12,28.5398798256595,-0.326394430228721,SST,28.2054952964724,-0.39275848081354803,Deg C,24
01-Jan-1987 00:00,1987,1,28.4359989652014,-0.592505953010935,SST,28.2072056276463,-0.390993274158206,Deg C,25
01-Feb-1987 00:00,1987,2,28.8715245932363,-0.227586712418717,SST,28.2089159588202,-0.389228067502865,Deg C,26
01-Mar-1987 00:00,1987,3,28.6087439700607,-0.646302309327162,SST,28.2106262899941,-0.387462860847523,Deg C,27
01-Apr-1987 00:00,1987,4,28.3947589733922,-0.909006995948449,SST,28.2123366211681,-0.385697654192181,Deg C,28
01-May-1987 00:00,1987,5,27.9444518177217,-1.00898253876445,SST,28.214046952342,-0.38393244753683903,Deg C,29
01-Jun-1987 00:00,1987,6,27.4645377241913,-0.967899118168965,SST,28.2157572835159,-0.382167240881497,Deg C,30
01-Jul-1987 00:00,1987,7,26.8949160485871,-1.05421198109401,SST,28.2174676146898,-0.380402034226156,Deg C,31
01-Aug-1987 00:00,1987,8,26.5524473988451,-1.15022493483682,SST,28.2191779458638,-0.378636827570814,Deg C,32
01-Sep-1987 00:00,1987,9,26.8205314698959,-0.958885000882368,SST,28.2208882770377,-0.376871620915472,Deg C,33
01-Oct-1987 00:00,1987,10,26.8975274400745,-1.20851017316499,SST,28.2225986082116,-0.37510641426013003,Deg C,34
01-Nov-1987 00:00,1987,11,27.6935047030661,-0.863194714265294,SST,28.2243089393855,-0.373341207604789,Deg C,35
01-Dec-1987 00:00,1987,12,28.377228077386,-0.489046178502264,SST,28.2260192705595,-0.371576000949447,Deg C,36
01-Jan-1988 00:00,1988,1,29.0819831594758,0.0534782412634627,SST,28.2277296017334,-0.369810794294105,Deg C,37
01-Feb-1988 00:00,1988,2,29.2368666551921,0.137755349537088,SST,28.2294399329073,-0.368045587638763,Deg C,38
01-Mar-1988 00:00,1988,3,29.1093921488425,-0.145654130545303,SST,28.2311502640812,-0.36628038098342097,Deg C,39
01-Apr-1988 00:00,1988,4,28.9260623150209,-0.37770365431976,SST,28.2328605952551,-0.36451517432808,Deg C,40
01-May-1988 00:00,1988,5,28.5174306889117,-0.436003667574376,SST,28.2345709264291,-0.362749967672738,Deg C,41
01-Jun-1988 00:00,1988,6,28.0704819929461,-0.361954849414168,SST,28.236281257603,-0.360984761017396,Deg C,42
01-Jul-1988 00:00,1988,7,27.6061213071024,-0.343006722578785,SST,28.2379915887769,-0.359219554362054,Deg C,43
01-Aug-1988 00:00,1988,8,27.0410711949721,-0.661601138709816,SST,28.2397019199508,-0.357454347706712,Deg C,44
01-Sep-1988 00:00,1988,9,27.0988793426692,-0.680537128109098,SST,28.2414122511248,-0.355689141051371,Deg C,45
01-Oct-1988 00:00,1988,10,27.73887023469,-0.367167378549539,SST,28.2431225822987,-0.353923934396029,Deg C,46
01-Nov-1988 00:00,1988,11,28.0173395712041,-0.539359846127237,SST,28.2448329134726,-0.352158727740687,Deg C,47
01-Dec-1988 00:00,1988,12,28.0537641580628,-0.812510097825413,SST,28.2465432446465,-0.350393521085345,Deg C,48
01-Jan-1989 00:00,1989,1,27.7703648718264,-1.2581400463859,SST,28.2482535758205,-0.348628314430003,Deg C,49
01-Feb-1989 00:00,1989,2,28.0062514433422,-1.09285986231282,SST,28.2499639069944,-0.346863107774662,Deg C,50
01-Mar-1989 00:00,1989,3,28.3200052174381,-0.935041061949754,SST,28.2516742381683,-0.34509790111932,Deg C,51
01-Apr-1989 00:00,1989,4,28.50104951873,-0.80271645061066,SST,28.2533845693422,-0.343332694463978,Deg C,52
01-May-1989 00:00,1989,5,28.0959295450495,-0.857504811436581,SST,28.2550949005161,-0.341567487808636,Deg C,53
01-Jun-1989 00:00,1989,6,27.7481899442702,-0.684246898090066,SST,28.2568052316901,-0.339802281153295,Deg C,54
01-Jul-1989 00:00,1989,7,27.3059564413613,-0.64317158831982,SST,28.258515562864,-0.338037074497953,Deg C,55
01-Aug-1989 00:00,1989,8,27.3000737429026,-0.402598590779323,SST,28.2602258940379,-0.336271867842611,Deg C,56
01-Sep-1989 00:00,1989,9,27.2940500682178,-0.485366402560466,SST,28.2619362252118,-0.334506661187269,Deg C,57
01-Oct-1989 00:00,1989,10,27.7033762828592,-0.402661330380269,SST,28.2636465563858,-0.332741454531927,Deg C,58
01-Nov-1989 00:00,1989,11,28.0833029635499,-0.473396453781454,SST,28.2653568875597,-0.330976247876586,Deg C,59
01-Dec-1989 00:00,1989,12,28.2019484470845,-0.664325808803785,SST,28.2670672187336,-0.329211041221244,Deg C,60
01-Jan-1990 00:00,1990,1,28.5956713783905,-0.432833539821832,SST,28.2687775499075,-0.327445834565902,Deg C,61
01-Feb-1990 00:00,1990,2,28.1142652817694,-0.984846023885545,SST,28.2704878810815,-0.32568062791056,Deg C,62
01-Mar-1990 00:00,1990,3,28.343904721483,-0.911141557904816,SST,28.2721982122554,-0.323915421255218,Deg C,63
01-Apr-1990 00:00,1990,4,28.5809488400361,-0.722817129304524,SST,28.2739085434293,-0.322150214599877,Deg C,64
01-May-1990 00:00,1990,5,28.4130595699299,-0.540374786556242,SST,28.2756188746032,-0.320385007944535,Deg C,65
01-Jun-1990 00:00,1990,6,28.0556839799731,-0.376752862387161,SST,28.2773292057771,-0.318619801289193,Deg C,66
01-Jul-1990 00:00,1990,7,27.6691279453727,-0.280000084308469,SST,28.2790395369511,-0.316854594633851,Deg C,67
01-Aug-1990 00:00,1990,8,27.3612751152063,-0.341397218475667,SST,28.280749868125,-0.31508938797851,Deg C,68
01-Sep-1990 00:00,1990,9,27.7595336120802,-0.019882858698022,SST,28.2824601992989,-0.313324181323168,Deg C,69
01-Oct-1990 00:00,1990,10,28.4476458767841,0.341608263544554,SST,28.2841705304728,-0.311558974667826,Deg C,70
01-Nov-1990 00:00,1990,11,28.4374211491861,-0.119278268145212,SST,28.2858808616468,-0.309793768012484,Deg C,71
01-Dec-1990 00:00,1990,12,28.2881565461413,-0.578117709746913,SST,28.2875911928207,-0.308028561357142,Deg C,72
01-Jan-1991 00:00,1991,1,29.1628647664864,0.134359848274066,SST,28.2893015239946,-0.306263354701801,Deg C,73
01-Feb-1991 00:00,1991,2,29.2852488139626,0.186137508307638,SST,28.2910118551685,-0.304498148046459,Deg C,74
01-Mar-1991 00:00,1991,3,29.3034660942287,0.0484198148408055,SST,28.2927221863424,-0.302732941391117,Deg C,75
01-Apr-1991 00:00,1991,4,29.4518898827347,0.148123913393992,SST,28.2944325175164,-0.300967734735775,Deg C,76
01-May-1991 00:00,1991,5,29.3854831134665,0.432048756980361,SST,28.2961428486903,-0.299202528080433,Deg C,77
01-Jun-1991 00:00,1991,6,28.7207536052336,0.288316762873311,SST,28.2978531798642,-0.297437321425092,Deg C,78
01-Jul-1991 00:00,1991,7,28.3480563204513,0.398928290770193,SST,28.2995635110381,-0.29567211476975,Deg C,79
01-Aug-1991 00:00,1991,8,28.0607084945163,0.358036160834395,SST,28.3012738422121,-0.293906908114408,Deg C,80
01-Sep-1991 00:00,1991,9,28.0386155654905,0.259199094712233,SST,28.302984173386,-0.292141701459066,Deg C,81
01-Oct-1991 00:00,1991,10,28.1732265965282,0.0671889832886343,SST,28.3046945045599,-0.290376494803724,Deg C,82
01-Nov-1991 00:00,1991,11,28.5583591434703,0.00165972613894994,SST,28.3064048357338,-0.288611288148383,Deg C,83
01-Dec-1991 00:00,1991,12,28.3075439274876,-0.558730328400642,SST,28.3081151669078,-0.286846081493041,Deg C,84
01-Jan-1992 00:00,1992,1,29.0929498213625,0.0644449031501786,SST,28.3098254980817,-0.285080874837699,Deg C,85
01-Feb-1992 00:00,1992,2,29.0949420727042,-0.00416923295077254,SST,28.3115358292556,-0.283315668182357,Deg C,86
01-Mar-1992 00:00,1992,3,28.9084875592648,-0.346558720123067,SST,28.3132461604295,-0.281550461527015,Deg C,87
01-Apr-1992 00:00,1992,4,29.0107983095928,-0.292967659747831,SST,28.3149564916034,-0.279785254871674,Deg C,88
01-May-1992 00:00,1992,5,29.0145871685694,0.0611528120833214,SST,28.3166668227774,-0.278020048216332,Deg C,89
01-Jun-1992 00:00,1992,6,28.4676771339787,0.0352402916184218,SST,28.3183771539513,-0.27625484156099,Deg C,90
01-Jul-1992 00:00,1992,7,28.1528521830765,0.203724153395395,SST,28.3200874851252,-0.274489634905648,Deg C,91
01-Aug-1992 00:00,1992,8,27.9398763621778,0.237204028495924,SST,28.3217978162991,-0.272724428250307,Deg C,92
01-Sep-1992 00:00,1992,9,28.0310933237516,0.251676852973333,SST,28.3235081474731,-0.270959221594965,Deg C,93
01-Oct-1992 00:00,1992,10,28.4458258372853,0.339788224045755,SST,28.325218478647,-0.269194014939623,Deg C,94
01-Nov-1992 00:00,1992,11,28.4064393227022,-0.150260094629182,SST,28.3269288098209,-0.267428808284281,Deg C,95
01-Dec-1992 00:00,1992,12,28.7425910006004,-0.123683255287819,SST,28.3286391409948,-0.265663601628939,Deg C,96
01-Jan-1993 00:00,1993,1,29.3348513947501,0.306346476537716,SST,28.3303494721687,-0.263898394973598,Deg C,97
01-Feb-1993 00:00,1993,2,29.2562675074727,0.157156201817727,SST,28.3320598033427,-0.262133188318256,Deg C,98
01-Mar-1993 00:00,1993,3,29.1321909982805,-0.12285528110732,SST,28.3337701345166,-0.260367981662914,Deg C,99
01-Apr-1993 00:00,1993,4,29.2268285059124,-0.0769374634282833,SST,28.3354804656905,-0.258602775007572,Deg C,100
01-May-1993 00:00,1993,5,28.8261356182462,-0.127298738239968,SST,28.3371907968644,-0.25683756835223,Deg C,101
01-Jun-1993 00:00,1993,6,28.1405158624862,-0.291920979874007,SST,28.3389011280384,-0.255072361696889,Deg C,102
01-Jul-1993 00:00,1993,7,27.3452075999793,-0.603920429701866,SST,28.3406114592123,-0.253307155041547,Deg C,103
01-Aug-1993 00:00,1993,8,27.5523345924423,-0.150337741239582,SST,28.3423217903862,-0.251541948386205,Deg C,104
01-Sep-1993 00:00,1993,9,27.6470324164478,-0.132384054330441,SST,28.3440321215601,-0.249776741730863,Deg C,105
01-Oct-1993 00:00,1993,10,27.88400840751,-0.222029205729488,SST,28.3457424527341,-0.248011535075522,Deg C,106
01-Nov-1993 00:00,1993,11,28.4480584875414,-0.108640929789935,SST,28.347452783908,-0.24624632842018,Deg C,107
01-Dec-1993 00:00,1993,12,29.0641082005829,0.197833944694636,SST,28.3491631150819,-0.244481121764838,Deg C,108
01-Jan-1994 00:00,1994,1,29.4025532633391,0.37404834512672003,SST,28.3508734462558,-0.242715915109496,Deg C,109
01-Feb-1994 00:00,1994,2,29.5984033993141,0.499292093659111,SST,28.3525837774297,-0.240950708454154,Deg C,110
01-Mar-1994 00:00,1994,3,29.8776250565573,0.622578777169469,SST,28.3542941086037,-0.239185501798813,Deg C,111
01-Apr-1994 00:00,1994,4,29.437100550188,0.133334580847364,SST,28.3560044397776,-0.237420295143471,Deg C,112
01-May-1994 00:00,1994,5,29.0214772900305,0.0680429335443371,SST,28.3577147709515,-0.235655088488129,Deg C,113
01-Jun-1994 00:00,1994,6,28.2208928886041,-0.211543953756152,SST,28.3594251021254,-0.233889881832787,Deg C,114
01-Jul-1994 00:00,1994,7,28.0739216444327,0.124793614751567,SST,28.3611354332994,-0.232124675177445,Deg C,115
01-Aug-1994 00:00,1994,8,27.5893895654309,-0.113282768251029,SST,28.3628457644733,-0.230359468522104,Deg C,116
01-Sep-1994 00:00,1994,9,27.6850852411873,-0.0943312295909919,SST,28.3645560956472,-0.228594261866762,Deg C,117
01-Oct-1994 00:00,1994,10,28.2280862566507,0.122048643411151,SST,28.3662664268211,-0.22682905521142,Deg C,118
01-Nov-1994 00:00,1994,11,28.3107128258334,-0.245986591497985,SST,28.367976757995,-0.225063848556078,Deg C,119
01-Dec-1994 00:00,1994,12,28.6288967005958,-0.237377555292412,SST,28.369687089169,-0.223298641900736,Deg C,120
01-Jan-1995 00:00,1995,1,28.4770111473085,-0.551493770903843,SST,28.3713974203429,-0.221533435245395,Deg C,121
01-Feb-1995 00:00,1995,2,29.250268992594,0.151157686938983,SST,28.3731077515168,-0.219768228590053,Deg C,122
01-Mar-1995 00:00,1995,3,29.267485803997,0.012439524609178,SST,28.3748180826907,-0.218003021934711,Deg C,123
01-Apr-1995 00:00,1995,4,29.4768827300075,0.173116760666883,SST,28.3765284138647,-0.216237815279369,Deg C,124
01-May-1995 00:00,1995,5,29.1847221125926,0.231287756106475,SST,28.3782387450386,-0.214472608624028,Deg C,125
01-Jun-1995 00:00,1995,6,28.6593422688418,0.226905426481544,SST,28.3799490762125,-0.212707401968686,Deg C,126
01-Jul-1995 00:00,1995,7,28.2091266620991,0.259998632417965,SST,28.3816594073864,-0.210942195313344,Deg C,127
01-Aug-1995 00:00,1995,8,27.8932916810958,0.19061934741384,SST,28.3833697385604,-0.209176988658002,Deg C,128
01-Sep-1995 00:00,1995,9,27.9338990901263,0.154482619348048,SST,28.3850800697343,-0.20741178200266,Deg C,129
01-Oct-1995 00:00,1995,10,27.8628886225859,-0.243148990653619,SST,28.3867904009082,-0.205646575347319,Deg C,130
01-Nov-1995 00:00,1995,11,28.3117914077771,-0.244908009554258,SST,28.3885007320821,-0.203881368691977,Deg C,131
01-Dec-1995 00:00,1995,12,28.7721818799574,-0.0940923759308312,SST,28.390211063256,-0.202116162036635,Deg C,132
01-Jan-1996 00:00,1996,1,28.7922482555708,-0.236256662641573,SST,28.39192139443,-0.200350955381293,Deg C,133
01-Feb-1996 00:00,1996,2,29.0305535995323,-0.068557706122693,SST,28.3936317256039,-0.198585748725951,Deg C,134
01-Mar-1996 00:00,1996,3,28.9139359488374,-0.341110330550457,SST,28.3953420567778,-0.19682054207061,Deg C,135
01-Apr-1996 00:00,1996,4,28.9686815113798,-0.33508445796086,SST,28.3970523879517,-0.195055335415268,Deg C,136
01-May-1996 00:00,1996,5,28.6107727018342,-0.342661654651923,SST,28.3987627191257,-0.193290128759926,Deg C,137
01-Jun-1996 00:00,1996,6,28.2776623515329,-0.154774490827332,SST,28.4004730502996,-0.191524922104584,Deg C,138
01-Jul-1996 00:00,1996,7,27.9039315844291,-0.0451964452520315,SST,28.4021833814735,-0.189759715449242,Deg C,139
01-Aug-1996 00:00,1996,8,27.6279782205812,-0.07469411310068,SST,28.4038937126474,-0.187994508793901,Deg C,140
01-Sep-1996 00:00,1996,9,27.4469239346101,-0.332492536168189,SST,28.4056040438214,-0.186229302138559,Deg C,141
01-Oct-1996 00:00,1996,10,27.5828734384691,-0.523164174770436,SST,28.4073143749953,-0.184464095483217,Deg C,142
01-Nov-1996 00:00,1996,11,28.5108720580068,-0.0458273593245835,SST,28.4090247061692,-0.182698888827875,Deg C,143
01-Dec-1996 00:00,1996,12,28.4737077233301,-0.39256653255816,SST,28.4107350373431,-0.180933682172534,Deg C,144
01-Jan-1997 00:00,1997,1,28.3181339870322,-0.710370931180112,SST,28.412445368517,-0.179168475517192,Deg C,145
01-Feb-1997 00:00,1997,2,28.6646895690193,-0.434421736635642,SST,28.414155699691,-0.17740326886185,Deg C,146
01-Mar-1997 00:00,1997,3,28.5249737582293,-0.73007252115854,SST,28.4158660308649,-0.175638062206508,Deg C,147
01-Apr-1997 00:00,1997,4,28.8694368975867,-0.434329071753979,SST,28.4175763620388,-0.173872855551166,Deg C,148
01-May-1997 00:00,1997,5,28.5858119588243,-0.367622397661844,SST,28.4192866932127,-0.172107648895825,Deg C,149
01-Jun-1997 00:00,1997,6,27.5013766351027,-0.931060207257524,SST,28.4209970243867,-0.170342442240483,Deg C,150
01-Jul-1997 00:00,1997,7,27.1696056299929,-0.779522399688247,SST,28.4227073555606,-0.168577235585141,Deg C,151
01-Aug-1997 00:00,1997,8,27.1229797369736,-0.579692596708352,SST,28.4244176867345,-0.166812028929799,Deg C,152
01-Sep-1997 00:00,1997,9,27.4660349666356,-0.313381504142637,SST,28.4261280179084,-0.165046822274457,Deg C,153
01-Oct-1997 00:00,1997,10,27.6154245259658,-0.490613087273687,SST,28.4278383490824,-0.163281615619116,Deg C,154
01-Nov-1997 00:00,1997,11,27.98333160218,-0.573367815151368,SST,28.4295486802563,-0.161516408963774,Deg C,155
01-Dec-1997 00:00,1997,12,27.7294247193762,-1.13684953651205,SST,28.4312590114302,-0.159751202308432,Deg C,156
01-Jan-1998 00:00,1998,1,28.7817393474256,-0.246765570786732,SST,28.4329693426041,-0.15798599565309,Deg C,157
01-Feb-1998 00:00,1998,2,28.5099418655363,-0.58916944011872,SST,28.434679673778,-0.156220788997748,Deg C,158
01-Mar-1998 00:00,1998,3,28.8923784176789,-0.36266786170896,SST,28.436390004952,-0.154455582342407,Deg C,159
01-Apr-1998 00:00,1998,4,28.4493401114598,-0.854425857880898,SST,28.4381003361259,-0.152690375687065,Deg C,160
01-May-1998 00:00,1998,5,27.8025962196207,-1.15083813686545,SST,28.4398106672998,-0.150925169031723,Deg C,161
01-Jun-1998 00:00,1998,6,27.4355802867433,-0.996856555616919,SST,28.4415209984737,-0.149159962376381,Deg C,162
01-Jul-1998 00:00,1998,7,26.6981452557262,-1.25098277395495,SST,28.4432313296477,-0.14739475572104,Deg C,163
01-Aug-1998 00:00,1998,8,26.7314586305085,-0.971213703173447,SST,28.4449416608216,-0.145629549065698,Deg C,164
01-Sep-1998 00:00,1998,9,27.3103635779605,-0.469052892817807,SST,28.4466519919955,-0.143864342410356,Deg C,165
01-Oct-1998 00:00,1998,10,27.9151915471988,-0.190846066040702,SST,28.4483623231694,-0.142099135755014,Deg C,166
01-Nov-1998 00:00,1998,11,28.7374896942765,0.18079027694511,SST,28.4500726543434,-0.140333929099672,Deg C,167
01-Dec-1998 00:00,1998,12,29.1304611955125,0.26418693962427803,SST,28.4517829855173,-0.138568722444331,Deg C,168
01-Jan-1999 00:00,1999,1,28.8615237045735,-0.166981213638838,SST,28.4534933166912,-0.136803515788989,Deg C,169
01-Feb-1999 00:00,1999,2,28.7893353286413,-0.309775977013718,SST,28.4552036478651,-0.135038309133647,Deg C,170
01-Mar-1999 00:00,1999,3,29.0612082719089,-0.193838007478938,SST,28.456913979039,-0.133273102478305,Deg C,171
01-Apr-1999 00:00,1999,4,29.1197193124568,-0.18404665688389,SST,28.458624310213,-0.131507895822963,Deg C,172
01-May-1999 00:00,1999,5,28.8437342104402,-0.109700146045949,SST,28.4603346413869,-0.129742689167622,Deg C,173
01-Jun-1999 00:00,1999,6,28.3414660214685,-0.0909708208917763,SST,28.4620449725608,-0.12797748251228,Deg C,174
01-Jul-1999 00:00,1999,7,28.0433537323794,0.0942257026982922,SST,28.4637553037347,-0.126212275856938,Deg C,175
01-Aug-1999 00:00,1999,8,27.9301093189757,0.227436985293746,SST,28.4654656349087,-0.124447069201596,Deg C,176
01-Sep-1999 00:00,1999,9,27.6873933618419,-0.0920231089363917,SST,28.4671759660826,-0.122681862546255,Deg C,177
01-Oct-1999 00:00,1999,10,27.8451377576205,-0.260899855619041,SST,28.4688862972565,-0.120916655890913,Deg C,178
01-Nov-1999 00:00,1999,11,28.3169365246966,-0.239762892634793,SST,28.4705966284304,-0.119151449235571,Deg C,179
01-Dec-1999 00:00,1999,12,28.8898946187042,0.0236203628159792,SST,28.4723069596043,-0.117386242580229,Deg C,180
01-Jan-2000 00:00,2000,1,28.9061408303783,-0.122364087834036,SST,28.4740172907783,-0.115621035924887,Deg C,181
01-Feb-2000 00:00,2000,2,29.0231931948642,-0.0759181107907914,SST,28.4757276219522,-0.113855829269546,Deg C,182
01-Mar-2000 00:00,2000,3,29.0881625979039,-0.166883681483991,SST,28.4774379531261,-0.112090622614204,Deg C,183
01-Apr-2000 00:00,2000,4,29.2716946694343,-0.0320712999063595,SST,28.4791482843,-0.110325415958862,Deg C,184
01-May-2000 00:00,2000,5,28.9035836578558,-0.0498506986303582,SST,28.480858615474,-0.10856020930352,Deg C,185
01-Jun-2000 00:00,2000,6,28.1274159345519,-0.305020907808391,SST,28.4825689466479,-0.106795002648178,Deg C,186
01-Jul-2000 00:00,2000,7,27.6453195312307,-0.303808498450419,SST,28.4842792778218,-0.105029795992837,Deg C,187
01-Aug-2000 00:00,2000,8,27.3749733231858,-0.327699010496069,SST,28.4859896089957,-0.103264589337495,Deg C,188
01-Sep-2000 00:00,2000,9,27.6387283587186,-0.140688112059657,SST,28.4876999401697,-0.101499382682153,Deg C,189
01-Oct-2000 00:00,2000,10,27.8945112706284,-0.211526342611069,SST,28.4894102713436,-0.0997341760268113,Deg C,190
01-Nov-2000 00:00,2000,11,28.4571070374208,-0.0995923799105469,SST,28.4911206025175,-0.0979689693714695,Deg C,191
01-Dec-2000 00:00,2000,12,28.9431177161046,0.0768434602163914,SST,28.4928309336914,-0.0962037627161277,Deg C,192
01-Jan-2001 00:00,2001,1,29.0028205189541,-0.0256843992582496,SST,28.4945412648653,-0.0944385560607859,Deg C,193
01-Feb-2001 00:00,2001,2,29.3859494976524,0.286838191997386,SST,28.4962515960393,-0.0926733494054441,Deg C,194
01-Mar-2001 00:00,2001,3,29.1958562163367,-0.0591900630511226,SST,28.4979619272132,-0.0909081427501023,Deg C,195
01-Apr-2001 00:00,2001,4,29.2579421992106,-0.0458237701300988,SST,28.4996722583871,-0.0891429360947605,Deg C,196
01-May-2001 00:00,2001,5,28.8515796656412,-0.10185469084488501,SST,28.501382589561,-0.0873777294394187,Deg C,197
01-Jun-2001 00:00,2001,6,28.3574996770988,-0.074937165261435,SST,28.503092920735,-0.0856125227840769,Deg C,198
01-Jul-2001 00:00,2001,7,28.1704746563113,0.221346626630179,SST,28.5048032519089,-0.0838473161287351,Deg C,199
01-Aug-2001 00:00,2001,8,27.7897474983313,0.0870751646493524,SST,28.5065135830828,-0.0820821094733934,Deg C,200
01-Sep-2001 00:00,2001,9,27.6159403892532,-0.163476081525044,SST,28.5082239142567,-0.0803169028180516,Deg C,201
01-Oct-2001 00:00,2001,10,27.8500815643149,-0.255956048924663,SST,28.5099342454306,-0.0785516961627098,Deg C,202
01-Nov-2001 00:00,2001,11,28.2414117729781,-0.315287644353258,SST,28.5116445766046,-0.076786489507368,Deg C,203
01-Dec-2001 00:00,2001,12,28.7212256447676,-0.145048611120686,SST,28.5133549077785,-0.0750212828520262,Deg C,204
01-Jan-2002 00:00,2002,1,29.1927896962465,0.164284778034144,SST,28.5150652389524,-0.0732560761966844,Deg C,205
01-Feb-2002 00:00,2002,2,29.4460974388813,0.346986133226299,SST,28.5167755701263,-0.0714908695413426,Deg C,206
01-Mar-2002 00:00,2002,3,29.7201149763526,0.46506869696475,SST,28.5184859013003,-0.0697256628860008,Deg C,207
01-Apr-2002 00:00,2002,4,29.4929589243368,0.189192954996088,SST,28.5201962324742,-0.067960456230659,Deg C,208
01-May-2002 00:00,2002,5,29.0630109733942,0.109576616908029,SST,28.5219065636481,-0.0661952495753172,Deg C,209
01-Jun-2002 00:00,2002,6,28.4319901123568,-4.4673000342854e-4,SST,28.523616894822,-0.0644300429199755,Deg C,210
01-Jul-2002 00:00,2002,7,28.0021237480889,0.052995718407761,SST,28.525327225996,-0.0626648362646337,Deg C,211
01-Aug-2002 00:00,2002,8,27.6853646584521,-0.0173076752297803,SST,28.5270375571699,-0.0608996296092919,Deg C,212
01-Sep-2002 00:00,2002,9,27.795174193168,0.0157577223896972,SST,28.5287478883438,-0.0591344229539501,Deg C,213
01-Oct-2002 00:00,2002,10,28.0995808811195,-0.0064567321200677,SST,28.5304582195177,-0.0573692162986083,Deg C,214
01-Nov-2002 00:00,2002,11,29.1180649756184,0.561365558287019,SST,28.5321685506916,-0.0556040096432666,Deg C,215
01-Dec-2002 00:00,2002,12,29.4449394866077,0.578665230719423,SST,28.5338788818656,-0.0538388029879248,Deg C,216
01-Jan-2003 00:00,2003,1,29.6943715742764,0.665866656064093,SST,28.5355892130395,-0.052073596332583,Deg C,217
01-Feb-2003 00:00,2003,2,29.5595847893662,0.460473483711255,SST,28.5372995442134,-0.0503083896772412,Deg C,218
01-Mar-2003 00:00,2003,3,29.7553394768128,0.500293197424945,SST,28.5390098753873,-0.0485431830218994,Deg C,219
01-Apr-2003 00:00,2003,4,29.6606911352189,0.356925165878209,SST,28.5407202065613,-0.0467779763665576,Deg C,220
01-May-2003 00:00,2003,5,29.3491509547745,0.395716598288395,SST,28.5424305377352,-0.0450127697112158,Deg C,221
01-Jun-2003 00:00,2003,6,28.5468276424925,0.114390800132234,SST,28.5441408689091,-0.043247563055874,Deg C,222
01-Jul-2003 00:00,2003,7,28.0160167575258,0.0668887278446455,SST,28.545851200083,-0.0414823564005322,Deg C,223
01-Aug-2003 00:00,2003,8,27.975390260693,0.272717927011133,SST,28.547561531257,-0.0397171497451905,Deg C,224
01-Sep-2003 00:00,2003,9,28.1720829638096,0.39266649303131,SST,28.5492718624309,-0.0379519430898487,Deg C,225
01-Oct-2003 00:00,2003,10,28.3564076593077,0.250370046068152,SST,28.5509821936048,-0.0361867364345069,Deg C,226
01-Nov-2003 00:00,2003,11,28.6477704028087,0.0910709854773621,SST,28.5526925247787,-0.0344215297791651,Deg C,227
01-Dec-2003 00:00,2003,12,29.0335788996577,0.167304643769413,SST,28.5544028559526,-0.0326563231238233,Deg C,228
01-Jan-2004 00:00,2004,1,28.9524035537582,-0.0761013644541428,SST,28.5561131871266,-0.0308911164684815,Deg C,229
01-Feb-2004 00:00,2004,2,29.2359590456332,0.136847739978219,SST,28.5578235183005,-0.0291259098131397,Deg C,230
01-Mar-2004 00:00,2004,3,29.3599761414411,0.104929862053272,SST,28.5595338494744,-0.0273607031577979,Deg C,231
01-Apr-2004 00:00,2004,4,29.4597592224521,0.155993253111422,SST,28.5612441806483,-0.0255954965024561,Deg C,232
01-May-2004 00:00,2004,5,29.1344383278144,0.181003971328231,SST,28.5629545118223,-0.0238302898471143,Deg C,233
01-Jun-2004 00:00,2004,6,28.7272718981437,0.29483505578343,SST,28.5646648429962,-0.0220650831917726,Deg C,234
01-Jul-2004 00:00,2004,7,27.9353416645944,-0.0137863650867764,SST,28.5663751741701,-0.0202998765364308,Deg C,235
01-Aug-2004 00:00,2004,8,27.9149980274031,0.212325693721144,SST,28.568085505344,-0.018534669881089,Deg C,236
01-Sep-2004 00:00,2004,9,27.8718859845372,0.0924695137589389,SST,28.569795836518,-0.0167694632257472,Deg C,237
01-Oct-2004 00:00,2004,10,28.3119905495718,0.205952936332313,SST,28.5715061676919,-0.0150042565704054,Deg C,238
01-Nov-2004 00:00,2004,11,28.923017468234,0.366318050902624,SST,28.5732164988658,-0.0132390499150636,Deg C,239
01-Dec-2004 00:00,2004,12,29.1872306856665,0.320956429778253,SST,28.5749268300397,-0.0114738432597218,Deg C,240
01-Jan-2005 00:00,2005,1,29.4587331430334,0.430228224821018,SST,28.5766371612136,-0.00970863660438004,Deg C,241
01-Feb-2005 00:00,2005,2,29.2617310910396,0.162619785384646,SST,28.5783474923876,-0.00794342994903824,Deg C,242
01-Mar-2005 00:00,2005,3,29.0756648899164,-0.179381389471416,SST,28.5800578235615,-0.00617822329369644,Deg C,243
01-Apr-2005 00:00,2005,4,29.3598711254686,0.0561051561279271,SST,28.5817681547354,-0.00441301663835469,Deg C,244
01-May-2005 00:00,2005,5,28.9334322620591,-0.0200020944270101,SST,28.5834784859093,-0.00264780998301289,Deg C,245
01-Jun-2005 00:00,2005,6,28.4234795492377,-0.00895729312252769,SST,28.5851888170833,-8.8260332767109e-4,Deg C,246
01-Jul-2005 00:00,2005,7,27.8530652122624,-0.0960628174187832,SST,28.5868991482572,8.826033276707e-4,Deg C,247
01-Aug-2005 00:00,2005,8,27.9121714535751,0.209499119893138,SST,28.5886094794311,0.00264780998301251,Deg C,248
01-Sep-2005 00:00,2005,9,28.1497067119602,0.37029024118192,SST,28.590319810605,0.00441301663835425,Deg C,249
01-Oct-2005 00:00,2005,10,28.5514772794909,0.445439666251378,SST,28.592030141779,0.00617822329369605,Deg C,250
01-Nov-2005 00:00,2005,11,29.3390402741958,0.782340856864444,SST,28.5937404729529,0.00794342994903785,Deg C,251
01-Dec-2005 00:00,2005,12,29.5426829693617,0.676408713473496,SST,28.5954508041268,0.00970863660437965,Deg C,252
01-Jan-2006 00:00,2006,1,29.2140648232929,0.185559905080549,SST,28.5971611353007,0.0114738432597215,Deg C,253
01-Feb-2006 00:00,2006,2,28.8003249745383,-0.298786331116652,SST,28.5988714664746,0.0132390499150632,Deg C,254
01-Mar-2006 00:00,2006,3,29.3435008065437,0.0884545271558892,SST,28.6005817976486,0.015004256570405,Deg C,255
01-Apr-2006 00:00,2006,4,29.4365994355245,0.132833466183794,SST,28.6022921288225,0.0167694632257468,Deg C,256
01-May-2006 00:00,2006,5,29.254114698322,0.300680341835879,SST,28.6040024599964,0.0185346698810886,Deg C,257
01-Jun-2006 00:00,2006,6,28.4639906251221,0.0315537827618932,SST,28.6057127911703,0.0202998765364304,Deg C,258
01-Jul-2006 00:00,2006,7,28.1822825148025,0.233154485121347,SST,28.6074231223443,0.0220650831917721,Deg C,259
01-Aug-2006 00:00,2006,8,27.8861976663089,0.183525332626957,SST,28.6091334535182,0.0238302898471139,Deg C,260
01-Sep-2006 00:00,2006,9,27.9189938823234,0.139577411545147,SST,28.6108437846921,0.0255954965024557,Deg C,261
01-Oct-2006 00:00,2006,10,28.3160089357665,0.209971322527029,SST,28.612554115866,0.0273607031577975,Deg C,262
01-Nov-2006 00:00,2006,11,28.4746609475588,-0.0820384697725132,SST,28.6142644470399,0.0291259098131393,Deg C,263
01-Dec-2006 00:00,2006,12,29.245976826111,0.379702570222754,SST,28.6159747782139,0.0308911164684811,Deg C,264
01-Jan-2007 00:00,2007,1,29.2980732663531,0.269568348140751,SST,28.6176851093878,0.0326563231238229,Deg C,265
01-Feb-2007 00:00,2007,2,29.510981376747502,0.411870071092558,SST,28.6193954405617,0.0344215297791647,Deg C,266
01-Mar-2007 00:00,2007,3,29.4473426131511,0.192296333763252,SST,28.6211057717356,0.0361867364345065,Deg C,267
01-Apr-2007 00:00,2007,4,29.6704976262538,0.366731656913114,SST,28.6228161029096,0.0379519430898483,Deg C,268
01-May-2007 00:00,2007,5,29.3141229603782,0.36068860389204,SST,28.6245264340835,0.03971714974519,Deg C,269
01-Jun-2007 00:00,2007,6,28.8573282936025,0.424891451242235,SST,28.6262367652574,0.0414823564005318,Deg C,270
01-Jul-2007 00:00,2007,7,28.3460028718425,0.396874842161324,SST,28.6279470964313,0.0432475630558736,Deg C,271
01-Aug-2007 00:00,2007,8,28.0831927668947,0.380520433212769,SST,28.6296574276052,0.0450127697112154,Deg C,272
01-Sep-2007 00:00,2007,9,28.1084233530224,0.329006882244123,SST,28.6313677587792,0.0467779763665572,Deg C,273
01-Oct-2007 00:00,2007,10,28.539314489312,0.433276876072533,SST,28.6330780899531,0.048543183021899,Deg C,274
01-Nov-2007 00:00,2007,11,28.8199670160145,0.263267598683189,SST,28.634788421127,0.0503083896772408,Deg C,275
01-Dec-2007 00:00,2007,12,28.5610369102594,-0.305237345628793,SST,28.6364987523009,0.0520735963325826,Deg C,276
01-Jan-2008 00:00,2008,1,28.7139325273276,-0.314572390884781,SST,28.6382090834749,0.0538388029879244,Deg C,277
01-Feb-2008 00:00,2008,2,28.8228500154698,-0.276261290185236,SST,28.6399194146488,0.0556040096432662,Deg C,278
01-Mar-2008 00:00,2008,3,28.8936500720613,-0.361396207326568,SST,28.6416297458227,0.0573692162986079,Deg C,279
01-Apr-2008 00:00,2008,4,28.9694958622737,-0.334270107066921,SST,28.6433400769966,0.0591344229539497,Deg C,280
01-May-2008 00:00,2008,5,28.7998880680701,-0.153546288416059,SST,28.6450504081706,0.0608996296092915,Deg C,281
01-Jun-2008 00:00,2008,6,28.3173751175659,-0.115061724794348,SST,28.6467607393445,0.0626648362646333,Deg C,282
01-Jul-2008 00:00,2008,7,27.7545129853044,-0.194615044376796,SST,28.6484710705184,0.0644300429199751,Deg C,283
01-Aug-2008 00:00,2008,8,27.3331814923615,-0.369490841320431,SST,28.6501814016923,0.0661952495753169,Deg C,284
01-Sep-2008 00:00,2008,9,27.4075799325762,-0.371836538202079,SST,28.6518917328662,0.0679604562306587,Deg C,285
01-Oct-2008 00:00,2008,10,27.9224877597258,-0.183549853513753,SST,28.6536020640402,0.0697256628860005,Deg C,286
01-Nov-2008 00:00,2008,11,28.6466970433382,0.0899976260068769,SST,28.6553123952141,0.0714908695413422,Deg C,287
01-Dec-2008 00:00,2008,12,28.9588632898489,0.0925890339606354,SST,28.657022726388,0.0732560761966841,Deg C,288
01-Jan-2009 00:00,2009,1,29.098586066446,0.070081148233708,SST,28.6587330575619,0.0750212828520258,Deg C,289
01-Feb-2009 00:00,2009,2,29.2555421120619,0.15643080640692,SST,28.6604433887359,0.0767864895073677,Deg C,290
01-Mar-2009 00:00,2009,3,29.6554002442832,0.400353964895359,SST,28.6621537199098,0.0785516961627094,Deg C,291
01-Apr-2009 00:00,2009,4,29.3812339246814,0.0774679553407189,SST,28.6638640510837,0.0803169028180512,Deg C,292
01-May-2009 00:00,2009,5,29.1642509748259,0.210816618339781,SST,28.6655743822576,0.082082109473393,Deg C,293
01-Jun-2009 00:00,2009,6,28.5524313324799,0.119994490119691,SST,28.6672847134316,0.0838473161287348,Deg C,294
01-Jul-2009 00:00,2009,7,28.0280294147322,0.0789013850510081,SST,28.6689950446055,0.0856125227840766,Deg C,295
01-Aug-2009 00:00,2009,8,27.8532448328002,0.15057249911829,SST,28.6707053757794,0.0873777294394184,Deg C,296
01-Sep-2009 00:00,2009,9,27.5976306973707,-0.181785773407551,SST,28.6724157069533,0.0891429360947601,Deg C,297
01-Oct-2009 00:00,2009,10,28.1639619977299,0.0579243844904269,SST,28.6741260381272,0.090908142750102,Deg C,298
01-Nov-2009 00:00,2009,11,28.6365499540731,0.0798505367416951,SST,28.6758363693012,0.0926733494054437,Deg C,299
01-Dec-2009 00:00,2009,12,29.0204178063988,0.154143550510522,SST,28.6775467004751,0.0944385560607856,Deg C,300
01-Jan-2010 00:00,2010,1,29.4330027343299,0.404497816117605,SST,28.679257031649,0.0962037627161273,Deg C,301
01-Feb-2010 00:00,2010,2,28.8785843024766,-0.220527003178344,SST,28.6809673628229,0.097968969371469,Deg C,302
01-Mar-2010 00:00,2010,3,29.5019519427236,0.24690566333571,SST,28.6826776939969,0.0997341760268109,Deg C,303
01-Apr-2010 00:00,2010,4,29.6994203558982,0.395654386557528,SST,28.6843880251708,0.101499382682153,Deg C,304
01-May-2010 00:00,2010,5,29.5043233886106,0.550889032124505,SST,28.6860983563447,0.103264589337494,Deg C,305
01-Jun-2010 00:00,2010,6,28.9466141646914,0.514177322331115,SST,28.6878086875186,0.105029795992836,Deg C,306
01-Jul-2010 00:00,2010,7,28.476132164033,0.527004134351888,SST,28.6895190186926,0.106795002648178,Deg C,307
01-Aug-2010 00:00,2010,8,28.1709983077112,0.468325974029248,SST,28.6912293498665,0.10856020930352,Deg C,308
01-Sep-2010 00:00,2010,9,28.0990572326989,0.319640761920617,SST,28.6929396810404,0.110325415958862,Deg C,309
01-Oct-2010 00:00,2010,10,28.3782376748599,0.272200061620381,SST,28.6946500122143,0.112090622614203,Deg C,310
01-Nov-2010 00:00,2010,11,28.5858314909217,0.0291320735903504,SST,28.6963603433882,0.113855829269545,Deg C,311
01-Dec-2010 00:00,2010,12,28.8851507723867,0.0188765164984659,SST,28.6980706745622,0.115621035924887,Deg C,312
01-Jan-2011 00:00,2011,1,28.7043590002802,-0.324145917932167,SST,28.6997810057361,0.117386242580229,Deg C,313
01-Feb-2011 00:00,2011,2,28.4528022797394,-0.646309025915627,SST,28.70149133691,0.119151449235571,Deg C,314
01-Mar-2011 00:00,2011,3,28.966709161954,-0.288337117433883,SST,28.7032016680839,0.120916655890912,Deg C,315
01-Apr-2011 00:00,2011,4,28.9187995146513,-0.384966454689334,SST,28.7049119992579,0.122681862546254,Deg C,316
01-May-2011 00:00,2011,5,28.8596090875928,-0.0938252688933687,SST,28.7066223304318,0.124447069201596,Deg C,317
01-Jun-2011 00:00,2011,6,28.384228392937,-0.0482084494232673,SST,28.7083326616057,0.126212275856938,Deg C,318
01-Jul-2011 00:00,2011,7,27.8509722752728,-0.0981557544083671,SST,28.7100429927796,0.127977482512279,Deg C,319
01-Aug-2011 00:00,2011,8,27.4529155061904,-0.249756827491474,SST,28.7117533239535,0.129742689167621,Deg C,320
01-Sep-2011 00:00,2011,9,27.4756809453746,-0.303735525403649,SST,28.7134636551275,0.131507895822963,Deg C,321
01-Oct-2011 00:00,2011,10,27.9806412423717,-0.125396370867804,SST,28.7151739863014,0.133273102478305,Deg C,322
01-Nov-2011 00:00,2011,11,28.3259360664159,-0.230763350915478,SST,28.7168843174753,0.135038309133647,Deg C,323
01-Dec-2011 00:00,2011,12,28.5969924661124,-0.269281789775796,SST,28.7185946486492,0.136803515788988,Deg C,324
01-Jan-2012 00:00,2012,1,28.6121059768427,-0.416398941369618,SST,28.7203049798232,0.13856872244433,Deg C,325
01-Feb-2012 00:00,2012,2,28.7877573736309,-0.311353932024112,SST,28.7220153109971,0.140333929099672,Deg C,326
01-Mar-2012 00:00,2012,3,29.0345628709357,-0.220483408452147,SST,28.723725642171,0.142099135755014,Deg C,327
01-Apr-2012 00:00,2012,4,29.3295253657835,0.0257593964428224,SST,28.7254359733449,0.143864342410356,Deg C,328
01-May-2012 00:00,2012,5,29.04416156052,0.090727204033886,SST,28.7271463045189,0.145629549065697,Deg C,329
01-Jun-2012 00:00,2012,6,28.3278385144809,-0.104598327879373,SST,28.7288566356928,0.147394755721039,Deg C,330
01-Jul-2012 00:00,2012,7,27.7424148545667,-0.206713175114476,SST,28.7305669668667,0.149159962376381,Deg C,331
01-Aug-2012 00:00,2012,8,27.7128022837016,0.0101299500196745,SST,28.7322772980406,0.150925169031723,Deg C,332
01-Sep-2012 00:00,2012,9,28.262261271068,0.482844800289712,SST,28.7339876292145,0.152690375687065,Deg C,333
01-Oct-2012 00:00,2012,10,28.4992064732918,0.39316886005227,SST,28.7356979603885,0.154455582342406,Deg C,334
01-Nov-2012 00:00,2012,11,29.0536365947618,0.496937177430421,SST,28.7374082915624,0.156220788997748,Deg C,335
01-Dec-2012 00:00,2012,12,29.2247329438666,0.358458687978402,SST,28.7391186227363,0.15798599565309,Deg C,336
01-Jan-2013 00:00,2013,1,28.9798854811496,-0.0486194370627651,SST,28.7408289539102,0.159751202308432,Deg C,337
01-Feb-2013 00:00,2013,2,28.9246418503723,-0.174469455282683,SST,28.7425392850842,0.161516408963774,Deg C,338
01-Mar-2013 00:00,2013,3,29.2975530608253,0.0425067814374636,SST,28.7442496162581,0.163281615619115,Deg C,339
01-Apr-2013 00:00,2013,4,29.5339181657479,0.230152196407261,SST,28.745959947432,0.165046822274457,Deg C,340
01-May-2013 00:00,2013,5,29.1472007280275,0.1937663715414,SST,28.7476702786059,0.166812028929799,Deg C,341
01-Jun-2013 00:00,2013,6,28.8245446427204,0.392107800360115,SST,28.7493806097799,0.168577235585141,Deg C,342
01-Jul-2013 00:00,2013,7,28.2580376606483,0.308909630967133,SST,28.7510909409538,0.170342442240482,Deg C,343
01-Aug-2013 00:00,2013,8,28.0467386919741,0.344066358292146,SST,28.7528012721277,0.172107648895824,Deg C,344
01-Sep-2013 00:00,2013,9,28.0432990601827,0.263882589404449,SST,28.7545116033016,0.173872855551166,Deg C,345
01-Oct-2013 00:00,2013,10,28.1265963769081,0.0205587636686104,SST,28.7562219344755,0.175638062206508,Deg C,346
01-Nov-2013 00:00,2013,11,28.4550071665666,-0.101692250764771,SST,28.7579322656495,0.17740326886185,Deg C,347
01-Dec-2013 00:00,2013,12,28.9776883886416,0.111414132753342,SST,28.7596425968234,0.179168475517191,Deg C,348
01-Jan-2014 00:00,2014,1,28.9322369879325,-0.0962679302798826,SST,28.7613529279973,0.180933682172533,Deg C,349
01-Feb-2014 00:00,2014,2,29.7703323283989,0.671221022743875,SST,28.7630632591712,0.182698888827875,Deg C,350
01-Mar-2014 00:00,2014,3,29.5452635817747,0.290217302386875,SST,28.7647735903452,0.184464095483217,Deg C,351
01-Apr-2014 00:00,2014,4,29.3789426677888,0.0751766984481428,SST,28.7664839215191,0.186229302138558,Deg C,352
01-May-2014 00:00,2014,5,28.8607692272474,-0.0926651292386893,SST,28.768194252693,0.1879945087939,Deg C,353
01-Jun-2014 00:00,2014,6,28.4791414143441,0.0467045719838097,SST,28.7699045838669,0.189759715449242,Deg C,354
01-Jul-2014 00:00,2014,7,28.1838175292709,0.234689499589752,SST,28.7716149150408,0.191524922104584,Deg C,355
01-Aug-2014 00:00,2014,8,27.9050683325203,0.202395998838401,SST,28.7733252462148,0.193290128759926,Deg C,356
01-Sep-2014 00:00,2014,9,28.0242162316611,0.244799760882795,SST,28.7750355773887,0.195055335415267,Deg C,357
01-Oct-2014 00:00,2014,10,28.5441507358261,0.438113122586561,SST,28.7767459085626,0.196820542070609,Deg C,358
01-Nov-2014 00:00,2014,11,28.6818378236143,0.125138406282925,SST,28.7784562397365,0.198585748725951,Deg C,359
01-Dec-2014 00:00,2014,12,28.9536274853659,0.0873532294776282,SST,28.7801665709105,0.200350955381293,Deg C,360
01-Jan-2015 00:00,2015,1,29.5515406042269,0.523035686014598,SST,28.7818769020844,0.202116162036635,Deg C,361
01-Feb-2015 00:00,2015,2,29.5981990448114,0.499087739156423,SST,28.7835872332583,0.203881368691976,Deg C,362
01-Mar-2015 00:00,2015,3,29.8277374344372,0.572691155049363,SST,28.7852975644322,0.205646575347318,Deg C,363
01-Apr-2015 00:00,2015,4,29.6067668909498,0.303000921609133,SST,28.7870078956062,0.20741178200266,Deg C,364
01-May-2015 00:00,2015,5,29.1450726687302,0.191638312244056,SST,28.7887182267801,0.209176988658002,Deg C,365
01-Jun-2015 00:00,2015,6,28.595490465599,0.163053623238707,SST,28.790428557954,0.210942195313344,Deg C,366
01-Jul-2015 00:00,2015,7,27.958957442731,0.00982941304983243,SST,28.7921388891279,0.212707401968685,Deg C,367
01-Aug-2015 00:00,2015,8,27.516172505629,-0.186499828052895,SST,28.7938492203018,0.214472608624027,Deg C,368
01-Sep-2015 00:00,2015,9,27.4593474829065,-0.320068987871736,SST,28.7955595514758,0.216237815279369,Deg C,369
01-Oct-2015 00:00,2015,10,27.7598576895551,-0.346179923684392,SST,28.7972698826497,0.218003021934711,Deg C,370
01-Nov-2015 00:00,2015,11,28.4098429510439,-0.14685646628746,SST,28.7989802138236,0.219768228590053,Deg C,371
01-Dec-2015 00:00,2015,12,28.7416816424111,-0.124592613477102,SST,28.8006905449975,0.221533435245394,Deg C,372
01-Jan-2016 00:00,2016,1,28.9430560963887,-0.0854488218235936,SST,28.8024008761715,0.223298641900736,Deg C,373
01-Feb-2016 00:00,2016,2,29.4298368588286,0.330725553173647,SST,28.8041112073454,0.225063848556078,Deg C,374
01-Mar-2016 00:00,2016,3,29.5448939300957,0.289847650707898,SST,28.8058215385193,0.22682905521142,Deg C,375
01-Apr-2016 00:00,2016,4,29.5830105419886,0.279244572647976,SST,28.8075318696932,0.228594261866761,Deg C,376
01-May-2016 00:00,2016,5,28.9674753653076,0.0140410088214793,SST,28.8092422008671,0.230359468522103,Deg C,377
01-Jun-2016 00:00,2016,6,28.4047221231315,-0.0277147192287366,SST,28.8109525320411,0.232124675177445,Deg C,378
01-Jul-2016 00:00,2016,7,27.8948644181026,-0.0542636115785733,SST,28.812662863215,0.233889881832787,Deg C,379
01-Aug-2016 00:00,2016,8,28.0104815872732,0.307809253591266,SST,28.8143731943889,0.235655088488129,Deg C,380
01-Sep-2016 00:00,2016,9,28.3800268963911,0.600610425612789,SST,28.8160835255628,0.23742029514347,Deg C,381
01-Oct-2016 00:00,2016,10,28.9718582109958,0.865820597756308,SST,28.8177938567368,0.239185501798812,Deg C,382
01-Nov-2016 00:00,2016,11,29.1720916284304,0.615392211099035,SST,28.8195041879107,0.240950708454154,Deg C,383
01-Dec-2016 00:00,2016,12,29.7596876230554,0.893413367167128,SST,28.8212145190846,0.242715915109496,Deg C,384
01-Jan-2017 00:00,2017,1,29.8664345604525,0.837929642240116,SST,28.8229248502585,0.244481121764837,Deg C,385
01-Feb-2017 00:00,2017,2,29.7197539898738,0.620642684218772,SST,28.8246351814325,0.246246328420179,Deg C,386
01-Mar-2017 00:00,2017,3,29.8647707030904,0.609724423702573,SST,28.8263455126064,0.248011535075521,Deg C,387
01-Apr-2017 00:00,2017,4,29.7577569517915,0.453990982450815,SST,28.8280558437803,0.249776741730863,Deg C,388
01-May-2017 00:00,2017,5,29.3826725497318,0.429238193245677,SST,28.8297661749542,0.251541948386205,Deg C,389
01-Jun-2017 00:00,2017,6,28.8216534264151,0.389216584054861,SST,28.8314765061281,0.253307155041546,Deg C,390
01-Jul-2017 00:00,2017,7,28.3391370641324,0.390009034451271,SST,28.8331868373021,0.255072361696888,Deg C,391
01-Aug-2017 00:00,2017,8,28.0275378486452,0.324865514963275,SST,28.834897168476,0.25683756835223,Deg C,392
01-Sep-2017 00:00,2017,9,28.0311592737916,0.251742803013343,SST,28.8366074996499,0.258602775007572,Deg C,393
01-Oct-2017 00:00,2017,10,28.2547208083528,0.148683195113279,SST,28.8383178308238,0.260367981662914,Deg C,394
01-Nov-2017 00:00,2017,11,28.737372136177,0.180672718845607,SST,28.8400281619978,0.262133188318255,Deg C,395
01-Dec-2017 00:00,2017,12,28.9736786869283,0.107404431040077,SST,28.8417384931717,0.263898394973597,Deg C,396
01-Jan-2018 00:00,2018,1,29.4007067666498,0.372201848437435,SST,28.8434488243456,0.265663601628939,Deg C,397
01-Feb-2018 00:00,2018,2,29.1237233651942,0.0246120595392192,SST,28.8451591555195,0.267428808284281,Deg C,398
01-Mar-2018 00:00,2018,3,29.2577009712043,0.00265469181644917,SST,28.8468694866935,0.269194014939623,Deg C,399
01-Apr-2018 00:00,2018,4,29.3047351581456,9.6918880489838e-4,SST,28.8485798178674,0.270959221594964,Deg C,400
01-May-2018 00:00,2018,5,29.178700173546,0.225265817059871,SST,28.8502901490413,0.272724428250306,Deg C,401
01-Jun-2018 00:00,2018,6,28.9080910174374,0.47565417507716,SST,28.8520004802152,0.274489634905648,Deg C,402
01-Jul-2018 00:00,2018,7,28.2706594536262,0.321531423945082,SST,28.8537108113891,0.27625484156099,Deg C,403
01-Aug-2018 00:00,2018,8,28.0984454654996,0.395773131817638,SST,28.8554211425631,0.278020048216332,Deg C,404
01-Sep-2018 00:00,2018,9,28.0897340378567,0.310317567078453,SST,28.857131473737,0.279785254871673,Deg C,405
01-Oct-2018 00:00,2018,10,28.2593357694905,0.153298156250951,SST,28.8588418049109,0.281550461527015,Deg C,406
01-Nov-2018 00:00,2018,11,28.9269577790003,0.370258361668906,SST,28.8605521360848,0.283315668182357,Deg C,407
01-Dec-2018 00:00,2018,12,29.2682098825768,0.401935626688552,SST,28.8622624672588,0.285080874837699,Deg C,408
01-Jan-2019 00:00,2019,1,29.7463469033004,0.717841985088072,SST,28.8639727984327,0.28684608149304,Deg C,409
01-Feb-2019 00:00,2019,2,29.8493717540665,0.750260448411545,SST,28.8656831296066,0.288611288148382,Deg C,410
01-Mar-2019 00:00,2019,3,29.7135042873835,0.458458007995638,SST,28.8673934607805,0.290376494803724,Deg C,411
01-Apr-2019 00:00,2019,4,29.9007718381129,0.597005868772229,SST,28.8691037919545,0.292141701459066,Deg C,412
01-May-2019 00:00,2019,5,29.4832674027564,0.529833046270284,SST,28.8708141231284,0.293906908114408,Deg C,413
01-Jun-2019 00:00,2019,6,29.0584689135398,0.626032071179527,SST,28.8725244543023,0.295672114769749,Deg C,414
01-Jul-2019 00:00,2019,7,28.3915315220336,0.442403492352437,SST,28.8742347854762,0.297437321425091,Deg C,415
01-Aug-2019 00:00,2019,8,28.3053933014977,0.602720967815785,SST,28.8759451166501,0.299202528080433,Deg C,416
01-Sep-2019 00:00,2019,9,28.1673916392151,0.387975168436871,SST,28.8776554478241,0.300967734735775,Deg C,417
01-Oct-2019 00:00,2019,10,28.3055408041186,0.199503190879067,SST,28.879365778998,0.302732941391117,Deg C,418
01-Nov-2019 00:00,2019,11,28.8636192371592,0.30691981982789,SST,28.8810761101719,0.304498148046458,Deg C,419
01-Dec-2019 00:00,2019,12,29.081205685561,0.214931429672724,SST,28.8827864413458,0.3062633547018,Deg C,420
01-Jan-2020 00:00,2020,1,28.9207228267884,-0.107782091423893,SST,28.8844967725198,0.308028561357142,Deg C,421
01-Feb-2020 00:00,2020,2,29.0568866624642,-0.0422246431907602,SST,28.8862071036937,0.309793768012484,Deg C,422
01-Mar-2020 00:00,2020,3,29.6534127000356,0.398366420647736,SST,28.8879174348676,0.311558974667826,Deg C,423
01-Apr-2020 00:00,2020,4,29.9630309317634,0.659264962422743,SST,28.8896277660415,0.313324181323167,Deg C,424
01-May-2020 00:00,2020,5,29.6955677069543,0.742133350468141,SST,28.8913380972154,0.315089387978509,Deg C,425
01-Jun-2020 00:00,2020,6,29.0028882059566,0.570451363596341,SST,28.8930484283894,0.316854594633851,Deg C,426
01-Jul-2020 00:00,2020,7,28.4726491376392,0.523521107958057,SST,28.8947587595633,0.318619801289193,Deg C,427
01-Aug-2020 00:00,2020,8,28.237826360302,0.535154026620049,SST,28.8964690907372,0.320385007944535,Deg C,428
01-Sep-2020 00:00,2020,9,28.2255906805079,0.446174209729651,SST,28.8981794219111,0.322150214599876,Deg C,429
01-Oct-2020 00:00,2020,10,28.4413653535124,0.335327740272902,SST,28.899889753085102,0.323915421255218,Deg C,430
01-Nov-2020 00:00,2020,11,28.7568354394991,0.200136022167779,SST,28.901600084259,0.32568062791056,Deg C,431
01-Dec-2020 00:00,2020,12,28.9537840730699,0.0875098171816759,SST,28.9033104154329,0.327445834565902,Deg C,432
01-Jan-2021 00:00,2021,1,29.2251099972069,0.196605078994608,SST,28.9050207466068,0.329211041221243,Deg C,433
01-Feb-2021 00:00,2021,2,29.1377708226193,0.0386595169642732,SST,28.9067310777808,0.330976247876585,Deg C,434
01-Mar-2021 00:00,2021,3,29.2891180131217,0.0340717337338887,SST,28.9084414089547,0.332741454531927,Deg C,435
01-Apr-2021 00:00,2021,4,29.3648197066164,0.0610537372757385,SST,28.9101517401286,0.334506661187269,Deg C,436
01-May-2021 00:00,2021,5,29.2291634773255,0.275729120839426,SST,28.9118620713025,0.336271867842611,Deg C,437
01-Jun-2021 00:00,2021,6,28.8139012340992,0.381464391738923,SST,28.9135724024764,0.338037074497952,Deg C,438
01-Jul-2021 00:00,2021,7,28.3272033407401,0.378075311059,SST,28.9152827336504,0.339802281153294,Deg C,439
01-Aug-2021 00:00,2021,8,28.0175747560874,0.314902422405499,SST,28.9169930648243,0.341567487808636,Deg C,440
01-Sep-2021 00:00,2021,9,28.1165191540827,0.337102683304437,SST,28.9187033959982,0.343332694463978,Deg C,441
01-Oct-2021 00:00,2021,10,28.3043389963148,0.198301383075304,SST,28.9204137271721,0.34509790111932,Deg C,442
01-Nov-2021 00:00,2021,11,28.6659395265146,0.10924010918329,SST,28.9221240583461,0.346863107774661,Deg C,443
01-Dec-2021 00:00,2021,12,28.8603206290108,-0.00595362687747425,SST,28.92383438952,0.348628314430003,Deg C,444
01-Jan-2022 00:00,2022,1,29.2231684955394,0.194663577327031,SST,28.9255447206939,0.350393521085345,Deg C,445
01-Feb-2022 00:00,2022,2,28.8145281737774,-0.284583131877579,SST,28.9272550518678,0.352158727740687,Deg C,446
01-Mar-2022 00:00,2022,3,29.068604687392,-0.186441591995887,SST,28.9289653830418,0.353923934396028,Deg C,447
01-Apr-2022 00:00,2022,4,29.1498742500579,-0.153891719282782,SST,28.9306757142157,0.35568914105137,Deg C,448
01-May-2022 00:00,2022,5,28.9930778461049,0.039643489618804,SST,28.9323860453896,0.357454347706712,Deg C,449
01-Jun-2022 00:00,2022,6,28.6240426882409,0.191605845880627,SST,28.9340963765635,0.359219554362054,Deg C,450
01-Jul-2022 00:00,2022,7,28.0288537280451,0.0797256983639762,SST,28.9358067077374,0.360984761017396,Deg C,451
01-Aug-2022 00:00,2022,8,27.5495457585305,-0.15312657515145,SST,28.9375170389114,0.362749967672737,Deg C,452
01-Sep-2022 00:00,2022,9,27.4679964551222,-0.311420015656093,SST,28.939227370085302,0.364515174328079,Deg C,453
01-Oct-2022 00:00,2022,10,27.770641683234,-0.335395930005511,SST,28.9409377012592,0.36628038098342097,Deg C,454
01-Nov-2022 00:00,2022,11,28.4161273803705,-0.140572036960901,SST,28.9426480324331,0.368045587638763,Deg C,455
01-Dec-2022 00:00,2022,12,28.8196342548034,-0.0466400010848353,SST,28.9443583636071,0.369810794294105,Deg C,456
01-Jan-2023 00:00,2023,1,28.922362356994,-0.106142561218338,SST,28.946068694781,0.371576000949446,Deg C,457
01-Feb-2023 00:00,2023,2,29.1745394521734,0.075428146518437,SST,28.9477790259549,0.373341207604788,Deg C,458
01-Mar-2023 00:00,2023,3,29.4688702209729,0.213823941585087,SST,28.9494893571288,0.37510641426013003,Deg C,459
01-Apr-2023 00:00,2023,4,29.5660249845052,0.262259015164506,SST,28.9511996883027,0.376871620915472,Deg C,460
01-May-2023 00:00,2023,5,29.155037958103,0.201603601616831,SST,28.9529100194767,0.378636827570814,Deg C,461
01-Jun-2023 00:00,2023,6,28.871070338659,0.438633496298767,SST,28.9546203506506,0.380402034226155,Deg C,462
01-Jul-2023 00:00,2023,7,28.6017874966342,0.652659466953054,SST,28.9563306818245,0.382167240881497,Deg C,463
01-Aug-2023 00:00,2023,8,28.471603965453,0.768931631771135,SST,28.9580410129984,0.38393244753683903,Deg C,464
01-Sep-2023 00:00,2023,9,28.2880996994726,0.50868322869429194,SST,28.9597513441724,0.385697654192181,Deg C,465
01-Oct-2023 00:00,2023,10,28.3417805519389,0.235742938699357,SST,28.9614616753463,0.387462860847522,Deg C,466
01-Nov-2023 00:00,2023,11,28.9287873648411,0.372087947509737,SST,28.9631720065202,0.389228067502864,Deg C,467
01-Dec-2023 00:00,2023,12,29.1686329156222,0.302358659733986,SST,28.9648823376941,0.390993274158206,Deg C,468
01-Jan-2024 00:00,2024,1,29.9066293484644,0.878124430252072,SST,28.966592668868,0.39275848081354803,Deg C,469
01-Feb-2024 00:00,2024,2,29.7824994683488,0.683388162693859,SST,28.968303000042,0.39452368746889,Deg C,470
01-Mar-2024 00:00,2024,3,30.3474805996503,1.09243432026247,SST,28.9700133312159,0.396288894124231,Deg C,471
01-Apr-2024 00:00,2024,4,30.4476424050106,1.14387643566992,SST,28.9717236623898,0.398054100779573,Deg C,472
01-May-2024 00:00,2024,5,29.944327287609,0.990892931122872,SST,28.9734339935637,0.399819307434915,Deg C,473
01-Jun-2024 00:00,2024,6,29.0704902518342,0.638053409473944,SST,28.9751443247377,0.401584514090257,Deg C,474
01-Jul-2024 00:00,2024,7,28.4290598258161,0.479931796134945,SST,28.9768546559116,0.403349720745598,Deg C,475
01-Aug-2024 00:00,2024,8,27.7331901609712,0.0305178272892412,SST,28.978564987085502,0.40511492740094,Deg C,476
01-Sep-2024 00:00,2024,9,28.0392576637451,0.25984119296681,SST,28.9802753182594,0.406880134056282,Deg C,477
01-Oct-2024 00:00,2024,10,28.3032751945233,0.197237581283769,SST,28.9819856494334,0.408645340711624,Deg C,478
01-Nov-2024 00:00,2024,11,28.6747676796899,0.118068262358502,SST,28.9836959806073,0.410410547366966,Deg C,479
01-Dec-2024 00:00,2024,12,29.3051564087811,0.438882152892901,SST,28.9854063117812,0.412175754022307,Deg C,480
01-Jan-2025 00:00,2025,1,29.4405288659879,0.412023947775545,SST,28.9871166429551,0.413940960677649,Deg C,481
01-Feb-2025 00:00,2025,2,29.5868939584214,0.487782652766409,SST,28.988826974129,0.415706167332991,Deg C,482
01-Mar-2025 00:00,2025,3,29.5715774829239,0.316531203536098,SST,28.990537305303,0.417471373988333,Deg C,483
01-Apr-2025 00:00,2025,4,29.7870181064356,0.483252137094912,SST,28.9922476364769,0.419236580643675,Deg C,484
01-May-2025 00:00,2025,5,29.2192012623515,0.265766905865355,SST,28.9939579676508,0.421001787299016,Deg C,485
01-Jun-2025 00:00,2025,6,28.666174222582,0.233737380221761,SST,28.9956682988247,0.422766993954358,Deg C,486
01-Jul-2025 00:00,2025,7,28.2934092483146,0.344281218633469,SST,28.9973786299987,0.4245322006097,Deg C,487
01-Aug-2025 00:00,2025,8,28.1101071532624,0.407434819580502,SST,28.9990889611726,0.426297407265042,Deg C,488
01-Sep-2025 00:00,2025,9,28.0537177444236,0.274301273645289,SST,29.0007992923465,0.428062613920384,Deg C,489
01-Oct-2025 00:00,2025,10,28.2417770834093,0.13573947016982,SST,29.0025096235204,0.429827820575725,Deg C,490
01-Nov-2025 00:00,2025,11,28.6894299053124,0.132730487981007,SST,29.0042199546944,0.431593027231067,Deg C,491
01-Dec-2025 00:00,2025,12,29.3204273434233,0.454153087535094,SST,29.0059302858683,0.433358233886409,Deg C,492
01-Jan-1998 00:00,1998,1,0.0429386799918092,-0.00829238419358581,Chl,0.056678274577808,-3.24168369524323e-5,mg chl per m3,1
01-Feb-1998 00:00,1998,2,0.0454132951245957,-0.00559797016409185,Chl,0.0566789627932813,-3.22233035974924e-5,mg chl per m3,2
01-Mar-1998 00:00,1998,3,0.0431898192287479,-0.00966794895483205,Chl,0.0566796510087546,-3.20297702425525e-5,mg chl per m3,3
01-Apr-1998 00:00,1998,4,0.0471621601316318,-0.00833003615048693,Chl,0.0566803392242278,-3.18362368876126e-5,mg chl per m3,4
01-May-1998 00:00,1998,5,0.0538541102366256,-0.00516930831298669,Chl,0.0566810274397011,-3.16427035326727e-5,mg chl per m3,5
01-Jun-1998 00:00,1998,6,0.0693397032690197,0.00612131901408339,Chl,0.0566817156551743,-3.14491701777328e-5,mg chl per m3,6
01-Jul-1998 00:00,1998,7,0.057576779724464,-0.00541885513347571,Chl,0.0566824038706476,-3.1255636822793e-5,mg chl per m3,7
01-Aug-1998 00:00,1998,8,0.0579987757459845,-0.0031827807260045,Chl,0.0566830920861208,-3.1062103467853e-5,mg chl per m3,8
01-Sep-1998 00:00,1998,9,0.0590272887907366,-4.5640646319102e-5,Chl,0.0566837803015941,-3.08685701129132e-5,mg chl per m3,9
01-Oct-1998 00:00,1998,10,0.0557374177333508,-0.00143570379793224,Chl,0.0566844685170673,-3.06750367579733e-5,mg chl per m3,10
01-Nov-1998 00:00,1998,11,0.0552353310439266,-2.3636563727468e-4,Chl,0.0566851567325406,-3.04815034030334e-5,mg chl per m3,11
01-Dec-1998 00:00,1998,12,0.0543507193306366,0.0015571470194939,Chl,0.0566858449480139,-3.02879700480935e-5,mg chl per m3,12
01-Jan-1999 00:00,1999,1,0.0549327386031494,0.00370167441775433,Chl,0.0566865331634871,-3.00944366931536e-5,mg chl per m3,13
01-Feb-1999 00:00,1999,2,0.056129864167596,0.00511859887890849,Chl,0.0566872213789604,-2.99009033382137e-5,mg chl per m3,14
01-Mar-1999 00:00,1999,3,0.0537799999001062,9.2223171652623e-4,Chl,0.0566879095944336,-2.97073699832738e-5,mg chl per m3,15
01-Apr-1999 00:00,1999,4,0.0545710128079883,-9.2118347413044e-4,Chl,0.0566885978099069,-2.95138366283339e-5,mg chl per m3,16
01-May-1999 00:00,1999,5,0.0580113789414933,-0.00101203960811907,Chl,0.0566892860253801,-2.9320303273394e-5,mg chl per m3,17
01-Jun-1999 00:00,1999,6,0.0624663002827548,-7.520839721815e-4,Chl,0.0566899742408534,-2.91267699184541e-5,mg chl per m3,18
01-Jul-1999 00:00,1999,7,0.0635829404323045,5.8730557436485e-4,Chl,0.0566906624563266,-2.89332365635142e-5,mg chl per m3,19
01-Aug-1999 00:00,1999,8,0.0608614724930557,-3.2008397893323e-4,Chl,0.0566913506717999,-2.87397032085743e-5,mg chl per m3,20
01-Sep-1999 00:00,1999,9,0.061550627385731,0.00247769794867533,Chl,0.0566920388872732,-2.85461698536344e-5,mg chl per m3,21
01-Oct-1999 00:00,1999,10,0.0571529073969091,-2.02141343739262e-5,Chl,0.0566927271027464,-2.83526364986945e-5,mg chl per m3,22
01-Nov-1999 00:00,1999,11,0.0501803526151978,-0.00529134406600355,Chl,0.0566934153182197,-2.81591031437546e-5,mg chl per m3,23
01-Dec-1999 00:00,1999,12,0.0452918103187668,-0.00750176199237589,Chl,0.0566941035336929,-2.79655697888147e-5,mg chl per m3,24
01-Jan-2000 00:00,2000,1,0.046905167446279,-0.00432589673911598,Chl,0.0566947917491662,-2.77720364338748e-5,mg chl per m3,25
01-Feb-2000 00:00,2000,2,0.0470786597738102,-0.00393260551487729,Chl,0.0566954799646394,-2.75785030789349e-5,mg chl per m3,26
01-Mar-2000 00:00,2000,3,0.048391067008953,-0.00446670117462698,Chl,0.0566961681801127,-2.7384969723995e-5,mg chl per m3,27
01-Apr-2000 00:00,2000,4,0.0501997526898956,-0.00529244359222313,Chl,0.056696856395586,-2.71914363690551e-5,mg chl per m3,28
01-May-2000 00:00,2000,5,0.0568091699626649,-0.00221424858694746,Chl,0.0566975446110592,-2.69979030141152e-5,mg chl per m3,29
01-Jun-2000 00:00,2000,6,0.0598729794880666,-0.00334540476686972,Chl,0.0566982328265325,-2.68043696591753e-5,mg chl per m3,30
01-Jul-2000 00:00,2000,7,0.062017208541198,-9.7842631674165e-4,Chl,0.0566989210420057,-2.66108363042354e-5,mg chl per m3,31
01-Aug-2000 00:00,2000,8,0.0603017087709824,-8.7984770100656e-4,Chl,0.056699609257479,-2.64173029492955e-5,mg chl per m3,32
01-Sep-2000 00:00,2000,9,0.055803719839636,-0.00326920959741965,Chl,0.0567002974729522,-2.62237695943556e-5,mg chl per m3,33
01-Oct-2000 00:00,2000,10,0.0581546832013731,9.8156167009008e-4,Chl,0.0567009856884255,-2.60302362394157e-5,mg chl per m3,34
01-Nov-2000 00:00,2000,11,0.0530568664575537,-0.00241483022364756,Chl,0.0567016739038987,-2.58367028844758e-5,mg chl per m3,35
01-Dec-2000 00:00,2000,12,0.050031768390639,-0.00276180392050374,Chl,0.056702362119372,-2.56431695295359e-5,mg chl per m3,36
01-Jan-2001 00:00,2001,1,0.0486200634487021,-0.00261100073669294,Chl,0.0567030503348453,-2.5449636174596e-5,mg chl per m3,37
01-Feb-2001 00:00,2001,2,0.0480636437783343,-0.00294762151035324,Chl,0.0567037385503185,-2.52561028196561e-5,mg chl per m3,38
01-Mar-2001 00:00,2001,3,0.0511077697559795,-0.00174999842760044,Chl,0.0567044267657918,-2.50625694647163e-5,mg chl per m3,39
01-Apr-2001 00:00,2001,4,0.0527977511388867,-0.00269444514323209,Chl,0.056705114981265,-2.48690361097764e-5,mg chl per m3,40
01-May-2001 00:00,2001,5,0.0577189121388474,-0.00130450641076493,Chl,0.0567058031967383,-2.46755027548365e-5,mg chl per m3,41
01-Jun-2001 00:00,2001,6,0.0576703222466988,-0.00554806200823758,Chl,0.0567064914122115,-2.44819693998966e-5,mg chl per m3,42
01-Jul-2001 00:00,2001,7,0.0560312542377793,-0.00696438062016033,Chl,0.0567071796276848,-2.42884360449567e-5,mg chl per m3,43
01-Aug-2001 00:00,2001,8,0.0622579392904196,0.00107638281843064,Chl,0.056707867843158,-2.40949026900168e-5,mg chl per m3,44
01-Sep-2001 00:00,2001,9,0.0639210971505551,0.00484816771349949,Chl,0.0567085560586313,-2.39013693350769e-5,mg chl per m3,45
01-Oct-2001 00:00,2001,10,0.059322131036947,0.00214900950566402,Chl,0.0567092442741046,-2.3707835980137e-5,mg chl per m3,46
01-Nov-2001 00:00,2001,11,0.0699895215456953,0.014517824864494,Chl,0.0567099324895778,-2.35143026251971e-5,mg chl per m3,47
01-Dec-2001 00:00,2001,12,0.0564548130696692,0.00366124075852648,Chl,0.0567106207050511,-2.33207692702572e-5,mg chl per m3,48
01-Jan-2002 00:00,2002,1,0.0503198528102878,-9.1121137510721e-4,Chl,0.0567113089205243,-2.31272359153173e-5,mg chl per m3,49
01-Feb-2002 00:00,2002,2,0.0464856637326038,-0.00452560155608372,Chl,0.0567119971359976,-2.29337025603774e-5,mg chl per m3,50
01-Mar-2002 00:00,2002,3,0.0505757824842864,-0.00228198569929348,Chl,0.0567126853514708,-2.27401692054375e-5,mg chl per m3,51
01-Apr-2002 00:00,2002,4,0.0541954317841326,-0.00129676449798617,Chl,0.0567133735669441,-2.25466358504976e-5,mg chl per m3,52
01-May-2002 00:00,2002,5,0.0643404901200709,0.0053170715704586,Chl,0.0567140617824173,-2.23531024955577e-5,mg chl per m3,53
01-Jun-2002 00:00,2002,6,0.0881885372633981,0.0249701530084618,Chl,0.0567147499978906,-2.21595691406178e-5,mg chl per m3,54
01-Jul-2002 00:00,2002,7,0.066359460611533,0.0033638257535933,Chl,0.0567154382133639,-2.19660357856779e-5,mg chl per m3,55
01-Aug-2002 00:00,2002,8,0.0667842032506608,0.00560264677867178,Chl,0.0567161264288371,-2.1772502430738e-5,mg chl per m3,56
01-Sep-2002 00:00,2002,9,0.0655317363214624,0.0064588068844067,Chl,0.0567168146443104,-2.1578969075798102e-05,mg chl per m3,57
01-Oct-2002 00:00,2002,10,0.0617375827403963,0.00456446120911325,Chl,0.0567175028597836,-2.13854357208582e-5,mg chl per m3,58
01-Nov-2002 00:00,2002,11,0.0605509727537533,0.00507927607255198,Chl,0.0567181910752569,-2.11919023659183e-5,mg chl per m3,59
01-Dec-2002 00:00,2002,12,0.0567187309486816,0.00392515863753883,Chl,0.0567188792907301,-2.09983690109784e-5,mg chl per m3,60
01-Jan-2003 00:00,2003,1,0.0523695521559392,0.00113848797054419,Chl,0.0567195675062034,-2.08048356560385e-5,mg chl per m3,61
01-Feb-2003 00:00,2003,2,0.0530816608719976,0.00207039558331003,Chl,0.0567202557216767,-2.06113023010986e-5,mg chl per m3,62
01-Mar-2003 00:00,2003,3,0.0648848690787401,0.0120271008951602,Chl,0.0567209439371499,-2.04177689461587e-5,mg chl per m3,63
01-Apr-2003 00:00,2003,4,0.0704684766989312,0.0149762804168124,Chl,0.0567216321526232,-2.02242355912188e-5,mg chl per m3,64
01-May-2003 00:00,2003,5,0.0730958312517148,0.0140724127021025,Chl,0.0567223203680964,-2.00307022362789e-5,mg chl per m3,65
01-Jun-2003 00:00,2003,6,0.0737483456723451,0.0105299614174088,Chl,0.0567230085835697,-1.9837168881339e-5,mg chl per m3,66
01-Jul-2003 00:00,2003,7,0.0746246237344356,0.011628988876496,Chl,0.0567236967990429,-1.96436355263991e-5,mg chl per m3,67
01-Aug-2003 00:00,2003,8,0.0691199076913378,0.00793835121934886,Chl,0.0567243850145162,-1.94501021714592e-5,mg chl per m3,68
01-Sep-2003 00:00,2003,9,0.0650957707552302,0.00602284131817452,Chl,0.0567250732299894,-1.92565688165194e-5,mg chl per m3,69
01-Oct-2003 00:00,2003,10,0.0582263486307831,0.00105322709950013,Chl,0.0567257614454627,-1.90630354615795e-5,mg chl per m3,70
01-Nov-2003 00:00,2003,11,0.0552440473586502,-2.2764932255114e-4,Chl,0.056726449660936,-1.88695021066396e-5,mg chl per m3,71
01-Dec-2003 00:00,2003,12,0.0550273294069139,0.00223375709577118,Chl,0.0567271378764092,-1.86759687516997e-5,mg chl per m3,72
01-Jan-2004 00:00,2004,1,0.0646933200811474,0.0134622558957524,Chl,0.0567278260918825,-1.84824353967598e-5,mg chl per m3,73
01-Feb-2004 00:00,2004,2,0.0584864220863794,0.00747515679769182,Chl,0.0567285143073557,-1.82889020418199e-5,mg chl per m3,74
01-Mar-2004 00:00,2004,3,0.0557844850591299,0.00292671687554998,Chl,0.056729202522829,-1.809536868688e-5,mg chl per m3,75
01-Apr-2004 00:00,2004,4,0.0564664871403161,9.7429085819732e-4,Chl,0.0567298907383022,-1.79018353319401e-5,mg chl per m3,76
01-May-2004 00:00,2004,5,0.06220001209875,0.00317659354913771,Chl,0.0567305789537755,-1.77083019770002e-5,mg chl per m3,77
01-Jun-2004 00:00,2004,6,0.065968453407288,0.00275006915235161,Chl,0.0567312671692487,-1.75147686220603e-5,mg chl per m3,78
01-Jul-2004 00:00,2004,7,0.0750273704773824,0.0120317356194427,Chl,0.056731955384722,-1.73212352671204e-5,mg chl per m3,79
01-Aug-2004 00:00,2004,8,0.062783236386458,0.001601679914469,Chl,0.0567326436001953,-1.71277019121805e-5,mg chl per m3,80
01-Sep-2004 00:00,2004,9,0.0576948059949442,-0.0013781234421115,Chl,0.0567333318156685,-1.69341685572406e-5,mg chl per m3,81
01-Oct-2004 00:00,2004,10,0.0532945870367202,-0.0038785344945628,Chl,0.0567340200311418,-1.67406352023007e-5,mg chl per m3,82
01-Nov-2004 00:00,2004,11,0.0487721952614859,-0.00669950141971543,Chl,0.056734708246615,-1.65471018473608e-5,mg chl per m3,83
01-Dec-2004 00:00,2004,12,0.0465762236615998,-0.00621734864954289,Chl,0.0567353964620883,-1.63535684924209e-5,mg chl per m3,84
01-Jan-2005 00:00,2005,1,0.0463584417409881,-0.0048726224444069,Chl,0.0567360846775615,-1.6160035137481e-5,mg chl per m3,85
01-Feb-2005 00:00,2005,2,0.0480448816986761,-0.00296638359001147,Chl,0.0567367728930348,-1.59665017825411e-5,mg chl per m3,86
01-Mar-2005 00:00,2005,3,0.0526914494197112,-1.6631876386875e-4,Chl,0.056737461108508,-1.57729684276012e-5,mg chl per m3,87
01-Apr-2005 00:00,2005,4,0.0719721289475298,0.0164799326654111,Chl,0.0567381493239813,-1.55794350726613e-5,mg chl per m3,88
01-May-2005 00:00,2005,5,0.0642327722050959,0.00520935365548351,Chl,0.0567388375394546,-1.53859017177214e-5,mg chl per m3,89
01-Jun-2005 00:00,2005,6,0.0641655646824029,9.4718042746655e-4,Chl,0.0567395257549278,-1.51923683627815e-5,mg chl per m3,90
01-Jul-2005 00:00,2005,7,0.0646319945182051,0.00163635966026549,Chl,0.0567402139704011,-1.49988350078416e-5,mg chl per m3,91
01-Aug-2005 00:00,2005,8,0.0553112305751704,-0.00587032589681853,Chl,0.0567409021858743,-1.48053016529017e-5,mg chl per m3,92
01-Sep-2005 00:00,2005,9,0.0543025114039162,-0.00477041803313942,Chl,0.0567415904013476,-1.46117682979618e-5,mg chl per m3,93
01-Oct-2005 00:00,2005,10,0.0518821059242419,-0.00529101560704107,Chl,0.0567422786168208,-1.44182349430219e-5,mg chl per m3,94
01-Nov-2005 00:00,2005,11,0.0495977001968403,-0.00587399648436104,Chl,0.0567429668322941,-1.4224701588082e-5,mg chl per m3,95
01-Dec-2005 00:00,2005,12,0.0477984075643017,-0.00499516474684104,Chl,0.0567436550477674,-1.40311682331421e-5,mg chl per m3,96
01-Jan-2006 00:00,2006,1,0.0503867274637205,-8.4433672167447e-4,Chl,0.0567443432632406,-1.38376348782022e-5,mg chl per m3,97
01-Feb-2006 00:00,2006,2,0.0555637151227823,0.00455244983409478,Chl,0.0567450314787139,-1.36441015232623e-5,mg chl per m3,98
01-Mar-2006 00:00,2006,3,0.0525385137159744,-3.1925446760557e-4,Chl,0.0567457196941871,-1.34505681683224e-5,mg chl per m3,99
01-Apr-2006 00:00,2006,4,0.0507998841257347,-0.00469231215638403,Chl,0.0567464079096604,-1.32570348133826e-5,mg chl per m3,100
01-May-2006 00:00,2006,5,0.0523476447569722,-0.00667577379264017,Chl,0.0567470961251336,-1.30635014584427e-5,mg chl per m3,101
01-Jun-2006 00:00,2006,6,0.0497614787517987,-0.0134569055031376,Chl,0.0567477843406069,-1.28699681035028e-5,mg chl per m3,102
01-Jul-2006 00:00,2006,7,0.0480751675853604,-0.0149204672725793,Chl,0.0567484725560801,-1.26764347485629e-5,mg chl per m3,103
01-Aug-2006 00:00,2006,8,0.0494075664926064,-0.0117739899793825,Chl,0.0567491607715534,-1.2482901393623e-5,mg chl per m3,104
01-Sep-2006 00:00,2006,9,0.0455243129536073,-0.0135486164834484,Chl,0.0567498489870267,-1.22893680386831e-5,mg chl per m3,105
01-Oct-2006 00:00,2006,10,0.043358313811822,-0.013814807719461,Chl,0.0567505372024999,-1.20958346837432e-5,mg chl per m3,106
01-Nov-2006 00:00,2006,11,0.0411470111589439,-0.0143246855222574,Chl,0.0567512254179732,-1.19023013288033e-5,mg chl per m3,107
01-Dec-2006 00:00,2006,12,0.037695024859403,-0.0150985474517398,Chl,0.0567519136334464,-1.17087679738634e-5,mg chl per m3,108
01-Jan-2007 00:00,2007,1,0.0367691194676661,-0.0144619447177289,Chl,0.0567526018489197,-1.15152346189235e-5,mg chl per m3,109
01-Feb-2007 00:00,2007,2,0.0379424858725804,-0.0130687794161072,Chl,0.0567532900643929,-1.13217012639836e-5,mg chl per m3,110
01-Mar-2007 00:00,2007,3,0.0461047379203962,-0.0067530302631837,Chl,0.0567539782798662,-1.11281679090437e-5,mg chl per m3,111
01-Apr-2007 00:00,2007,4,0.0562495554034978,7.5735912137898e-4,Chl,0.0567546664953395,-1.09346345541038e-5,mg chl per m3,112
01-May-2007 00:00,2007,5,0.0604250166441172,0.00140159809450489,Chl,0.0567553547108127,-1.07411011991639e-5,mg chl per m3,113
01-Jun-2007 00:00,2007,6,0.055047190860796,-0.00817119339414032,Chl,0.056756042926286,-1.0547567844224e-5,mg chl per m3,114
01-Jul-2007 00:00,2007,7,0.0549924193193935,-0.00800321553854618,Chl,0.0567567311417592,-1.03540344892841e-5,mg chl per m3,115
01-Aug-2007 00:00,2007,8,0.0526927030704297,-0.00848885340155924,Chl,0.0567574193572325,-1.01605011343442e-5,mg chl per m3,116
01-Sep-2007 00:00,2007,9,0.0477389206111872,-0.0113340088258684,Chl,0.0567581075727057,-9.96696777940431e-6,mg chl per m3,117
01-Oct-2007 00:00,2007,10,0.044153493425733,-0.0130196281055501,Chl,0.056758795788179,-9.77343442446441e-6,mg chl per m3,118
01-Nov-2007 00:00,2007,11,0.0451407451720679,-0.0103309515091334,Chl,0.0567594840036522,-9.57990106952451e-6,mg chl per m3,119
01-Dec-2007 00:00,2007,12,0.0480424469706897,-0.00475112534045306,Chl,0.0567601722191255,-9.38636771458462e-6,mg chl per m3,120
01-Jan-2008 00:00,2008,1,0.0501395890271397,-0.00109147515825536,Chl,0.0567608604345988,-9.19283435964472e-6,mg chl per m3,121
01-Feb-2008 00:00,2008,2,0.0549864536816501,0.00397518839296252,Chl,0.056761548650072,-8.99930100470482e-6,mg chl per m3,122
01-Mar-2008 00:00,2008,3,0.0563283425713617,0.00347057438778177,Chl,0.0567622368655453,-8.80576764976493e-6,mg chl per m3,123
01-Apr-2008 00:00,2008,4,0.0596171367730882,0.00412494049096947,Chl,0.0567629250810185,-8.61223429482503e-6,mg chl per m3,124
01-May-2008 00:00,2008,5,0.0606754016184586,0.00165198306884622,Chl,0.0567636132964918,-8.41870093988513e-6,mg chl per m3,125
01-Jun-2008 00:00,2008,6,0.0622392205208127,-9.7916373412362e-4,Chl,0.056764301511965,-8.22516758494524e-6,mg chl per m3,126
01-Jul-2008 00:00,2008,7,0.0641149817002392,0.00111934684229953,Chl,0.0567649897274383,-8.03163423000534e-6,mg chl per m3,127
01-Aug-2008 00:00,2008,8,0.0616872654229162,5.0570895092724e-4,Chl,0.0567656779429115,-7.83810087506544e-6,mg chl per m3,128
01-Sep-2008 00:00,2008,9,0.0591105130002247,3.75835631690191e-5,Chl,0.0567663661583848,-7.64456752012555e-6,mg chl per m3,129
01-Oct-2008 00:00,2008,10,0.0539105176070316,-0.00326260392425141,Chl,0.0567670543738581,-7.45103416518565e-6,mg chl per m3,130
01-Nov-2008 00:00,2008,11,0.0599823747304496,0.00451067804924828,Chl,0.0567677425893313,-7.25750081024575e-6,mg chl per m3,131
01-Dec-2008 00:00,2008,12,0.0567887078999806,0.00399513558883784,Chl,0.0567684308048046,-7.06396745530586e-6,mg chl per m3,132
01-Jan-2009 00:00,2009,1,0.0537055068698666,0.00247444268447154,Chl,0.0567691190202778,-6.87043410036596e-6,mg chl per m3,133
01-Feb-2009 00:00,2009,2,0.0510903445390548,7.90792503672436e-5,Chl,0.0567698072357511,-6.67690074542606e-6,mg chl per m3,134
01-Mar-2009 00:00,2009,3,0.0544649323000291,0.00160716411644922,Chl,0.0567704954512243,-6.48336739048617e-6,mg chl per m3,135
01-Apr-2009 00:00,2009,4,0.052161585792472,-0.00333061048964679,Chl,0.0567711836666976,-6.28983403554627e-6,mg chl per m3,136
01-May-2009 00:00,2009,5,0.0541820808617675,-0.00484133768784486,Chl,0.0567718718821709,-6.09630068060637e-6,mg chl per m3,137
01-Jun-2009 00:00,2009,6,0.0577854244838414,-0.00543295977109493,Chl,0.0567725600976441,-5.90276732566648e-6,mg chl per m3,138
01-Jul-2009 00:00,2009,7,0.0675593350610794,0.0045637002031397,Chl,0.0567732483131174,-5.70923397072658e-6,mg chl per m3,139
01-Aug-2009 00:00,2009,8,0.0707058375066993,0.00952428103471031,Chl,0.0567739365285906,-5.51570061578668e-6,mg chl per m3,140
01-Sep-2009 00:00,2009,9,0.0733683545643334,0.0142954251272777,Chl,0.056774624744063897,-5.32216726084679e-6,mg chl per m3,141
01-Oct-2009 00:00,2009,10,0.0714617483276886,0.0142886267964056,Chl,0.0567753129595371,-5.12863390590689e-6,mg chl per m3,142
01-Nov-2009 00:00,2009,11,0.0705969139817381,0.0151252173005368,Chl,0.0567760011750104,-4.93510055096699e-6,mg chl per m3,143
01-Dec-2009 00:00,2009,12,0.0609903790759275,0.00819680676478475,Chl,0.0567766893904836,-4.7415671960271e-6,mg chl per m3,144
01-Jan-2010 00:00,2010,1,0.0549576080862899,0.00372654390089483,Chl,0.0567773776059569,-4.5480338410872e-6,mg chl per m3,145
01-Feb-2010 00:00,2010,2,0.0541484899869388,0.00313722469825124,Chl,0.0567780658214302,-4.3545004861473e-6,mg chl per m3,146
01-Mar-2010 00:00,2010,3,0.0501728793144783,-0.00268488886910164,Chl,0.0567787540369034,-4.1609671312074e-6,mg chl per m3,147
01-Apr-2010 00:00,2010,4,0.0527142533308267,-0.0027779429512920302,Chl,0.0567794422523767,-3.96743377626751e-6,mg chl per m3,148
01-May-2010 00:00,2010,5,0.0572512494991652,-0.00177216905044716,Chl,0.0567801304678499,-3.77390042132761e-6,mg chl per m3,149
01-Jun-2010 00:00,2010,6,0.0645850848010304,0.00136670054609404,Chl,0.0567808186833232,-3.58036706638772e-6,mg chl per m3,150
01-Jul-2010 00:00,2010,7,0.0641385157002255,0.00114288084228582,Chl,0.0567815068987964,-3.38683371144782e-6,mg chl per m3,151
01-Aug-2010 00:00,2010,8,0.0665506456205332,0.00536908914854426,Chl,0.0567821951142697,-3.19330035650792e-6,mg chl per m3,152
01-Sep-2010 00:00,2010,9,0.06950783474858,0.0104349053115244,Chl,0.056782883329743,-2.99976700156803e-6,mg chl per m3,153
01-Oct-2010 00:00,2010,10,0.0655363589981643,0.00836323746688132,Chl,0.0567835715452162,-2.80623364662813e-6,mg chl per m3,154
01-Nov-2010 00:00,2010,11,0.0678446915391524,0.0123729948579511,Chl,0.0567842597606895,-2.61270029168823e-6,mg chl per m3,155
01-Dec-2010 00:00,2010,12,0.065892920279896,0.0130993479687533,Chl,0.0567849479761627,-2.41916693674833e-6,mg chl per m3,156
01-Jan-2011 00:00,2011,1,0.0700819120001906,0.0188508478147956,Chl,0.056785636191636,-2.22563358180844e-6,mg chl per m3,157
01-Feb-2011 00:00,2011,2,0.0664232478477227,0.0154119825590352,Chl,0.0567863244071092,-2.03210022686854e-6,mg chl per m3,158
01-Mar-2011 00:00,2011,3,0.0621956862806299,0.00933791809705001,Chl,0.0567870126225825,-1.83856687192865e-6,mg chl per m3,159
01-Apr-2011 00:00,2011,4,0.0579563742912713,0.00246417800915257,Chl,0.0567877008380557,-1.64503351698875e-6,mg chl per m3,160
01-May-2011 00:00,2011,5,0.0611689789737563,0.00214556042414399,Chl,0.056788389053529,-1.45150016204885e-6,mg chl per m3,161
01-Jun-2011 00:00,2011,6,0.0680232952377009,0.0048049109827646,Chl,0.0567890772690023,-1.25796680710896e-6,mg chl per m3,162
01-Jul-2011 00:00,2011,7,0.0751119727156609,0.0121163378577212,Chl,0.0567897654844755,-1.06443345216906e-6,mg chl per m3,163
01-Aug-2011 00:00,2011,8,0.0844040618021377,0.0232225053301487,Chl,0.0567904536999488,-8.70900097229162e-7,mg chl per m3,164
01-Sep-2011 00:00,2011,9,0.081867183555479,0.0227942541184234,Chl,0.056791141915422,-6.77366742289268e-7,mg chl per m3,165
01-Oct-2011 00:00,2011,10,0.0800581135112323,0.0228849919799493,Chl,0.0567918301308953,-4.83833387349367e-7,mg chl per m3,166
01-Nov-2011 00:00,2011,11,0.075421449754201,0.0199497530729997,Chl,0.0567925183463685,-2.90300032409472e-7,mg chl per m3,167
01-Dec-2011 00:00,2011,12,0.0719597545094876,0.0191661821983449,Chl,0.0567932065618418,-9.67666774695779e-8,mg chl per m3,168
01-Jan-2012 00:00,2012,1,0.068121242527342,0.016890178341947,Chl,0.056793894777315,9.67666774703233e-8,mg chl per m3,169
01-Feb-2012 00:00,2012,2,0.0573954338546247,0.00638416856593715,Chl,0.0567945829927883,2.90300032410218e-7,mg chl per m3,170
01-Mar-2012 00:00,2012,3,0.0599413476356511,0.00708357945207116,Chl,0.0567952712082616,4.83833387350112e-7,mg chl per m3,171
01-Apr-2012 00:00,2012,4,0.0564133171689474,9.211208868286e-4,Chl,0.0567959594237348,6.77366742290013e-7,mg chl per m3,172
01-May-2012 00:00,2012,5,0.0568780928981935,-0.00214532565141879,Chl,0.0567966476392081,8.70900097229908e-7,mg chl per m3,173
01-Jun-2012 00:00,2012,6,0.0558865277894271,-0.00733185646550921,Chl,0.0567973358546813,1.0644334521698e-6,mg chl per m3,174
01-Jul-2012 00:00,2012,7,0.0611791387812406,-0.00181649607669901,Chl,0.0567980240701546,1.2579668071097e-6,mg chl per m3,175
01-Aug-2012 00:00,2012,8,0.0586874122251528,-0.00249414424683623,Chl,0.0567987122856278,1.4515001620496e-6,mg chl per m3,176
01-Sep-2012 00:00,2012,9,0.0561400194183549,-0.00293291001870073,Chl,0.0567994005011011,1.64503351698949e-6,mg chl per m3,177
01-Oct-2012 00:00,2012,10,0.0559006819982051,-0.00127243953307788,Chl,0.0568000887165743,1.83856687192939e-6,mg chl per m3,178
01-Nov-2012 00:00,2012,11,0.0536810694687456,-0.00179062721245572,Chl,0.0568007769320476,2.03210022686929e-6,mg chl per m3,179
01-Dec-2012 00:00,2012,12,0.0501257304567844,-0.00266784185435835,Chl,0.0568014651475209,2.22563358180918e-6,mg chl per m3,180
01-Jan-2013 00:00,2013,1,0.0473980248394591,-0.00383303934593592,Chl,0.0568021533629941,2.41916693674908e-6,mg chl per m3,181
01-Feb-2013 00:00,2013,2,0.0391262099499067,-0.0118850553387808,Chl,0.0568028415784674,2.61270029168898e-6,mg chl per m3,182
01-Mar-2013 00:00,2013,3,0.040450518855838,-0.012407249327742,Chl,0.0568035297939406,2.80623364662887e-6,mg chl per m3,183
01-Apr-2013 00:00,2013,4,0.0431081275471099,-0.0123840687350089,Chl,0.0568042180094139,2.99976700156877e-6,mg chl per m3,184
01-May-2013 00:00,2013,5,0.0513687675013898,-0.00765465104822249,Chl,0.0568049062248871,3.19330035650867e-6,mg chl per m3,185
01-Jun-2013 00:00,2013,6,0.053691596788413,-0.00952678746652336,Chl,0.0568055944403604,3.38683371144856e-6,mg chl per m3,186
01-Jul-2013 00:00,2013,7,0.0564488702626002,-0.00654676459533946,Chl,0.0568062826558337,3.58036706638846e-6,mg chl per m3,187
01-Aug-2013 00:00,2013,8,0.055105184798571,-0.00607637167341799,Chl,0.0568069708713069,3.77390042132836e-6,mg chl per m3,188
01-Sep-2013 00:00,2013,9,0.0510776342913239,-0.00799529514573177,Chl,0.0568076590867802,3.96743377626825e-6,mg chl per m3,189
01-Oct-2013 00:00,2013,10,0.0538731682728272,-0.00329995325845586,Chl,0.0568083473022534,4.16096713120815e-6,mg chl per m3,190
01-Nov-2013 00:00,2013,11,0.0515000212131553,-0.00397167546804597,Chl,0.0568090355177267,4.35450048614805e-6,mg chl per m3,191
01-Dec-2013 00:00,2013,12,0.0490819363100084,-0.00371163600113431,Chl,0.0568097237331999,4.54803384108794e-6,mg chl per m3,192
01-Jan-2014 00:00,2014,1,0.0453283265677413,-0.00590273761765373,Chl,0.0568104119486732,4.74156719602784e-6,mg chl per m3,193
01-Feb-2014 00:00,2014,2,0.0391354278756757,-0.0118758374130118,Chl,0.0568111001641464,4.93510055096774e-6,mg chl per m3,194
01-Mar-2014 00:00,2014,3,0.0424138230340679,-0.0104439451495121,Chl,0.0568117883796197,5.12863390590764e-6,mg chl per m3,195
01-Apr-2014 00:00,2014,4,0.0430379347311089,-0.0124542615510099,Chl,0.056812476595093,5.32216726084753e-6,mg chl per m3,196
01-May-2014 00:00,2014,5,0.0471551963918654,-0.0118682221577469,Chl,0.0568131648105662,5.51570061578743e-6,mg chl per m3,197
01-Jun-2014 00:00,2014,6,0.0523686301904482,-0.0108497540644882,Chl,0.0568138530260395,5.70923397072733e-6,mg chl per m3,198
01-Jul-2014 00:00,2014,7,0.0549417070265941,-0.00805392783134552,Chl,0.0568145412415127,5.90276732566722e-6,mg chl per m3,199
01-Aug-2014 00:00,2014,8,0.0571672820492552,-0.00401427442273375,Chl,0.056815229456986,6.09630068060712e-6,mg chl per m3,200
01-Sep-2014 00:00,2014,9,0.0630055045324983,0.00393257509544263,Chl,0.0568159176724592,6.28983403554702e-6,mg chl per m3,201
01-Oct-2014 00:00,2014,10,0.062974383172025,0.00580126164074204,Chl,0.0568166058879325,6.48336739048691e-6,mg chl per m3,202
01-Nov-2014 00:00,2014,11,0.060978331942682,0.00550663526148069,Chl,0.0568172941034058,6.67690074542681e-6,mg chl per m3,203
01-Dec-2014 00:00,2014,12,0.0532903300670487,4.9675775590601e-4,Chl,0.056817982318879,6.87043410036671e-6,mg chl per m3,204
01-Jan-2015 00:00,2015,1,0.0466975587471623,-0.00453350543823272,Chl,0.0568186705343523,7.0639674553066e-6,mg chl per m3,205
01-Feb-2015 00:00,2015,2,0.0473160070693605,-0.003695258219327,Chl,0.0568193587498255,7.2575008102465e-6,mg chl per m3,206
01-Mar-2015 00:00,2015,3,0.0502918913587788,-0.00256587682480112,Chl,0.0568200469652988,7.4510341651864e-6,mg chl per m3,207
01-Apr-2015 00:00,2015,4,0.0573509863113855,0.00185879002926676,Chl,0.056820735180772,7.6445675201263e-6,mg chl per m3,208
01-May-2015 00:00,2015,5,0.0588287453078068,-1.9467324180556e-4,Chl,0.0568214233962453,7.83810087506619e-6,mg chl per m3,209
01-Jun-2015 00:00,2015,6,0.0646349562148144,0.00141657195987809,Chl,0.0568221116117185,8.03163423000609e-6,mg chl per m3,210
01-Jul-2015 00:00,2015,7,0.0681197751041935,0.00512414024625385,Chl,0.0568227998271918,8.22516758494598e-6,mg chl per m3,211
01-Aug-2015 00:00,2015,8,0.078327264476957,0.017145708004968,Chl,0.0568234880426651,8.41870093988588e-6,mg chl per m3,212
01-Sep-2015 00:00,2015,9,0.0753589920302214,0.0162860625931657,Chl,0.0568241762581383,8.61223429482578e-6,mg chl per m3,213
01-Oct-2015 00:00,2015,10,0.0649741815488585,0.00780106001757545,Chl,0.0568248644736116,8.80576764976567e-6,mg chl per m3,214
01-Nov-2015 00:00,2015,11,0.0589483060928324,0.00347660941163109,Chl,0.0568255526890848,8.99930100470557e-6,mg chl per m3,215
01-Dec-2015 00:00,2015,12,0.0505838976582721,-0.0022096746528706,Chl,0.0568262409045581,9.19283435964547e-6,mg chl per m3,216
01-Jan-2016 00:00,2016,1,0.0517288773933436,4.9781320794855e-4,Chl,0.0568269291200313,9.38636771458537e-6,mg chl per m3,217
01-Feb-2016 00:00,2016,2,0.047106726295303,-0.00390453899338453,Chl,0.0568276173355046,9.57990106952526e-6,mg chl per m3,218
01-Mar-2016 00:00,2016,3,0.0504362228642084,-0.00242154531937155,Chl,0.0568283055509778,9.77343442446516e-6,mg chl per m3,219
01-Apr-2016 00:00,2016,4,0.0576613058759934,0.00216910959387463,Chl,0.0568289937664511,9.96696777940506e-6,mg chl per m3,220
01-May-2016 00:00,2016,5,0.0581083067937681,-9.1511175584425e-4,Chl,0.0568296819819244,1.0160501134345e-5,mg chl per m3,221
01-Jun-2016 00:00,2016,6,0.062782005308541,-4.3637894639539e-4,Chl,0.0568303701973976,1.03540344892849e-5,mg chl per m3,222
01-Jul-2016 00:00,2016,7,0.0678476141908574,0.00485197933291777,Chl,0.0568310584128709,1.05475678442247e-5,mg chl per m3,223
01-Aug-2016 00:00,2016,8,0.058757044623769,-0.00242451184821996,Chl,0.0568317466283441,1.07411011991646e-5,mg chl per m3,224
01-Sep-2016 00:00,2016,9,0.0530210220272002,-0.00605190740985551,Chl,0.0568324348438174,1.09346345541045e-5,mg chl per m3,225
01-Oct-2016 00:00,2016,10,0.0489905865734168,-0.00818253495786617,Chl,0.0568331230592906,1.11281679090444e-5,mg chl per m3,226
01-Nov-2016 00:00,2016,11,0.0499683467534075,-0.0055033499277938,Chl,0.0568338112747639,1.13217012639843e-5,mg chl per m3,227
01-Dec-2016 00:00,2016,12,0.0557492199478039,0.00295564763666115,Chl,0.0568344994902372,1.15152346189242e-5,mg chl per m3,228
01-Jan-2017 00:00,2017,1,0.053189606116484,0.00195854193108893,Chl,0.0568351877057104,1.17087679738641e-5,mg chl per m3,229
01-Feb-2017 00:00,2017,2,0.0486409624237229,-0.00237030286496467,Chl,0.0568358759211837,1.1902301328804e-5,mg chl per m3,230
01-Mar-2017 00:00,2017,3,0.0448949651843566,-0.00796280299922332,Chl,0.0568365641366569,1.20958346837439e-5,mg chl per m3,231
01-Apr-2017 00:00,2017,4,0.0458538724399905,-0.00963832384212827,Chl,0.0568372523521302,1.22893680386838e-5,mg chl per m3,232
01-May-2017 00:00,2017,5,0.052664161763707,-0.00635925678590536,Chl,0.0568379405676034,1.24829013936237e-5,mg chl per m3,233
01-Jun-2017 00:00,2017,6,0.0498877419728381,-0.0133306422820983,Chl,0.0568386287830767,1.26764347485636e-5,mg chl per m3,234
01-Jul-2017 00:00,2017,7,0.0487196646730357,-0.014275970184904,Chl,0.05683931699855,1.28699681035035e-5,mg chl per m3,235
01-Aug-2017 00:00,2017,8,0.0465711562234247,-0.0146104002485642,Chl,0.0568400052140232,1.30635014584434e-5,mg chl per m3,236
01-Sep-2017 00:00,2017,9,0.0425714114922003,-0.0165015179448554,Chl,0.0568406934294965,1.32570348133833e-5,mg chl per m3,237
01-Oct-2017 00:00,2017,10,0.042024519955246,-0.0151486015760371,Chl,0.0568413816449697,1.34505681683232e-5,mg chl per m3,238
01-Nov-2017 00:00,2017,11,0.039617462405892,-0.0158542342753092,Chl,0.056842069860443,1.36441015232631e-5,mg chl per m3,239
01-Dec-2017 00:00,2017,12,0.0402066317275792,-0.0125869405835635,Chl,0.0568427580759162,1.3837634878203e-5,mg chl per m3,240
01-Jan-2018 00:00,2018,1,0.0418629606600245,-0.00936810352537048,Chl,0.0568434462913895,1.40311682331429e-5,mg chl per m3,241
01-Feb-2018 00:00,2018,2,0.046101198470854,-0.00491006681783354,Chl,0.0568441345068627,1.42247015880828e-5,mg chl per m3,242
01-Mar-2018 00:00,2018,3,0.0496132899431585,-0.00324447824042144,Chl,0.056844822722336,1.44182349430227e-5,mg chl per m3,243
01-Apr-2018 00:00,2018,4,0.0597676170500503,0.00427542076793157,Chl,0.0568455109378092,1.46117682979626e-5,mg chl per m3,244
01-May-2018 00:00,2018,5,0.0736261606772211,0.0146027421276087,Chl,0.0568461991532825,1.48053016529025e-5,mg chl per m3,245
01-Jun-2018 00:00,2018,6,0.0813875139571447,0.0181691297022084,Chl,0.0568468873687558,1.49988350078424e-5,mg chl per m3,246
01-Jul-2018 00:00,2018,7,0.0668250278596727,0.00382939300173306,Chl,0.056847575584229,1.51923683627823e-5,mg chl per m3,247
01-Aug-2018 00:00,2018,8,0.0550170947929608,-0.00616446167902815,Chl,0.0568482637997023,1.53859017177222e-5,mg chl per m3,248
01-Sep-2018 00:00,2018,9,0.0528875265543053,-0.00618540288275034,Chl,0.0568489520151755,1.55794350726621e-5,mg chl per m3,249
01-Oct-2018 00:00,2018,10,0.0517166842655408,-0.00545643726574224,Chl,0.0568496402306488,1.5772968427602e-5,mg chl per m3,250
01-Nov-2018 00:00,2018,11,0.0488335905162835,-0.00663810616491783,Chl,0.056850328446122,1.59665017825419e-5,mg chl per m3,251
01-Dec-2018 00:00,2018,12,0.0481289072231253,-0.00466466508801745,Chl,0.0568510166615953,1.61600351374818e-5,mg chl per m3,252
01-Jan-2019 00:00,2019,1,0.0488345533286283,-0.00239651085676675,Chl,0.0568517048770686,1.63535684924216e-5,mg chl per m3,253
01-Feb-2019 00:00,2019,2,0.0522974191503257,0.00128615386163813,Chl,0.0568523930925418,1.65471018473615e-5,mg chl per m3,254
01-Mar-2019 00:00,2019,3,0.0536373631789428,7.7959499536289e-4,Chl,0.0568530813080151,1.67406352023014e-5,mg chl per m3,255
01-Apr-2019 00:00,2019,4,0.0561648406788215,6.7264439670267e-4,Chl,0.0568537695234883,1.69341685572413e-5,mg chl per m3,256
01-May-2019 00:00,2019,5,0.0643581705391308,0.00533475198951851,Chl,0.0568544577389616,1.71277019121812e-5,mg chl per m3,257
01-Jun-2019 00:00,2019,6,0.0689718123833203,0.00575342812838397,Chl,0.0568551459544348,1.73212352671211e-5,mg chl per m3,258
01-Jul-2019 00:00,2019,7,0.0708632223126854,0.00786758745474574,Chl,0.0568558341699081,1.7514768622061e-5,mg chl per m3,259
01-Aug-2019 00:00,2019,8,0.0593720545934974,-0.00180950187849156,Chl,0.0568565223853813,1.77083019770009e-5,mg chl per m3,260
01-Sep-2019 00:00,2019,9,0.0557274670497896,-0.00334546238726608,Chl,0.0568572106008546,1.79018353319408e-5,mg chl per m3,261
01-Oct-2019 00:00,2019,10,0.0553821126180004,-0.00179100891328265,Chl,0.0568578988163279,1.80953686868807e-5,mg chl per m3,262
01-Nov-2019 00:00,2019,11,0.0491880129164243,-0.00628368376477702,Chl,0.0568585870318011,1.82889020418206e-5,mg chl per m3,263
01-Dec-2019 00:00,2019,12,0.0504176866352978,-0.00237588567584487,Chl,0.0568592752472744,1.84824353967605e-5,mg chl per m3,264
01-Jan-2020 00:00,2020,1,0.0521533434085723,9.2227922317725e-4,Chl,0.0568599634627476,1.86759687517004e-5,mg chl per m3,265
01-Feb-2020 00:00,2020,2,0.0627535155481899,0.0117422502595024,Chl,0.0568606516782209,1.88695021066403e-5,mg chl per m3,266
01-Mar-2020 00:00,2020,3,0.0720815365680513,0.0192237683844714,Chl,0.0568613398936941,1.90630354615802e-5,mg chl per m3,267
01-Apr-2020 00:00,2020,4,0.0631046968084575,0.0076125005263387,Chl,0.0568620281091674,1.92565688165201e-5,mg chl per m3,268
01-May-2020 00:00,2020,5,0.062860190663476,0.00383677211386367,Chl,0.0568627163246406,1.945010217146e-5,mg chl per m3,269
01-Jun-2020 00:00,2020,6,0.0655327944200692,0.00231441016513284,Chl,0.0568634045401139,1.96436355263999e-5,mg chl per m3,270
01-Jul-2020 00:00,2020,7,0.0591542636033364,-0.00384137125460323,Chl,0.0568640927555872,1.98371688813398e-5,mg chl per m3,271
01-Aug-2020 00:00,2020,8,0.0521290685594815,-0.00905248791250744,Chl,0.0568647809710604,2.00307022362797e-5,mg chl per m3,272
01-Sep-2020 00:00,2020,9,0.0492975902705767,-0.00977533916647892,Chl,0.0568654691865337,2.02242355912196e-5,mg chl per m3,273
01-Oct-2020 00:00,2020,10,0.0476114148792189,-0.00956170665206411,Chl,0.0568661574020069,2.04177689461595e-5,mg chl per m3,274
01-Nov-2020 00:00,2020,11,0.0450549826762262,-0.0104167140049751,Chl,0.0568668456174802,2.06113023010994e-5,mg chl per m3,275
01-Dec-2020 00:00,2020,12,0.0466879875877961,-0.00610558472334658,Chl,0.0568675338329534,2.08048356560393e-5,mg chl per m3,276
01-Jan-2021 00:00,2021,1,0.0465437116015083,-0.0046873525838867,Chl,0.0568682220484267,2.09983690109792e-5,mg chl per m3,277
01-Feb-2021 00:00,2021,2,0.0546820580476879,0.00367079275900039,Chl,0.0568689102639,2.11919023659191e-5,mg chl per m3,278
01-Mar-2021 00:00,2021,3,0.0616268931989842,0.00876912501540426,Chl,0.0568695984793732,2.1385435720859e-5,mg chl per m3,279
01-Apr-2021 00:00,2021,4,0.0623633435439491,0.00687114726183032,Chl,0.0568702866948465,2.15789690757989e-5,mg chl per m3,280
01-May-2021 00:00,2021,5,0.0627696336168643,0.00374621506725195,Chl,0.0568709749103197,2.17725024307388e-5,mg chl per m3,281
01-Jun-2021 00:00,2021,6,0.0706070625904088,0.00738867833547242,Chl,0.056871663125793,2.19660357856787e-5,mg chl per m3,282
01-Jul-2021 00:00,2021,7,0.0638250625102572,8.2942765231752e-4,Chl,0.0568723513412662,2.21595691406185e-5,mg chl per m3,283
01-Aug-2021 00:00,2021,8,0.0625081407751665,0.00132658430317748,Chl,0.0568730395567395,2.23531024955584e-5,mg chl per m3,284
01-Sep-2021 00:00,2021,9,0.0589772051323202,-9.57243047354922e-5,Chl,0.0568737277722127,2.25466358504983e-5,mg chl per m3,285
01-Oct-2021 00:00,2021,10,0.0627553179852784,0.00558219645399544,Chl,0.056874415987686,2.27401692054382e-5,mg chl per m3,286
01-Nov-2021 00:00,2021,11,0.0592696785695794,0.00379798188837814,Chl,0.0568751042031593,2.29337025603781e-5,mg chl per m3,287
01-Dec-2021 00:00,2021,12,0.058630876645721,0.0058373043345783,Chl,0.0568757924186325,2.3127235915318e-5,mg chl per m3,288
01-Jan-2022 00:00,2022,1,0.0517964601870474,5.6539600165234e-4,Chl,0.0568764806341058,2.33207692702579e-5,mg chl per m3,289
01-Feb-2022 00:00,2022,2,0.0484276164633903,-0.00258364882529727,Chl,0.056877168849579,2.35143026251978e-5,mg chl per m3,290
01-Mar-2022 00:00,2022,3,0.0472732396743274,-0.00558452850925253,Chl,0.0568778570650523,2.37078359801377e-5,mg chl per m3,291
01-Apr-2022 00:00,2022,4,0.0574887765419799,0.00199658025986114,Chl,0.0568785452805255,2.39013693350776e-5,mg chl per m3,292
01-May-2022 00:00,2022,5,0.05755417300171,-0.0014692455479023499,Chl,0.0568792334959988,2.40949026900175e-5,mg chl per m3,293
01-Jun-2022 00:00,2022,6,0.0604651571982131,-0.00275322705672327,Chl,0.056879921711472,2.42884360449574e-5,mg chl per m3,294
01-Jul-2022 00:00,2022,7,0.0668789903441626,0.00388335548622298,Chl,0.0568806099269453,2.44819693998973e-5,mg chl per m3,295
01-Aug-2022 00:00,2022,8,0.0669883973779482,0.00580684090595917,Chl,0.0568812981424186,2.46755027548372e-5,mg chl per m3,296
01-Sep-2022 00:00,2022,9,0.0604719850457434,0.00139905560868771,Chl,0.0568819863578918,2.48690361097771e-5,mg chl per m3,297
01-Oct-2022 00:00,2022,10,0.0619834655884705,0.00481034405718751,Chl,0.0568826745733651,2.5062569464717e-5,mg chl per m3,298
01-Nov-2022 00:00,2022,11,0.0637912062752604,0.00831950959405908,Chl,0.0568833627888383,2.52561028196569e-5,mg chl per m3,299
01-Dec-2022 00:00,2022,12,0.0581792867210881,0.00538571440994538,Chl,0.0568840510043116,2.54496361745968e-5,mg chl per m3,300
01-Jan-2023 00:00,2023,1,0.054333138094658,0.00310207390926293,Chl,0.0568847392197848,2.56431695295367e-5,mg chl per m3,301
01-Feb-2023 00:00,2023,2,0.0549087278361624,0.00389746254747486,Chl,0.0568854274352581,2.58367028844766e-5,mg chl per m3,302
01-Mar-2023 00:00,2023,3,0.0626390654682719,0.00978129728469194,Chl,0.0568861156507314,2.60302362394165e-5,mg chl per m3,303
01-Apr-2023 00:00,2023,4,0.0631599867123545,0.0076677904302357,Chl,0.0568868038662046,2.62237695943564e-5,mg chl per m3,304
01-May-2023 00:00,2023,5,0.0613863543103556,0.00236293576074331,Chl,0.0568874920816779,2.64173029492963e-5,mg chl per m3,305
01-Jun-2023 00:00,2023,6,0.0669640862339853,0.00374570197904894,Chl,0.0568881802971511,2.66108363042362e-5,mg chl per m3,306
01-Jul-2023 00:00,2023,7,0.0644344352989643,0.00143880044102464,Chl,0.0568888685126244,2.68043696591761e-5,mg chl per m3,307
01-Aug-2023 00:00,2023,8,0.0596417415599813,-0.00153981491200771,Chl,0.0568895567280976,2.6997903014116e-5,mg chl per m3,308
01-Sep-2023 00:00,2023,9,0.0590247289598216,-4.82004772340283e-5,Chl,0.0568902449435709,2.71914363690559e-5,mg chl per m3,309
01-Oct-2023 00:00,2023,10,0.0590467144850442,0.00187359295376122,Chl,0.0568909331590441,2.73849697239958e-5,mg chl per m3,310
01-Nov-2023 00:00,2023,11,0.0541769078377475,-0.00129478884345381,Chl,0.0568916213745174,2.75785030789357e-5,mg chl per m3,311
01-Dec-2023 00:00,2023,12,0.0570303255432238,0.00423675323208113,Chl,0.0568923095899907,2.77720364338756e-5,mg chl per m3,312
01-Jan-2024 00:00,2024,1,0.05445663953409,0.00322557534869501,Chl,0.0568929978054639,2.79655697888154e-5,mg chl per m3,313
01-Feb-2024 00:00,2024,2,0.0582586891212739,0.00724742383258635,Chl,0.0568936860209372,2.81591031437553e-5,mg chl per m3,314
01-Mar-2024 00:00,2024,3,0.048563799367024,-0.00429396881655598,Chl,0.0568943742364104,2.83526364986952e-5,mg chl per m3,315
01-Apr-2024 00:00,2024,4,0.0497450590174422,-0.00574713726467654,Chl,0.0568950624518837,2.85461698536351e-5,mg chl per m3,316
01-May-2024 00:00,2024,5,0.0523680357299509,-0.00665538281966142,Chl,0.0568957506673569,2.8739703208575e-5,mg chl per m3,317
01-Jun-2024 00:00,2024,6,0.0579164228934045,-0.00530196136153187,Chl,0.0568964388828302,2.89332365635149e-5,mg chl per m3,318
01-Jul-2024 00:00,2024,7,0.0590019976430628,-0.00399363721487684,Chl,0.0568971270983034,2.91267699184548e-5,mg chl per m3,319
01-Aug-2024 00:00,2024,8,0.0603702737450095,-8.1128272697945e-4,Chl,0.0568978153137767,2.93203032733947e-5,mg chl per m3,320
01-Sep-2024 00:00,2024,9,0.054567579077211,-0.00450535035984469,Chl,0.05689850352925,2.95138366283346e-5,mg chl per m3,321
01-Oct-2024 00:00,2024,10,0.0587412869285404,0.0015681653972574,Chl,0.0568991917447232,2.97073699832745e-5,mg chl per m3,322
01-Nov-2024 00:00,2024,11,0.0551497053239099,-3.2199135729137e-4,Chl,0.0568998799601965,2.99009033382144e-5,mg chl per m3,323
01-Dec-2024 00:00,2024,12,0.0502855995457204,-0.0025079727654223,Chl,0.0569005681756697,3.00944366931543e-5,mg chl per m3,324
01-Jan-2025 00:00,2025,1,0.0488470749918241,-0.00238398919357093,Chl,0.056901256391143,3.02879700480942e-5,mg chl per m3,325
01-Feb-2025 00:00,2025,2,0.0492266076920513,-0.00178465759663621,Chl,0.0569019446066162,3.04815034030341e-5,mg chl per m3,326
01-Mar-2025 00:00,2025,3,0.0539432187700535,0.00108545058647361,Chl,0.0569026328220895,3.0675036757974e-5,mg chl per m3,327
01-Apr-2025 00:00,2025,4,0.051229640415532,-0.00426255586658672,Chl,0.0569033210375628,3.08685701129139e-5,mg chl per m3,328
01-May-2025 00:00,2025,5,0.0564166808842063,-0.00260673766540604,Chl,0.056904009253036,3.10621034678538e-5,mg chl per m3,329
01-Jun-2025 00:00,2025,6,0.0601565502292357,-0.00306183402570064,Chl,0.0569046974685093,3.12556368227937e-5,mg chl per m3,330
01-Jul-2025 00:00,2025,7,0.0617939820523868,-0.00120165280555289,Chl,0.0569053856839825,3.14491701777336e-5,mg chl per m3,331
01-Aug-2025 00:00,2025,8,0.0615749112951247,3.9335482313571e-4,Chl,0.0569060738994558,3.16427035326735e-5,mg chl per m3,332
01-Sep-2025 00:00,2025,9,0.0618686812803685,0.00279575184331282,Chl,0.056906762114929,3.18362368876134e-5,mg chl per m3,333
01-Oct-2025 00:00,2025,10,0.0608865752228587,0.00371345369157568,Chl,0.0569074503304023,3.20297702425533e-5,mg chl per m3,334
01-Nov-2025 00:00,2025,11,0.0602897115118345,0.00481801483063322,Chl,0.0569081385458755,3.22233035974932e-5,mg chl per m3,335
01-Dec-2025 00:00,2025,12,0.0562025723559339,0.00340900004479118,Chl,0.0569088267613488,3.24168369524331e-5,mg chl per m3,336
01-Jan-1979 00:00,1979,1,10.0671875,0.290641622340425,Rainfall,6.37094210178952,0.241410927791377,mm per day,1
01-Feb-1979 00:00,1979,2,4.2734375,-5.66207613031915,Rainfall,6.36995677283978,0.240553340126044,mm per day,2
01-Mar-1979 00:00,1979,3,5.84609375,-1.41807679521277,Rainfall,6.36897144389004,0.23969575246071,mm per day,3
01-Apr-1979 00:00,1979,4,6.596875,-0.0645777925531918,Rainfall,6.3679861149403,0.238838164795377,mm per day,4
01-May-1979 00:00,1979,5,5.67890625,-0.00243517287234063,Rainfall,6.36700078599056,0.237980577130043,mm per day,5
01-Jun-1979 00:00,1979,6,7.066796875,3.20527759308511,Rainfall,6.36601545704082,0.23712298946471,mm per day,6
01-Jul-1979 00:00,1979,7,3.478125,0.323877992021277,Rainfall,6.36503012809108,0.236265401799376,mm per day,7
01-Aug-1979 00:00,1979,8,3.715234375,0.909782247340426,Rainfall,6.36404479914134,0.235407814134043,mm per day,8
01-Sep-1979 00:00,1979,9,4.61796875,1.19526263297872,Rainfall,6.36305947019161,0.234550226468709,mm per day,9
01-Oct-1979 00:00,1979,10,6.85,1.69955119680851,Rainfall,6.36207414124187,0.233692638803376,mm per day,10
01-Nov-1979 00:00,1979,11,5.55390625,-1.18884640957447,Rainfall,6.36108881229213,0.232835051138042,mm per day,11
01-Dec-1979 00:00,1979,12,8.907421875,0.240708111702128,Rainfall,6.36010348334239,0.231977463472709,mm per day,12
01-Jan-1980 00:00,1980,1,8.309375,-1.46717087765957,Rainfall,6.35911815439265,0.231119875807375,mm per day,13
01-Feb-1980 00:00,1980,2,7.859375,-2.07613863031915,Rainfall,6.35813282544291,0.230262288142042,mm per day,14
01-Mar-1980 00:00,1980,3,7.6453125,0.381141954787235,Rainfall,6.35714749649317,0.229404700476708,mm per day,15
01-Apr-1980 00:00,1980,4,7.734765625,1.07331283244681,Rainfall,6.35616216754343,0.228547112811375,mm per day,16
01-May-1980 00:00,1980,5,8.383203125,2.70186170212766,Rainfall,6.35517683859369,0.227689525146041,mm per day,17
01-Jun-1980 00:00,1980,6,3.959375,0.097855718085107,Rainfall,6.35419150964395,0.226831937480708,mm per day,18
01-Jul-1980 00:00,1980,7,3.283984375,0.129737367021277,Rainfall,6.35320618069421,0.225974349815374,mm per day,19
01-Aug-1980 00:00,1980,8,4.466796875,1.66134474734043,Rainfall,6.35222085174447,0.225116762150041,mm per day,20
01-Sep-1980 00:00,1980,9,5.0578125,1.63510638297872,Rainfall,6.35123552279474,0.224259174484707,mm per day,21
01-Oct-1980 00:00,1980,10,6.23359375,1.08314494680851,Rainfall,6.350250193845,0.223401586819374,mm per day,22
01-Nov-1980 00:00,1980,11,7.51171875,0.768966090425532,Rainfall,6.34926486489526,0.22254399915404,mm per day,23
01-Dec-1980 00:00,1980,12,6.404296875,-2.26241688829787,Rainfall,6.34827953594552,0.221686411488707,mm per day,24
01-Jan-1981 00:00,1981,1,10.056640625,0.280094747340426,Rainfall,6.34729420699578,0.220828823823373,mm per day,25
01-Feb-1981 00:00,1981,2,12.438671875,2.50315824468085,Rainfall,6.34630887804604,0.21997123615804,mm per day,26
01-Mar-1981 00:00,1981,3,8.54609375,1.28192320478724,Rainfall,6.3453235490963,0.219113648492706,mm per day,27
01-Apr-1981 00:00,1981,4,9.323046875,2.66159408244681,Rainfall,6.34433822014656,0.218256060827373,mm per day,28
01-May-1981 00:00,1981,5,5.611328125,-0.0700132978723405,Rainfall,6.34335289119682,0.217398473162039,mm per day,29
01-Jun-1981 00:00,1981,6,5.357421875,1.49590259308511,Rainfall,6.34236756224708,0.216540885496706,mm per day,30
01-Jul-1981 00:00,1981,7,3.703125,0.548877992021277,Rainfall,6.34138223329734,0.215683297831372,mm per day,31
01-Aug-1981 00:00,1981,8,2.8640625,0.0586103723404259,Rainfall,6.3403969043476,0.214825710166039,mm per day,32
01-Sep-1981 00:00,1981,9,3.525,0.102293882978723,Rainfall,6.33941157539787,0.213968122500705,mm per day,33
01-Oct-1981 00:00,1981,10,6.093359375,0.942910571808511,Rainfall,6.33842624644813,0.213110534835372,mm per day,34
01-Nov-1981 00:00,1981,11,7.515625,0.772872340425532,Rainfall,6.33744091749839,0.212252947170038,mm per day,35
01-Dec-1981 00:00,1981,12,11.139453125,2.47273936170213,Rainfall,6.33645558854865,0.211395359504705,mm per day,36
01-Jan-1982 00:00,1982,1,9.211328125,-0.565217752659574,Rainfall,6.33547025959891,0.210537771839372,mm per day,37
01-Feb-1982 00:00,1982,2,15.639453125,5.70393949468085,Rainfall,6.33448493064917,0.209680184174038,mm per day,38
01-Mar-1982 00:00,1982,3,3.9359375,-3.32823304521277,Rainfall,6.33349960169943,0.208822596508705,mm per day,39
01-Apr-1982 00:00,1982,4,4.998046875,-1.66340591755319,Rainfall,6.33251427274969,0.207965008843371,mm per day,40
01-May-1982 00:00,1982,5,6.0015625,0.32022107712766,Rainfall,6.33152894379995,0.207107421178038,mm per day,41
01-Jun-1982 00:00,1982,6,2.65234375,-1.20917553191489,Rainfall,6.33054361485021,0.206249833512704,mm per day,42
01-Jul-1982 00:00,1982,7,2.62265625,-0.531590757978723,Rainfall,6.32955828590047,0.205392245847371,mm per day,43
01-Aug-1982 00:00,1982,8,4.904296875,2.09884474734043,Rainfall,6.32857295695073,0.204534658182037,mm per day,44
01-Sep-1982 00:00,1982,9,5.044140625,1.62143450797872,Rainfall,6.327587628001,0.203677070516704,mm per day,45
01-Oct-1982 00:00,1982,10,3.73984375,-1.41060505319149,Rainfall,6.32660229905126,0.20281948285137,mm per day,46
01-Nov-1982 00:00,1982,11,6.881640625,0.138887965425532,Rainfall,6.32561697010152,0.201961895186037,mm per day,47
01-Dec-1982 00:00,1982,12,1.51640625,-7.15030751329787,Rainfall,6.32463164115178,0.201104307520703,mm per day,48
01-Jan-1983 00:00,1983,1,9.4484375,-0.328108377659571,Rainfall,6.32364631220204,0.20024671985537,mm per day,49
01-Feb-1983 00:00,1983,2,7.16875,-2.76676363031915,Rainfall,6.3226609832523,0.199389132190036,mm per day,50
01-Mar-1983 00:00,1983,3,5.75546875,-1.50870179521277,Rainfall,6.32167565430256,0.198531544524703,mm per day,51
01-Apr-1983 00:00,1983,4,3.83359375,-2.82785904255319,Rainfall,6.32069032535282,0.197673956859369,mm per day,52
01-May-1983 00:00,1983,5,4.74140625,-0.939935172872341,Rainfall,6.31970499640308,0.196816369194036,mm per day,53
01-Jun-1983 00:00,1983,6,2.2078125,-1.65370678191489,Rainfall,6.31871966745334,0.195958781528702,mm per day,54
01-Jul-1983 00:00,1983,7,1.626171875,-1.52807513297872,Rainfall,6.3177343385036,0.195101193863369,mm per day,55
01-Aug-1983 00:00,1983,8,2.21796875,-0.587483377659574,Rainfall,6.31674900955386,0.194243606198035,mm per day,56
01-Sep-1983 00:00,1983,9,2.7578125,-0.664893617021276,Rainfall,6.31576368060413,0.193386018532702,mm per day,57
01-Oct-1983 00:00,1983,10,6.42265625,1.27220744680851,Rainfall,6.31477835165439,0.192528430867368,mm per day,58
01-Nov-1983 00:00,1983,11,6.476953125,-0.265799534574469,Rainfall,6.31379302270465,0.191670843202035,mm per day,59
01-Dec-1983 00:00,1983,12,11.527734375,2.86102061170213,Rainfall,6.31280769375491,0.190813255536701,mm per day,60
01-Jan-1984 00:00,1984,1,9.900390625,0.123844747340426,Rainfall,6.31182236480517,0.189955667871368,mm per day,61
01-Feb-1984 00:00,1984,2,7.301171875,-2.63434175531915,Rainfall,6.31083703585543,0.189098080206034,mm per day,62
01-Mar-1984 00:00,1984,3,11.388671875,4.12450132978723,Rainfall,6.30985170690569,0.188240492540701,mm per day,63
01-Apr-1984 00:00,1984,4,7.7203125,1.05885970744681,Rainfall,6.30886637795595,0.187382904875367,mm per day,64
01-May-1984 00:00,1984,5,3.5625,-2.11884142287234,Rainfall,6.30788104900621,0.186525317210034,mm per day,65
01-Jun-1984 00:00,1984,6,5.73359375,1.87207446808511,Rainfall,6.30689572005647,0.1856677295447,mm per day,66
01-Jul-1984 00:00,1984,7,4.451171875,1.29692486702128,Rainfall,6.30591039110673,0.184810141879367,mm per day,67
01-Aug-1984 00:00,1984,8,3.31484375,0.509391622340426,Rainfall,6.30492506215699,0.183952554214033,mm per day,68
01-Sep-1984 00:00,1984,9,4.40390625,0.981200132978724,Rainfall,6.30393973320725,0.1830949665487,mm per day,69
01-Oct-1984 00:00,1984,10,5.09375,-0.0566988031914892,Rainfall,6.30295440425752,0.182237378883366,mm per day,70
01-Nov-1984 00:00,1984,11,6.395703125,-0.347049534574468,Rainfall,6.30196907530778,0.181379791218033,mm per day,71
01-Dec-1984 00:00,1984,12,12.83359375,4.16687998670213,Rainfall,6.30098374635804,0.180522203552699,mm per day,72
01-Jan-1985 00:00,1985,1,10.603515625,0.826969747340426,Rainfall,6.2999984174083,0.179664615887366,mm per day,73
01-Feb-1985 00:00,1985,2,7.497265625,-2.43824800531915,Rainfall,6.29901308845856,0.178807028222032,mm per day,74
01-Mar-1985 00:00,1985,3,5.314453125,-1.94971742021277,Rainfall,6.29802775950882,0.177949440556699,mm per day,75
01-Apr-1985 00:00,1985,4,7.30703125,0.645578457446808,Rainfall,6.29704243055908,0.177091852891366,mm per day,76
01-May-1985 00:00,1985,5,7.18125,1.49990857712766,Rainfall,6.29605710160934,0.176234265226032,mm per day,77
01-Jun-1985 00:00,1985,6,4.33359375,0.472074468085107,Rainfall,6.2950717726596,0.175376677560699,mm per day,78
01-Jul-1985 00:00,1985,7,3.875,0.720752992021277,Rainfall,6.29408644370986,0.174519089895365,mm per day,79
01-Aug-1985 00:00,1985,8,3.008203125,0.202750997340426,Rainfall,6.29310111476012,0.173661502230032,mm per day,80
01-Sep-1985 00:00,1985,9,3.44609375,0.0233876329787237,Rainfall,6.29211578581038,0.172803914564698,mm per day,81
01-Oct-1985 00:00,1985,10,5.101953125,-0.0484956781914896,Rainfall,6.29113045686065,0.171946326899365,mm per day,82
01-Nov-1985 00:00,1985,11,5.97265625,-0.770096409574468,Rainfall,6.29014512791091,0.171088739234031,mm per day,83
01-Dec-1985 00:00,1985,12,7.7265625,-0.940151263297873,Rainfall,6.28915979896117,0.170231151568698,mm per day,84
01-Jan-1986 00:00,1986,1,12.590625,2.81407912234043,Rainfall,6.28817447001143,0.169373563903364,mm per day,85
01-Feb-1986 00:00,1986,2,7.927734375,-2.00777925531915,Rainfall,6.28718914106169,0.168515976238031,mm per day,86
01-Mar-1986 00:00,1986,3,5.884765625,-1.37940492021277,Rainfall,6.28620381211195,0.167658388572697,mm per day,87
01-Apr-1986 00:00,1986,4,11.318359375,4.65690658244681,Rainfall,6.28521848316221,0.166800800907364,mm per day,88
01-May-1986 00:00,1986,5,6.629296875,0.947955452127659,Rainfall,6.28423315421247,0.16594321324203,mm per day,89
01-Jun-1986 00:00,1986,6,2.757421875,-1.10409740691489,Rainfall,6.28324782526273,0.165085625576697,mm per day,90
01-Jul-1986 00:00,1986,7,3.790234375,0.635987367021277,Rainfall,6.28226249631299,0.164228037911363,mm per day,91
01-Aug-1986 00:00,1986,8,2.785546875,-0.0199052526595742,Rainfall,6.28127716736325,0.16337045024603,mm per day,92
01-Sep-1986 00:00,1986,9,4.006640625,0.583934507978724,Rainfall,6.28029183841351,0.162512862580696,mm per day,93
01-Oct-1986 00:00,1986,10,5.534375,0.383926196808511,Rainfall,6.27930650946378,0.161655274915363,mm per day,94
01-Nov-1986 00:00,1986,11,4.735546875,-2.00720578457447,Rainfall,6.27832118051404,0.160797687250029,mm per day,95
01-Dec-1986 00:00,1986,12,7.94140625,-0.725307513297873,Rainfall,6.2773358515643,0.159940099584696,mm per day,96
01-Jan-1987 00:00,1987,1,8.532421875,-1.24412400265957,Rainfall,6.27635052261456,0.159082511919362,mm per day,97
01-Feb-1987 00:00,1987,2,10.6484375,0.71292386968085,Rainfall,6.27536519366482,0.158224924254029,mm per day,98
01-Mar-1987 00:00,1987,3,6.59453125,-0.669639295212765,Rainfall,6.27437986471508,0.157367336588695,mm per day,99
01-Apr-1987 00:00,1987,4,8.782421875,2.12096908244681,Rainfall,6.27339453576534,0.156509748923362,mm per day,100
01-May-1987 00:00,1987,5,7.630859375,1.94951795212766,Rainfall,6.2724092068156,0.155652161258028,mm per day,101
01-Jun-1987 00:00,1987,6,4.6671875,0.805668218085106,Rainfall,6.27142387786586,0.154794573592695,mm per day,102
01-Jul-1987 00:00,1987,7,2.875390625,-0.278856382978723,Rainfall,6.27043854891612,0.153936985927361,mm per day,103
01-Aug-1987 00:00,1987,8,4.80703125,2.00157912234043,Rainfall,6.26945321996638,0.153079398262028,mm per day,104
01-Sep-1987 00:00,1987,9,2.0453125,-1.37739361702128,Rainfall,6.26846789101664,0.152221810596694,mm per day,105
01-Oct-1987 00:00,1987,10,3.5875,-1.56294880319149,Rainfall,6.2674825620669,0.151364222931361,mm per day,106
01-Nov-1987 00:00,1987,11,3.291796875,-3.45095578457447,Rainfall,6.26649723311717,0.150506635266027,mm per day,107
01-Dec-1987 00:00,1987,12,11.48671875,2.82000498670213,Rainfall,6.26551190416743,0.149649047600694,mm per day,108
01-Jan-1988 00:00,1988,1,8.89453125,-0.882014627659574,Rainfall,6.26452657521769,0.14879145993536,mm per day,109
01-Feb-1988 00:00,1988,2,12.321875,2.38636136968085,Rainfall,6.26354124626795,0.147933872270027,mm per day,110
01-Mar-1988 00:00,1988,3,5.9359375,-1.32823304521277,Rainfall,6.26255591731821,0.147076284604693,mm per day,111
01-Apr-1988 00:00,1988,4,12.44453125,5.78307845744681,Rainfall,6.26157058836847,0.14621869693936,mm per day,112
01-May-1988 00:00,1988,5,7.42109375,1.73975232712766,Rainfall,6.26058525941873,0.145361109274026,mm per day,113
01-Jun-1988 00:00,1988,6,5.230859375,1.36934009308511,Rainfall,6.25959993046899,0.144503521608693,mm per day,114
01-Jul-1988 00:00,1988,7,6.31875,3.16450299202128,Rainfall,6.25861460151925,0.14364593394336,mm per day,115
01-Aug-1988 00:00,1988,8,2.890625,0.0851728723404257,Rainfall,6.25762927256951,0.142788346278026,mm per day,116
01-Sep-1988 00:00,1988,9,5.009765625,1.58705950797872,Rainfall,6.25664394361977,0.141930758612693,mm per day,117
01-Oct-1988 00:00,1988,10,7.0125,1.86205119680851,Rainfall,6.25565861467003,0.141073170947359,mm per day,118
01-Nov-1988 00:00,1988,11,11.2859375,4.54318484042553,Rainfall,6.2546732857203,0.140215583282026,mm per day,119
01-Dec-1988 00:00,1988,12,12.36015625,3.69344248670213,Rainfall,6.25368795677056,0.139357995616692,mm per day,120
01-Jan-1989 00:00,1989,1,11.533984375,1.75743849734043,Rainfall,6.25270262782082,0.138500407951359,mm per day,121
01-Feb-1989 00:00,1989,2,11.55625,1.62073636968085,Rainfall,6.25171729887108,0.137642820286025,mm per day,122
01-Mar-1989 00:00,1989,3,6.733984375,-0.530186170212765,Rainfall,6.25073196992134,0.136785232620692,mm per day,123
01-Apr-1989 00:00,1989,4,6.64140625,-0.0200465425531915,Rainfall,6.2497466409716,0.135927644955358,mm per day,124
01-May-1989 00:00,1989,5,4.521875,-1.15946642287234,Rainfall,6.24876131202186,0.135070057290025,mm per day,125
01-Jun-1989 00:00,1989,6,3.695703125,-0.165816156914893,Rainfall,6.24777598307212,0.134212469624691,mm per day,126
01-Jul-1989 00:00,1989,7,1.566796875,-1.58745013297872,Rainfall,6.24679065412238,0.133354881959358,mm per day,127
01-Aug-1989 00:00,1989,8,1.136328125,-1.66912400265957,Rainfall,6.24580532517264,0.132497294294024,mm per day,128
01-Sep-1989 00:00,1989,9,1.906640625,-1.51606549202128,Rainfall,6.2448199962229,0.131639706628691,mm per day,129
01-Oct-1989 00:00,1989,10,4.023046875,-1.12740192819149,Rainfall,6.24383466727316,0.130782118963357,mm per day,130
01-Nov-1989 00:00,1989,11,9.203125,2.46037234042553,Rainfall,6.24284933832342,0.129924531298024,mm per day,131
01-Dec-1989 00:00,1989,12,9.349609375,0.682895611702127,Rainfall,6.24186400937369,0.12906694363269,mm per day,132
01-Jan-1990 00:00,1990,1,6.85234375,-2.92420212765957,Rainfall,6.2408786804239504,0.128209355967357,mm per day,133
01-Feb-1990 00:00,1990,2,14.69375,4.75823636968085,Rainfall,6.23989335147421,0.127351768302023,mm per day,134
01-Mar-1990 00:00,1990,3,8.0953125,0.831141954787235,Rainfall,6.23890802252447,0.12649418063669,mm per day,135
01-Apr-1990 00:00,1990,4,7.234765625,0.573312832446808,Rainfall,6.23792269357473,0.125636592971356,mm per day,136
01-May-1990 00:00,1990,5,2.696875,-2.98446642287234,Rainfall,6.23693736462499,0.124779005306023,mm per day,137
01-Jun-1990 00:00,1990,6,2.774609375,-1.08690990691489,Rainfall,6.23595203567525,0.123921417640689,mm per day,138
01-Jul-1990 00:00,1990,7,4.35390625,1.19965924202128,Rainfall,6.23496670672551,0.123063829975356,mm per day,139
01-Aug-1990 00:00,1990,8,1.324609375,-1.48084275265957,Rainfall,6.23398137777577,0.122206242310022,mm per day,140
01-Sep-1990 00:00,1990,9,2.3984375,-1.02426861702128,Rainfall,6.23299604882603,0.121348654644689,mm per day,141
01-Oct-1990 00:00,1990,10,4.026953125,-1.12349567819149,Rainfall,6.2320107198763,0.120491066979355,mm per day,142
01-Nov-1990 00:00,1990,11,9.990625,3.24787234042553,Rainfall,6.23102539092655,0.119633479314022,mm per day,143
01-Dec-1990 00:00,1990,12,9.477734375,0.811020611702128,Rainfall,6.23004006197682,0.118775891648688,mm per day,144
01-Jan-1991 00:00,1991,1,7.67109375,-2.10545212765957,Rainfall,6.22905473302708,0.117918303983355,mm per day,145
01-Feb-1991 00:00,1991,2,14.28828125,4.35276761968085,Rainfall,6.22806940407734,0.117060716318021,mm per day,146
01-Mar-1991 00:00,1991,3,7.6421875,0.378016954787235,Rainfall,6.2270840751276,0.116203128652688,mm per day,147
01-Apr-1991 00:00,1991,4,4.063671875,-2.59778091755319,Rainfall,6.22609874617786,0.115345540987354,mm per day,148
01-May-1991 00:00,1991,5,6.463671875,0.78233045212766,Rainfall,6.22511341722812,0.114487953322021,mm per day,149
01-Jun-1991 00:00,1991,6,4.8125,0.950980718085106,Rainfall,6.22412808827838,0.113630365656687,mm per day,150
01-Jul-1991 00:00,1991,7,3.168359375,0.0141123670212768,Rainfall,6.22314275932864,0.112772777991354,mm per day,151
01-Aug-1991 00:00,1991,8,2.517578125,-0.287874002659574,Rainfall,6.2221574303789,0.11191519032602,mm per day,152
01-Sep-1991 00:00,1991,9,3.241015625,-0.181690492021276,Rainfall,6.22117210142916,0.111057602660687,mm per day,153
01-Oct-1991 00:00,1991,10,4.16171875,-0.988730053191489,Rainfall,6.22018677247942,0.110200014995354,mm per day,154
01-Nov-1991 00:00,1991,11,6.81875,0.0759973404255314,Rainfall,6.21920144352968,0.10934242733002,mm per day,155
01-Dec-1991 00:00,1991,12,7.9640625,-0.702651263297873,Rainfall,6.21821611457995,0.108484839664687,mm per day,156
01-Jan-1992 00:00,1992,1,4.658984375,-5.11756150265957,Rainfall,6.21723078563021,0.107627251999353,mm per day,157
01-Feb-1992 00:00,1992,2,8.840234375,-1.09527925531915,Rainfall,6.21624545668047,0.10676966433402,mm per day,158
01-Mar-1992 00:00,1992,3,10.725,3.46082945478723,Rainfall,6.21526012773073,0.105912076668686,mm per day,159
01-Apr-1992 00:00,1992,4,8.6640625,2.00260970744681,Rainfall,6.21427479878099,0.105054489003353,mm per day,160
01-May-1992 00:00,1992,5,5.325,-0.35634142287234,Rainfall,6.21328946983125,0.104196901338019,mm per day,161
01-Jun-1992 00:00,1992,6,2.767578125,-1.09394115691489,Rainfall,6.21230414088151,0.103339313672686,mm per day,162
01-Jul-1992 00:00,1992,7,3.49921875,0.344971742021277,Rainfall,6.21131881193177,0.102481726007352,mm per day,163
01-Aug-1992 00:00,1992,8,3.504296875,0.698844747340426,Rainfall,6.21033348298203,0.101624138342019,mm per day,164
01-Sep-1992 00:00,1992,9,3.60703125,0.184325132978723,Rainfall,6.20934815403229,0.100766550676685,mm per day,165
01-Oct-1992 00:00,1992,10,6.58359375,1.43314494680851,Rainfall,6.20836282508255,0.0999089630113517,mm per day,166
01-Nov-1992 00:00,1992,11,5.86875,-0.874002659574468,Rainfall,6.20737749613281,0.0990513753460182,mm per day,167
01-Dec-1992 00:00,1992,12,9.71328125,1.04656748670213,Rainfall,6.20639216718308,0.0981937876806847,mm per day,168
01-Jan-1993 00:00,1993,1,7.68359375,-2.09295212765957,Rainfall,6.20540683823334,0.0973362000153512,mm per day,169
01-Feb-1993 00:00,1993,2,10.445703125,0.51018949468085,Rainfall,6.2044215092836,0.0964786123500177,mm per day,170
01-Mar-1993 00:00,1993,3,11.55,4.28582945478724,Rainfall,6.20343618033386,0.0956210246846843,mm per day,171
01-Apr-1993 00:00,1993,4,7.8421875,1.18073470744681,Rainfall,6.20245085138412,0.0947634370193507,mm per day,172
01-May-1993 00:00,1993,5,7.076953125,1.39561170212766,Rainfall,6.20146552243438,0.0939058493540173,mm per day,173
01-Jun-1993 00:00,1993,6,3.908203125,0.0466838430851064,Rainfall,6.20048019348464,0.0930482616886838,mm per day,174
01-Jul-1993 00:00,1993,7,5.635546875,2.48129986702128,Rainfall,6.1994948645349,0.0921906740233503,mm per day,175
01-Aug-1993 00:00,1993,8,4.143359375,1.33790724734043,Rainfall,6.19850953558516,0.0913330863580168,mm per day,176
01-Sep-1993 00:00,1993,9,4.805078125,1.38237200797872,Rainfall,6.19752420663542,0.0904754986926833,mm per day,177
01-Oct-1993 00:00,1993,10,5.275,0.124551196808511,Rainfall,6.19653887768568,0.0896179110273498,mm per day,178
01-Nov-1993 00:00,1993,11,6.952734375,0.209981715425533,Rainfall,6.19555354873594,0.0887603233620163,mm per day,179
01-Dec-1993 00:00,1993,12,8.5828125,-0.0839012632978733,Rainfall,6.1945682197862,0.0879027356966829,mm per day,180
01-Jan-1994 00:00,1994,1,11.279296875,1.50275099734043,Rainfall,6.19358289083647,0.0870451480313494,mm per day,181
01-Feb-1994 00:00,1994,2,4.6484375,-5.28707613031915,Rainfall,6.19259756188673,0.0861875603660159,mm per day,182
01-Mar-1994 00:00,1994,3,6.32421875,-0.939951795212766,Rainfall,6.19161223293699,0.0853299727006824,mm per day,183
01-Apr-1994 00:00,1994,4,10.641796875,3.98034408244681,Rainfall,6.19062690398725,0.0844723850353489,mm per day,184
01-May-1994 00:00,1994,5,6.9765625,1.29522107712766,Rainfall,6.18964157503751,0.0836147973700154,mm per day,185
01-Jun-1994 00:00,1994,6,5.098046875,1.23652759308511,Rainfall,6.18865624608777,0.0827572097046819,mm per day,186
01-Jul-1994 00:00,1994,7,4.0890625,0.934815492021277,Rainfall,6.18767091713803,0.0818996220393484,mm per day,187
01-Aug-1994 00:00,1994,8,3.255078125,0.449625997340425,Rainfall,6.18668558818829,0.081042034374015,mm per day,188
01-Sep-1994 00:00,1994,9,3.23828125,-0.184424867021276,Rainfall,6.18570025923855,0.0801844467086815,mm per day,189
01-Oct-1994 00:00,1994,10,4.8265625,-0.32388630319149,Rainfall,6.18471493028881,0.079326859043348,mm per day,190
01-Nov-1994 00:00,1994,11,7.890625,1.14787234042553,Rainfall,6.18372960133907,0.0784692713780145,mm per day,191
01-Dec-1994 00:00,1994,12,9.79140625,1.12469248670213,Rainfall,6.18274427238933,0.077611683712681,mm per day,192
01-Jan-1995 00:00,1995,1,9.22421875,-0.552327127659574,Rainfall,6.1817589434396,0.0767540960473475,mm per day,193
01-Feb-1995 00:00,1995,2,9.583984375,-0.35152925531915,Rainfall,6.18077361448986,0.075896508382014,mm per day,194
01-Mar-1995 00:00,1995,3,6.838671875,-0.425498670212765,Rainfall,6.17978828554012,0.0750389207166806,mm per day,195
01-Apr-1995 00:00,1995,4,6.815234375,0.153781582446809,Rainfall,6.17880295659038,0.074181333051347,mm per day,196
01-May-1995 00:00,1995,5,6.5046875,0.82334607712766,Rainfall,6.17781762764064,0.0733237453860136,mm per day,197
01-Jun-1995 00:00,1995,6,4.091796875,0.230277593085106,Rainfall,6.1768322986909,0.0724661577206801,mm per day,198
01-Jul-1995 00:00,1995,7,3.50625,0.352002992021277,Rainfall,6.17584696974116,0.0716085700553466,mm per day,199
01-Aug-1995 00:00,1995,8,4.3046875,1.49923537234043,Rainfall,6.17486164079142,0.0707509823900131,mm per day,200
01-Sep-1995 00:00,1995,9,3.141015625,-0.281690492021276,Rainfall,6.17387631184168,0.0698933947246796,mm per day,201
01-Oct-1995 00:00,1995,10,4.6296875,-0.52076130319148894,Rainfall,6.17289098289194,0.0690358070593461,mm per day,202
01-Nov-1995 00:00,1995,11,11.027734375,4.28498171542553,Rainfall,6.1719056539422,0.0681782193940127,mm per day,203
01-Dec-1995 00:00,1995,12,6.530078125,-2.13663563829787,Rainfall,6.17092032499246,0.0673206317286792,mm per day,204
01-Jan-1996 00:00,1996,1,10.6421875,0.865641622340426,Rainfall,6.16993499604273,0.0664630440633457,mm per day,205
01-Feb-1996 00:00,1996,2,11.11953125,1.18401761968085,Rainfall,6.16894966709299,0.0656054563980122,mm per day,206
01-Mar-1996 00:00,1996,3,10.371875,3.10770445478723,Rainfall,6.16796433814325,0.0647478687326787,mm per day,207
01-Apr-1996 00:00,1996,4,4.692578125,-1.96887466755319,Rainfall,6.16697900919351,0.0638902810673452,mm per day,208
01-May-1996 00:00,1996,5,6.287890625,0.606549202127661,Rainfall,6.16599368024377,0.0630326934020117,mm per day,209
01-Jun-1996 00:00,1996,6,2.99765625,-0.863863031914894,Rainfall,6.16500835129403,0.0621751057366783,mm per day,210
01-Jul-1996 00:00,1996,7,1.210546875,-1.94370013297872,Rainfall,6.16402302234429,0.0613175180713448,mm per day,211
01-Aug-1996 00:00,1996,8,1.527734375,-1.27771775265957,Rainfall,6.16303769339455,0.0604599304060113,mm per day,212
01-Sep-1996 00:00,1996,9,3.72421875,0.301512632978723,Rainfall,6.16205236444481,0.0596023427406778,mm per day,213
01-Oct-1996 00:00,1996,10,6.388671875,1.23822307180851,Rainfall,6.16106703549507,0.0587447550753443,mm per day,214
01-Nov-1996 00:00,1996,11,5.32265625,-1.42009640957447,Rainfall,6.16008170654533,0.0578871674100108,mm per day,215
01-Dec-1996 00:00,1996,12,7.963671875,-0.703041888297872,Rainfall,6.1590963775956,0.0570295797446773,mm per day,216
01-Jan-1997 00:00,1997,1,11.190234375,1.41368849734043,Rainfall,6.15811104864586,0.0561719920793438,mm per day,217
01-Feb-1997 00:00,1997,2,5.819921875,-4.11559175531915,Rainfall,6.15712571969612,0.0553144044140103,mm per day,218
01-Mar-1997 00:00,1997,3,12.682421875,5.41825132978723,Rainfall,6.15614039074638,0.0544568167486769,mm per day,219
01-Apr-1997 00:00,1997,4,2.9640625,-3.69739029255319,Rainfall,6.15515506179664,0.0535992290833434,mm per day,220
01-May-1997 00:00,1997,5,2.974609375,-2.70673204787234,Rainfall,6.1541697328469,0.0527416414180099,mm per day,221
01-Jun-1997 00:00,1997,6,4.94453125,1.08301196808511,Rainfall,6.15318440389716,0.0518840537526764,mm per day,222
01-Jul-1997 00:00,1997,7,2.0875,-1.06674700797872,Rainfall,6.15219907494742,0.0510264660873429,mm per day,223
01-Aug-1997 00:00,1997,8,3.044140625,0.238688497340426,Rainfall,6.15121374599768,0.0501688784220094,mm per day,224
01-Sep-1997 00:00,1997,9,2.447265625,-0.975440492021276,Rainfall,6.15022841704794,0.049311290756676,mm per day,225
01-Oct-1997 00:00,1997,10,5.846484375,0.69603557180851,Rainfall,6.1492430880982,0.0484537030913424,mm per day,226
01-Nov-1997 00:00,1997,11,4.03359375,-2.70915890957447,Rainfall,6.14825775914846,0.047596115426009,mm per day,227
01-Dec-1997 00:00,1997,12,8.6546875,-0.0120262632978729,Rainfall,6.14727243019872,0.0467385277606755,mm per day,228
01-Jan-1998 00:00,1998,1,10.164453125,0.387907247340426,Rainfall,6.14628710124899,0.045880940095342,mm per day,229
01-Feb-1998 00:00,1998,2,5.253515625,-4.68199800531915,Rainfall,6.14530177229925,0.0450233524300085,mm per day,230
01-Mar-1998 00:00,1998,3,8.325,1.06082945478723,Rainfall,6.14431644334951,0.044165764764675,mm per day,231
01-Apr-1998 00:00,1998,4,2.044921875,-4.61653091755319,Rainfall,6.14333111439977,0.0433081770993415,mm per day,232
01-May-1998 00:00,1998,5,2.42265625,-3.25868517287234,Rainfall,6.14234578545003,0.042450589434008,mm per day,233
01-Jun-1998 00:00,1998,6,2.134765625,-1.72675365691489,Rainfall,6.14136045650029,0.0415930017686746,mm per day,234
01-Jul-1998 00:00,1998,7,3.11796875,-0.0362782579787231,Rainfall,6.14037512755055,0.0407354141033411,mm per day,235
01-Aug-1998 00:00,1998,8,2.580078125,-0.225374002659574,Rainfall,6.13938979860081,0.0398778264380076,mm per day,236
01-Sep-1998 00:00,1998,9,3.720703125,0.297997007978724,Rainfall,6.13840446965107,0.0390202387726741,mm per day,237
01-Oct-1998 00:00,1998,10,5.037890625,-0.112558178191489,Rainfall,6.13741914070133,0.0381626511073406,mm per day,238
01-Nov-1998 00:00,1998,11,5.19375,-1.54900265957447,Rainfall,6.13643381175159,0.0373050634420071,mm per day,239
01-Dec-1998 00:00,1998,12,8.996875,0.330161236702127,Rainfall,6.13544848280185,0.0364474757766736,mm per day,240
01-Jan-1999 00:00,1999,1,10.983984375,1.20743849734043,Rainfall,6.13446315385211,0.0355898881113401,mm per day,241
01-Feb-1999 00:00,1999,2,12.71875,2.78323636968085,Rainfall,6.13347782490238,0.0347323004460067,mm per day,242
01-Mar-1999 00:00,1999,3,5.223828125,-2.04034242021277,Rainfall,6.13249249595264,0.0338747127806732,mm per day,243
01-Apr-1999 00:00,1999,4,5.2,-1.46145279255319,Rainfall,6.1315071670029,0.0330171251153397,mm per day,244
01-May-1999 00:00,1999,5,6.95078125,1.26943982712766,Rainfall,6.13052183805316,0.0321595374500062,mm per day,245
01-Jun-1999 00:00,1999,6,3.09375,-0.767769281914894,Rainfall,6.12953650910342,0.0313019497846727,mm per day,246
01-Jul-1999 00:00,1999,7,1.9765625,-1.17768450797872,Rainfall,6.12855118015368,0.0304443621193392,mm per day,247
01-Aug-1999 00:00,1999,8,2.2984375,-0.507014627659574,Rainfall,6.12756585120394,0.0295867744540057,mm per day,248
01-Sep-1999 00:00,1999,9,6.016796875,2.59409075797872,Rainfall,6.1265805222542,0.0287291867886723,mm per day,249
01-Oct-1999 00:00,1999,10,6.143359375,0.99291057180851106,Rainfall,6.12559519330446,0.0278715991233388,mm per day,250
01-Nov-1999 00:00,1999,11,7.1890625,0.446309840425532,Rainfall,6.12460986435472,0.0270140114580053,mm per day,251
01-Dec-1999 00:00,1999,12,7.605859375,-1.06085438829787,Rainfall,6.12362453540498,0.0261564237926718,mm per day,252
01-Jan-2000 00:00,2000,1,8.216015625,-1.56053025265957,Rainfall,6.12263920645524,0.0252988361273383,mm per day,253
01-Feb-2000 00:00,2000,2,6.656640625,-3.27887300531915,Rainfall,6.1216538775055,0.0244412484620048,mm per day,254
01-Mar-2000 00:00,2000,3,7.388671875,0.124501329787234,Rainfall,6.12066854855577,0.0235836607966713,mm per day,255
01-Apr-2000 00:00,2000,4,6.52109375,-0.140359042553191,Rainfall,6.11968321960603,0.0227260731313378,mm per day,256
01-May-2000 00:00,2000,5,6.260546875,0.57920545212766,Rainfall,6.11869789065629,0.0218684854660044,mm per day,257
01-Jun-2000 00:00,2000,6,2.831640625,-1.02987865691489,Rainfall,6.11771256170655,0.0210108978006709,mm per day,258
01-Jul-2000 00:00,2000,7,2.55,-0.604247007978723,Rainfall,6.11672723275681,0.0201533101353374,mm per day,259
01-Aug-2000 00:00,2000,8,1.5421875,-1.26326462765957,Rainfall,6.11574190380707,0.0192957224700039,mm per day,260
01-Sep-2000 00:00,2000,9,2.3609375,-1.06176861702128,Rainfall,6.11475657485733,0.0184381348046704,mm per day,261
01-Oct-2000 00:00,2000,10,6.430078125,1.27962932180851,Rainfall,6.11377124590759,0.0175805471393369,mm per day,262
01-Nov-2000 00:00,2000,11,6.62578125,-0.116971409574468,Rainfall,6.11278591695785,0.0167229594740034,mm per day,263
01-Dec-2000 00:00,2000,12,7.936328125,-0.730385638297872,Rainfall,6.11180058800811,0.01586537180867,mm per day,264
01-Jan-2001 00:00,2001,1,5.51875,-4.25779587765957,Rainfall,6.11081525905837,0.0150077841433365,mm per day,265
01-Feb-2001 00:00,2001,2,8.953125,-0.98238863031915,Rainfall,6.10982993010863,0.014150196478003,mm per day,266
01-Mar-2001 00:00,2001,3,9.399609375,2.13543882978724,Rainfall,6.1088446011589,0.0132926088126695,mm per day,267
01-Apr-2001 00:00,2001,4,8.00234375,1.34089095744681,Rainfall,6.10785927220916,0.012435021147336,mm per day,268
01-May-2001 00:00,2001,5,4.501171875,-1.18016954787234,Rainfall,6.10687394325942,0.0115774334820025,mm per day,269
01-Jun-2001 00:00,2001,6,6.160546875,2.29902759308511,Rainfall,6.10588861430968,0.010719845816669,mm per day,270
01-Jul-2001 00:00,2001,7,2.754296875,-0.399950132978723,Rainfall,6.10490328535994,0.00986225815133554,mm per day,271
01-Aug-2001 00:00,2001,8,2.197265625,-0.608186502659574,Rainfall,6.1039179564102,0.00900467048600206,mm per day,272
01-Sep-2001 00:00,2001,9,3.58046875,0.157762632978724,Rainfall,6.10293262746046,0.00814708282066856,mm per day,273
01-Oct-2001 00:00,2001,10,5.270703125,0.120254321808511,Rainfall,6.10194729851072,0.00728949515533509,mm per day,274
01-Nov-2001 00:00,2001,11,6.36953125,-0.373221409574469,Rainfall,6.10096196956098,0.00643190749000158,mm per day,275
01-Dec-2001 00:00,2001,12,10.395703125,1.72898936170213,Rainfall,6.09997664061124,0.00557431982466811,mm per day,276
01-Jan-2002 00:00,2002,1,5.9234375,-3.85310837765957,Rainfall,6.0989913116615,0.0047167321593346,mm per day,277
01-Feb-2002 00:00,2002,2,7.171875,-2.76363863031915,Rainfall,6.09800598271176,0.00385914449400113,mm per day,278
01-Mar-2002 00:00,2002,3,7.7390625,0.474891954787235,Rainfall,6.09702065376203,0.00300155682866765,mm per day,279
01-Apr-2002 00:00,2002,4,6.53359375,-0.127859042553192,Rainfall,6.09603532481229,0.00214396916333415,mm per day,280
01-May-2002 00:00,2002,5,4.941796875,-0.739544547872341,Rainfall,6.09504999586255,0.00128638149800067,mm per day,281
01-Jun-2002 00:00,2002,6,2.321484375,-1.54003490691489,Rainfall,6.09406466691281,4.2879383266716e-4,mm per day,282
01-Jul-2002 00:00,2002,7,2.80859375,-0.345653257978723,Rainfall,6.09307933796307,-4.287938326663e-4,mm per day,283
01-Aug-2002 00:00,2002,8,2.878515625,0.0730634973404256,Rainfall,6.09209400901333,-0.00128638149799978,mm per day,284
01-Sep-2002 00:00,2002,9,2.93203125,-0.490674867021276,Rainfall,6.09110868006359,-0.00214396916333329,mm per day,285
01-Oct-2002 00:00,2002,10,4.35859375,-0.791855053191489,Rainfall,6.09012335111385,-0.00300155682866676,mm per day,286
01-Nov-2002 00:00,2002,11,5.321484375,-1.42126828457447,Rainfall,6.08913802216411,-0.00385914449400027,mm per day,287
01-Dec-2002 00:00,2002,12,7.4609375,-1.20577626329787,Rainfall,6.08815269321437,-0.00471673215933374,mm per day,288
01-Jan-2003 00:00,2003,1,9.615625,-0.160920877659574,Rainfall,6.08716736426463,-0.00557431982466722,mm per day,289
01-Feb-2003 00:00,2003,2,10.244921875,0.309408244680849,Rainfall,6.0861820353149,-0.00643190749000072,mm per day,290
01-Mar-2003 00:00,2003,3,8.83125,1.56707945478724,Rainfall,6.08519670636516,-0.0072894951553342,mm per day,291
01-Apr-2003 00:00,2003,4,5.9,-0.761452792553191,Rainfall,6.08421137741542,-0.00814708282066767,mm per day,292
01-May-2003 00:00,2003,5,6.246875,0.56553357712766,Rainfall,6.08322604846568,-0.00900467048600118,mm per day,293
01-Jun-2003 00:00,2003,6,4.044140625,0.182621343085106,Rainfall,6.08224071951594,-0.00986225815133468,mm per day,294
01-Jul-2003 00:00,2003,7,2.88125,-0.272997007978723,Rainfall,6.0812553905662,-0.0107198458166681,mm per day,295
01-Aug-2003 00:00,2003,8,2.835546875,0.0300947473404256,Rainfall,6.08027006161646,-0.0115774334820016,mm per day,296
01-Sep-2003 00:00,2003,9,3.89296875,0.470262632978724,Rainfall,6.07928473266672,-0.0124350211473351,mm per day,297
01-Oct-2003 00:00,2003,10,4.0921875,-1.05826130319149,Rainfall,6.07829940371698,-0.0132926088126686,mm per day,298
01-Nov-2003 00:00,2003,11,7.06015625,0.317403590425532,Rainfall,6.07731407476724,-0.0141501964780021,mm per day,299
01-Dec-2003 00:00,2003,12,9.707421875,1.04070811170213,Rainfall,6.0763287458175,-0.0150077841433356,mm per day,300
01-Jan-2004 00:00,2004,1,10.80234375,1.02579787234043,Rainfall,6.07534341686776,-0.0158653718086691,mm per day,301
01-Feb-2004 00:00,2004,2,7.81796875,-2.11754488031915,Rainfall,6.07435808791802,-0.0167229594740025,mm per day,302
01-Mar-2004 00:00,2004,3,7.739453125,0.475282579787234,Rainfall,6.07337275896828,-0.017580547139336,mm per day,303
01-Apr-2004 00:00,2004,4,6.774609375,0.113156582446808,Rainfall,6.07238743001855,-0.0184381348046695,mm per day,304
01-May-2004 00:00,2004,5,4.595703125,-1.08563829787234,Rainfall,6.07140210106881,-0.019295722470003,mm per day,305
01-Jun-2004 00:00,2004,6,3.945703125,0.0841838430851065,Rainfall,6.07041677211907,-0.0201533101353365,mm per day,306
01-Jul-2004 00:00,2004,7,4.139453125,0.985206117021277,Rainfall,6.06943144316933,-0.02101089780067,mm per day,307
01-Aug-2004 00:00,2004,8,1.86328125,-0.942170877659574,Rainfall,6.06844611421959,-0.0218684854660035,mm per day,308
01-Sep-2004 00:00,2004,9,4.606640625,1.18393450797872,Rainfall,6.06746078526985,-0.022726073131337,mm per day,309
01-Oct-2004 00:00,2004,10,6.301953125,1.15150432180851,Rainfall,6.06647545632011,-0.0235836607966705,mm per day,310
01-Nov-2004 00:00,2004,11,5.233984375,-1.50876828457447,Rainfall,6.06549012737037,-0.024441248462004,mm per day,311
01-Dec-2004 00:00,2004,12,5.409765625,-3.25694813829787,Rainfall,6.06450479842063,-0.0252988361273374,mm per day,312
01-Jan-2005 00:00,2005,1,9.60859375,-0.167952127659573,Rainfall,6.06351946947089,-0.0261564237926709,mm per day,313
01-Feb-2005 00:00,2005,2,12.477734375,2.54222074468085,Rainfall,6.06253414052115,-0.0270140114580044,mm per day,314
01-Mar-2005 00:00,2005,3,6.2609375,-1.00323304521277,Rainfall,6.06154881157141,-0.0278715991233379,mm per day,315
01-Apr-2005 00:00,2005,4,9.601953125,2.94050033244681,Rainfall,6.06056348262168,-0.0287291867886714,mm per day,316
01-May-2005 00:00,2005,5,4.255859375,-1.42548204787234,Rainfall,6.05957815367194,-0.0295867744540049,mm per day,317
01-Jun-2005 00:00,2005,6,3.9140625,0.0525432180851064,Rainfall,6.0585928247222,-0.0304443621193384,mm per day,318
01-Jul-2005 00:00,2005,7,2.80859375,-0.345653257978723,Rainfall,6.05760749577246,-0.0313019497846718,mm per day,319
01-Aug-2005 00:00,2005,8,2.985546875,0.180094747340426,Rainfall,6.05662216682272,-0.0321595374500053,mm per day,320
01-Sep-2005 00:00,2005,9,5.209765625,1.78705950797872,Rainfall,6.05563683787298,-0.0330171251153388,mm per day,321
01-Oct-2005 00:00,2005,10,4.44140625,-0.709042553191489,Rainfall,6.05465150892324,-0.0338747127806723,mm per day,322
01-Nov-2005 00:00,2005,11,7.603125,0.860372340425532,Rainfall,6.0536661799735,-0.0347323004460058,mm per day,323
01-Dec-2005 00:00,2005,12,10.4875,1.82078623670213,Rainfall,6.05268085102376,-0.0355898881113393,mm per day,324
01-Jan-2006 00:00,2006,1,14.171484375,4.39493849734043,Rainfall,6.05169552207402,-0.0364474757766728,mm per day,325
01-Feb-2006 00:00,2006,2,16.40546875,6.46995511968085,Rainfall,6.05071019312428,-0.0373050634420062,mm per day,326
01-Mar-2006 00:00,2006,3,3.421875,-3.84229554521277,Rainfall,6.04972486417454,-0.0381626511073397,mm per day,327
01-Apr-2006 00:00,2006,4,5.366015625,-1.29543716755319,Rainfall,6.0487395352248,-0.0390202387726732,mm per day,328
01-May-2006 00:00,2006,5,6.900390625,1.21904920212766,Rainfall,6.04775420627507,-0.0398778264380067,mm per day,329
01-Jun-2006 00:00,2006,6,2.6328125,-1.22870678191489,Rainfall,6.04676887732533,-0.0407354141033402,mm per day,330
01-Jul-2006 00:00,2006,7,3,-0.154247007978723,Rainfall,6.04578354837559,-0.0415930017686737,mm per day,331
01-Aug-2006 00:00,2006,8,3.116015625,0.310563497340426,Rainfall,6.04479821942585,-0.0424505894340071,mm per day,332
01-Sep-2006 00:00,2006,9,4.495703125,1.07299700797872,Rainfall,6.04381289047611,-0.0433081770993407,mm per day,333
01-Oct-2006 00:00,2006,10,5.511328125,0.360879321808512,Rainfall,6.04282756152637,-0.0441657647646742,mm per day,334
01-Nov-2006 00:00,2006,11,6.245703125,-0.497049534574468,Rainfall,6.04184223257663,-0.0450233524300077,mm per day,335
01-Dec-2006 00:00,2006,12,6.65703125,-2.00968251329787,Rainfall,6.04085690362689,-0.0458809400953411,mm per day,336
01-Jan-2007 00:00,2007,1,9.976171875,0.199625997340426,Rainfall,6.03987157467715,-0.0467385277606746,mm per day,337
01-Feb-2007 00:00,2007,2,8.9328125,-1.00270113031915,Rainfall,6.03888624572741,-0.0475961154260081,mm per day,338
01-Mar-2007 00:00,2007,3,12.503515625,5.23934507978723,Rainfall,6.03790091677767,-0.0484537030913416,mm per day,339
01-Apr-2007 00:00,2007,4,5.008984375,-1.65246841755319,Rainfall,6.03691558782794,-0.0493112907566751,mm per day,340
01-May-2007 00:00,2007,5,9.20546875,3.52412732712766,Rainfall,6.0359302588782,-0.0501688784220086,mm per day,341
01-Jun-2007 00:00,2007,6,2.9078125,-0.953706781914894,Rainfall,6.03494492992846,-0.051026466087342,mm per day,342
01-Jul-2007 00:00,2007,7,3.690625,0.536377992021277,Rainfall,6.03395960097872,-0.0518840537526755,mm per day,343
01-Aug-2007 00:00,2007,8,3.598828125,0.793375997340425,Rainfall,6.03297427202898,-0.052741641418009,mm per day,344
01-Sep-2007 00:00,2007,9,3.24140625,-0.181299867021277,Rainfall,6.03198894307924,-0.0535992290833425,mm per day,345
01-Oct-2007 00:00,2007,10,6.5625,1.41205119680851,Rainfall,6.0310036141295,-0.054456816748676,mm per day,346
01-Nov-2007 00:00,2007,11,10.0578125,3.31505984042553,Rainfall,6.03001828517976,-0.0553144044140095,mm per day,347
01-Dec-2007 00:00,2007,12,9.630078125,0.963364361702128,Rainfall,6.02903295623002,-0.056171992079343,mm per day,348
01-Jan-2008 00:00,2008,1,15.228515625,5.45196974734043,Rainfall,6.02804762728028,-0.0570295797446764,mm per day,349
01-Feb-2008 00:00,2008,2,5.89375,-4.04176363031915,Rainfall,6.02706229833054,-0.0578871674100099,mm per day,350
01-Mar-2008 00:00,2008,3,7.975,0.710829454787234,Rainfall,6.0260769693808,-0.0587447550753434,mm per day,351
01-Apr-2008 00:00,2008,4,5.239453125,-1.42199966755319,Rainfall,6.02509164043107,-0.0596023427406769,mm per day,352
01-May-2008 00:00,2008,5,4.972265625,-0.70907579787234,Rainfall,6.02410631148133,-0.0604599304060104,mm per day,353
01-Jun-2008 00:00,2008,6,6.551953125,2.69043384308511,Rainfall,6.02312098253159,-0.0613175180713439,mm per day,354
01-Jul-2008 00:00,2008,7,3.0765625,-0.0776845079787232,Rainfall,6.02213565358185,-0.0621751057366774,mm per day,355
01-Aug-2008 00:00,2008,8,1.3046875,-1.50076462765957,Rainfall,6.02115032463211,-0.0630326934020108,mm per day,356
01-Sep-2008 00:00,2008,9,4.730078125,1.30737200797872,Rainfall,6.02016499568237,-0.0638902810673443,mm per day,357
01-Oct-2008 00:00,2008,10,2.401953125,-2.74849567819149,Rainfall,6.01917966673263,-0.0647478687326778,mm per day,358
01-Nov-2008 00:00,2008,11,6.50625,-0.236502659574469,Rainfall,6.01819433778289,-0.0656054563980113,mm per day,359
01-Dec-2008 00:00,2008,12,7.462890625,-1.20382313829787,Rainfall,6.01720900883315,-0.0664630440633448,mm per day,360
01-Jan-2009 00:00,2009,1,9.796484375,0.0199384973404264,Rainfall,6.01622367988341,-0.0673206317286783,mm per day,361
01-Feb-2009 00:00,2009,2,6.511328125,-3.42418550531915,Rainfall,6.01523835093367,-0.0681782193940118,mm per day,362
01-Mar-2009 00:00,2009,3,6.169921875,-1.09424867021277,Rainfall,6.01425302198393,-0.0690358070593453,mm per day,363
01-Apr-2009 00:00,2009,4,9.061328125,2.39987533244681,Rainfall,6.0132676930342,-0.0698933947246788,mm per day,364
01-May-2009 00:00,2009,5,5.078125,-0.60321642287234,Rainfall,6.01228236408446,-0.0707509823900123,mm per day,365
01-Jun-2009 00:00,2009,6,3.800390625,-0.0611286569148937,Rainfall,6.01129703513472,-0.0716085700553457,mm per day,366
01-Jul-2009 00:00,2009,7,1.501953125,-1.65229388297872,Rainfall,6.01031170618498,-0.0724661577206792,mm per day,367
01-Aug-2009 00:00,2009,8,3.11875,0.313297872340426,Rainfall,6.00932637723524,-0.0733237453860127,mm per day,368
01-Sep-2009 00:00,2009,9,3.1296875,-0.293018617021276,Rainfall,6.0083410482855,-0.0741813330513462,mm per day,369
01-Oct-2009 00:00,2009,10,3.244140625,-1.90630817819149,Rainfall,6.00735571933576,-0.0750389207166797,mm per day,370
01-Nov-2009 00:00,2009,11,6.606640625,-0.136112034574468,Rainfall,6.00637039038602,-0.0758965083820132,mm per day,371
01-Dec-2009 00:00,2009,12,5.903515625,-2.76319813829787,Rainfall,6.00538506143628,-0.0767540960473467,mm per day,372
01-Jan-2010 00:00,2010,1,11.365234375,1.58868849734043,Rainfall,6.00439973248654,-0.0776116837126801,mm per day,373
01-Feb-2010 00:00,2010,2,10.68125,0.74573636968085,Rainfall,6.0034144035368,-0.0784692713780136,mm per day,374
01-Mar-2010 00:00,2010,3,4.762109375,-2.50206117021277,Rainfall,6.00242907458706,-0.0793268590433471,mm per day,375
01-Apr-2010 00:00,2010,4,6.29296875,-0.368484042553192,Rainfall,6.00144374563732,-0.0801844467086806,mm per day,376
01-May-2010 00:00,2010,5,4.121875,-1.55946642287234,Rainfall,6.00045841668758,-0.0810420343740141,mm per day,377
01-Jun-2010 00:00,2010,6,2.5453125,-1.31620678191489,Rainfall,5.99947308773785,-0.0818996220393476,mm per day,378
01-Jul-2010 00:00,2010,7,3.093359375,-0.0608876329787233,Rainfall,5.99848775878811,-0.082757209704681,mm per day,379
01-Aug-2010 00:00,2010,8,2.640234375,-0.165217752659574,Rainfall,5.99750242983837,-0.0836147973700145,mm per day,380
01-Sep-2010 00:00,2010,9,4.11484375,0.692137632978724,Rainfall,5.99651710088863,-0.084472385035348,mm per day,381
01-Oct-2010 00:00,2010,10,6.923046875,1.77259807180851,Rainfall,5.99553177193889,-0.0853299727006815,mm per day,382
01-Nov-2010 00:00,2010,11,6.337109375,-0.405643284574468,Rainfall,5.99454644298915,-0.086187560366015,mm per day,383
01-Dec-2010 00:00,2010,12,7.80078125,-0.865932513297873,Rainfall,5.99356111403941,-0.0870451480313485,mm per day,384
01-Jan-2011 00:00,2011,1,14.275,4.49845412234043,Rainfall,5.99257578508967,-0.087902735696682,mm per day,385
01-Feb-2011 00:00,2011,2,7.83359375,-2.10191988031915,Rainfall,5.99159045613993,-0.0887603233620154,mm per day,386
01-Mar-2011 00:00,2011,3,4,-3.26417054521277,Rainfall,5.99060512719019,-0.089617911027349,mm per day,387
01-Apr-2011 00:00,2011,4,3.07421875,-3.58723404255319,Rainfall,5.98961979824045,-0.0904754986926825,mm per day,388
01-May-2011 00:00,2011,5,3.67109375,-2.01024767287234,Rainfall,5.98863446929071,-0.091333086358016,mm per day,389
01-Jun-2011 00:00,2011,6,3.77109375,-0.0904255319148937,Rainfall,5.98764914034098,-0.0921906740233494,mm per day,390
01-Jul-2011 00:00,2011,7,1.048828125,-2.10541888297872,Rainfall,5.98666381139124,-0.0930482616886829,mm per day,391
01-Aug-2011 00:00,2011,8,1.3984375,-1.40701462765957,Rainfall,5.9856784824415,-0.0939058493540164,mm per day,392
01-Sep-2011 00:00,2011,9,1.360546875,-2.06215924202128,Rainfall,5.98469315349176,-0.0947634370193499,mm per day,393
01-Oct-2011 00:00,2011,10,4.9515625,-0.19888630319149,Rainfall,5.98370782454202,-0.0956210246846834,mm per day,394
01-Nov-2011 00:00,2011,11,9.579296875,2.83654421542553,Rainfall,5.98272249559228,-0.0964786123500169,mm per day,395
01-Dec-2011 00:00,2011,12,7.72421875,-0.942495013297872,Rainfall,5.98173716664254,-0.0973362000153503,mm per day,396
01-Jan-2012 00:00,2012,1,12.08125,2.30470412234043,Rainfall,5.9807518376928,-0.0981937876806838,mm per day,397
01-Feb-2012 00:00,2012,2,8.909765625,-1.02574800531915,Rainfall,5.97976650874306,-0.0990513753460173,mm per day,398
01-Mar-2012 00:00,2012,3,9.16484375,1.90067320478723,Rainfall,5.97878117979332,-0.0999089630113508,mm per day,399
01-Apr-2012 00:00,2012,4,4.669140625,-1.99231216755319,Rainfall,5.97779585084358,-0.100766550676684,mm per day,400
01-May-2012 00:00,2012,5,9.0078125,3.32647107712766,Rainfall,5.97681052189384,-0.101624138342018,mm per day,401
01-Jun-2012 00:00,2012,6,2.596484375,-1.26503490691489,Rainfall,5.9758251929441,-0.102481726007351,mm per day,402
01-Jul-2012 00:00,2012,7,2.478125,-0.676122007978723,Rainfall,5.97483986399437,-0.103339313672685,mm per day,403
01-Aug-2012 00:00,2012,8,1.883203125,-0.922249002659574,Rainfall,5.97385453504463,-0.104196901338018,mm per day,404
01-Sep-2012 00:00,2012,9,2.52578125,-0.896924867021276,Rainfall,5.97286920609489,-0.105054489003352,mm per day,405
01-Oct-2012 00:00,2012,10,4.247265625,-0.903183178191489,Rainfall,5.97188387714515,-0.105912076668685,mm per day,406
01-Nov-2012 00:00,2012,11,5.1453125,-1.59744015957447,Rainfall,5.97089854819541,-0.106769664334019,mm per day,407
01-Dec-2012 00:00,2012,12,8.516015625,-0.150698138297873,Rainfall,5.96991321924567,-0.107627251999352,mm per day,408
01-Jan-2013 00:00,2013,1,15.182421875,5.40587599734043,Rainfall,5.96892789029593,-0.108484839664686,mm per day,409
01-Feb-2013 00:00,2013,2,8.175390625,-1.76012300531915,Rainfall,5.96794256134619,-0.109342427330019,mm per day,410
01-Mar-2013 00:00,2013,3,7.646875,0.382704454787234,Rainfall,5.96695723239645,-0.110200014995353,mm per day,411
01-Apr-2013 00:00,2013,4,5.4375,-1.22395279255319,Rainfall,5.96597190344671,-0.111057602660686,mm per day,412
01-May-2013 00:00,2013,5,4.501171875,-1.18016954787234,Rainfall,5.96498657449697,-0.11191519032602,mm per day,413
01-Jun-2013 00:00,2013,6,3.606640625,-0.254878656914894,Rainfall,5.96400124554724,-0.112772777991353,mm per day,414
01-Jul-2013 00:00,2013,7,6.905078125,3.75083111702128,Rainfall,5.9630159165975,-0.113630365656687,mm per day,415
01-Aug-2013 00:00,2013,8,3.63828125,0.832829122340425,Rainfall,5.96203058764776,-0.11448795332202,mm per day,416
01-Sep-2013 00:00,2013,9,3.43671875,0.0140126329787233,Rainfall,5.96104525869802,-0.115345540987354,mm per day,417
01-Oct-2013 00:00,2013,10,5.835546875,0.685098071808511,Rainfall,5.96005992974828,-0.116203128652687,mm per day,418
01-Nov-2013 00:00,2013,11,6.235546875,-0.507205784574468,Rainfall,5.95907460079854,-0.117060716318021,mm per day,419
01-Dec-2013 00:00,2013,12,6.915234375,-1.75147938829787,Rainfall,5.9580892718488,-0.117918303983354,mm per day,420
01-Jan-2014 00:00,2014,1,11.2203125,1.44376662234043,Rainfall,5.95710394289906,-0.118775891648688,mm per day,421
01-Feb-2014 00:00,2014,2,7.698828125,-2.23668550531915,Rainfall,5.95611861394932,-0.119633479314021,mm per day,422
01-Mar-2014 00:00,2014,3,9.230078125,1.96590757978723,Rainfall,5.95513328499958,-0.120491066979354,mm per day,423
01-Apr-2014 00:00,2014,4,5.82890625,-0.832546542553191,Rainfall,5.95414795604984,-0.121348654644688,mm per day,424
01-May-2014 00:00,2014,5,4.5109375,-1.17040392287234,Rainfall,5.9531626271001,-0.122206242310021,mm per day,425
01-Jun-2014 00:00,2014,6,2.588671875,-1.27284740691489,Rainfall,5.95217729815036,-0.123063829975355,mm per day,426
01-Jul-2014 00:00,2014,7,2.573828125,-0.580418882978723,Rainfall,5.95119196920063,-0.123921417640688,mm per day,427
01-Aug-2014 00:00,2014,8,3.440625,0.635172872340425,Rainfall,5.95020664025089,-0.124779005306022,mm per day,428
01-Sep-2014 00:00,2014,9,1.670703125,-1.75200299202128,Rainfall,5.94922131130115,-0.125636592971355,mm per day,429
01-Oct-2014 00:00,2014,10,4.691015625,-0.459433178191489,Rainfall,5.94823598235141,-0.126494180636689,mm per day,430
01-Nov-2014 00:00,2014,11,8.20859375,1.46584109042553,Rainfall,5.94725065340167,-0.127351768302022,mm per day,431
01-Dec-2014 00:00,2014,12,10.30078125,1.63406748670213,Rainfall,5.94626532445193,-0.128209355967356,mm per day,432
01-Jan-2015 00:00,2015,1,8.032421875,-1.74412400265957,Rainfall,5.94527999550219,-0.129066943632689,mm per day,433
01-Feb-2015 00:00,2015,2,7.09453125,-2.84098238031915,Rainfall,5.94429466655245,-0.129924531298023,mm per day,434
01-Mar-2015 00:00,2015,3,10.251171875,2.98700132978724,Rainfall,5.94330933760271,-0.130782118963356,mm per day,435
01-Apr-2015 00:00,2015,4,5.773828125,-0.887624667553192,Rainfall,5.94232400865297,-0.13163970662869,mm per day,436
01-May-2015 00:00,2015,5,4.86640625,-0.814935172872341,Rainfall,5.94133867970323,-0.132497294294023,mm per day,437
01-Jun-2015 00:00,2015,6,3.37890625,-0.482613031914894,Rainfall,5.9403533507535,-0.133354881959357,mm per day,438
01-Jul-2015 00:00,2015,7,2.191015625,-0.963231382978724,Rainfall,5.93936802180376,-0.13421246962469,mm per day,439
01-Aug-2015 00:00,2015,8,2.773828125,-0.0316240026595742,Rainfall,5.93838269285402,-0.135070057290024,mm per day,440
01-Sep-2015 00:00,2015,9,1.992578125,-1.43012799202128,Rainfall,5.93739736390428,-0.135927644955357,mm per day,441
01-Oct-2015 00:00,2015,10,4.183203125,-0.967245678191489,Rainfall,5.93641203495454,-0.136785232620691,mm per day,442
01-Nov-2015 00:00,2015,11,8.340234375,1.59748171542553,Rainfall,5.9354267060048,-0.137642820286024,mm per day,443
01-Dec-2015 00:00,2015,12,5.87890625,-2.78780751329787,Rainfall,5.93444137705506,-0.138500407951358,mm per day,444
01-Jan-2016 00:00,2016,1,7.025,-2.75154587765957,Rainfall,5.93345604810532,-0.139357995616691,mm per day,445
01-Feb-2016 00:00,2016,2,11.51328125,1.57776761968085,Rainfall,5.93247071915558,-0.140215583282025,mm per day,446
01-Mar-2016 00:00,2016,3,6.117578125,-1.14659242021277,Rainfall,5.93148539020584,-0.141073170947358,mm per day,447
01-Apr-2016 00:00,2016,4,13.4078125,6.74635970744681,Rainfall,5.9305000612561,-0.141930758612692,mm per day,448
01-May-2016 00:00,2016,5,5.93515625,0.25381482712766,Rainfall,5.92951473230636,-0.142788346278025,mm per day,449
01-Jun-2016 00:00,2016,6,4.521484375,0.659965093085106,Rainfall,5.92852940335662,-0.143645933943359,mm per day,450
01-Jul-2016 00:00,2016,7,3.809765625,0.655518617021276,Rainfall,5.92754407440689,-0.144503521608692,mm per day,451
01-Aug-2016 00:00,2016,8,3.870703125,1.06525099734043,Rainfall,5.92655874545715,-0.145361109274026,mm per day,452
01-Sep-2016 00:00,2016,9,3.237890625,-0.184815492021277,Rainfall,5.92557341650741,-0.146218696939359,mm per day,453
01-Oct-2016 00:00,2016,10,3.253125,-1.89732380319149,Rainfall,5.92458808755767,-0.147076284604693,mm per day,454
01-Nov-2016 00:00,2016,11,7.597265625,0.854512965425532,Rainfall,5.92360275860793,-0.147933872270026,mm per day,455
01-Dec-2016 00:00,2016,12,9.905859375,1.23914561170213,Rainfall,5.92261742965819,-0.14879145993536,mm per day,456
01-Jan-2017 00:00,2017,1,7.932421875,-1.84412400265957,Rainfall,5.92163210070845,-0.149649047600693,mm per day,457
01-Feb-2017 00:00,2017,2,14.9859375,5.05042386968085,Rainfall,5.92064677175871,-0.150506635266027,mm per day,458
01-Mar-2017 00:00,2017,3,6.40625,-0.857920545212766,Rainfall,5.91966144280897,-0.15136422293136,mm per day,459
01-Apr-2017 00:00,2017,4,7.9328125,1.27135970744681,Rainfall,5.91867611385923,-0.152221810596693,mm per day,460
01-May-2017 00:00,2017,5,7.349609375,1.66826795212766,Rainfall,5.91769078490949,-0.153079398262027,mm per day,461
01-Jun-2017 00:00,2017,6,3.864453125,0.0029338430851058,Rainfall,5.91670545595975,-0.15393698592736,mm per day,462
01-Jul-2017 00:00,2017,7,2.09375,-1.06049700797872,Rainfall,5.91572012701002,-0.154794573592694,mm per day,463
01-Aug-2017 00:00,2017,8,3.551171875,0.745719747340426,Rainfall,5.91473479806028,-0.155652161258027,mm per day,464
01-Sep-2017 00:00,2017,9,2.223828125,-1.19887799202128,Rainfall,5.91374946911054,-0.156509748923361,mm per day,465
01-Oct-2017 00:00,2017,10,6.659765625,1.50931682180851,Rainfall,5.9127641401608,-0.157367336588694,mm per day,466
01-Nov-2017 00:00,2017,11,7.521875,0.779122340425531,Rainfall,5.91177881121106,-0.158224924254028,mm per day,467
01-Dec-2017 00:00,2017,12,9.55390625,0.887192486702128,Rainfall,5.91079348226132,-0.159082511919361,mm per day,468
01-Jan-2018 00:00,2018,1,8.528515625,-1.24803025265957,Rainfall,5.90980815331158,-0.159940099584695,mm per day,469
01-Feb-2018 00:00,2018,2,13.19140625,3.25589261968085,Rainfall,5.90882282436184,-0.160797687250028,mm per day,470
01-Mar-2018 00:00,2018,3,6.186328125,-1.07784242021277,Rainfall,5.9078374954121,-0.161655274915362,mm per day,471
01-Apr-2018 00:00,2018,4,8.059765625,1.39831283244681,Rainfall,5.90685216646236,-0.162512862580695,mm per day,472
01-May-2018 00:00,2018,5,3.28359375,-2.39774767287234,Rainfall,5.90586683751262,-0.163370450246029,mm per day,473
01-Jun-2018 00:00,2018,6,2.046484375,-1.81503490691489,Rainfall,5.90488150856288,-0.164228037911362,mm per day,474
01-Jul-2018 00:00,2018,7,4.220703125,1.06645611702128,Rainfall,5.90389617961315,-0.165085625576696,mm per day,475
01-Aug-2018 00:00,2018,8,2.301171875,-0.504280252659574,Rainfall,5.90291085066341,-0.165943213242029,mm per day,476
01-Sep-2018 00:00,2018,9,2.4671875,-0.955518617021276,Rainfall,5.90192552171367,-0.166800800907363,mm per day,477
01-Oct-2018 00:00,2018,10,5.07734375,-0.0731050531914894,Rainfall,5.90094019276393,-0.167658388572696,mm per day,478
01-Nov-2018 00:00,2018,11,5.845703125,-0.897049534574468,Rainfall,5.89995486381419,-0.16851597623803,mm per day,479
01-Dec-2018 00:00,2018,12,9.682421875,1.01570811170213,Rainfall,5.89896953486445,-0.169373563903363,mm per day,480
01-Jan-2019 00:00,2019,1,9.826171875,0.0496259973404261,Rainfall,5.89798420591471,-0.170231151568697,mm per day,481
01-Feb-2019 00:00,2019,2,14.7875,4.85198636968085,Rainfall,5.89699887696497,-0.17108873923403,mm per day,482
01-Mar-2019 00:00,2019,3,5.2359375,-2.02823304521277,Rainfall,5.89601354801523,-0.171946326899364,mm per day,483
01-Apr-2019 00:00,2019,4,6.21640625,-0.445046542553191,Rainfall,5.89502821906549,-0.172803914564697,mm per day,484
01-May-2019 00:00,2019,5,8.143359375,2.46201795212766,Rainfall,5.89404289011575,-0.173661502230031,mm per day,485
01-Jun-2019 00:00,2019,6,4.90078125,1.03926196808511,Rainfall,5.89305756116601,-0.174519089895364,mm per day,486
01-Jul-2019 00:00,2019,7,5.276953125,2.12270611702128,Rainfall,5.89207223221627,-0.175376677560698,mm per day,487
01-Aug-2019 00:00,2019,8,2.225,-0.580452127659574,Rainfall,5.89108690326654,-0.176234265226031,mm per day,488
01-Sep-2019 00:00,2019,9,3.930078125,0.507372007978724,Rainfall,5.8901015743168,-0.177091852891365,mm per day,489
01-Oct-2019 00:00,2019,10,4.980859375,-0.16958942819149,Rainfall,5.88911624536706,-0.177949440556698,mm per day,490
01-Nov-2019 00:00,2019,11,4.03515625,-2.70759640957447,Rainfall,5.88813091641732,-0.178807028222032,mm per day,491
01-Dec-2019 00:00,2019,12,11.25,2.58328623670213,Rainfall,5.88714558746758,-0.179664615887365,mm per day,492
01-Jan-2020 00:00,2020,1,12.250390625,2.47384474734043,Rainfall,5.88616025851784,-0.180522203552699,mm per day,493
01-Feb-2020 00:00,2020,2,14.381640625,4.44612699468085,Rainfall,5.8851749295681,-0.181379791218032,mm per day,494
01-Mar-2020 00:00,2020,3,4.309765625,-2.95440492021277,Rainfall,5.88418960061836,-0.182237378883366,mm per day,495
01-Apr-2020 00:00,2020,4,7.03125,0.369797207446808,Rainfall,5.88320427166862,-0.183094966548699,mm per day,496
01-May-2020 00:00,2020,5,4.24375,-1.43759142287234,Rainfall,5.88221894271888,-0.183952554214033,mm per day,497
01-Jun-2020 00:00,2020,6,5.722265625,1.8607463430851101,Rainfall,5.88123361376914,-0.184810141879366,mm per day,498
01-Jul-2020 00:00,2020,7,3.891015625,0.736768617021277,Rainfall,5.8802482848194,-0.1856677295447,mm per day,499
01-Aug-2020 00:00,2020,8,2.158203125,-0.647249002659574,Rainfall,5.87926295586966,-0.186525317210033,mm per day,500
01-Sep-2020 00:00,2020,9,4.333203125,0.910497007978723,Rainfall,5.87827762691993,-0.187382904875366,mm per day,501
01-Oct-2020 00:00,2020,10,7.6140625,2.46361369680851,Rainfall,5.87729229797019,-0.1882404925407,mm per day,502
01-Nov-2020 00:00,2020,11,5.231640625,-1.51111203457447,Rainfall,5.87630696902045,-0.189098080206033,mm per day,503
01-Dec-2020 00:00,2020,12,10.792578125,2.12586436170213,Rainfall,5.87532164007071,-0.189955667871367,mm per day,504
01-Jan-2021 00:00,2021,1,6.756640625,-3.01990525265957,Rainfall,5.87433631112097,-0.1908132555367,mm per day,505
01-Feb-2021 00:00,2021,2,10.7328125,0.79729886968085,Rainfall,5.87335098217123,-0.191670843202034,mm per day,506
01-Mar-2021 00:00,2021,3,5.3703125,-1.89385804521277,Rainfall,5.87236565322149,-0.192528430867367,mm per day,507
01-Apr-2021 00:00,2021,4,3.91328125,-2.74817154255319,Rainfall,5.87138032427175,-0.193386018532701,mm per day,508
01-May-2021 00:00,2021,5,4.165234375,-1.51610704787234,Rainfall,5.87039499532201,-0.194243606198034,mm per day,509
01-Jun-2021 00:00,2021,6,4.636328125,0.774808843085107,Rainfall,5.86940966637227,-0.195101193863368,mm per day,510
01-Jul-2021 00:00,2021,7,1.875,-1.27924700797872,Rainfall,5.86842433742253,-0.195958781528701,mm per day,511
01-Aug-2021 00:00,2021,8,2.939453125,0.134000997340426,Rainfall,5.8674390084728,-0.196816369194035,mm per day,512
01-Sep-2021 00:00,2021,9,1.465625,-1.95708111702128,Rainfall,5.86645367952306,-0.197673956859368,mm per day,513
01-Oct-2021 00:00,2021,10,3.653125,-1.49732380319149,Rainfall,5.86546835057332,-0.198531544524702,mm per day,514
01-Nov-2021 00:00,2021,11,4.320703125,-2.42204953457447,Rainfall,5.86448302162358,-0.199389132190035,mm per day,515
01-Dec-2021 00:00,2021,12,7.939453125,-0.727260638297873,Rainfall,5.86349769267384,-0.200246719855369,mm per day,516
01-Jan-2022 00:00,2022,1,10.313671875,0.537125997340427,Rainfall,5.8625123637241,-0.201104307520702,mm per day,517
01-Feb-2022 00:00,2022,2,11.6515625,1.71604886968085,Rainfall,5.86152703477436,-0.201961895186036,mm per day,518
01-Mar-2022 00:00,2022,3,4.226953125,-3.03721742021277,Rainfall,5.86054170582462,-0.202819482851369,mm per day,519
01-Apr-2022 00:00,2022,4,4.865234375,-1.79621841755319,Rainfall,5.85955637687488,-0.203677070516703,mm per day,520
01-May-2022 00:00,2022,5,3.708984375,-1.97235704787234,Rainfall,5.85857104792514,-0.204534658182036,mm per day,521
01-Jun-2022 00:00,2022,6,2.31640625,-1.54511303191489,Rainfall,5.8575857189754,-0.20539224584737,mm per day,522
01-Jul-2022 00:00,2022,7,1.35703125,-1.79721575797872,Rainfall,5.85660039002566,-0.206249833512703,mm per day,523
01-Aug-2022 00:00,2022,8,2.343359375,-0.462092752659574,Rainfall,5.85561506107592,-0.207107421178037,mm per day,524
01-Sep-2022 00:00,2022,9,2.065625,-1.35708111702128,Rainfall,5.85462973212619,-0.20796500884337,mm per day,525
01-Oct-2022 00:00,2022,10,3.975390625,-1.17505817819149,Rainfall,5.85364440317645,-0.208822596508704,mm per day,526
01-Nov-2022 00:00,2022,11,4.717578125,-2.02517453457447,Rainfall,5.85265907422671,-0.209680184174037,mm per day,527
01-Dec-2022 00:00,2022,12,7.095703125,-1.57101063829787,Rainfall,5.85167374527697,-0.210537771839371,mm per day,528
01-Jan-2023 00:00,2023,1,7.471484375,-2.30506150265957,Rainfall,5.85068841632723,-0.211395359504704,mm per day,529
01-Feb-2023 00:00,2023,2,7.685546875,-2.24996675531915,Rainfall,5.84970308737749,-0.212252947170038,mm per day,530
01-Mar-2023 00:00,2023,3,7.330078125,0.0659075797872344,Rainfall,5.84871775842775,-0.213110534835371,mm per day,531
01-Apr-2023 00:00,2023,4,6.0828125,-0.578640292553191,Rainfall,5.84773242947801,-0.213968122500705,mm per day,532
01-May-2023 00:00,2023,5,5.54296875,-0.13837267287234,Rainfall,5.84674710052827,-0.214825710166038,mm per day,533
01-Jun-2023 00:00,2023,6,3.713671875,-0.147847406914893,Rainfall,5.84576177157853,-0.215683297831372,mm per day,534
01-Jul-2023 00:00,2023,7,2.9203125,-0.233934507978723,Rainfall,5.84477644262879,-0.216540885496705,mm per day,535
01-Aug-2023 00:00,2023,8,2.097265625,-0.708186502659574,Rainfall,5.84379111367905,-0.217398473162039,mm per day,536
01-Sep-2023 00:00,2023,9,2.420703125,-1.00200299202128,Rainfall,5.84280578472932,-0.218256060827372,mm per day,537
01-Oct-2023 00:00,2023,10,3.348828125,-1.80162067819149,Rainfall,5.84182045577958,-0.219113648492705,mm per day,538
01-Nov-2023 00:00,2023,11,3.934765625,-2.80798703457447,Rainfall,5.84083512682984,-0.219971236158039,mm per day,539
01-Dec-2023 00:00,2023,12,11.168359375,2.50164561170213,Rainfall,5.8398497978801,-0.220828823823372,mm per day,540
01-Jan-2024 00:00,2024,1,7.334765625,-2.44178025265957,Rainfall,5.83886446893036,-0.221686411488706,mm per day,541
01-Feb-2024 00:00,2024,2,14.475,4.53948636968085,Rainfall,5.83787913998062,-0.222543999154039,mm per day,542
01-Mar-2024 00:00,2024,3,4.40546875,-2.85870179521277,Rainfall,5.83689381103088,-0.223401586819373,mm per day,543
01-Apr-2024 00:00,2024,4,5.125390625,-1.53606216755319,Rainfall,5.83590848208114,-0.224259174484706,mm per day,544
01-May-2024 00:00,2024,5,7.547265625,1.86592420212766,Rainfall,5.8349231531314,-0.22511676215004,mm per day,545
01-Jun-2024 00:00,2024,6,3.9921875,0.130668218085106,Rainfall,5.83393782418166,-0.225974349815373,mm per day,546
01-Jul-2024 00:00,2024,7,2.63828125,-0.515965757978723,Rainfall,5.83295249523192,-0.226831937480707,mm per day,547
01-Aug-2024 00:00,2024,8,2.9828125,0.177360372340426,Rainfall,5.83196716628218,-0.22768952514604,mm per day,548
01-Sep-2024 00:00,2024,9,4.266015625,0.843309507978723,Rainfall,5.83098183733244,-0.228547112811374,mm per day,549
01-Oct-2024 00:00,2024,10,5.58828125,0.43783244680851,Rainfall,5.82999650838271,-0.229404700476707,mm per day,550
01-Nov-2024 00:00,2024,11,7.659765625,0.917012965425532,Rainfall,5.82901117943297,-0.230262288142041,mm per day,551
01-Dec-2024 00:00,2024,12,6.287890625,-2.37882313829787,Rainfall,5.82802585048323,-0.231119875807374,mm per day,552
01-Jan-2025 00:00,2025,1,11.545703125,1.76915724734043,Rainfall,5.82704052153349,-0.231977463472708,mm per day,553
01-Feb-2025 00:00,2025,2,10.0609375,0.12542386968085,Rainfall,5.82605519258375,-0.232835051138041,mm per day,554
01-Mar-2025 00:00,2025,3,7.983203125,0.719032579787235,Rainfall,5.82506986363401,-0.233692638803375,mm per day,555
01-Apr-2025 00:00,2025,4,4.50390625,-2.15754654255319,Rainfall,5.82408453468427,-0.234550226468708,mm per day,556
01-May-2025 00:00,2025,5,8.42265625,2.74131482712766,Rainfall,5.82309920573453,-0.235407814134042,mm per day,557
01-Jun-2025 00:00,2025,6,3.894140625,0.0326213430851063,Rainfall,5.82211387678479,-0.236265401799375,mm per day,558
01-Jul-2025 00:00,2025,7,2.42890625,-0.725340757978723,Rainfall,5.82112854783505,-0.237122989464709,mm per day,559
01-Aug-2025 00:00,2025,8,1.5609375,-1.24451462765957,Rainfall,5.82014321888531,-0.237980577130042,mm per day,560
01-Sep-2025 00:00,2025,9,3.015234375,-0.407471742021277,Rainfall,5.81915788993557,-0.238838164795376,mm per day,561
01-Oct-2025 00:00,2025,10,5.861328125,0.710879321808511,Rainfall,5.81817256098584,-0.239695752460709,mm per day,562
01-Nov-2025 00:00,2025,11,9.45546875,2.71271609042553,Rainfall,5.8171872320361,-0.240553340126043,mm per day,563
01-Dec-2025 00:00,2025,12,8.9984375,0.331723736702127,Rainfall,5.81620190308636,-0.241410927791376,mm per day,564
